#pragma once
#include <stdint.h>
#include "badge_smooth_font.h"

// Auto-generated — 28px 4bpp AA (oversample×2)
static const uint8_t font_plexmono_28_alpha[] PROGMEM = {
  0x00, 0x00, 0x00, 0x00, 0x00, 0x00, 0x00, 0x00, 0x00, 0x00, 0x00, 0x00, 0x00, 0x00, 0x00, 0x00,
  0x00, 0x00, 0x00, 0x00, 0x00, 0x00, 0x01, 0x11, 0x10, 0x00, 0x00, 0x00, 0x00, 0x00, 0x00, 0x01,
  0xDE, 0xEE, 0x40, 0x00, 0x00, 0x00, 0x00, 0x00, 0x00, 0x1E, 0xFF, 0xF5, 0x00, 0x00, 0x00, 0x00,
  0x00, 0x00, 0x01, 0xEF, 0xFF, 0x50, 0x00, 0x00, 0x00, 0x00, 0x00, 0x00, 0x1E, 0xFF, 0xF5, 0x00,
  0x00, 0x00, 0x00, 0x00, 0x00, 0x01, 0xEF, 0xFF, 0x50, 0x00, 0x00, 0x00, 0x00, 0x00, 0x00, 0x1E,
  0xFF, 0xF4, 0x00, 0x00, 0x00, 0x00, 0x00, 0x00, 0x00, 0xCF, 0xFF, 0x20, 0x00, 0x00, 0x00, 0x00,
  0x00, 0x00, 0x09, 0xFF, 0xD0, 0x00, 0x00, 0x00, 0x00, 0x00, 0x00, 0x00, 0x6F, 0xFA, 0x00, 0x00,
  0x00, 0x00, 0x00, 0x00, 0x00, 0x03, 0xFF, 0x70, 0x00, 0x00, 0x00, 0x00, 0x00, 0x00, 0x00, 0x1D,
  0xF4, 0x00, 0x00, 0x00, 0x00, 0x00, 0x00, 0x00, 0x00, 0xCF, 0x10, 0x00, 0x00, 0x00, 0x00, 0x00,
  0x00, 0x00, 0x06, 0x90, 0x00, 0x00, 0x00, 0x00, 0x00, 0x00, 0x00, 0x00, 0x00, 0x00, 0x00, 0x00,
  0x00, 0x00, 0x00, 0x00, 0x00, 0x38, 0x96, 0x10, 0x00, 0x00, 0x00, 0x00, 0x00, 0x00, 0x3F, 0xFF,
  0xF9, 0x00, 0x00, 0x00, 0x00, 0x00, 0x00, 0x07, 0xFF, 0xFF, 0xE1, 0x00, 0x00, 0x00, 0x00, 0x00,
  0x00, 0x8F, 0xFF, 0xFE, 0x10, 0x00, 0x00, 0x00, 0x00, 0x00, 0x04, 0xFF, 0xFF, 0xB0, 0x00, 0x00,
  0x00, 0x00, 0x00, 0x00, 0x06, 0xAB, 0x92, 0x00, 0x00, 0x00, 0x00, 0x00, 0x00, 0x00, 0x00, 0x00,
  0x00, 0x00, 0x00, 0x00, 0x00, 0x00, 0x01, 0x11, 0x00, 0x01, 0x11, 0x00, 0x00, 0x00, 0x00, 0x07,
  0xEE, 0xD1, 0x01, 0xDE, 0xE7, 0x00, 0x00, 0x00, 0x00, 0x8F, 0xFE, 0x10, 0x1E, 0xFF, 0x80, 0x00,
  0x00, 0x00, 0x07, 0xFF, 0xE1, 0x01, 0xEF, 0xF7, 0x00, 0x00, 0x00, 0x00, 0x7F, 0xFE, 0x10, 0x1E,
  0xFF, 0x70, 0x00, 0x00, 0x00, 0x07, 0xFF, 0xE1, 0x01, 0xEF, 0xF7, 0x00, 0x00, 0x00, 0x00, 0x7F,
  0xFE, 0x10, 0x1E, 0xFF, 0x70, 0x00, 0x00, 0x00, 0x07, 0xFF, 0xE1, 0x01, 0xEF, 0xF7, 0x00, 0x00,
  0x00, 0x00, 0x7F, 0xFE, 0x10, 0x1E, 0xFF, 0x70, 0x00, 0x00, 0x00, 0x08, 0xFF, 0xF1, 0x01, 0xFF,
  0xF8, 0x00, 0x00, 0x00, 0x00, 0x47, 0x77, 0x00, 0x07, 0x77, 0x40, 0x00, 0x00, 0x00, 0x00, 0x00,
  0x00, 0x00, 0x00, 0x00, 0x00, 0x00, 0x00, 0x00, 0x00, 0x00, 0x00, 0x00, 0x00, 0x00, 0x00, 0x00,
  0x00, 0x00, 0x00, 0x00, 0x00, 0x00, 0x00, 0x00, 0x00, 0x00, 0x00, 0x00, 0x00, 0x00, 0x00, 0x00,
  0x00, 0x00, 0x00, 0x00, 0x00, 0x00, 0x00, 0x00, 0x00, 0x00, 0x00, 0x00, 0x00, 0x00, 0x00, 0x00,
  0x00, 0x00, 0x00, 0x00, 0x00, 0x00, 0x00, 0x00, 0x00, 0x00, 0x00, 0x00, 0x00, 0x00, 0x00, 0x00,
  0x00, 0x00, 0x00, 0x00, 0x00, 0x00, 0x00, 0x00, 0x00, 0x00, 0x00, 0x00, 0x00, 0x00, 0x00, 0x00,
  0x00, 0x00, 0x00, 0x00, 0x00, 0x00, 0x00, 0x00, 0x00, 0x00, 0x00, 0x00, 0x00, 0x00, 0x00, 0x00,
  0x00, 0x00, 0x00, 0x00, 0x00, 0x00, 0x00, 0x00, 0x00, 0x00, 0x00, 0x00, 0x00, 0x00, 0x00, 0x00,
  0x00, 0x00, 0x01, 0x11, 0x00, 0x11, 0x10, 0x00, 0x00, 0x00, 0x00, 0x03, 0xEE, 0xD1, 0x0B, 0xEE,
  0x60, 0x00, 0x00, 0x00, 0x00, 0x6F, 0xFD, 0x01, 0xEF, 0xF4, 0x00, 0x00, 0x00, 0x00, 0x08, 0xFF,
  0xA0, 0x3F, 0xFE, 0x20, 0x00, 0x00, 0x00, 0x00, 0xAF, 0xF8, 0x05, 0xFF, 0xD1, 0x00, 0x00, 0x00,
  0x00, 0x0C, 0xFF, 0x60, 0x8F, 0xFA, 0x00, 0x00, 0x00, 0x48, 0x78, 0xFF, 0xF4, 0x0A, 0xFF, 0xC7,
  0x84, 0x00, 0x08, 0xFF, 0xFF, 0xFE, 0x10, 0xCF, 0xFF, 0xFF, 0x80, 0x00, 0x8F, 0xFF, 0xFF, 0xC0,
  0x1E, 0xFF, 0xFF, 0xF8, 0x00, 0x05, 0x99, 0xDF, 0xFA, 0x03, 0xFF, 0xF9, 0x99, 0x50, 0x00, 0x00,
  0x0A, 0xFF, 0x80, 0x6F, 0xFD, 0x00, 0x00, 0x00, 0x00, 0x00, 0xDF, 0xF6, 0x08, 0xFF, 0xA0, 0x00,
  0x00, 0x05, 0x99, 0x9F, 0xFF, 0x30, 0xAF, 0xFD, 0x99, 0x50, 0x00, 0x8F, 0xFF, 0xFF, 0xE1, 0x0C,
  0xFF, 0xFF, 0xF8, 0x00, 0x08, 0xFF, 0xFF, 0xFC, 0x01, 0xEF, 0xFF, 0xFF, 0x80, 0x00, 0x48, 0x7C,
  0xFF, 0xA0, 0x4F, 0xFF, 0x87, 0x84, 0x00, 0x00, 0x00, 0xAF, 0xF8, 0x06, 0xFF, 0xC0, 0x00, 0x00,
  0x00, 0x00, 0x1D, 0xFF, 0x50, 0x8F, 0xFA, 0x00, 0x00, 0x00, 0x00, 0x02, 0xEF, 0xF3, 0x0A, 0xFF,
  0x80, 0x00, 0x00, 0x00, 0x00, 0x4F, 0xFE, 0x10, 0xDF, 0xF6, 0x00, 0x00, 0x00, 0x00, 0x06, 0xEE,
  0xB0, 0x1D, 0xEE, 0x30, 0x00, 0x00, 0x00, 0x00, 0x01, 0x11, 0x00, 0x11, 0x10, 0x00, 0x00, 0x00,
  0x00, 0x00, 0x00, 0x00, 0x11, 0x10, 0x00, 0x00, 0x00, 0x00, 0x00, 0x00, 0x00, 0x1D, 0xED, 0x10,
  0x00, 0x00, 0x00, 0x00, 0x00, 0x00, 0x01, 0xEF, 0xE1, 0x00, 0x00, 0x00, 0x00, 0x00, 0x00, 0x00,
  0x2E, 0xFE, 0x20, 0x00, 0x00, 0x00, 0x00, 0x00, 0x05, 0xAE, 0xFF, 0xFE, 0xB7, 0x20, 0x00, 0x00,
  0x00, 0x1A, 0xFF, 0xFF, 0xFF, 0xFF, 0xFD, 0x50, 0x00, 0x00, 0x09, 0xFF, 0xFF, 0xFF, 0xFF, 0xFF,
  0xFF, 0x30, 0x00, 0x02, 0xFF, 0xFF, 0xAB, 0xFE, 0xAE, 0xFF, 0x80, 0x00, 0x00, 0x6F, 0xFF, 0xB0,
  0x7F, 0xE0, 0x2B, 0x90, 0x00, 0x00, 0x07, 0xFE, 0xF8, 0x08, 0xFE, 0x10, 0x00, 0x00, 0x00, 0x00,
  0x7F, 0xFF, 0xB0, 0x7F, 0xE1, 0x00, 0x00, 0x00, 0x00, 0x04, 0xFF, 0xFF, 0xAA, 0xFE, 0x00, 0x00,
  0x00, 0x00, 0x00, 0x0B, 0xFF, 0xFF, 0xFF, 0xFB, 0x73, 0x00, 0x00, 0x00, 0x00, 0x2D, 0xFF, 0xFF,
  0xFF, 0xFF, 0xFA, 0x10, 0x00, 0x00, 0x00, 0x19, 0xEF, 0xFF, 0xFF, 0xFF, 0xFC, 0x10, 0x00, 0x00,
  0x00, 0x02, 0x4B, 0xFF, 0xFF, 0xFF, 0xF7, 0x00, 0x00, 0x00, 0x00, 0x00, 0x7F, 0xE3, 0xAF, 0xFF,
  0xC0, 0x00, 0x00, 0x00, 0x00, 0x08, 0xFE, 0x02, 0xFF, 0xFE, 0x10, 0x00, 0x00, 0x40, 0x00, 0x8F,
  0xE1, 0x1E, 0xFF, 0xE1, 0x00, 0x00, 0x9F, 0x81, 0x07, 0xFE, 0x06, 0xFF, 0xFB, 0x00, 0x00, 0x8F,
  0xFF, 0xE8, 0xAF, 0xE9, 0xEF, 0xFF, 0x50, 0x00, 0x0B, 0xFF, 0xFF, 0xFF, 0xFF, 0xFF, 0xFF, 0xA0,
  0x00, 0x00, 0x19, 0xFF, 0xFF, 0xFF, 0xFF, 0xFF, 0x90, 0x00, 0x00, 0x00, 0x04, 0x9D, 0xFF, 0xFF,
  0xC9, 0x30, 0x00, 0x00, 0x00, 0x00, 0x00, 0x12, 0xEF, 0xE1, 0x00, 0x00, 0x00, 0x00, 0x00, 0x00,
  0x00, 0x0E, 0xFE, 0x10, 0x00, 0x00, 0x00, 0x00, 0x00, 0x00, 0x01, 0xDE, 0xD1, 0x00, 0x00, 0x00,
  0x00, 0x00, 0x00, 0x00, 0x01, 0x11, 0x00, 0x00, 0x00, 0x00, 0x00, 0x00, 0x00, 0x00, 0x00, 0x00,
  0x00, 0x00, 0x00, 0x00, 0x00, 0x01, 0x7A, 0xA8, 0x30, 0x00, 0x00, 0x06, 0x77, 0x40, 0x00, 0x2D,
  0xFF, 0xFF, 0xF6, 0x00, 0x00, 0x3F, 0xFF, 0x30, 0x00, 0xBF, 0xFD, 0xCF, 0xFE, 0x20, 0x00, 0xAF,
  0xF8, 0x00, 0x03, 0xFF, 0xD1, 0x0A, 0xFF, 0x70, 0x03, 0xFF, 0xE2, 0x00, 0x06, 0xFF, 0xA0, 0x05,
  0xFF, 0xA0, 0x0A, 0xFF, 0x80, 0x00, 0x07, 0xFF, 0x90, 0x05, 0xFF, 0xB0, 0x3F, 0xFE, 0x20, 0x00,
  0x06, 0xFF, 0x90, 0x05, 0xFF, 0xB0, 0xAF, 0xF8, 0x00, 0x00, 0x04, 0xFF, 0xC0, 0x08, 0xFF, 0x82,
  0xFF, 0xE1, 0x00, 0x00, 0x01, 0xDF, 0xFA, 0x8E, 0xFF, 0x39, 0xFE, 0x70, 0x00, 0x00, 0x00, 0x4F,
  0xFF, 0xFF, 0xF8, 0x01, 0x23, 0x10, 0x00, 0x00, 0x00, 0x04, 0xAD, 0xDB, 0x60, 0x06, 0xBD, 0xDA,
  0x40, 0x00, 0x00, 0x00, 0x01, 0x33, 0x20, 0x8F, 0xFF, 0xFF, 0xF4, 0x00, 0x00, 0x00, 0x07, 0xEF,
  0x83, 0xFF, 0xE8, 0xAF, 0xFD, 0x10, 0x00, 0x00, 0x2E, 0xFF, 0x28, 0xFF, 0x80, 0x0C, 0xFF, 0x40,
  0x00, 0x00, 0x8F, 0xF9, 0x0B, 0xFF, 0x50, 0x09, 0xFF, 0x60, 0x00, 0x02, 0xEF, 0xE3, 0x0B, 0xFF,
  0x50, 0x09, 0xFF, 0x70, 0x00, 0x09, 0xFF, 0xA0, 0x0A, 0xFF, 0x50, 0x0A, 0xFF, 0x60, 0x00, 0x2E,
  0xFF, 0x30, 0x07, 0xFF, 0x90, 0x1D, 0xFF, 0x30, 0x00, 0x9F, 0xFA, 0x00, 0x02, 0xEF, 0xFC, 0xDF,
  0xFB, 0x00, 0x03, 0xFF, 0xF3, 0x00, 0x00, 0x6F, 0xFF, 0xFF, 0xD2, 0x00, 0x04, 0x77, 0x60, 0x00,
  0x00, 0x03, 0x8A, 0xA7, 0x10, 0x00, 0x00, 0x00, 0x00, 0x00, 0x00, 0x00, 0x00, 0x00, 0x00, 0x00,
  0x00, 0x00, 0x00, 0x00, 0x00, 0x00, 0x00, 0x00, 0x00, 0x00, 0x00, 0x00, 0x00, 0x59, 0xAA, 0x83,
  0x00, 0x00, 0x00, 0x00, 0x00, 0x00, 0x3C, 0xFF, 0xFF, 0xFF, 0x90, 0x00, 0x00, 0x00, 0x00, 0x02,
  0xEF, 0xFF, 0xFF, 0xFF, 0xF9, 0x00, 0x00, 0x00, 0x00, 0x08, 0xFF, 0xFB, 0x68, 0xEF, 0xFF, 0x30,
  0x00, 0x00, 0x00, 0x0C, 0xFF, 0xC0, 0x00, 0x3E, 0xB4, 0x00, 0x00, 0x00, 0x00, 0x0D, 0xFF, 0xA0,
  0x00, 0x02, 0x00, 0x00, 0x00, 0x00, 0x00, 0x0B, 0xFF, 0xD1, 0x00, 0x00, 0x00, 0x00, 0x00, 0x00,
  0x00, 0x05, 0xFF, 0xF9, 0x00, 0x00, 0x00, 0x00, 0x00, 0x00, 0x00, 0x00, 0xAF, 0xFF, 0x70, 0x00,
  0x01, 0x11, 0x11, 0x00, 0x00, 0x00, 0x3F, 0xFF, 0xF5, 0x00, 0x3E, 0xEE, 0xED, 0x00, 0x00, 0x05,
  0xDF, 0xFF, 0xFE, 0x30, 0x3F, 0xFF, 0xFE, 0x00, 0x00, 0x4F, 0xFF, 0xEF, 0xFF, 0xD1, 0x3F, 0xFF,
  0xFD, 0x00, 0x01, 0xDF, 0xFE, 0x3B, 0xFF, 0xF9, 0x3F, 0xFD, 0x32, 0x00, 0x04, 0xFF, 0xFB, 0x02,
  0xDF, 0xFF, 0xCF, 0xFA, 0x00, 0x00, 0x06, 0xFE, 0xFA, 0x00, 0x4F, 0xFF, 0xFF, 0xF6, 0x00, 0x00,
  0x06, 0xFF, 0xFA, 0x01, 0x06, 0xFF, 0xFF, 0xD1, 0x00, 0x00, 0x05, 0xFF, 0xFE, 0x20, 0x00, 0xCF,
  0xFF, 0xE4, 0x00, 0x00, 0x01, 0xEF, 0xFF, 0xD7, 0x6A, 0xFE, 0xFF, 0xFE, 0x20, 0x00, 0x00, 0x6F,
  0xFF, 0xFF, 0xFF, 0xF4, 0xAF, 0xEF, 0xC0, 0x00, 0x00, 0x07, 0xFF, 0xFF, 0xFF, 0x80, 0x1C, 0xFF,
  0xFB, 0x10, 0x00, 0x00, 0x38, 0xAA, 0x94, 0x00, 0x02, 0x77, 0x78, 0x20, 0x00, 0x00, 0x00, 0x00,
  0x00, 0x00, 0x00, 0x00, 0x00, 0x00, 0x00, 0x00, 0x00, 0x00, 0x11, 0x10, 0x00, 0x00, 0x00, 0x00,
  0x00, 0x00, 0x00, 0x7E, 0xED, 0x10, 0x00, 0x00, 0x00, 0x00, 0x00, 0x00, 0x08, 0xFF, 0xE1, 0x00,
  0x00, 0x00, 0x00, 0x00, 0x00, 0x00, 0x7F, 0xFE, 0x10, 0x00, 0x00, 0x00, 0x00, 0x00, 0x00, 0x07,
  0xFF, 0xE1, 0x00, 0x00, 0x00, 0x00, 0x00, 0x00, 0x00, 0x7F, 0xFE, 0x10, 0x00, 0x00, 0x00, 0x00,
  0x00, 0x00, 0x07, 0xFF, 0xE1, 0x00, 0x00, 0x00, 0x00, 0x00, 0x00, 0x00, 0x7F, 0xFE, 0x10, 0x00,
  0x00, 0x00, 0x00, 0x00, 0x00, 0x07, 0xFF, 0xE1, 0x00, 0x00, 0x00, 0x00, 0x00, 0x00, 0x00, 0x8F,
  0xFF, 0x10, 0x00, 0x00, 0x00, 0x00, 0x00, 0x00, 0x04, 0x77, 0x70, 0x00, 0x00, 0x00, 0x00, 0x00,
  0x00, 0x00, 0x00, 0x00, 0x00, 0x00, 0x00, 0x00, 0x00, 0x00, 0x00, 0x00, 0x00, 0x00, 0x00, 0x00,
  0x00, 0x00, 0x00, 0x00, 0x00, 0x00, 0x00, 0x00, 0x00, 0x00, 0x00, 0x00, 0x00, 0x00, 0x00, 0x00,
  0x00, 0x00, 0x00, 0x00, 0x00, 0x00, 0x00, 0x00, 0x00, 0x00, 0x00, 0x00, 0x00, 0x00, 0x00, 0x00,
  0x00, 0x00, 0x00, 0x00, 0x00, 0x00, 0x00, 0x00, 0x00, 0x00, 0x00, 0x00, 0x00, 0x00, 0x00, 0x00,
  0x00, 0x00, 0x00, 0x00, 0x00, 0x00, 0x00, 0x00, 0x00, 0x00, 0x00, 0x00, 0x00, 0x00, 0x00, 0x00,
  0x00, 0x00, 0x00, 0x00, 0x00, 0x00, 0x00, 0x00, 0x00, 0x00, 0x00, 0x00, 0x00, 0x00, 0x00, 0x00,
  0x00, 0x00, 0x00, 0x00, 0x00, 0x00, 0x00, 0x00, 0x00, 0x00, 0x00, 0x00, 0x00, 0x00, 0x00, 0x00,
  0x00, 0x00, 0x00, 0x00, 0x00, 0x00, 0x00, 0x11, 0x11, 0x00, 0x00, 0x00, 0x00, 0x00, 0x00, 0x00,
  0x9E, 0xED, 0x50, 0x00, 0x00, 0x00, 0x00, 0x00, 0x00, 0xAF, 0xFE, 0x50, 0x00, 0x00, 0x00, 0x00,
  0x00, 0x00, 0x8F, 0xFF, 0x40, 0x00, 0x00, 0x00, 0x00, 0x00, 0x00, 0x4F, 0xFF, 0x60, 0x00, 0x00,
  0x00, 0x00, 0x00, 0x00, 0x0C, 0xFF, 0xA0, 0x00, 0x00, 0x00, 0x00, 0x00, 0x00, 0x05, 0xFF, 0xE2,
  0x00, 0x00, 0x00, 0x00, 0x00, 0x00, 0x00, 0xBF, 0xF9, 0x00, 0x00, 0x00, 0x00, 0x00, 0x00, 0x00,
  0x2F, 0xFF, 0x40, 0x00, 0x00, 0x00, 0x00, 0x00, 0x00, 0x06, 0xFF, 0xD0, 0x00, 0x00, 0x00, 0x00,
  0x00, 0x00, 0x00, 0x9F, 0xFA, 0x00, 0x00, 0x00, 0x00, 0x00, 0x00, 0x00, 0x0C, 0xFF, 0x80, 0x00,
  0x00, 0x00, 0x00, 0x00, 0x00, 0x00, 0xDF, 0xF8, 0x00, 0x00, 0x00, 0x00, 0x00, 0x00, 0x00, 0x1E,
  0xFF, 0x70, 0x00, 0x00, 0x00, 0x00, 0x00, 0x00, 0x01, 0xEF, 0xF7, 0x00, 0x00, 0x00, 0x00, 0x00,
  0x00, 0x00, 0x0D, 0xFF, 0x80, 0x00, 0x00, 0x00, 0x00, 0x00, 0x00, 0x00, 0xCF, 0xF8, 0x00, 0x00,
  0x00, 0x00, 0x00, 0x00, 0x00, 0x09, 0xFF, 0xA0, 0x00, 0x00, 0x00, 0x00, 0x00, 0x00, 0x00, 0x6F,
  0xFD, 0x00, 0x00, 0x00, 0x00, 0x00, 0x00, 0x00, 0x02, 0xFF, 0xF4, 0x00, 0x00, 0x00, 0x00, 0x00,
  0x00, 0x00, 0x0B, 0xFF, 0x90, 0x00, 0x00, 0x00, 0x00, 0x00, 0x00, 0x00, 0x5F, 0xFE, 0x20, 0x00,
  0x00, 0x00, 0x00, 0x00, 0x00, 0x00, 0xCF, 0xFA, 0x00, 0x00, 0x00, 0x00, 0x00, 0x00, 0x00, 0x04,
  0xFF, 0xF6, 0x00, 0x00, 0x00, 0x00, 0x00, 0x00, 0x00, 0x08, 0xFF, 0xF4, 0x00, 0x00, 0x00, 0x00,
  0x00, 0x00, 0x00, 0x0A, 0xFF, 0xE5, 0x00, 0x00, 0x00, 0x00, 0x00, 0x00, 0x00, 0x19, 0xEE, 0xD5,
  0x00, 0x00, 0x00, 0x00, 0x00, 0x00, 0x00, 0x01, 0x11, 0x10, 0x00, 0x00, 0x01, 0x11, 0x10, 0x00,
  0x00, 0x00, 0x00, 0x00, 0x00, 0x00, 0x5D, 0xEE, 0x90, 0x00, 0x00, 0x00, 0x00, 0x00, 0x00, 0x00,
  0x5F, 0xFF, 0xA0, 0x00, 0x00, 0x00, 0x00, 0x00, 0x00, 0x00, 0x4F, 0xFF, 0x80, 0x00, 0x00, 0x00,
  0x00, 0x00, 0x00, 0x00, 0x6F, 0xFF, 0x40, 0x00, 0x00, 0x00, 0x00, 0x00, 0x00, 0x00, 0xAF, 0xFC,
  0x00, 0x00, 0x00, 0x00, 0x00, 0x00, 0x00, 0x02, 0xEF, 0xF5, 0x00, 0x00, 0x00, 0x00, 0x00, 0x00,
  0x00, 0x09, 0xFF, 0xB0, 0x00, 0x00, 0x00, 0x00, 0x00, 0x00, 0x00, 0x4F, 0xFF, 0x20, 0x00, 0x00,
  0x00, 0x00, 0x00, 0x00, 0x00, 0xDF, 0xF6, 0x00, 0x00, 0x00, 0x00, 0x00, 0x00, 0x00, 0x0A, 0xFF,
  0x90, 0x00, 0x00, 0x00, 0x00, 0x00, 0x00, 0x00, 0x8F, 0xFC, 0x00, 0x00, 0x00, 0x00, 0x00, 0x00,
  0x00, 0x08, 0xFF, 0xD0, 0x00, 0x00, 0x00, 0x00, 0x00, 0x00, 0x00, 0x7F, 0xFE, 0x10, 0x00, 0x00,
  0x00, 0x00, 0x00, 0x00, 0x07, 0xFF, 0xE1, 0x00, 0x00, 0x00, 0x00, 0x00, 0x00, 0x00, 0x8F, 0xFD,
  0x00, 0x00, 0x00, 0x00, 0x00, 0x00, 0x00, 0x08, 0xFF, 0xC0, 0x00, 0x00, 0x00, 0x00, 0x00, 0x00,
  0x00, 0xAF, 0xF9, 0x00, 0x00, 0x00, 0x00, 0x00, 0x00, 0x00, 0x0D, 0xFF, 0x60, 0x00, 0x00, 0x00,
  0x00, 0x00, 0x00, 0x04, 0xFF, 0xF2, 0x00, 0x00, 0x00, 0x00, 0x00, 0x00, 0x00, 0x9F, 0xFB, 0x00,
  0x00, 0x00, 0x00, 0x00, 0x00, 0x00, 0x2E, 0xFF, 0x50, 0x00, 0x00, 0x00, 0x00, 0x00, 0x00, 0x0A,
  0xFF, 0xC0, 0x00, 0x00, 0x00, 0x00, 0x00, 0x00, 0x06, 0xFF, 0xF4, 0x00, 0x00, 0x00, 0x00, 0x00,
  0x00, 0x04, 0xFF, 0xF8, 0x00, 0x00, 0x00, 0x00, 0x00, 0x00, 0x05, 0xFF, 0xFA, 0x00, 0x00, 0x00,
  0x00, 0x00, 0x00, 0x05, 0xDE, 0xE9, 0x10, 0x00, 0x00, 0x00, 0x00, 0x00, 0x00, 0x11, 0x11, 0x00,
  0x00, 0x00, 0x00, 0x00, 0x00, 0x00, 0x00, 0x00, 0x00, 0x11, 0x10, 0x00, 0x00, 0x00, 0x00, 0x00,
  0x00, 0x00, 0x7E, 0xED, 0x10, 0x00, 0x00, 0x00, 0x00, 0x00, 0x00, 0x08, 0xFF, 0xE1, 0x00, 0x00,
  0x00, 0x00, 0x00, 0x00, 0x00, 0x7F, 0xFE, 0x10, 0x00, 0x00, 0x00, 0x00, 0x37, 0x20, 0x07, 0xFF,
  0xE0, 0x00, 0x57, 0x00, 0x00, 0x09, 0xFE, 0xA5, 0x8F, 0xFE, 0x48, 0xDF, 0xF2, 0x00, 0x01, 0xEF,
  0xFF, 0xFF, 0xFF, 0xFF, 0xFF, 0xFF, 0x70, 0x00, 0x2C, 0xFF, 0xFF, 0xFF, 0xFF, 0xFF, 0xFF, 0xE7,
  0x00, 0x00, 0x03, 0x8C, 0xEF, 0xFF, 0xFF, 0xEA, 0x51, 0x00, 0x00, 0x00, 0x00, 0x0C, 0xFF, 0xFF,
  0xF5, 0x00, 0x00, 0x00, 0x00, 0x00, 0x07, 0xFF, 0xFF, 0xFF, 0xD1, 0x00, 0x00, 0x00, 0x00, 0x03,
  0xFF, 0xFD, 0x9F, 0xFF, 0xA0, 0x00, 0x00, 0x00, 0x02, 0xDF, 0xFF, 0x50, 0xCF, 0xFF, 0x70, 0x00,
  0x00, 0x00, 0x6F, 0xFF, 0x90, 0x03, 0xEF, 0xFC, 0x10, 0x00, 0x00, 0x00, 0x4D, 0xD1, 0x00, 0x06,
  0xF9, 0x10, 0x00, 0x00, 0x00, 0x00, 0x22, 0x00, 0x00, 0x03, 0x00, 0x00, 0x00, 0x00, 0x00, 0x00,
  0x00, 0x00, 0x00, 0x00, 0x00, 0x00, 0x00, 0x00, 0x00, 0x00, 0x00, 0x00, 0x00, 0x00, 0x00, 0x00,
  0x00, 0x00, 0x00, 0x00, 0x11, 0x10, 0x00, 0x00, 0x00, 0x00, 0x00, 0x00, 0x00, 0x7E, 0xED, 0x10,
  0x00, 0x00, 0x00, 0x00, 0x00, 0x00, 0x08, 0xFF, 0xE1, 0x00, 0x00, 0x00, 0x00, 0x00, 0x00, 0x00,
  0x7F, 0xFE, 0x10, 0x00, 0x00, 0x00, 0x00, 0x00, 0x01, 0x08, 0xFF, 0xE1, 0x00, 0x00, 0x00, 0x00,
  0x00, 0x00, 0x00, 0x7F, 0xFE, 0x00, 0x00, 0x00, 0x00, 0x00, 0x47, 0x78, 0x7B, 0xFF, 0xF8, 0x77,
  0x77, 0x00, 0x00, 0x08, 0xFF, 0xFF, 0xFF, 0xFF, 0xFF, 0xFF, 0xF1, 0x00, 0x00, 0x8F, 0xFF, 0xFF,
  0xFF, 0xFF, 0xFF, 0xFF, 0x10, 0x00, 0x05, 0x99, 0x99, 0xCF, 0xFF, 0x99, 0x99, 0x90, 0x00, 0x00,
  0x00, 0x00, 0x07, 0xFF, 0xE0, 0x00, 0x00, 0x00, 0x00, 0x00, 0x00, 0x00, 0x8F, 0xFE, 0x10, 0x00,
  0x00, 0x00, 0x00, 0x00, 0x00, 0x07, 0xFF, 0xE1, 0x00, 0x00, 0x00, 0x00, 0x00, 0x00, 0x00, 0x8F,
  0xFE, 0x10, 0x00, 0x00, 0x00, 0x00, 0x00, 0x00, 0x07, 0xEE, 0xD1, 0x00, 0x00, 0x00, 0x00, 0x00,
  0x00, 0x00, 0x01, 0x11, 0x00, 0x00, 0x00, 0x00, 0x00, 0x00, 0x00, 0x00, 0x00, 0x00, 0x00, 0x00,
  0x00, 0x00, 0x00, 0x00, 0x00, 0x00, 0x00, 0x00, 0x00, 0x00, 0x00, 0x00, 0x00, 0x00, 0x00, 0x11,
  0x11, 0x10, 0x00, 0x00, 0x00, 0x00, 0x00, 0x00, 0xAE, 0xEE, 0xE7, 0x00, 0x00, 0x00, 0x00, 0x00,
  0x00, 0x0D, 0xFF, 0xFE, 0x20, 0x00, 0x00, 0x00, 0x00, 0x00, 0x02, 0xFF, 0xFF, 0x90, 0x00, 0x00,
  0x00, 0x00, 0x00, 0x00, 0x4F, 0xFF, 0xF3, 0x00, 0x00, 0x00, 0x00, 0x00, 0x00, 0x07, 0xFF, 0xFB,
  0x00, 0x00, 0x00, 0x00, 0x00, 0x00, 0x00, 0x9F, 0xFF, 0x50, 0x00, 0x00, 0x00, 0x00, 0x00, 0x00,
  0x0B, 0xFF, 0xD1, 0x00, 0x00, 0x00, 0x00, 0x00, 0x00, 0x01, 0xEF, 0xF7, 0x00, 0x00, 0x00, 0x00,
  0x00, 0x00, 0x00, 0x3E, 0xED, 0x20, 0x00, 0x00, 0x00, 0x00, 0x00, 0x00, 0x00, 0x11, 0x10, 0x00,
  0x00, 0x00, 0x00, 0x00, 0x00, 0x00, 0x01, 0x11, 0x11, 0x11, 0x11, 0x00, 0x00, 0x00, 0x00, 0x01,
  0xEE, 0xEE, 0xEE, 0xEE, 0xE1, 0x00, 0x00, 0x00, 0x00, 0x1E, 0xFF, 0xFF, 0xFF, 0xFE, 0x10, 0x00,
  0x00, 0x00, 0x01, 0xFF, 0xFF, 0xFF, 0xFF, 0xF1, 0x00, 0x00, 0x00, 0x00, 0x1B, 0xCC, 0xCC, 0xCC,
  0xCB, 0x10, 0x00, 0x00, 0x00, 0x00, 0x00, 0x00, 0x00, 0x00, 0x00, 0x00, 0x00, 0x00, 0x00, 0x00,
  0x00, 0x00, 0x00, 0x00, 0x00, 0x00, 0x00, 0x00, 0x00, 0x00, 0x00, 0x00, 0x00, 0x00, 0x00, 0x00,
  0x00, 0x00, 0x00, 0x00, 0x00, 0x00, 0x00, 0x00, 0x00, 0x00, 0x00, 0x00, 0x00, 0x00, 0x00, 0x00,
  0x00, 0x00, 0x00, 0x00, 0x00, 0x00, 0x00, 0x00, 0x00, 0x00, 0x00, 0x00, 0x00, 0x00, 0x00, 0x00,
  0x00, 0x00, 0x00, 0x00, 0x00, 0x00, 0x00, 0x00, 0x00, 0x00, 0x00, 0x00, 0x00, 0x00, 0x00, 0x00,
  0x00, 0x00, 0x00, 0x00, 0x00, 0x00, 0x00, 0x00, 0x00, 0x00, 0x00, 0x00, 0x00, 0x00, 0x00, 0x00,
  0x00, 0x00, 0x00, 0x00, 0x00, 0x00, 0x00, 0x00, 0x00, 0x00, 0x00, 0x00, 0x00, 0x00, 0x00, 0x00,
  0x00, 0x00, 0x00, 0x00, 0x00, 0x00, 0x00, 0x00, 0x00, 0x00, 0x00, 0x00, 0x00, 0x00, 0x00, 0x00,
  0x00, 0x00, 0x00, 0x00, 0x00, 0x00, 0x00, 0x00, 0x00, 0x00, 0x00, 0x00, 0x49, 0xB9, 0x40, 0x00,
  0x00, 0x00, 0x00, 0x00, 0x00, 0x4F, 0xFF, 0xFF, 0x40, 0x00, 0x00, 0x00, 0x00, 0x00, 0x08, 0xFF,
  0xFF, 0xF8, 0x00, 0x00, 0x00, 0x00, 0x00, 0x00, 0x8F, 0xFF, 0xFF, 0x80, 0x00, 0x00, 0x00, 0x00,
  0x00, 0x04, 0xFF, 0xFF, 0xF4, 0x00, 0x00, 0x00, 0x00, 0x00, 0x00, 0x04, 0x9B, 0x94, 0x00, 0x00,
  0x00, 0x00, 0x00, 0x00, 0x00, 0x00, 0x00, 0x00, 0x00, 0x00, 0x00, 0x00, 0x00, 0x00, 0x00, 0x00,
  0x00, 0x11, 0x11, 0x00, 0x00, 0x00, 0x00, 0x00, 0x00, 0x00, 0x2E, 0xEE, 0x80, 0x00, 0x00, 0x00,
  0x00, 0x00, 0x00, 0x07, 0xFF, 0xF4, 0x00, 0x00, 0x00, 0x00, 0x00, 0x00, 0x00, 0xCF, 0xFD, 0x00,
  0x00, 0x00, 0x00, 0x00, 0x00, 0x00, 0x3F, 0xFF, 0x80, 0x00, 0x00, 0x00, 0x00, 0x00, 0x00, 0x08,
  0xFF, 0xF3, 0x00, 0x00, 0x00, 0x00, 0x00, 0x00, 0x00, 0xCF, 0xFC, 0x00, 0x00, 0x00, 0x00, 0x00,
  0x00, 0x00, 0x4F, 0xFF, 0x80, 0x00, 0x00, 0x00, 0x00, 0x00, 0x00, 0x08, 0xFF, 0xF3, 0x00, 0x00,
  0x00, 0x00, 0x00, 0x00, 0x00, 0xDF, 0xFC, 0x00, 0x00, 0x00, 0x00, 0x00, 0x00, 0x00, 0x4F, 0xFF,
  0x70, 0x00, 0x00, 0x00, 0x00, 0x00, 0x00, 0x09, 0xFF, 0xF2, 0x00, 0x00, 0x00, 0x00, 0x00, 0x00,
  0x01, 0xDF, 0xFB, 0x00, 0x00, 0x00, 0x00, 0x00, 0x00, 0x00, 0x5F, 0xFF, 0x70, 0x00, 0x00, 0x00,
  0x00, 0x00, 0x00, 0x09, 0xFF, 0xE2, 0x00, 0x00, 0x00, 0x00, 0x00, 0x00, 0x01, 0xEF, 0xFB, 0x00,
  0x00, 0x00, 0x00, 0x00, 0x00, 0x00, 0x5F, 0xFF, 0x60, 0x00, 0x00, 0x00, 0x00, 0x00, 0x00, 0x0A,
  0xFF, 0xE2, 0x00, 0x00, 0x00, 0x00, 0x00, 0x00, 0x01, 0xEF, 0xFA, 0x00, 0x00, 0x00, 0x00, 0x00,
  0x00, 0x00, 0x6F, 0xFF, 0x60, 0x00, 0x00, 0x00, 0x00, 0x00, 0x00, 0x0A, 0xFF, 0xE1, 0x00, 0x00,
  0x00, 0x00, 0x00, 0x00, 0x02, 0xEF, 0xFA, 0x00, 0x00, 0x00, 0x00, 0x00, 0x00, 0x00, 0x6F, 0xFF,
  0x50, 0x00, 0x00, 0x00, 0x00, 0x00, 0x00, 0x0B, 0xFF, 0xE1, 0x00, 0x00, 0x00, 0x00, 0x00, 0x00,
  0x02, 0xFF, 0xF9, 0x00, 0x00, 0x00, 0x00, 0x00, 0x00, 0x00, 0x7F, 0xFF, 0x40, 0x00, 0x00, 0x00,
  0x00, 0x00, 0x00, 0x0A, 0xEE, 0xC1, 0x00, 0x00, 0x00, 0x00, 0x00, 0x00, 0x00, 0x11, 0x10, 0x00,
  0x00, 0x00, 0x00, 0x00, 0x00, 0x00, 0x00, 0x00, 0x37, 0xAB, 0xA8, 0x40, 0x00, 0x00, 0x00, 0x00,
  0x01, 0x9F, 0xFF, 0xFF, 0xFF, 0xC3, 0x00, 0x00, 0x00, 0x00, 0xBF, 0xFF, 0xFF, 0xFF, 0xFF, 0xE2,
  0x00, 0x00, 0x00, 0x7F, 0xFF, 0xE9, 0x67, 0xDF, 0xFF, 0xB0, 0x00, 0x00, 0x1E, 0xFF, 0xF4, 0x00,
  0x01, 0xDF, 0xFF, 0x40, 0x00, 0x05, 0xFF, 0xFB, 0x00, 0x00, 0x07, 0xFF, 0xF9, 0x00, 0x00, 0x9F,
  0xFF, 0x70, 0x00, 0x00, 0x3F, 0xFF, 0xD0, 0x00, 0x0B, 0xFF, 0xF5, 0x00, 0x00, 0x02, 0xEF, 0xFF,
  0x20, 0x00, 0xDF, 0xFF, 0x50, 0x02, 0x10, 0x1E, 0xFF, 0xF3, 0x00, 0x1E, 0xFF, 0xF5, 0x0A, 0xFE,
  0x40, 0xEF, 0xFF, 0x40, 0x01, 0xEF, 0xFF, 0x40, 0xFF, 0xF8, 0x0E, 0xFF, 0xF4, 0x00, 0x1E, 0xFF,
  0xF5, 0x09, 0xED, 0x30, 0xEF, 0xFF, 0x40, 0x00, 0xDF, 0xFF, 0x50, 0x01, 0x00, 0x1E, 0xFF, 0xF3,
  0x00, 0x0B, 0xFF, 0xF5, 0x00, 0x00, 0x02, 0xEF, 0xFF, 0x20, 0x00, 0x9F, 0xFF, 0x70, 0x00, 0x00,
  0x3F, 0xFF, 0xD0, 0x00, 0x05, 0xFF, 0xFB, 0x00, 0x00, 0x07, 0xFF, 0xF9, 0x00, 0x00, 0x1E, 0xFF,
  0xF4, 0x00, 0x01, 0xDF, 0xFF, 0x40, 0x00, 0x00, 0x7F, 0xFF, 0xE8, 0x67, 0xDF, 0xFF, 0xB0, 0x00,
  0x00, 0x00, 0xBF, 0xFF, 0xFF, 0xFF, 0xFF, 0xE2, 0x00, 0x00, 0x00, 0x01, 0x9F, 0xFF, 0xFF, 0xFF,
  0xC3, 0x00, 0x00, 0x00, 0x00, 0x00, 0x38, 0xAB, 0xA8, 0x40, 0x00, 0x00, 0x00, 0x00, 0x00, 0x00,
  0x00, 0x00, 0x00, 0x00, 0x00, 0x00, 0x00, 0x00, 0x00, 0x01, 0x11, 0x11, 0x10, 0x00, 0x00, 0x00,
  0x00, 0x00, 0x1B, 0xEE, 0xEE, 0xED, 0x10, 0x00, 0x00, 0x00, 0x00, 0x09, 0xFF, 0xFF, 0xFF, 0xE1,
  0x00, 0x00, 0x00, 0x00, 0x05, 0xFF, 0xFF, 0xFF, 0xFE, 0x10, 0x00, 0x00, 0x00, 0x02, 0xEF, 0xFE,
  0x9F, 0xFF, 0xE1, 0x00, 0x00, 0x00, 0x00, 0xCF, 0xFF, 0x64, 0xFF, 0xFE, 0x10, 0x00, 0x00, 0x00,
  0x9F, 0xFF, 0xA0, 0x5F, 0xFF, 0xE1, 0x00, 0x00, 0x00, 0x1C, 0xFF, 0xD1, 0x05, 0xFF, 0xFE, 0x10,
  0x00, 0x00, 0x00, 0x19, 0xF4, 0x00, 0x5F, 0xFF, 0xE1, 0x00, 0x00, 0x00, 0x00, 0x03, 0x00, 0x05,
  0xFF, 0xFE, 0x10, 0x00, 0x00, 0x00, 0x00, 0x00, 0x00, 0x5F, 0xFF, 0xE1, 0x00, 0x00, 0x00, 0x00,
  0x00, 0x00, 0x05, 0xFF, 0xFE, 0x10, 0x00, 0x00, 0x00, 0x00, 0x00, 0x00, 0x5F, 0xFF, 0xE1, 0x00,
  0x00, 0x00, 0x00, 0x00, 0x00, 0x05, 0xFF, 0xFE, 0x10, 0x00, 0x00, 0x00, 0x00, 0x00, 0x00, 0x5F,
  0xFF, 0xE1, 0x00, 0x00, 0x00, 0x00, 0x00, 0x00, 0x05, 0xFF, 0xFE, 0x10, 0x00, 0x00, 0x00, 0x00,
  0x00, 0x00, 0x4F, 0xFF, 0xE0, 0x00, 0x00, 0x00, 0x00, 0x47, 0x78, 0x7A, 0xFF, 0xFF, 0x87, 0x87,
  0x00, 0x00, 0x08, 0xFF, 0xFF, 0xFF, 0xFF, 0xFF, 0xFF, 0xF1, 0x00, 0x00, 0x7F, 0xFF, 0xFF, 0xFF,
  0xFF, 0xFF, 0xFE, 0x10, 0x00, 0x07, 0xEE, 0xEE, 0xEE, 0xEE, 0xEE, 0xEE, 0xD1, 0x00, 0x00, 0x01,
  0x11, 0x11, 0x11, 0x11, 0x11, 0x11, 0x00, 0x00, 0x00, 0x01, 0x59, 0xAB, 0xA7, 0x30, 0x00, 0x00,
  0x00, 0x00, 0x05, 0xDF, 0xFF, 0xFF, 0xFF, 0x91, 0x00, 0x00, 0x00, 0x07, 0xFF, 0xFF, 0xFF, 0xFF,
  0xFF, 0xB0, 0x00, 0x00, 0x03, 0xFF, 0xFF, 0xEA, 0xAE, 0xFF, 0xFF, 0x60, 0x00, 0x00, 0xBF, 0xFF,
  0xC2, 0x00, 0x1C, 0xFF, 0xFB, 0x00, 0x00, 0x03, 0x8D, 0xF3, 0x00, 0x00, 0x5F, 0xFF, 0xE1, 0x00,
  0x00, 0x00, 0x14, 0x00, 0x00, 0x05, 0xFF, 0xFE, 0x10, 0x00, 0x00, 0x00, 0x00, 0x00, 0x00, 0x7F,
  0xFF, 0xC0, 0x00, 0x00, 0x00, 0x00, 0x00, 0x00, 0x1D, 0xFF, 0xF8, 0x00, 0x00, 0x00, 0x00, 0x00,
  0x00, 0x0A, 0xFF, 0xFE, 0x20, 0x00, 0x00, 0x00, 0x00, 0x00, 0x0A, 0xFF, 0xFF, 0x50, 0x00, 0x00,
  0x00, 0x00, 0x00, 0x1B, 0xFF, 0xFF, 0x60, 0x00, 0x00, 0x00, 0x00, 0x00, 0x3D, 0xFF, 0xFE, 0x50,
  0x00, 0x00, 0x00, 0x00, 0x00, 0x4E, 0xFF, 0xFD, 0x30, 0x00, 0x00, 0x00, 0x00, 0x00, 0x6F, 0xFF,
  0xFB, 0x20, 0x00, 0x00, 0x00, 0x00, 0x00, 0x8F, 0xFF, 0xE7, 0x00, 0x00, 0x00, 0x00, 0x00, 0x00,
  0x7F, 0xFF, 0xFB, 0x66, 0x66, 0x66, 0x66, 0x30, 0x00, 0x08, 0xFF, 0xFF, 0xFF, 0xFF, 0xFF, 0xFF,
  0xF8, 0x00, 0x00, 0x8F, 0xFF, 0xFF, 0xFF, 0xFF, 0xFF, 0xFF, 0x80, 0x00, 0x07, 0xEE, 0xEE, 0xEE,
  0xEE, 0xEE, 0xEE, 0xE7, 0x00, 0x00, 0x11, 0x11, 0x11, 0x11, 0x11, 0x11, 0x11, 0x10, 0x00, 0x00,
  0x00, 0x01, 0x58, 0xAA, 0xA8, 0x40, 0x00, 0x00, 0x00, 0x00, 0x05, 0xDF, 0xFF, 0xFF, 0xFF, 0xC3,
  0x00, 0x00, 0x00, 0x07, 0xFF, 0xFF, 0xFF, 0xFF, 0xFF, 0xE3, 0x00, 0x00, 0x04, 0xFF, 0xFF, 0xFC,
  0xBE, 0xFF, 0xFF, 0xC0, 0x00, 0x00, 0x08, 0xFF, 0xA3, 0x00, 0x1A, 0xFF, 0xFF, 0x30, 0x00, 0x00,
  0x08, 0xA0, 0x00, 0x00, 0x2F, 0xFF, 0xF4, 0x00, 0x00, 0x00, 0x00, 0x00, 0x00, 0x01, 0xEF, 0xFF,
  0x30, 0x00, 0x00, 0x00, 0x00, 0x00, 0x00, 0x7F, 0xFF, 0xD0, 0x00, 0x00, 0x00, 0x00, 0x07, 0x78,
  0xBF, 0xFF, 0xF4, 0x00, 0x00, 0x00, 0x00, 0x01, 0xFF, 0xFF, 0xFF, 0xA3, 0x00, 0x00, 0x00, 0x00,
  0x00, 0x1E, 0xFF, 0xFF, 0xE9, 0x30, 0x00, 0x00, 0x00, 0x00, 0x01, 0xDE, 0xEF, 0xFF, 0xFF, 0x60,
  0x00, 0x00, 0x00, 0x00, 0x01, 0x11, 0x39, 0xFF, 0xFF, 0x30, 0x00, 0x00, 0x00, 0x00, 0x00, 0x00,
  0x0B, 0xFF, 0xF9, 0x00, 0x00, 0x00, 0x31, 0x00, 0x00, 0x00, 0x7F, 0xFF, 0xB0, 0x00, 0x00, 0x5F,
  0xA0, 0x00, 0x00, 0x0A, 0xFF, 0xFB, 0x00, 0x00, 0x9F, 0xFF, 0xA2, 0x00, 0x06, 0xFF, 0xFF, 0x80,
  0x00, 0x0B, 0xFF, 0xFF, 0xEC, 0xBD, 0xFF, 0xFF, 0xF2, 0x00, 0x00, 0x1C, 0xFF, 0xFF, 0xFF, 0xFF,
  0xFF, 0xF6, 0x00, 0x00, 0x00, 0x19, 0xEF, 0xFF, 0xFF, 0xFF, 0xC4, 0x00, 0x00, 0x00, 0x00, 0x02,
  0x69, 0xAA, 0xA8, 0x40, 0x00, 0x00, 0x00, 0x00, 0x00, 0x00, 0x00, 0x00, 0x00, 0x00, 0x00, 0x00,
  0x00, 0x00, 0x00, 0x00, 0x00, 0x11, 0x11, 0x10, 0x00, 0x00, 0x00, 0x00, 0x00, 0x00, 0xBE, 0xEE,
  0xEB, 0x00, 0x00, 0x00, 0x00, 0x00, 0x00, 0x6F, 0xFF, 0xFF, 0xC0, 0x00, 0x00, 0x00, 0x00, 0x00,
  0x2E, 0xFF, 0xFF, 0xFB, 0x00, 0x00, 0x00, 0x00, 0x00, 0x0A, 0xFF, 0xFF, 0xFF, 0xB0, 0x00, 0x00,
  0x00, 0x00, 0x04, 0xFF, 0xEC, 0xFF, 0xFB, 0x00, 0x00, 0x00, 0x00, 0x01, 0xCF, 0xF8, 0x7F, 0xFF,
  0xB0, 0x00, 0x00, 0x00, 0x00, 0x7F, 0xFE, 0x17, 0xFF, 0xFB, 0x00, 0x00, 0x00, 0x00, 0x2E, 0xFF,
  0x70, 0x8F, 0xFF, 0xB0, 0x00, 0x00, 0x00, 0x0A, 0xFF, 0xC1, 0x08, 0xFF, 0xFB, 0x00, 0x00, 0x00,
  0x05, 0xFF, 0xF4, 0x00, 0x7F, 0xFF, 0xB0, 0x00, 0x00, 0x01, 0xDF, 0xF9, 0x00, 0x07, 0xFF, 0xFB,
  0x00, 0x00, 0x00, 0x8F, 0xFE, 0x10, 0x00, 0x7F, 0xFF, 0xB0, 0x00, 0x00, 0x3F, 0xFF, 0x71, 0x11,
  0x18, 0xFF, 0xFB, 0x11, 0x00, 0x04, 0xFF, 0xFE, 0xEE, 0xEE, 0xFF, 0xFF, 0xFE, 0xD1, 0x00, 0x4F,
  0xFF, 0xFF, 0xFF, 0xFF, 0xFF, 0xFF, 0xFF, 0x10, 0x04, 0xFF, 0xFF, 0xFF, 0xFF, 0xFF, 0xFF, 0xFF,
  0xE1, 0x00, 0x13, 0x22, 0x22, 0x23, 0x29, 0xFF, 0xFC, 0x22, 0x00, 0x00, 0x00, 0x00, 0x00, 0x00,
  0x7F, 0xFF, 0xB0, 0x00, 0x00, 0x00, 0x00, 0x00, 0x00, 0x08, 0xFF, 0xFC, 0x00, 0x00, 0x00, 0x00,
  0x00, 0x00, 0x00, 0x7E, 0xEE, 0xB0, 0x00, 0x00, 0x00, 0x00, 0x00, 0x00, 0x00, 0x11, 0x11, 0x00,
  0x00, 0x00, 0x00, 0x11, 0x11, 0x11, 0x11, 0x11, 0x11, 0x00, 0x00, 0x00, 0x6E, 0xEE, 0xEE, 0xEE,
  0xEE, 0xEE, 0x90, 0x00, 0x00, 0x07, 0xFF, 0xFF, 0xFF, 0xFF, 0xFF, 0xF9, 0x00, 0x00, 0x00, 0x8F,
  0xFF, 0xFF, 0xFF, 0xFF, 0xFF, 0xA0, 0x00, 0x00, 0x09, 0xFF, 0xC6, 0x66, 0x66, 0x66, 0x64, 0x00,
  0x00, 0x00, 0xAF, 0xF9, 0x00, 0x00, 0x00, 0x00, 0x00, 0x00, 0x00, 0x0B, 0xFF, 0x80, 0x10, 0x00,
  0x00, 0x00, 0x00, 0x00, 0x00, 0xCF, 0xF7, 0x00, 0x13, 0x21, 0x00, 0x00, 0x00, 0x00, 0x0C, 0xFF,
  0x60, 0x8D, 0xFF, 0xD8, 0x10, 0x00, 0x00, 0x01, 0xDF, 0xF5, 0x8F, 0xFF, 0xFF, 0xFD, 0x20, 0x00,
  0x00, 0x1E, 0xFE, 0x9F, 0xFF, 0xFF, 0xFF, 0xFC, 0x00, 0x00, 0x02, 0xFF, 0xFF, 0xB5, 0x46, 0xCF,
  0xFF, 0xF5, 0x00, 0x00, 0x03, 0x57, 0x60, 0x00, 0x01, 0xDF, 0xFF, 0x90, 0x00, 0x00, 0x00, 0x00,
  0x00, 0x00, 0x08, 0xFF, 0xFB, 0x00, 0x00, 0x00, 0x01, 0x00, 0x00, 0x00, 0x8F, 0xFF, 0xB0, 0x00,
  0x00, 0x1B, 0xC0, 0x00, 0x00, 0x0A, 0xFF, 0xF9, 0x00, 0x00, 0x4D, 0xFF, 0xB2, 0x00, 0x06, 0xFF,
  0xFF, 0x50, 0x00, 0x07, 0xFF, 0xFF, 0xEB, 0xAC, 0xFF, 0xFF, 0xC0, 0x00, 0x00, 0x09, 0xFF, 0xFF,
  0xFF, 0xFF, 0xFF, 0xE3, 0x00, 0x00, 0x00, 0x07, 0xEF, 0xFF, 0xFF, 0xFF, 0xB3, 0x00, 0x00, 0x00,
  0x00, 0x01, 0x69, 0xBB, 0xA8, 0x40, 0x00, 0x00, 0x00, 0x00, 0x00, 0x00, 0x00, 0x00, 0x00, 0x00,
  0x00, 0x00, 0x00, 0x00, 0x00, 0x00, 0x01, 0x11, 0x11, 0x10, 0x00, 0x00, 0x00, 0x00, 0x00, 0x08,
  0xEE, 0xEF, 0xC4, 0x00, 0x00, 0x00, 0x00, 0x00, 0x1B, 0xFF, 0xFF, 0xB2, 0x00, 0x00, 0x00, 0x00,
  0x00, 0x1B, 0xFF, 0xFF, 0x80, 0x00, 0x00, 0x00, 0x00, 0x00, 0x0A, 0xFF, 0xFF, 0x60, 0x00, 0x00,
  0x00, 0x00, 0x00, 0x07, 0xFF, 0xFF, 0x60, 0x00, 0x00, 0x00, 0x00, 0x00, 0x02, 0xEF, 0xFF, 0x80,
  0x00, 0x00, 0x00, 0x00, 0x00, 0x00, 0x9F, 0xFF, 0xB0, 0x00, 0x00, 0x00, 0x00, 0x00, 0x00, 0x2E,
  0xFF, 0xF2, 0x39, 0xBB, 0x94, 0x00, 0x00, 0x00, 0x07, 0xFF, 0xFA, 0x6F, 0xFF, 0xFF, 0xFA, 0x10,
  0x00, 0x00, 0xBF, 0xFF, 0xAF, 0xFF, 0xFF, 0xFF, 0xFA, 0x00, 0x00, 0x0D, 0xFF, 0xFF, 0xB5, 0x46,
  0xDF, 0xFF, 0xF4, 0x00, 0x01, 0xEF, 0xFF, 0xB0, 0x00, 0x01, 0xDF, 0xFF, 0x90, 0x00, 0x1E, 0xFF,
  0xF5, 0x00, 0x00, 0x09, 0xFF, 0xFB, 0x00, 0x00, 0xDF, 0xFF, 0x50, 0x00, 0x00, 0x7F, 0xFF, 0xB0,
  0x00, 0x0A, 0xFF, 0xF6, 0x00, 0x00, 0x09, 0xFF, 0xFA, 0x00, 0x00, 0x6F, 0xFF, 0xB0, 0x00, 0x02,
  0xDF, 0xFF, 0x50, 0x00, 0x01, 0xDF, 0xFF, 0xB6, 0x56, 0xDF, 0xFF, 0xC1, 0x00, 0x00, 0x03, 0xEF,
  0xFF, 0xFF, 0xFF, 0xFF, 0xE3, 0x00, 0x00, 0x00, 0x03, 0xCF, 0xFF, 0xFF, 0xFF, 0xB3, 0x00, 0x00,
  0x00, 0x00, 0x00, 0x59, 0xAB, 0xA8, 0x40, 0x00, 0x00, 0x00, 0x00, 0x00, 0x00, 0x00, 0x00, 0x00,
  0x00, 0x00, 0x00, 0x00, 0x01, 0x11, 0x11, 0x11, 0x11, 0x11, 0x11, 0x00, 0x00, 0x07, 0xEE, 0xEE,
  0xEE, 0xEE, 0xEE, 0xEE, 0xE7, 0x00, 0x00, 0x8F, 0xFF, 0xFF, 0xFF, 0xFF, 0xFF, 0xFF, 0x80, 0x00,
  0x08, 0xFF, 0xFF, 0xFF, 0xFF, 0xFF, 0xFF, 0xF8, 0x00, 0x00, 0x8F, 0xFF, 0x87, 0x88, 0x77, 0xDF,
  0xFF, 0x70, 0x00, 0x08, 0xFF, 0xE0, 0x00, 0x00, 0x1E, 0xFF, 0xF3, 0x00, 0x00, 0x8F, 0xFE, 0x10,
  0x00, 0x08, 0xFF, 0xFC, 0x00, 0x00, 0x07, 0xFF, 0xE1, 0x00, 0x00, 0xDF, 0xFF, 0x60, 0x00, 0x00,
  0x13, 0x33, 0x00, 0x00, 0x5F, 0xFF, 0xE1, 0x00, 0x00, 0x00, 0x00, 0x00, 0x00, 0x0A, 0xFF, 0xF9,
  0x00, 0x00, 0x00, 0x00, 0x00, 0x00, 0x02, 0xFF, 0xFF, 0x30, 0x00, 0x00, 0x00, 0x00, 0x00, 0x00,
  0x8F, 0xFF, 0xC0, 0x00, 0x00, 0x00, 0x00, 0x00, 0x00, 0x1D, 0xFF, 0xF6, 0x00, 0x00, 0x00, 0x00,
  0x00, 0x00, 0x05, 0xFF, 0xFE, 0x10, 0x00, 0x00, 0x00, 0x00, 0x00, 0x00, 0xBF, 0xFF, 0x90, 0x00,
  0x00, 0x00, 0x00, 0x00, 0x00, 0x3F, 0xFF, 0xF4, 0x00, 0x00, 0x00, 0x00, 0x00, 0x00, 0x08, 0xFF,
  0xFC, 0x00, 0x00, 0x00, 0x00, 0x00, 0x00, 0x01, 0xDF, 0xFF, 0x60, 0x00, 0x00, 0x00, 0x00, 0x00,
  0x00, 0x6F, 0xFF, 0xE1, 0x00, 0x00, 0x00, 0x00, 0x00, 0x00, 0x0C, 0xFF, 0xF9, 0x00, 0x00, 0x00,
  0x00, 0x00, 0x00, 0x03, 0xEE, 0xEE, 0x40, 0x00, 0x00, 0x00, 0x00, 0x00, 0x00, 0x11, 0x11, 0x10,
  0x00, 0x00, 0x00, 0x00, 0x00, 0x00, 0x01, 0x69, 0xAA, 0xA7, 0x30, 0x00, 0x00, 0x00, 0x00, 0x06,
  0xEF, 0xFF, 0xFF, 0xFF, 0xB2, 0x00, 0x00, 0x00, 0x07, 0xFF, 0xFF, 0xFF, 0xFF, 0xFF, 0xD1, 0x00,
  0x00, 0x02, 0xEF, 0xFF, 0xC7, 0x69, 0xFF, 0xFF, 0x80, 0x00, 0x00, 0x6F, 0xFF, 0xC1, 0x00, 0x06,
  0xFF, 0xFD, 0x00, 0x00, 0x07, 0xFE, 0xF8, 0x01, 0x00, 0x1E, 0xFF, 0xE1, 0x00, 0x00, 0x6F, 0xFF,
  0x70, 0x00, 0x01, 0xEF, 0xFD, 0x00, 0x00, 0x02, 0xFF, 0xFB, 0x00, 0x00, 0x4F, 0xFF, 0x90, 0x00,
  0x00, 0x07, 0xFF, 0xF9, 0x43, 0x5D, 0xFF, 0xE2, 0x00, 0x00, 0x00, 0x05, 0xDF, 0xFF, 0xFF, 0xFF,
  0xB3, 0x00, 0x00, 0x00, 0x00, 0x2A, 0xFF, 0xFF, 0xFF, 0xF8, 0x10, 0x00, 0x00, 0x00, 0x7F, 0xFF,
  0xFE, 0xEF, 0xFF, 0xFE, 0x40, 0x00, 0x00, 0x5F, 0xFF, 0xE7, 0x21, 0x38, 0xFF, 0xFE, 0x20, 0x00,
  0x0B, 0xFF, 0xF8, 0x00, 0x00, 0x0B, 0xFF, 0xF8, 0x00, 0x01, 0xEF, 0xFF, 0x50, 0x00, 0x00, 0x7F,
  0xFF, 0xB0, 0x00, 0x1E, 0xFF, 0xF5, 0x00, 0x00, 0x08, 0xFF, 0xFB, 0x00, 0x00, 0xCF, 0xFF, 0xA0,
  0x00, 0x01, 0xDF, 0xFF, 0x80, 0x00, 0x06, 0xFF, 0xFF, 0xB7, 0x67, 0xDF, 0xFF, 0xF3, 0x00, 0x00,
  0x0A, 0xFF, 0xFF, 0xFF, 0xFF, 0xFF, 0xF7, 0x00, 0x00, 0x00, 0x07, 0xEF, 0xFF, 0xFF, 0xFF, 0xD5,
  0x00, 0x00, 0x00, 0x00, 0x01, 0x69, 0xAA, 0xA8, 0x51, 0x00, 0x00, 0x00, 0x00, 0x00, 0x00, 0x00,
  0x00, 0x00, 0x00, 0x00, 0x00, 0x00, 0x00, 0x00, 0x59, 0xAB, 0xA8, 0x40, 0x00, 0x00, 0x00, 0x00,
  0x04, 0xCF, 0xFF, 0xFF, 0xFF, 0xA2, 0x00, 0x00, 0x00, 0x05, 0xFF, 0xFF, 0xFF, 0xFF, 0xFF, 0xC1,
  0x00, 0x00, 0x02, 0xEF, 0xFF, 0xC6, 0x57, 0xDF, 0xFF, 0xA0, 0x00, 0x00, 0x8F, 0xFF, 0xC1, 0x00,
  0x02, 0xEF, 0xFF, 0x30, 0x00, 0x0C, 0xFF, 0xF6, 0x00, 0x00, 0x09, 0xFF, 0xF7, 0x00, 0x01, 0xEF,
  0xFF, 0x50, 0x00, 0x00, 0x8F, 0xFF, 0xA0, 0x00, 0x1E, 0xFF, 0xF5, 0x00, 0x00, 0x08, 0xFF, 0xFB,
  0x00, 0x00, 0xCF, 0xFF, 0x90, 0x00, 0x00, 0xCF, 0xFF, 0xB0, 0x00, 0x08, 0xFF, 0xFF, 0x61, 0x12,
  0x9F, 0xFF, 0xFA, 0x00, 0x00, 0x2E, 0xFF, 0xFF, 0xDC, 0xEF, 0xCF, 0xFF, 0x80, 0x00, 0x00, 0x5F,
  0xFF, 0xFF, 0xFF, 0x7B, 0xFF, 0xF4, 0x00, 0x00, 0x00, 0x3A, 0xEF, 0xFD, 0x64, 0xFF, 0xFC, 0x00,
  0x00, 0x00, 0x00, 0x02, 0x33, 0x10, 0xCF, 0xFF, 0x60, 0x00, 0x00, 0x00, 0x00, 0x00, 0x00, 0x8F,
  0xFF, 0xD1, 0x00, 0x00, 0x00, 0x00, 0x00, 0x00, 0x7F, 0xFF, 0xF4, 0x00, 0x00, 0x00, 0x00, 0x00,
  0x00, 0x7F, 0xFF, 0xF8, 0x00, 0x00, 0x00, 0x00, 0x00, 0x01, 0x9F, 0xFF, 0xF9, 0x00, 0x00, 0x00,
  0x00, 0x00, 0x03, 0xCF, 0xFF, 0xF9, 0x00, 0x00, 0x00, 0x00, 0x00, 0x05, 0xDF, 0xEE, 0xE6, 0x00,
  0x00, 0x00, 0x00, 0x00, 0x00, 0x21, 0x11, 0x11, 0x00, 0x00, 0x00, 0x00, 0x00, 0x00, 0x00, 0x00,
  0x8F, 0xFF, 0xFF, 0x80, 0x00, 0x00, 0x00, 0x00, 0x00, 0x05, 0xFF, 0xFF, 0xF5, 0x00, 0x00, 0x00,
  0x00, 0x00, 0x00, 0x07, 0xCD, 0xC7, 0x00, 0x00, 0x00, 0x00, 0x00, 0x00, 0x00, 0x00, 0x10, 0x00,
  0x00, 0x00, 0x00, 0x00, 0x00, 0x00, 0x00, 0x00, 0x00, 0x00, 0x00, 0x00, 0x00, 0x00, 0x00, 0x00,
  0x00, 0x00, 0x00, 0x00, 0x00, 0x00, 0x00, 0x00, 0x00, 0x00, 0x01, 0x00, 0x00, 0x00, 0x00, 0x00,
  0x00, 0x00, 0x00, 0x7C, 0xDC, 0x70, 0x00, 0x00, 0x00, 0x00, 0x00, 0x00, 0x5F, 0xFF, 0xFF, 0x50,
  0x00, 0x00, 0x00, 0x00, 0x00, 0x08, 0xFF, 0xFF, 0xF8, 0x00, 0x00, 0x00, 0x00, 0x00, 0x00, 0x7F,
  0xFF, 0xFF, 0x70, 0x00, 0x00, 0x00, 0x00, 0x00, 0x03, 0xFF, 0xFF, 0xF3, 0x00, 0x00, 0x00, 0x00,
  0x00, 0x00, 0x04, 0x9A, 0x94, 0x00, 0x00, 0x00, 0x00, 0x00, 0x00, 0x00, 0x00, 0x00, 0x00, 0x00,
  0x00, 0x00, 0x00, 0x00, 0x00, 0x00, 0x00, 0x00, 0x00, 0x00, 0x00, 0x00, 0x00, 0x00, 0x00, 0x49,
  0xB9, 0x40, 0x00, 0x00, 0x00, 0x00, 0x00, 0x00, 0x4F, 0xFF, 0xFF, 0x40, 0x00, 0x00, 0x00, 0x00,
  0x00, 0x08, 0xFF, 0xFF, 0xF8, 0x00, 0x00, 0x00, 0x00, 0x00, 0x00, 0x8F, 0xFF, 0xFF, 0x80, 0x00,
  0x00, 0x00, 0x00, 0x00, 0x04, 0xFF, 0xFF, 0xF4, 0x00, 0x00, 0x00, 0x00, 0x00, 0x00, 0x04, 0x9B,
  0x94, 0x00, 0x00, 0x00, 0x00, 0x00, 0x00, 0x00, 0x00, 0x00, 0x00, 0x00, 0x00, 0x00, 0x00, 0x00,
  0x00, 0x00, 0x00, 0x00, 0x00, 0x00, 0x00, 0x00, 0x00, 0x00, 0x00, 0x00, 0x00, 0x00, 0x00, 0x00,
  0x00, 0x00, 0x00, 0x00, 0x00, 0x11, 0x11, 0x10, 0x00, 0x00, 0x00, 0x00, 0x00, 0x00, 0x9E, 0xEE,
  0xE9, 0x00, 0x00, 0x00, 0x00, 0x00, 0x00, 0x0C, 0xFF, 0xFF, 0x30, 0x00, 0x00, 0x00, 0x00, 0x00,
  0x01, 0xEF, 0xFF, 0xB0, 0x00, 0x00, 0x00, 0x00, 0x00, 0x00, 0x4F, 0xFF, 0xF5, 0x00, 0x00, 0x00,
  0x00, 0x00, 0x00, 0x06, 0xFF, 0xFD, 0x00, 0x00, 0x00, 0x00, 0x00, 0x00, 0x00, 0x9F, 0xFF, 0x70,
  0x00, 0x00, 0x00, 0x00, 0x00, 0x00, 0x0B, 0xFF, 0xE1, 0x00, 0x00, 0x00, 0x00, 0x00, 0x00, 0x01,
  0xEF, 0xF9, 0x00, 0x00, 0x00, 0x00, 0x00, 0x00, 0x00, 0x2E, 0xEE, 0x30, 0x00, 0x00, 0x00, 0x00,
  0x00, 0x00, 0x00, 0x11, 0x10, 0x00, 0x00, 0x00, 0x00, 0x00, 0x00, 0x00, 0x00, 0x00, 0x00, 0x00,
  0x00, 0x00, 0x00, 0x00, 0x00, 0x00, 0x00, 0x00, 0x00, 0x00, 0x03, 0x40, 0x00, 0x00, 0x00, 0x00,
  0x00, 0x00, 0x00, 0x18, 0xF8, 0x00, 0x00, 0x00, 0x00, 0x00, 0x00, 0x00, 0x6D, 0xFF, 0x70, 0x00,
  0x00, 0x00, 0x00, 0x00, 0x04, 0xCF, 0xFE, 0xF8, 0x00, 0x00, 0x00, 0x00, 0x00, 0x3A, 0xFF, 0xFF,
  0xFD, 0x40, 0x00, 0x00, 0x00, 0x02, 0x9F, 0xFF, 0xFF, 0xE7, 0x10, 0x00, 0x00, 0x00, 0x17, 0xEF,
  0xFF, 0xFF, 0x92, 0x00, 0x00, 0x00, 0x00, 0x07, 0xFF, 0xFF, 0xFA, 0x30, 0x00, 0x00, 0x00, 0x00,
  0x00, 0x8F, 0xFF, 0xB4, 0x00, 0x00, 0x00, 0x00, 0x00, 0x00, 0x07, 0xFF, 0xFA, 0x20, 0x00, 0x00,
  0x00, 0x00, 0x00, 0x00, 0x8F, 0xFF, 0xFE, 0x81, 0x00, 0x00, 0x00, 0x00, 0x00, 0x02, 0xAF, 0xFF,
  0xFF, 0xD7, 0x10, 0x00, 0x00, 0x00, 0x00, 0x00, 0x4B, 0xFF, 0xFF, 0xFC, 0x50, 0x00, 0x00, 0x00,
  0x00, 0x00, 0x05, 0xCF, 0xFF, 0xFF, 0xB3, 0x00, 0x00, 0x00, 0x00, 0x00, 0x01, 0x7E, 0xFF, 0xEF,
  0x80, 0x00, 0x00, 0x00, 0x00, 0x00, 0x00, 0x29, 0xFF, 0xF7, 0x00, 0x00, 0x00, 0x00, 0x00, 0x00,
  0x00, 0x03, 0xAF, 0x80, 0x00, 0x00, 0x00, 0x00, 0x00, 0x00, 0x00, 0x00, 0x55, 0x00, 0x00, 0x00,
  0x00, 0x00, 0x00, 0x00, 0x00, 0x00, 0x00, 0x00, 0x00, 0x00, 0x00, 0x00, 0x00, 0x00, 0x00, 0x00,
  0x00, 0x00, 0x04, 0x98, 0x88, 0x88, 0x88, 0x88, 0x88, 0x80, 0x00, 0x00, 0x8F, 0xFF, 0xFF, 0xFF,
  0xFF, 0xFF, 0xFF, 0x10, 0x00, 0x08, 0xFF, 0xFF, 0xFF, 0xFF, 0xFF, 0xFF, 0xF1, 0x00, 0x00, 0x5A,
  0xAA, 0xAA, 0xAA, 0xAA, 0xAA, 0xA9, 0x10, 0x00, 0x00, 0x00, 0x00, 0x00, 0x00, 0x00, 0x00, 0x00,
  0x00, 0x00, 0x00, 0x00, 0x00, 0x00, 0x00, 0x00, 0x00, 0x00, 0x00, 0x00, 0x00, 0x00, 0x00, 0x00,
  0x00, 0x00, 0x00, 0x00, 0x00, 0x6C, 0xCC, 0xCC, 0xCC, 0xCC, 0xCC, 0xCC, 0x10, 0x00, 0x08, 0xFF,
  0xFF, 0xFF, 0xFF, 0xFF, 0xFF, 0xE1, 0x00, 0x00, 0x8F, 0xFF, 0xFF, 0xFF, 0xFF, 0xFF, 0xFF, 0x10,
  0x00, 0x03, 0x55, 0x55, 0x55, 0x55, 0x55, 0x55, 0x50, 0x00, 0x00, 0x00, 0x00, 0x00, 0x00, 0x00,
  0x00, 0x00, 0x00, 0x00, 0x00, 0x00, 0x00, 0x00, 0x00, 0x00, 0x00, 0x00, 0x00, 0x00, 0x00, 0x00,
  0x00, 0x00, 0x00, 0x00, 0x00, 0x00, 0x00, 0x00, 0x00, 0x00, 0x00, 0x00, 0x00, 0x00, 0x00, 0x00,
  0x00, 0x00, 0x00, 0x00, 0x00, 0x00, 0x00, 0x00, 0x00, 0x00, 0x00, 0x43, 0x00, 0x00, 0x00, 0x00,
  0x00, 0x00, 0x00, 0x00, 0x08, 0xF8, 0x10, 0x00, 0x00, 0x00, 0x00, 0x00, 0x00, 0x00, 0x7F, 0xFD,
  0x60, 0x00, 0x00, 0x00, 0x00, 0x00, 0x00, 0x08, 0xFE, 0xFF, 0xC4, 0x00, 0x00, 0x00, 0x00, 0x00,
  0x00, 0x4D, 0xFF, 0xFF, 0xFA, 0x30, 0x00, 0x00, 0x00, 0x00, 0x00, 0x17, 0xEF, 0xFF, 0xFF, 0x92,
  0x00, 0x00, 0x00, 0x00, 0x00, 0x02, 0x9F, 0xFF, 0xFF, 0xE7, 0x10, 0x00, 0x00, 0x00, 0x00, 0x00,
  0x3A, 0xFF, 0xFF, 0xF7, 0x00, 0x00, 0x00, 0x00, 0x00, 0x00, 0x04, 0xBF, 0xFF, 0x80, 0x00, 0x00,
  0x00, 0x00, 0x00, 0x00, 0x2A, 0xFF, 0xF7, 0x00, 0x00, 0x00, 0x00, 0x00, 0x01, 0x8E, 0xFF, 0xFF,
  0x80, 0x00, 0x00, 0x00, 0x00, 0x17, 0xDF, 0xFF, 0xFF, 0xA2, 0x00, 0x00, 0x00, 0x00, 0x5C, 0xFF,
  0xFF, 0xFB, 0x40, 0x00, 0x00, 0x00, 0x03, 0xBF, 0xFF, 0xFF, 0xC5, 0x00, 0x00, 0x00, 0x00, 0x00,
  0x8F, 0xEF, 0xFE, 0x71, 0x00, 0x00, 0x00, 0x00, 0x00, 0x07, 0xFF, 0xF9, 0x20, 0x00, 0x00, 0x00,
  0x00, 0x00, 0x00, 0x8F, 0xA3, 0x00, 0x00, 0x00, 0x00, 0x00, 0x00, 0x00, 0x05, 0x50, 0x00, 0x00,
  0x00, 0x00, 0x00, 0x00, 0x00, 0x00, 0x00, 0x00, 0x00, 0x00, 0x00, 0x00, 0x00, 0x00, 0x00, 0x00,
  0x00, 0x00, 0x00, 0x00, 0x00, 0x00, 0x00, 0x00, 0x00, 0x00, 0x15, 0x9A, 0xA9, 0x51, 0x00, 0x00,
  0x00, 0x00, 0x00, 0x4D, 0xFF, 0xFF, 0xFF, 0xD4, 0x00, 0x00, 0x00, 0x00, 0x4F, 0xFF, 0xFF, 0xFF,
  0xFF, 0xF4, 0x00, 0x00, 0x00, 0x1D, 0xFF, 0xFE, 0xBC, 0xFF, 0xFF, 0xD1, 0x00, 0x00, 0x03, 0xFF,
  0xFD, 0x30, 0x05, 0xFF, 0xFF, 0x40, 0x00, 0x00, 0x03, 0x8E, 0x50, 0x00, 0x0C, 0xFF, 0xF7, 0x00,
  0x00, 0x00, 0x00, 0x10, 0x00, 0x00, 0xBF, 0xFF, 0x70, 0x00, 0x00, 0x00, 0x00, 0x00, 0x00, 0x1E,
  0xFF, 0xF5, 0x00, 0x00, 0x00, 0x00, 0x00, 0x00, 0x19, 0xFF, 0xFE, 0x10, 0x00, 0x00, 0x00, 0x00,
  0x48, 0xAE, 0xFF, 0xFF, 0x60, 0x00, 0x00, 0x00, 0x00, 0x08, 0xFF, 0xFF, 0xFF, 0x80, 0x00, 0x00,
  0x00, 0x00, 0x00, 0x7F, 0xEF, 0xE9, 0x40, 0x00, 0x00, 0x00, 0x00, 0x00, 0x08, 0xFF, 0xF8, 0x00,
  0x00, 0x00, 0x00, 0x00, 0x00, 0x00, 0x7E, 0xEE, 0x70, 0x00, 0x00, 0x00, 0x00, 0x00, 0x00, 0x00,
  0x01, 0x00, 0x00, 0x00, 0x00, 0x00, 0x00, 0x00, 0x00, 0x18, 0xAA, 0x50, 0x00, 0x00, 0x00, 0x00,
  0x00, 0x00, 0x0B, 0xFF, 0xFF, 0x40, 0x00, 0x00, 0x00, 0x00, 0x00, 0x01, 0xEF, 0xFF, 0xF8, 0x00,
  0x00, 0x00, 0x00, 0x00, 0x00, 0x1E, 0xFF, 0xFF, 0x70, 0x00, 0x00, 0x00, 0x00, 0x00, 0x00, 0xBF,
  0xFF, 0xF4, 0x00, 0x00, 0x00, 0x00, 0x00, 0x00, 0x01, 0x8B, 0xA5, 0x00, 0x00, 0x00, 0x00, 0x00,
  0x00, 0x00, 0x00, 0x00, 0x00, 0x00, 0x00, 0x00, 0x00, 0x00, 0x00, 0x00, 0x00, 0x00, 0x00, 0x00,
  0x00, 0x00, 0x00, 0x00, 0x00, 0x04, 0x8A, 0xA9, 0x73, 0x00, 0x00, 0x00, 0x00, 0x00, 0x1A, 0xFF,
  0xFF, 0xFF, 0xFA, 0x10, 0x00, 0x00, 0x00, 0x1B, 0xFF, 0xFD, 0xCD, 0xFF, 0xFB, 0x10, 0x00, 0x00,
  0x07, 0xFF, 0xD4, 0x10, 0x14, 0xDF, 0xF8, 0x00, 0x00, 0x01, 0xDF, 0xE3, 0x00, 0x00, 0x03, 0xFF,
  0xE1, 0x00, 0x00, 0x4F, 0xF9, 0x00, 0x00, 0x00, 0x0B, 0xFF, 0x40, 0x00, 0x08, 0xFF, 0x50, 0x02,
  0x9D, 0xA2, 0x8F, 0xF7, 0x00, 0x00, 0xAF, 0xF3, 0x01, 0xDF, 0xFF, 0xC8, 0xFF, 0x70, 0x00, 0x0C,
  0xFE, 0x20, 0x7F, 0xFE, 0xAC, 0xEF, 0xF8, 0x00, 0x00, 0xDF, 0xE1, 0x0B, 0xFF, 0x60, 0x0B, 0xFF,
  0x80, 0x00, 0x1E, 0xFE, 0x10, 0xDF, 0xE1, 0x00, 0x7F, 0xF8, 0x00, 0x01, 0xEF, 0xE1, 0x0E, 0xFE,
  0x10, 0x08, 0xFF, 0x80, 0x00, 0x1E, 0xFE, 0x11, 0xEF, 0xE1, 0x00, 0x7F, 0xF8, 0x00, 0x01, 0xEF,
  0xE1, 0x0E, 0xFE, 0x10, 0x08, 0xFF, 0x80, 0x00, 0x0D, 0xFE, 0x10, 0xDF, 0xE1, 0x00, 0x7F, 0xF8,
  0x00, 0x00, 0xCF, 0xE2, 0x0B, 0xFF, 0x60, 0x0B, 0xFF, 0x80, 0x00, 0x0A, 0xFF, 0x30, 0x7F, 0xFE,
  0xAC, 0xEF, 0xF7, 0x00, 0x00, 0x7F, 0xF6, 0x01, 0xDF, 0xFF, 0xD9, 0xFF, 0x80, 0x00, 0x04, 0xFF,
  0xB0, 0x02, 0xAD, 0xA2, 0x38, 0x84, 0x00, 0x00, 0x0C, 0xFF, 0x50, 0x00, 0x00, 0x00, 0x00, 0x00,
  0x00, 0x00, 0x5F, 0xFE, 0x51, 0x00, 0x00, 0x00, 0x00, 0x00, 0x00, 0x00, 0xAF, 0xFF, 0xC9, 0x98,
  0x94, 0x00, 0x00, 0x00, 0x00, 0x00, 0x9F, 0xFF, 0xFF, 0xFF, 0x80, 0x00, 0x00, 0x00, 0x00, 0x00,
  0x38, 0xBD, 0xDD, 0xE7, 0x00, 0x00, 0x00, 0x00, 0x00, 0x00, 0x00, 0x01, 0x11, 0x00, 0x00, 0x00,
  0x00, 0x00, 0x00, 0x01, 0x11, 0x11, 0x00, 0x00, 0x00, 0x00, 0x00, 0x00, 0x0A, 0xEE, 0xEE, 0xE7,
  0x00, 0x00, 0x00, 0x00, 0x00, 0x01, 0xEF, 0xFF, 0xFF, 0xB0, 0x00, 0x00, 0x00, 0x00, 0x00, 0x4F,
  0xFF, 0xFF, 0xFE, 0x10, 0x00, 0x00, 0x00, 0x00, 0x07, 0xFF, 0xFF, 0xFF, 0xF5, 0x00, 0x00, 0x00,
  0x00, 0x00, 0xBF, 0xFE, 0xDF, 0xFF, 0x80, 0x00, 0x00, 0x00, 0x00, 0x1E, 0xFF, 0xC6, 0xFF, 0xFC,
  0x00, 0x00, 0x00, 0x00, 0x05, 0xFF, 0xF9, 0x1F, 0xFF, 0xF2, 0x00, 0x00, 0x00, 0x00, 0x8F, 0xFF,
  0x60, 0xCF, 0xFF, 0x60, 0x00, 0x00, 0x00, 0x0C, 0xFF, 0xF3, 0x09, 0xFF, 0xF9, 0x00, 0x00, 0x00,
  0x02, 0xFF, 0xFD, 0x10, 0x5F, 0xFF, 0xD0, 0x00, 0x00, 0x00, 0x5F, 0xFF, 0x90, 0x02, 0xEF, 0xFF,
  0x30, 0x00, 0x00, 0x09, 0xFF, 0xF7, 0x11, 0x1C, 0xFF, 0xF6, 0x00, 0x00, 0x00, 0xDF, 0xFF, 0xEE,
  0xEE, 0xFF, 0xFF, 0xA0, 0x00, 0x00, 0x3F, 0xFF, 0xFF, 0xFF, 0xFF, 0xFF, 0xFD, 0x10, 0x00, 0x06,
  0xFF, 0xFF, 0xFF, 0xFF, 0xFF, 0xFF, 0xF3, 0x00, 0x00, 0xAF, 0xFF, 0xC7, 0x88, 0x78, 0xFF, 0xFF,
  0x70, 0x00, 0x1D, 0xFF, 0xF5, 0x00, 0x00, 0x0B, 0xFF, 0xFB, 0x00, 0x03, 0xFF, 0xFE, 0x20, 0x00,
  0x00, 0x8F, 0xFF, 0xE1, 0x00, 0x7F, 0xFF, 0xC0, 0x00, 0x00, 0x04, 0xFF, 0xFF, 0x40, 0x0A, 0xEE,
  0xE7, 0x00, 0x00, 0x00, 0x1D, 0xEE, 0xE7, 0x00, 0x11, 0x11, 0x00, 0x00, 0x00, 0x00, 0x11, 0x11,
  0x10, 0x00, 0x01, 0x11, 0x11, 0x11, 0x10, 0x00, 0x00, 0x00, 0x00, 0x01, 0xDE, 0xEE, 0xEE, 0xED,
  0xC8, 0x20, 0x00, 0x00, 0x00, 0x1E, 0xFF, 0xFF, 0xFF, 0xFF, 0xFE, 0x40, 0x00, 0x00, 0x01, 0xEF,
  0xFF, 0xFF, 0xFF, 0xFF, 0xFE, 0x20, 0x00, 0x00, 0x1E, 0xFF, 0xF6, 0x23, 0x7E, 0xFF, 0xF7, 0x00,
  0x00, 0x01, 0xEF, 0xFF, 0x40, 0x00, 0x9F, 0xFF, 0xA0, 0x00, 0x00, 0x1E, 0xFF, 0xF5, 0x01, 0x07,
  0xFF, 0xFB, 0x00, 0x00, 0x01, 0xEF, 0xFF, 0x50, 0x10, 0x8F, 0xEF, 0xA0, 0x00, 0x00, 0x1E, 0xFF,
  0xF4, 0x00, 0x0B, 0xFF, 0xF5, 0x00, 0x00, 0x01, 0xEF, 0xFF, 0xA7, 0x8C, 0xFF, 0xF9, 0x00, 0x00,
  0x00, 0x1E, 0xFF, 0xFF, 0xFF, 0xFF, 0xE5, 0x00, 0x00, 0x00, 0x01, 0xEF, 0xFF, 0xFF, 0xFF, 0xFE,
  0xC6, 0x00, 0x00, 0x00, 0x1E, 0xFF, 0xFB, 0x99, 0xBE, 0xFF, 0xF8, 0x00, 0x00, 0x01, 0xEF, 0xFF,
  0x40, 0x00, 0x3E, 0xFF, 0xF3, 0x00, 0x00, 0x1E, 0xFF, 0xF5, 0x00, 0x00, 0xCF, 0xFF, 0x60, 0x00,
  0x01, 0xEF, 0xFF, 0x50, 0x00, 0x0B, 0xFF, 0xF7, 0x00, 0x00, 0x1E, 0xFF, 0xF4, 0x00, 0x00, 0xDF,
  0xFF, 0x60, 0x00, 0x01, 0xEF, 0xFF, 0x62, 0x34, 0xAF, 0xFF, 0xF3, 0x00, 0x00, 0x1E, 0xFF, 0xFF,
  0xFF, 0xFF, 0xFF, 0xFB, 0x00, 0x00, 0x01, 0xEF, 0xFF, 0xFF, 0xFF, 0xFF, 0xFC, 0x20, 0x00, 0x00,
  0x1D, 0xEE, 0xEE, 0xEE, 0xED, 0xB6, 0x00, 0x00, 0x00, 0x00, 0x11, 0x11, 0x11, 0x11, 0x10, 0x00,
  0x00, 0x00, 0x00, 0x00, 0x00, 0x38, 0xAA, 0xA8, 0x40, 0x00, 0x00, 0x00, 0x00, 0x01, 0x9F, 0xFF,
  0xFF, 0xFF, 0xA1, 0x00, 0x00, 0x00, 0x00, 0xBF, 0xFF, 0xFF, 0xFF, 0xFF, 0xB1, 0x00, 0x00, 0x00,
  0x7F, 0xFF, 0xFD, 0xBD, 0xFF, 0xFF, 0x70, 0x00, 0x00, 0x1E, 0xFF, 0xF7, 0x00, 0x1A, 0xFF, 0xFD,
  0x10, 0x00, 0x05, 0xFF, 0xFC, 0x00, 0x00, 0x1E, 0xFF, 0xF4, 0x00, 0x00, 0x9F, 0xEF, 0x80, 0x00,
  0x00, 0x8B, 0x74, 0x10, 0x00, 0x0B, 0xFF, 0xF5, 0x00, 0x00, 0x00, 0x00, 0x00, 0x00, 0x00, 0xDF,
  0xFF, 0x50, 0x00, 0x00, 0x00, 0x00, 0x00, 0x00, 0x1E, 0xFF, 0xF5, 0x00, 0x00, 0x00, 0x00, 0x00,
  0x00, 0x01, 0xEF, 0xFF, 0x50, 0x00, 0x00, 0x00, 0x00, 0x00, 0x00, 0x1E, 0xFF, 0xF5, 0x00, 0x00,
  0x00, 0x00, 0x00, 0x00, 0x00, 0xDF, 0xFF, 0x50, 0x00, 0x00, 0x00, 0x00, 0x00, 0x00, 0x0B, 0xFF,
  0xF5, 0x00, 0x00, 0x00, 0x00, 0x00, 0x00, 0x00, 0x9F, 0xEF, 0x80, 0x00, 0x00, 0x8B, 0x74, 0x10,
  0x00, 0x05, 0xFF, 0xFC, 0x00, 0x00, 0x1E, 0xFF, 0xF4, 0x00, 0x00, 0x1E, 0xFF, 0xF7, 0x00, 0x19,
  0xFF, 0xFD, 0x10, 0x00, 0x00, 0x7F, 0xFF, 0xFD, 0xBD, 0xFF, 0xFF, 0x70, 0x00, 0x00, 0x00, 0xBF,
  0xFF, 0xFF, 0xFF, 0xFF, 0xB1, 0x00, 0x00, 0x00, 0x01, 0x9F, 0xFF, 0xFF, 0xFF, 0xA1, 0x00, 0x00,
  0x00, 0x00, 0x00, 0x38, 0xAB, 0xA8, 0x40, 0x00, 0x00, 0x00, 0x00, 0x00, 0x00, 0x00, 0x00, 0x00,
  0x00, 0x00, 0x00, 0x00, 0x01, 0x11, 0x11, 0x11, 0x10, 0x00, 0x00, 0x00, 0x00, 0x01, 0xDE, 0xEE,
  0xEE, 0xED, 0xA6, 0x10, 0x00, 0x00, 0x00, 0x1E, 0xFF, 0xFF, 0xFF, 0xFF, 0xFC, 0x30, 0x00, 0x00,
  0x01, 0xEF, 0xFF, 0xFF, 0xFF, 0xFF, 0xFE, 0x20, 0x00, 0x00, 0x1E, 0xFF, 0xF6, 0x23, 0x6D, 0xFF,
  0xFA, 0x00, 0x00, 0x01, 0xEF, 0xFF, 0x40, 0x00, 0x3E, 0xFF, 0xF2, 0x00, 0x00, 0x1E, 0xFF, 0xF5,
  0x00, 0x00, 0x9F, 0xFF, 0x70, 0x00, 0x01, 0xEF, 0xFF, 0x50, 0x00, 0x06, 0xFF, 0xFA, 0x00, 0x00,
  0x1E, 0xFF, 0xF5, 0x00, 0x00, 0x5F, 0xFF, 0xC0, 0x00, 0x01, 0xEF, 0xFF, 0x50, 0x00, 0x05, 0xFF,
  0xFD, 0x10, 0x00, 0x1E, 0xFF, 0xF5, 0x00, 0x00, 0x5F, 0xFF, 0xE1, 0x00, 0x01, 0xEF, 0xFF, 0x50,
  0x00, 0x05, 0xFF, 0xFE, 0x10, 0x00, 0x1E, 0xFF, 0xF5, 0x00, 0x00, 0x5F, 0xFF, 0xE1, 0x00, 0x01,
  0xEF, 0xFF, 0x50, 0x00, 0x05, 0xFF, 0xFC, 0x00, 0x00, 0x1E, 0xFF, 0xF5, 0x00, 0x00, 0x6F, 0xFF,
  0xA0, 0x00, 0x01, 0xEF, 0xFF, 0x50, 0x00, 0x0A, 0xFF, 0xF7, 0x00, 0x00, 0x1E, 0xFF, 0xF4, 0x00,
  0x03, 0xEF, 0xFF, 0x20, 0x00, 0x01, 0xEF, 0xFF, 0x62, 0x36, 0xDF, 0xFF, 0xA0, 0x00, 0x00, 0x1E,
  0xFF, 0xFF, 0xFF, 0xFF, 0xFF, 0xE2, 0x00, 0x00, 0x01, 0xEF, 0xFF, 0xFF, 0xFF, 0xFF, 0xC3, 0x00,
  0x00, 0x00, 0x1D, 0xEE, 0xEE, 0xEE, 0xDB, 0x61, 0x00, 0x00, 0x00, 0x00, 0x11, 0x11, 0x11, 0x11,
  0x00, 0x00, 0x00, 0x00, 0x00, 0x01, 0x11, 0x11, 0x11, 0x11, 0x11, 0x10, 0x00, 0x00, 0x01, 0xDE,
  0xEE, 0xEE, 0xEE, 0xEE, 0xEE, 0x70, 0x00, 0x00, 0x1E, 0xFF, 0xFF, 0xFF, 0xFF, 0xFF, 0xF7, 0x00,
  0x00, 0x01, 0xEF, 0xFF, 0xFF, 0xFF, 0xFF, 0xFF, 0x80, 0x00, 0x00, 0x1E, 0xFF, 0xFA, 0x78, 0x77,
  0x77, 0x74, 0x00, 0x00, 0x01, 0xEF, 0xFF, 0x40, 0x00, 0x00, 0x00, 0x00, 0x00, 0x00, 0x1E, 0xFF,
  0xF5, 0x01, 0x00, 0x00, 0x00, 0x00, 0x00, 0x01, 0xEF, 0xFF, 0x40, 0x00, 0x00, 0x00, 0x00, 0x00,
  0x00, 0x1E, 0xFF, 0xF5, 0x11, 0x11, 0x11, 0x10, 0x00, 0x00, 0x01, 0xEF, 0xFF, 0xEE, 0xEE, 0xEE,
  0xEE, 0x40, 0x00, 0x00, 0x1E, 0xFF, 0xFF, 0xFF, 0xFF, 0xFF, 0xF4, 0x00, 0x00, 0x01, 0xEF, 0xFF,
  0xFF, 0xFF, 0xFF, 0xFF, 0x50, 0x00, 0x00, 0x1E, 0xFF, 0xFA, 0x78, 0x77, 0x77, 0x72, 0x00, 0x00,
  0x01, 0xEF, 0xFF, 0x40, 0x00, 0x00, 0x00, 0x00, 0x00, 0x00, 0x1E, 0xFF, 0xF5, 0x00, 0x00, 0x00,
  0x00, 0x00, 0x00, 0x01, 0xEF, 0xFF, 0x50, 0x00, 0x00, 0x00, 0x00, 0x00, 0x00, 0x1E, 0xFF, 0xF4,
  0x00, 0x00, 0x00, 0x00, 0x00, 0x00, 0x01, 0xEF, 0xFF, 0xA7, 0x87, 0x77, 0x77, 0x40, 0x00, 0x00,
  0x1E, 0xFF, 0xFF, 0xFF, 0xFF, 0xFF, 0xF8, 0x00, 0x00, 0x01, 0xEF, 0xFF, 0xFF, 0xFF, 0xFF, 0xFF,
  0x70, 0x00, 0x00, 0x1D, 0xEE, 0xEE, 0xEE, 0xEE, 0xEE, 0xE7, 0x00, 0x00, 0x00, 0x11, 0x11, 0x11,
  0x11, 0x11, 0x11, 0x00, 0x00, 0x00, 0x01, 0x11, 0x11, 0x11, 0x11, 0x11, 0x11, 0x00, 0x00, 0x01,
  0xDE, 0xEE, 0xEE, 0xEE, 0xEE, 0xEE, 0xD1, 0x00, 0x00, 0x1E, 0xFF, 0xFF, 0xFF, 0xFF, 0xFF, 0xFE,
  0x10, 0x00, 0x01, 0xEF, 0xFF, 0xFF, 0xFF, 0xFF, 0xFF, 0xF1, 0x00, 0x00, 0x1E, 0xFF, 0xFA, 0x78,
  0x77, 0x77, 0x77, 0x00, 0x00, 0x01, 0xEF, 0xFF, 0x40, 0x00, 0x00, 0x00, 0x00, 0x00, 0x00, 0x1E,
  0xFF, 0xF5, 0x01, 0x00, 0x00, 0x00, 0x00, 0x00, 0x01, 0xEF, 0xFF, 0x40, 0x00, 0x00, 0x00, 0x00,
  0x00, 0x00, 0x1E, 0xFF, 0xF5, 0x11, 0x11, 0x11, 0x10, 0x00, 0x00, 0x01, 0xEF, 0xFF, 0xEE, 0xEE,
  0xEE, 0xED, 0x10, 0x00, 0x00, 0x1E, 0xFF, 0xFF, 0xFF, 0xFF, 0xFF, 0xE1, 0x00, 0x00, 0x01, 0xEF,
  0xFF, 0xFF, 0xFF, 0xFF, 0xFF, 0x10, 0x00, 0x00, 0x1E, 0xFF, 0xFA, 0x78, 0x77, 0x77, 0x70, 0x00,
  0x00, 0x01, 0xEF, 0xFF, 0x40, 0x00, 0x00, 0x00, 0x00, 0x00, 0x00, 0x1E, 0xFF, 0xF5, 0x00, 0x00,
  0x00, 0x00, 0x00, 0x00, 0x01, 0xEF, 0xFF, 0x50, 0x00, 0x00, 0x00, 0x00, 0x00, 0x00, 0x1E, 0xFF,
  0xF5, 0x00, 0x00, 0x00, 0x00, 0x00, 0x00, 0x01, 0xEF, 0xFF, 0x50, 0x00, 0x00, 0x00, 0x00, 0x00,
  0x00, 0x1E, 0xFF, 0xF5, 0x00, 0x00, 0x00, 0x00, 0x00, 0x00, 0x01, 0xEF, 0xFF, 0x50, 0x00, 0x00,
  0x00, 0x00, 0x00, 0x00, 0x1D, 0xEE, 0xE4, 0x00, 0x00, 0x00, 0x00, 0x00, 0x00, 0x00, 0x11, 0x11,
  0x00, 0x00, 0x00, 0x00, 0x00, 0x00, 0x00, 0x00, 0x00, 0x38, 0xAB, 0xA8, 0x40, 0x00, 0x00, 0x00,
  0x00, 0x01, 0xAF, 0xFF, 0xFF, 0xFF, 0xA1, 0x00, 0x00, 0x00, 0x01, 0xBF, 0xFF, 0xFF, 0xFF, 0xFF,
  0xC1, 0x00, 0x00, 0x00, 0x7F, 0xFF, 0xFC, 0xBE, 0xFF, 0xFF, 0x80, 0x00, 0x00, 0x1E, 0xFF, 0xF7,
  0x00, 0x2C, 0xFF, 0xFE, 0x10, 0x00, 0x05, 0xFF, 0xFB, 0x00, 0x00, 0x3F, 0xFF, 0xF5, 0x00, 0x00,
  0x9F, 0xFF, 0x70, 0x00, 0x00, 0xBB, 0x74, 0x10, 0x00, 0x0B, 0xFF, 0xF5, 0x00, 0x00, 0x00, 0x00,
  0x00, 0x00, 0x00, 0xDF, 0xFF, 0x50, 0x00, 0x00, 0x00, 0x00, 0x00, 0x00, 0x1E, 0xFF, 0xF5, 0x00,
  0x23, 0x23, 0x32, 0x31, 0x00, 0x01, 0xEF, 0xFF, 0x50, 0x1D, 0xFF, 0xFF, 0xEF, 0x70, 0x00, 0x1E,
  0xFF, 0xF5, 0x01, 0xDF, 0xFF, 0xFF, 0xF8, 0x00, 0x00, 0xDF, 0xFF, 0x50, 0x1C, 0xEE, 0xFF, 0xFF,
  0x80, 0x00, 0x0C, 0xFF, 0xF6, 0x00, 0x11, 0x18, 0xFE, 0xF8, 0x00, 0x00, 0xAF, 0xFF, 0x80, 0x00,
  0x00, 0x7F, 0xEF, 0x80, 0x00, 0x07, 0xFF, 0xFD, 0x00, 0x00, 0x0A, 0xFF, 0xF8, 0x00, 0x00, 0x3F,
  0xFF, 0xF8, 0x10, 0x06, 0xFF, 0xFF, 0x80, 0x00, 0x00, 0xBF, 0xFF, 0xFD, 0xBC, 0xFD, 0xFF, 0xF8,
  0x00, 0x00, 0x04, 0xFF, 0xFF, 0xFF, 0xFA, 0x7F, 0xEF, 0x70, 0x00, 0x00, 0x06, 0xEF, 0xFF, 0xFD,
  0x18, 0xFF, 0xF8, 0x00, 0x00, 0x00, 0x03, 0x8A, 0xA7, 0x10, 0x47, 0x77, 0x40, 0x00, 0x00, 0x00,
  0x00, 0x00, 0x00, 0x00, 0x00, 0x00, 0x00, 0x00, 0x01, 0x11, 0x10, 0x00, 0x00, 0x11, 0x11, 0x00,
  0x00, 0x07, 0xEE, 0xEB, 0x00, 0x00, 0x4E, 0xEE, 0xD1, 0x00, 0x00, 0x8F, 0xFF, 0xC0, 0x00, 0x05,
  0xFF, 0xFE, 0x10, 0x00, 0x08, 0xFF, 0xFB, 0x00, 0x00, 0x5F, 0xFF, 0xE1, 0x00, 0x00, 0x8F, 0xFF,
  0xB0, 0x00, 0x05, 0xFF, 0xFE, 0x10, 0x00, 0x08, 0xFF, 0xFB, 0x00, 0x00, 0x5F, 0xFF, 0xE1, 0x00,
  0x00, 0x8F, 0xFF, 0xB0, 0x00, 0x05, 0xFF, 0xFE, 0x10, 0x00, 0x08, 0xFF, 0xFB, 0x00, 0x00, 0x4F,
  0xFF, 0xE1, 0x00, 0x00, 0x8F, 0xFF, 0xB1, 0x11, 0x15, 0xFF, 0xFE, 0x10, 0x00, 0x08, 0xFF, 0xFF,
  0xEE, 0xEE, 0xEF, 0xFF, 0xE1, 0x00, 0x00, 0x8F, 0xFF, 0xFF, 0xFF, 0xFF, 0xFF, 0xFE, 0x10, 0x00,
  0x08, 0xFF, 0xFF, 0xFF, 0xFF, 0xFF, 0xFF, 0xE1, 0x00, 0x00, 0x8F, 0xFF, 0xD7, 0x78, 0x7A, 0xFF,
  0xFE, 0x10, 0x00, 0x08, 0xFF, 0xFB, 0x00, 0x00, 0x4F, 0xFF, 0xE1, 0x00, 0x00, 0x8F, 0xFF, 0xB0,
  0x01, 0x05, 0xFF, 0xFE, 0x10, 0x00, 0x08, 0xFF, 0xFB, 0x00, 0x00, 0x5F, 0xFF, 0xE1, 0x00, 0x00,
  0x8F, 0xFF, 0xB0, 0x00, 0x05, 0xFF, 0xFE, 0x10, 0x00, 0x08, 0xFF, 0xFB, 0x00, 0x00, 0x5F, 0xFF,
  0xE1, 0x00, 0x00, 0x8F, 0xFF, 0xB0, 0x00, 0x05, 0xFF, 0xFE, 0x10, 0x00, 0x08, 0xFF, 0xFC, 0x00,
  0x00, 0x5F, 0xFF, 0xE1, 0x00, 0x00, 0x7E, 0xEE, 0xB0, 0x00, 0x04, 0xEE, 0xED, 0x10, 0x00, 0x00,
  0x11, 0x11, 0x00, 0x00, 0x01, 0x11, 0x10, 0x00, 0x00, 0x01, 0x11, 0x11, 0x11, 0x11, 0x11, 0x10,
  0x00, 0x00, 0x01, 0xDE, 0xEE, 0xEE, 0xEE, 0xEE, 0xEE, 0x70, 0x00, 0x00, 0x1F, 0xFF, 0xFF, 0xFF,
  0xFF, 0xFF, 0xF8, 0x00, 0x00, 0x01, 0xEF, 0xFF, 0xFF, 0xFF, 0xFF, 0xEF, 0x70, 0x00, 0x00, 0x02,
  0x32, 0x2C, 0xFF, 0xF9, 0x23, 0x31, 0x00, 0x00, 0x00, 0x00, 0x00, 0xBF, 0xFF, 0x70, 0x00, 0x00,
  0x00, 0x00, 0x00, 0x00, 0x0B, 0xFF, 0xF8, 0x00, 0x00, 0x00, 0x00, 0x00, 0x00, 0x00, 0xBF, 0xFF,
  0x70, 0x00, 0x00, 0x00, 0x00, 0x00, 0x00, 0x0B, 0xFF, 0xF7, 0x00, 0x00, 0x00, 0x00, 0x00, 0x00,
  0x00, 0xBF, 0xFF, 0x70, 0x00, 0x00, 0x00, 0x00, 0x00, 0x00, 0x0B, 0xFF, 0xF7, 0x00, 0x00, 0x00,
  0x00, 0x00, 0x00, 0x00, 0xBF, 0xFF, 0x70, 0x00, 0x00, 0x00, 0x00, 0x00, 0x00, 0x0B, 0xFF, 0xF7,
  0x00, 0x00, 0x00, 0x00, 0x00, 0x00, 0x00, 0xBF, 0xFF, 0x70, 0x00, 0x00, 0x00, 0x00, 0x00, 0x00,
  0x0B, 0xFF, 0xF7, 0x00, 0x00, 0x00, 0x00, 0x00, 0x00, 0x00, 0xBF, 0xFF, 0x80, 0x00, 0x00, 0x00,
  0x00, 0x00, 0x00, 0x0B, 0xFF, 0xF7, 0x00, 0x00, 0x00, 0x00, 0x00, 0x23, 0x22, 0xCF, 0xFF, 0x92,
  0x33, 0x10, 0x00, 0x00, 0x1E, 0xFF, 0xFF, 0xFF, 0xFF, 0xFE, 0xF7, 0x00, 0x00, 0x01, 0xFF, 0xFF,
  0xFF, 0xFF, 0xFF, 0xFF, 0x80, 0x00, 0x00, 0x1D, 0xEE, 0xEE, 0xEE, 0xEE, 0xEE, 0xE7, 0x00, 0x00,
  0x00, 0x11, 0x11, 0x11, 0x11, 0x11, 0x11, 0x00, 0x00, 0x00, 0x00, 0x11, 0x11, 0x11, 0x11, 0x11,
  0x10, 0x00, 0x00, 0x00, 0x07, 0xEE, 0xEE, 0xEE, 0xEE, 0xEE, 0x40, 0x00, 0x00, 0x00, 0x7F, 0xFF,
  0xFF, 0xFF, 0xFF, 0xF5, 0x00, 0x00, 0x00, 0x08, 0xFF, 0xFF, 0xFF, 0xFF, 0xFF, 0x50, 0x00, 0x00,
  0x00, 0x36, 0x66, 0x66, 0x6F, 0xFF, 0xF5, 0x00, 0x00, 0x00, 0x00, 0x00, 0x00, 0x00, 0xEF, 0xFF,
  0x50, 0x00, 0x00, 0x00, 0x00, 0x00, 0x00, 0x1E, 0xFF, 0xF5, 0x00, 0x00, 0x00, 0x00, 0x00, 0x00,
  0x01, 0xEF, 0xFF, 0x50, 0x00, 0x00, 0x00, 0x00, 0x00, 0x00, 0x1E, 0xFF, 0xF5, 0x00, 0x00, 0x00,
  0x00, 0x00, 0x00, 0x01, 0xEF, 0xFF, 0x50, 0x00, 0x00, 0x00, 0x00, 0x00, 0x00, 0x1E, 0xFF, 0xF5,
  0x00, 0x00, 0x00, 0x00, 0x00, 0x00, 0x01, 0xEF, 0xFF, 0x50, 0x00, 0x00, 0x00, 0x00, 0x00, 0x00,
  0x1E, 0xFF, 0xF5, 0x00, 0x00, 0x00, 0x00, 0x00, 0x00, 0x01, 0xEF, 0xFF, 0x50, 0x00, 0x00, 0x01,
  0x35, 0x00, 0x00, 0x1E, 0xFF, 0xF5, 0x00, 0x00, 0x0A, 0xDF, 0xF4, 0x00, 0x02, 0xFF, 0xFF, 0x40,
  0x00, 0x00, 0xBF, 0xFF, 0xB1, 0x00, 0x8F, 0xFF, 0xF2, 0x00, 0x00, 0x04, 0xFF, 0xFF, 0xDA, 0xBF,
  0xFF, 0xFB, 0x00, 0x00, 0x00, 0x09, 0xFF, 0xFF, 0xFF, 0xFF, 0xFE, 0x30, 0x00, 0x00, 0x00, 0x09,
  0xFF, 0xFF, 0xFF, 0xFC, 0x40, 0x00, 0x00, 0x00, 0x00, 0x03, 0x8A, 0xBA, 0x95, 0x00, 0x00, 0x00,
  0x00, 0x00, 0x00, 0x00, 0x00, 0x00, 0x00, 0x00, 0x00, 0x00, 0x00, 0x01, 0x11, 0x10, 0x00, 0x00,
  0x00, 0x11, 0x11, 0x00, 0x00, 0x0D, 0xEE, 0xE7, 0x00, 0x00, 0x1C, 0xEE, 0xEB, 0x10, 0x00, 0x0E,
  0xFF, 0xF7, 0x00, 0x00, 0xAF, 0xFF, 0xF3, 0x00, 0x00, 0x0D, 0xFF, 0xF7, 0x00, 0x05, 0xFF, 0xFF,
  0x70, 0x00, 0x00, 0x0D, 0xFF, 0xF7, 0x00, 0x2E, 0xFF, 0xFB, 0x00, 0x00, 0x00, 0x0D, 0xFF, 0xF7,
  0x00, 0xBF, 0xFF, 0xE2, 0x00, 0x00, 0x00, 0x0D, 0xFF, 0xF7, 0x07, 0xFF, 0xFF, 0x50, 0x00, 0x00,
  0x00, 0x0D, 0xFF, 0xF7, 0x1E, 0xFF, 0xF9, 0x00, 0x00, 0x00, 0x00, 0x0D, 0xFF, 0xF7, 0xAF, 0xFF,
  0xC1, 0x00, 0x00, 0x00, 0x00, 0x0D, 0xFF, 0xFD, 0xFF, 0xFF, 0x60, 0x00, 0x00, 0x00, 0x00, 0x0D,
  0xFF, 0xFF, 0xFF, 0xFF, 0xB0, 0x00, 0x00, 0x00, 0x00, 0x0D, 0xFF, 0xFF, 0xFF, 0xFF, 0xF5, 0x00,
  0x00, 0x00, 0x00, 0x0D, 0xFF, 0xFF, 0xFE, 0xFF, 0xFD, 0x10, 0x00, 0x00, 0x00, 0x0D, 0xFF, 0xFF,
  0x95, 0xFF, 0xFF, 0x70, 0x00, 0x00, 0x00, 0x0D, 0xFF, 0xFD, 0x10, 0xCF, 0xFF, 0xE1, 0x00, 0x00,
  0x00, 0x0D, 0xFF, 0xF7, 0x00, 0x4F, 0xFF, 0xF8, 0x00, 0x00, 0x00, 0x0D, 0xFF, 0xF7, 0x00, 0x0B,
  0xFF, 0xFE, 0x20, 0x00, 0x00, 0x0D, 0xFF, 0xF7, 0x00, 0x03, 0xFF, 0xFF, 0x90, 0x00, 0x00, 0x0D,
  0xFF, 0xF7, 0x00, 0x00, 0xAF, 0xFF, 0xF3, 0x00, 0x00, 0x0E, 0xFF, 0xF7, 0x00, 0x00, 0x3F, 0xFF,
  0xFB, 0x00, 0x00, 0x0D, 0xEE, 0xE7, 0x00, 0x00, 0x08, 0xEE, 0xEE, 0x40, 0x00, 0x01, 0x11, 0x10,
  0x00, 0x00, 0x00, 0x11, 0x11, 0x10, 0x00, 0x00, 0x11, 0x11, 0x00, 0x00, 0x00, 0x00, 0x00, 0x00,
  0x00, 0x7E, 0xEE, 0xB0, 0x00, 0x00, 0x00, 0x00, 0x00, 0x00, 0x08, 0xFF, 0xFC, 0x00, 0x00, 0x00,
  0x00, 0x00, 0x00, 0x00, 0x7F, 0xFF, 0xB0, 0x00, 0x00, 0x00, 0x00, 0x00, 0x00, 0x07, 0xFF, 0xFB,
  0x00, 0x00, 0x00, 0x00, 0x00, 0x00, 0x00, 0x7F, 0xFF, 0xB0, 0x00, 0x00, 0x00, 0x00, 0x00, 0x00,
  0x07, 0xFF, 0xFB, 0x00, 0x00, 0x00, 0x00, 0x00, 0x00, 0x00, 0x7F, 0xFF, 0xB0, 0x00, 0x00, 0x00,
  0x00, 0x00, 0x00, 0x07, 0xFF, 0xFB, 0x00, 0x00, 0x00, 0x00, 0x00, 0x00, 0x00, 0x7F, 0xFF, 0xB0,
  0x00, 0x00, 0x00, 0x00, 0x00, 0x00, 0x07, 0xFF, 0xFB, 0x00, 0x00, 0x00, 0x00, 0x00, 0x00, 0x00,
  0x7F, 0xFF, 0xB0, 0x00, 0x00, 0x00, 0x00, 0x00, 0x00, 0x07, 0xFF, 0xFB, 0x00, 0x00, 0x00, 0x00,
  0x00, 0x00, 0x00, 0x7F, 0xFF, 0xB0, 0x00, 0x00, 0x00, 0x00, 0x00, 0x00, 0x07, 0xFF, 0xFB, 0x00,
  0x00, 0x00, 0x00, 0x00, 0x00, 0x00, 0x7F, 0xFF, 0xB0, 0x00, 0x00, 0x00, 0x00, 0x00, 0x00, 0x07,
  0xFF, 0xFB, 0x00, 0x00, 0x00, 0x00, 0x00, 0x00, 0x00, 0x7F, 0xFF, 0xD7, 0x78, 0x77, 0x77, 0x72,
  0x00, 0x00, 0x07, 0xFF, 0xFF, 0xFF, 0xFF, 0xFF, 0xFF, 0x50, 0x00, 0x00, 0x8F, 0xFF, 0xFF, 0xFF,
  0xFF, 0xFF, 0xF4, 0x00, 0x00, 0x07, 0xEE, 0xEE, 0xEE, 0xEE, 0xEE, 0xEE, 0x40, 0x00, 0x00, 0x01,
  0x11, 0x11, 0x11, 0x11, 0x11, 0x10, 0x00, 0x00, 0x11, 0x11, 0x10, 0x00, 0x00, 0x11, 0x11, 0x00,
  0x00, 0x1D, 0xEE, 0xEE, 0x20, 0x00, 0x4E, 0xEE, 0xE7, 0x00, 0x01, 0xFF, 0xFF, 0xF7, 0x00, 0x09,
  0xFF, 0xFF, 0x80, 0x00, 0x1E, 0xFF, 0xFF, 0xC0, 0x01, 0xEF, 0xFF, 0xF8, 0x00, 0x01, 0xEF, 0xFF,
  0xFF, 0x30, 0x5F, 0xFF, 0xFF, 0x80, 0x00, 0x1E, 0xFF, 0xFF, 0xF8, 0x0A, 0xFF, 0xFF, 0xF8, 0x00,
  0x01, 0xEF, 0xFD, 0xEF, 0xC1, 0xEF, 0xDF, 0xFF, 0x80, 0x00, 0x1E, 0xFF, 0x9D, 0xFE, 0xAF, 0xF8,
  0xDF, 0xF8, 0x00, 0x01, 0xEF, 0xF7, 0x9F, 0xFF, 0xFF, 0x4E, 0xFF, 0x80, 0x00, 0x1E, 0xFF, 0x74,
  0xFF, 0xFF, 0xB1, 0xEF, 0xF8, 0x00, 0x01, 0xEF, 0xF7, 0x0E, 0xFF, 0xF7, 0x0E, 0xFF, 0x80, 0x00,
  0x1E, 0xFF, 0x80, 0x9F, 0xFF, 0x20, 0xEF, 0xF8, 0x00, 0x01, 0xEF, 0xF8, 0x04, 0xFF, 0xB0, 0x1E,
  0xFF, 0x80, 0x00, 0x1E, 0xFF, 0x80, 0x1D, 0xF6, 0x01, 0xEF, 0xF8, 0x00, 0x01, 0xEF, 0xF8, 0x00,
  0x8F, 0x10, 0x1E, 0xFF, 0x80, 0x00, 0x1E, 0xFF, 0x70, 0x04, 0xB0, 0x01, 0xEF, 0xF8, 0x00, 0x01,
  0xEF, 0xF7, 0x00, 0x13, 0x00, 0x1E, 0xFF, 0x80, 0x00, 0x1E, 0xFF, 0x70, 0x00, 0x00, 0x01, 0xEF,
  0xF8, 0x00, 0x01, 0xEF, 0xF7, 0x00, 0x00, 0x00, 0x1E, 0xFF, 0x80, 0x00, 0x1F, 0xFF, 0x80, 0x00,
  0x00, 0x01, 0xEF, 0xF8, 0x00, 0x01, 0xDE, 0xE7, 0x00, 0x00, 0x00, 0x1D, 0xEE, 0x70, 0x00, 0x01,
  0x11, 0x00, 0x00, 0x00, 0x00, 0x11, 0x10, 0x00, 0x00, 0x01, 0x11, 0x10, 0x00, 0x00, 0x01, 0x11,
  0x00, 0x00, 0x07, 0xEE, 0xEE, 0xA0, 0x00, 0x07, 0xEE, 0xD1, 0x00, 0x00, 0x8F, 0xFF, 0xFE, 0x10,
  0x00, 0x8F, 0xFE, 0x10, 0x00, 0x08, 0xFF, 0xFF, 0xF6, 0x01, 0x07, 0xFF, 0xE1, 0x00, 0x00, 0x8F,
  0xFF, 0xFF, 0xB0, 0x00, 0x7F, 0xFE, 0x10, 0x00, 0x08, 0xFF, 0xFF, 0xFE, 0x20, 0x07, 0xFF, 0xE1,
  0x00, 0x00, 0x8F, 0xFF, 0xFF, 0xF6, 0x00, 0x8F, 0xFE, 0x10, 0x00, 0x08, 0xFF, 0xEC, 0xFF, 0xB0,
  0x08, 0xFF, 0xE1, 0x00, 0x00, 0x8F, 0xFD, 0x6F, 0xFF, 0x30, 0x8F, 0xFE, 0x10, 0x00, 0x08, 0xFF,
  0xE2, 0xEF, 0xF7, 0x08, 0xFF, 0xE1, 0x00, 0x00, 0x8F, 0xFE, 0x09, 0xFF, 0xC0, 0x8F, 0xFE, 0x10,
  0x00, 0x08, 0xFF, 0xE0, 0x5F, 0xFF, 0x17, 0xFF, 0xE1, 0x00, 0x00, 0x8F, 0xFE, 0x11, 0xEF, 0xF6,
  0x7F, 0xFE, 0x10, 0x00, 0x08, 0xFF, 0xE1, 0x09, 0xFF, 0xB7, 0xFF, 0xE1, 0x00, 0x00, 0x8F, 0xFE,
  0x10, 0x4F, 0xFE, 0xCF, 0xFE, 0x10, 0x00, 0x08, 0xFF, 0xE1, 0x01, 0xDF, 0xFF, 0xFF, 0xE1, 0x00,
  0x00, 0x8F, 0xFE, 0x10, 0x09, 0xFF, 0xFF, 0xFE, 0x10, 0x00, 0x08, 0xFF, 0xE1, 0x00, 0x4F, 0xFF,
  0xFF, 0xE1, 0x00, 0x00, 0x8F, 0xFE, 0x10, 0x00, 0xDF, 0xFF, 0xFE, 0x10, 0x00, 0x08, 0xFF, 0xE1,
  0x00, 0x08, 0xFF, 0xFF, 0xE1, 0x00, 0x00, 0x7E, 0xED, 0x10, 0x00, 0x3E, 0xEE, 0xED, 0x10, 0x00,
  0x00, 0x11, 0x10, 0x00, 0x00, 0x11, 0x11, 0x10, 0x00, 0x00, 0x00, 0x00, 0x37, 0xAB, 0xA8, 0x40,
  0x00, 0x00, 0x00, 0x00, 0x01, 0x9F, 0xFF, 0xFF, 0xFF, 0xC3, 0x00, 0x00, 0x00, 0x00, 0xBF, 0xFF,
  0xFF, 0xFF, 0xFF, 0xE2, 0x00, 0x00, 0x00, 0x7F, 0xFF, 0xFD, 0xBC, 0xFF, 0xFF, 0xB0, 0x00, 0x00,
  0x1E, 0xFF, 0xF8, 0x10, 0x05, 0xEF, 0xFF, 0x40, 0x00, 0x05, 0xFF, 0xFC, 0x00, 0x00, 0x08, 0xFF,
  0xF9, 0x00, 0x00, 0x9F, 0xEF, 0x80, 0x00, 0x00, 0x4F, 0xFF, 0xD0, 0x00, 0x0B, 0xFF, 0xF6, 0x00,
  0x00, 0x02, 0xFF, 0xFF, 0x20, 0x00, 0xDF, 0xFF, 0x50, 0x00, 0x00, 0x1E, 0xFF, 0xF3, 0x00, 0x1E,
  0xFF, 0xF5, 0x00, 0x00, 0x01, 0xEF, 0xFF, 0x40, 0x01, 0xEF, 0xFF, 0x50, 0x00, 0x00, 0x1E, 0xFF,
  0xF4, 0x00, 0x1E, 0xFF, 0xF5, 0x00, 0x00, 0x01, 0xEF, 0xFF, 0x40, 0x00, 0xDF, 0xFF, 0x50, 0x00,
  0x00, 0x1E, 0xFF, 0xF3, 0x00, 0x0B, 0xFF, 0xF6, 0x00, 0x00, 0x02, 0xFF, 0xFF, 0x20, 0x00, 0x9F,
  0xEF, 0x80, 0x00, 0x00, 0x4F, 0xFF, 0xD0, 0x00, 0x05, 0xFF, 0xFC, 0x00, 0x00, 0x08, 0xFF, 0xF9,
  0x00, 0x00, 0x1E, 0xFF, 0xF8, 0x10, 0x05, 0xEF, 0xFF, 0x40, 0x00, 0x00, 0x7F, 0xFF, 0xFD, 0xBC,
  0xFF, 0xFF, 0xB0, 0x00, 0x00, 0x00, 0xBF, 0xFF, 0xFF, 0xFF, 0xFF, 0xE2, 0x00, 0x00, 0x00, 0x01,
  0x9F, 0xFF, 0xFF, 0xFF, 0xC3, 0x00, 0x00, 0x00, 0x00, 0x00, 0x38, 0xAB, 0xA8, 0x40, 0x00, 0x00,
  0x00, 0x00, 0x00, 0x00, 0x00, 0x00, 0x00, 0x00, 0x00, 0x00, 0x00, 0x01, 0x11, 0x11, 0x11, 0x11,
  0x00, 0x00, 0x00, 0x00, 0x01, 0xDE, 0xEE, 0xEE, 0xEE, 0xDA, 0x50, 0x00, 0x00, 0x00, 0x1E, 0xFF,
  0xFF, 0xFF, 0xFF, 0xFF, 0x90, 0x00, 0x00, 0x01, 0xEF, 0xFF, 0xFF, 0xFF, 0xFF, 0xFF, 0x70, 0x00,
  0x00, 0x1E, 0xFF, 0xFA, 0x78, 0x9E, 0xFF, 0xFE, 0x10, 0x00, 0x01, 0xEF, 0xFF, 0x40, 0x00, 0x3E,
  0xFF, 0xF4, 0x00, 0x00, 0x1E, 0xFF, 0xF5, 0x01, 0x00, 0xCF, 0xFF, 0x70, 0x00, 0x01, 0xEF, 0xFF,
  0x50, 0x00, 0x0B, 0xFF, 0xF7, 0x00, 0x00, 0x1E, 0xFF, 0xF5, 0x01, 0x00, 0xCF, 0xFF, 0x70, 0x00,
  0x01, 0xEF, 0xFF, 0x40, 0x00, 0x3E, 0xFF, 0xF4, 0x00, 0x00, 0x1E, 0xFF, 0xFA, 0x78, 0x9E, 0xFF,
  0xFE, 0x10, 0x00, 0x01, 0xEF, 0xFF, 0xFF, 0xFF, 0xFF, 0xFF, 0x70, 0x00, 0x00, 0x1E, 0xFF, 0xFF,
  0xFF, 0xFF, 0xFF, 0x90, 0x00, 0x00, 0x01, 0xEF, 0xFF, 0xEE, 0xEE, 0xDA, 0x50, 0x00, 0x00, 0x00,
  0x1E, 0xFF, 0xF5, 0x11, 0x11, 0x00, 0x00, 0x00, 0x00, 0x01, 0xEF, 0xFF, 0x40, 0x00, 0x00, 0x00,
  0x00, 0x00, 0x00, 0x1E, 0xFF, 0xF5, 0x00, 0x00, 0x00, 0x00, 0x00, 0x00, 0x01, 0xEF, 0xFF, 0x50,
  0x00, 0x00, 0x00, 0x00, 0x00, 0x00, 0x1E, 0xFF, 0xF5, 0x00, 0x00, 0x00, 0x00, 0x00, 0x00, 0x01,
  0xEF, 0xFF, 0x50, 0x00, 0x00, 0x00, 0x00, 0x00, 0x00, 0x1D, 0xEE, 0xE4, 0x00, 0x00, 0x00, 0x00,
  0x00, 0x00, 0x00, 0x11, 0x11, 0x00, 0x00, 0x00, 0x00, 0x00, 0x00, 0x00, 0x00, 0x00, 0x37, 0xAB,
  0xA8, 0x40, 0x00, 0x00, 0x00, 0x00, 0x01, 0x9F, 0xFF, 0xFF, 0xFF, 0xC3, 0x00, 0x00, 0x00, 0x00,
  0xBF, 0xFF, 0xFF, 0xFF, 0xFF, 0xD2, 0x00, 0x00, 0x00, 0x7F, 0xFF, 0xFD, 0xBC, 0xFF, 0xFF, 0xB0,
  0x00, 0x00, 0x1E, 0xFF, 0xF8, 0x10, 0x05, 0xEF, 0xFF, 0x40, 0x00, 0x05, 0xFF, 0xFC, 0x00, 0x00,
  0x08, 0xFF, 0xF9, 0x00, 0x00, 0x9F, 0xEF, 0x80, 0x00, 0x00, 0x4F, 0xFF, 0xD0, 0x00, 0x0B, 0xFF,
  0xF6, 0x00, 0x00, 0x02, 0xFF, 0xFF, 0x20, 0x00, 0xDF, 0xFF, 0x50, 0x00, 0x00, 0x1E, 0xFF, 0xF3,
  0x00, 0x1E, 0xFF, 0xF5, 0x00, 0x00, 0x01, 0xEF, 0xFF, 0x40, 0x01, 0xEF, 0xFF, 0x50, 0x00, 0x00,
  0x1E, 0xFF, 0xF4, 0x00, 0x1E, 0xFF, 0xF5, 0x00, 0x00, 0x01, 0xEF, 0xFF, 0x40, 0x00, 0xDF, 0xFF,
  0x50, 0x00, 0x00, 0x1E, 0xFF, 0xF3, 0x00, 0x0B, 0xFF, 0xF5, 0x00, 0x00, 0x02, 0xEF, 0xFF, 0x20,
  0x00, 0x9F, 0xFF, 0x70, 0x00, 0x00, 0x4F, 0xFF, 0xD0, 0x00, 0x05, 0xFF, 0xFB, 0x00, 0x00, 0x08,
  0xFF, 0xF9, 0x00, 0x00, 0x1E, 0xFF, 0xF6, 0x00, 0x03, 0xEF, 0xFF, 0x50, 0x00, 0x00, 0x7F, 0xFF,
  0xFC, 0x9A, 0xFF, 0xFF, 0xC0, 0x00, 0x00, 0x00, 0xBF, 0xFF, 0xFF, 0xFF, 0xFF, 0xE3, 0x00, 0x00,
  0x00, 0x01, 0x9F, 0xFF, 0xFF, 0xFF, 0xC3, 0x00, 0x00, 0x00, 0x00, 0x00, 0x38, 0xFF, 0xFC, 0x61,
  0x00, 0x00, 0x00, 0x00, 0x00, 0x00, 0x0E, 0xFF, 0x70, 0x00, 0x00, 0x00, 0x00, 0x00, 0x00, 0x01,
  0xEF, 0xF9, 0x23, 0x32, 0x00, 0x00, 0x00, 0x00, 0x00, 0x0B, 0xFF, 0xFF, 0xFF, 0xE1, 0x00, 0x00,
  0x00, 0x00, 0x00, 0x5F, 0xFF, 0xFF, 0xFF, 0x10, 0x00, 0x00, 0x00, 0x00, 0x00, 0x5B, 0xDE, 0xEE,
  0xD1, 0x00, 0x00, 0x00, 0x00, 0x00, 0x00, 0x01, 0x11, 0x11, 0x00, 0x00, 0x00, 0x01, 0x11, 0x11,
  0x11, 0x11, 0x00, 0x00, 0x00, 0x00, 0x01, 0xDE, 0xEE, 0xEE, 0xEE, 0xDA, 0x50, 0x00, 0x00, 0x00,
  0x1E, 0xFF, 0xFF, 0xFF, 0xFF, 0xFF, 0xA0, 0x00, 0x00, 0x01, 0xEF, 0xFF, 0xFF, 0xFF, 0xFF, 0xFF,
  0x70, 0x00, 0x00, 0x1E, 0xFF, 0xFA, 0x78, 0x9D, 0xFF, 0xFE, 0x10, 0x00, 0x01, 0xEF, 0xFF, 0x40,
  0x00, 0x3E, 0xFF, 0xF5, 0x00, 0x00, 0x1E, 0xFF, 0xF5, 0x01, 0x00, 0xCF, 0xFF, 0x70, 0x00, 0x01,
  0xEF, 0xFF, 0x50, 0x00, 0x0B, 0xFF, 0xF7, 0x00, 0x00, 0x1E, 0xFF, 0xF5, 0x00, 0x00, 0xCF, 0xFF,
  0x60, 0x00, 0x01, 0xEF, 0xFF, 0x40, 0x00, 0x4F, 0xFF, 0xF4, 0x00, 0x00, 0x1E, 0xFF, 0xFB, 0x99,
  0xAE, 0xFF, 0xFC, 0x00, 0x00, 0x01, 0xEF, 0xFF, 0xFF, 0xFF, 0xFF, 0xFF, 0x40, 0x00, 0x00, 0x1E,
  0xFF, 0xFF, 0xFF, 0xFF, 0xFC, 0x40, 0x00, 0x00, 0x01, 0xEF, 0xFF, 0xA7, 0xDF, 0xFF, 0x60, 0x00,
  0x00, 0x00, 0x1E, 0xFF, 0xF4, 0x06, 0xFF, 0xFC, 0x00, 0x00, 0x00, 0x01, 0xEF, 0xFF, 0x50, 0x1E,
  0xFF, 0xF5, 0x00, 0x00, 0x00, 0x1E, 0xFF, 0xF5, 0x00, 0x8F, 0xFF, 0xB0, 0x00, 0x00, 0x01, 0xEF,
  0xFF, 0x50, 0x02, 0xFF, 0xFF, 0x40, 0x00, 0x00, 0x1E, 0xFF, 0xF5, 0x00, 0x0A, 0xFF, 0xFB, 0x00,
  0x00, 0x01, 0xEF, 0xFF, 0x50, 0x00, 0x4F, 0xFF, 0xF3, 0x00, 0x00, 0x1D, 0xEE, 0xE4, 0x00, 0x00,
  0xBE, 0xEE, 0x90, 0x00, 0x00, 0x11, 0x11, 0x00, 0x00, 0x00, 0x11, 0x11, 0x00, 0x00, 0x00, 0x00,
  0x58, 0xAA, 0xA9, 0x62, 0x00, 0x00, 0x00, 0x00, 0x04, 0xCF, 0xFF, 0xFF, 0xFF, 0xE8, 0x00, 0x00,
  0x00, 0x04, 0xFF, 0xFF, 0xFF, 0xFF, 0xFF, 0xFC, 0x10, 0x00, 0x01, 0xDF, 0xFF, 0xFD, 0xBC, 0xEF,
  0xFF, 0xB1, 0x00, 0x00, 0x4F, 0xFF, 0xF6, 0x00, 0x02, 0x8F, 0xC1, 0x00, 0x00, 0x07, 0xFF, 0xFC,
  0x00, 0x00, 0x00, 0x42, 0x00, 0x00, 0x00, 0x7F, 0xFF, 0xC0, 0x00, 0x00, 0x00, 0x00, 0x00, 0x00,
  0x06, 0xFF, 0xFF, 0x60, 0x00, 0x00, 0x00, 0x00, 0x00, 0x00, 0x2F, 0xFF, 0xFF, 0xC9, 0x64, 0x10,
  0x00, 0x00, 0x00, 0x00, 0x9F, 0xFF, 0xFF, 0xFF, 0xFE, 0x92, 0x00, 0x00, 0x00, 0x01, 0xAF, 0xFF,
  0xFF, 0xFF, 0xFF, 0xD3, 0x00, 0x00, 0x00, 0x00, 0x5A, 0xDF, 0xFF, 0xFF, 0xFF, 0xC0, 0x00, 0x00,
  0x00, 0x00, 0x00, 0x24, 0x7D, 0xFF, 0xFF, 0x40, 0x00, 0x00, 0x00, 0x00, 0x00, 0x00, 0x2E, 0xFF,
  0xF7, 0x00, 0x00, 0x00, 0x00, 0x00, 0x00, 0x00, 0xBF, 0xFF, 0x70, 0x00, 0x00, 0x6A, 0x10, 0x00,
  0x00, 0x0D, 0xFF, 0xF6, 0x00, 0x00, 0x4F, 0xFC, 0x51, 0x00, 0x18, 0xFF, 0xFF, 0x20, 0x00, 0x2F,
  0xFF, 0xFF, 0xEB, 0xBD, 0xFF, 0xFF, 0xA0, 0x00, 0x00, 0x7F, 0xFF, 0xFF, 0xFF, 0xFF, 0xFF, 0xD2,
  0x00, 0x00, 0x00, 0x4C, 0xFF, 0xFF, 0xFF, 0xFF, 0xA1, 0x00, 0x00, 0x00, 0x00, 0x04, 0x79, 0xAA,
  0x97, 0x30, 0x00, 0x00, 0x00, 0x00, 0x00, 0x00, 0x00, 0x00, 0x00, 0x00, 0x00, 0x00, 0x00, 0x11,
  0x11, 0x11, 0x11, 0x11, 0x11, 0x11, 0x10, 0x00, 0x7E, 0xEE, 0xEE, 0xEE, 0xEE, 0xEE, 0xEE, 0xED,
  0x10, 0x07, 0xFF, 0xFF, 0xFF, 0xFF, 0xFF, 0xFF, 0xFF, 0xE1, 0x00, 0x8F, 0xFF, 0xFF, 0xFF, 0xFF,
  0xFF, 0xFF, 0xFF, 0x10, 0x04, 0x77, 0x87, 0x8F, 0xFF, 0xFA, 0x78, 0x77, 0x70, 0x00, 0x00, 0x00,
  0x00, 0xEF, 0xFF, 0x40, 0x00, 0x00, 0x00, 0x00, 0x00, 0x00, 0x1E, 0xFF, 0xF5, 0x00, 0x00, 0x00,
  0x00, 0x00, 0x00, 0x01, 0xEF, 0xFF, 0x50, 0x00, 0x00, 0x00, 0x00, 0x00, 0x00, 0x1E, 0xFF, 0xF5,
  0x00, 0x00, 0x00, 0x00, 0x00, 0x00, 0x01, 0xEF, 0xFF, 0x50, 0x00, 0x00, 0x00, 0x00, 0x00, 0x00,
  0x1E, 0xFF, 0xF5, 0x00, 0x00, 0x00, 0x00, 0x00, 0x00, 0x01, 0xEF, 0xFF, 0x50, 0x00, 0x00, 0x00,
  0x00, 0x00, 0x00, 0x1E, 0xFF, 0xF5, 0x00, 0x00, 0x00, 0x00, 0x00, 0x00, 0x01, 0xEF, 0xFF, 0x50,
  0x00, 0x00, 0x00, 0x00, 0x00, 0x00, 0x1E, 0xFF, 0xF5, 0x00, 0x00, 0x00, 0x00, 0x00, 0x00, 0x01,
  0xEF, 0xFF, 0x50, 0x00, 0x00, 0x00, 0x00, 0x00, 0x00, 0x1E, 0xFF, 0xF5, 0x00, 0x00, 0x00, 0x00,
  0x00, 0x00, 0x01, 0xEF, 0xFF, 0x50, 0x00, 0x00, 0x00, 0x00, 0x00, 0x00, 0x1E, 0xFF, 0xF5, 0x00,
  0x00, 0x00, 0x00, 0x00, 0x00, 0x01, 0xEF, 0xFF, 0x50, 0x00, 0x00, 0x00, 0x00, 0x00, 0x00, 0x1D,
  0xEE, 0xE4, 0x00, 0x00, 0x00, 0x00, 0x00, 0x00, 0x00, 0x11, 0x11, 0x00, 0x00, 0x00, 0x00, 0x00,
  0x11, 0x11, 0x10, 0x00, 0x00, 0x11, 0x11, 0x00, 0x00, 0x07, 0xEE, 0xEB, 0x00, 0x00, 0x1D, 0xEE,
  0xE4, 0x00, 0x00, 0x8F, 0xFF, 0xB0, 0x00, 0x01, 0xEF, 0xFF, 0x50, 0x00, 0x08, 0xFF, 0xFB, 0x00,
  0x00, 0x1E, 0xFF, 0xF5, 0x00, 0x00, 0x8F, 0xFF, 0xB0, 0x00, 0x01, 0xEF, 0xFF, 0x50, 0x00, 0x08,
  0xFF, 0xFB, 0x00, 0x00, 0x1E, 0xFF, 0xF5, 0x00, 0x00, 0x8F, 0xFF, 0xB0, 0x00, 0x01, 0xEF, 0xFF,
  0x50, 0x00, 0x08, 0xFF, 0xFB, 0x00, 0x00, 0x1E, 0xFF, 0xF5, 0x00, 0x00, 0x8F, 0xFF, 0xB0, 0x00,
  0x01, 0xEF, 0xFF, 0x50, 0x00, 0x08, 0xFF, 0xFB, 0x00, 0x00, 0x1E, 0xFF, 0xF5, 0x00, 0x00, 0x8F,
  0xFF, 0xB0, 0x00, 0x01, 0xEF, 0xFF, 0x50, 0x00, 0x08, 0xFF, 0xFB, 0x00, 0x00, 0x1E, 0xFF, 0xF5,
  0x00, 0x00, 0x8F, 0xFF, 0xB0, 0x00, 0x01, 0xEF, 0xFF, 0x50, 0x00, 0x07, 0xFF, 0xFB, 0x00, 0x00,
  0x1E, 0xFF, 0xF4, 0x00, 0x00, 0x7F, 0xFF, 0xC0, 0x00, 0x01, 0xEF, 0xFF, 0x40, 0x00, 0x05, 0xFF,
  0xFE, 0x00, 0x00, 0x3F, 0xFF, 0xF2, 0x00, 0x00, 0x3F, 0xFF, 0xF6, 0x00, 0x09, 0xFF, 0xFE, 0x10,
  0x00, 0x00, 0xDF, 0xFF, 0xFB, 0xAC, 0xFF, 0xFF, 0xA0, 0x00, 0x00, 0x06, 0xFF, 0xFF, 0xFF, 0xFF,
  0xFF, 0xF3, 0x00, 0x00, 0x00, 0x07, 0xEF, 0xFF, 0xFF, 0xFF, 0xD5, 0x00, 0x00, 0x00, 0x00, 0x02,
  0x79, 0xBB, 0xB9, 0x61, 0x00, 0x00, 0x00, 0x00, 0x00, 0x00, 0x00, 0x00, 0x00, 0x00, 0x00, 0x00,
  0x01, 0x11, 0x11, 0x00, 0x00, 0x00, 0x01, 0x11, 0x11, 0x00, 0x8E, 0xEE, 0xD1, 0x00, 0x00, 0x01,
  0xDE, 0xEE, 0x60, 0x06, 0xFF, 0xFF, 0x40, 0x00, 0x00, 0x4F, 0xFF, 0xF3, 0x00, 0x2F, 0xFF, 0xF7,
  0x00, 0x00, 0x07, 0xFF, 0xFD, 0x00, 0x00, 0xCF, 0xFF, 0xA0, 0x00, 0x00, 0xAF, 0xFF, 0x90, 0x00,
  0x09, 0xFF, 0xFD, 0x10, 0x00, 0x1D, 0xFF, 0xF6, 0x00, 0x00, 0x5F, 0xFF, 0xF3, 0x00, 0x03, 0xFF,
  0xFF, 0x20, 0x00, 0x02, 0xEF, 0xFF, 0x60, 0x00, 0x6F, 0xFF, 0xC0, 0x00, 0x00, 0x0C, 0xFF, 0xF9,
  0x00, 0x09, 0xFF, 0xF9, 0x00, 0x00, 0x00, 0x8F, 0xFF, 0xC0, 0x00, 0xCF, 0xFF, 0x50, 0x00, 0x00,
  0x05, 0xFF, 0xFF, 0x20, 0x2F, 0xFF, 0xF2, 0x00, 0x00, 0x00, 0x1E, 0xFF, 0xF5, 0x05, 0xFF, 0xFC,
  0x00, 0x00, 0x00, 0x00, 0xBF, 0xFF, 0x80, 0x8F, 0xEF, 0x80, 0x00, 0x00, 0x00, 0x08, 0xFF, 0xFA,
  0x0A, 0xFF, 0xF5, 0x00, 0x00, 0x00, 0x00, 0x4F, 0xFF, 0xD1, 0xDF, 0xFE, 0x20, 0x00, 0x00, 0x00,
  0x01, 0xEF, 0xFE, 0x4E, 0xFF, 0xB0, 0x00, 0x00, 0x00, 0x00, 0x0B, 0xFF, 0xFA, 0xFF, 0xF8, 0x00,
  0x00, 0x00, 0x00, 0x00, 0x7F, 0xFF, 0xFF, 0xFF, 0x40, 0x00, 0x00, 0x00, 0x00, 0x04, 0xFF, 0xFF,
  0xFF, 0xE1, 0x00, 0x00, 0x00, 0x00, 0x00, 0x1E, 0xFF, 0xFF, 0xFB, 0x00, 0x00, 0x00, 0x00, 0x00,
  0x00, 0xAE, 0xEE, 0xEE, 0x70, 0x00, 0x00, 0x00, 0x00, 0x00, 0x00, 0x11, 0x11, 0x10, 0x00, 0x00,
  0x00, 0x01, 0x11, 0x10, 0x00, 0x00, 0x00, 0x00, 0x11, 0x10, 0x00, 0x9E, 0xED, 0x10, 0x00, 0x00,
  0x00, 0x1D, 0xEE, 0x60, 0x09, 0xFF, 0xE1, 0x00, 0x00, 0x00, 0x01, 0xFF, 0xF6, 0x00, 0x8F, 0xFE,
  0x10, 0x00, 0x00, 0x00, 0x2F, 0xFF, 0x50, 0x07, 0xFF, 0xF2, 0x00, 0x00, 0x00, 0x03, 0xFF, 0xF4,
  0x00, 0x6F, 0xFF, 0x30, 0x47, 0x77, 0x30, 0x3F, 0xFF, 0x40, 0x06, 0xFF, 0xF3, 0x09, 0xFF, 0xF8,
  0x04, 0xFF, 0xF3, 0x00, 0x5F, 0xFF, 0x40, 0xAF, 0xEF, 0xA0, 0x5F, 0xFF, 0x20, 0x04, 0xFF, 0xF4,
  0x0D, 0xFF, 0xFC, 0x05, 0xFF, 0xE1, 0x00, 0x3F, 0xFF, 0x50, 0xEF, 0xFF, 0xE0, 0x6F, 0xFE, 0x10,
  0x02, 0xFF, 0xF5, 0x2F, 0xEA, 0xFF, 0x16, 0xFF, 0xD0, 0x00, 0x2E, 0xFF, 0x54, 0xFE, 0x6F, 0xF3,
  0x6F, 0xFC, 0x00, 0x01, 0xEF, 0xF6, 0x6F, 0xD3, 0xEF, 0x57, 0xFF, 0xC0, 0x00, 0x1D, 0xFF, 0x77,
  0xFB, 0x1E, 0xF7, 0x7F, 0xFB, 0x00, 0x00, 0xDF, 0xF8, 0x9F, 0xA0, 0xCF, 0x98, 0xFF, 0xA0, 0x00,
  0x0C, 0xFF, 0x9B, 0xF8, 0x0B, 0xFB, 0x9F, 0xF9, 0x00, 0x00, 0xBF, 0xFB, 0xDF, 0x60, 0x9F, 0xDB,
  0xFF, 0x80, 0x00, 0x0A, 0xFF, 0xFF, 0xF5, 0x07, 0xFF, 0xFF, 0xF8, 0x00, 0x00, 0x9F, 0xFF, 0xFF,
  0x30, 0x6F, 0xFF, 0xFF, 0x70, 0x00, 0x09, 0xFF, 0xFF, 0xE1, 0x04, 0xFF, 0xFF, 0xF6, 0x00, 0x00,
  0x7E, 0xEE, 0xEC, 0x00, 0x2E, 0xEE, 0xEE, 0x50, 0x00, 0x00, 0x11, 0x11, 0x10, 0x00, 0x11, 0x11,
  0x10, 0x00, 0x01, 0x11, 0x11, 0x00, 0x00, 0x00, 0x01, 0x11, 0x10, 0x00, 0x2E, 0xEE, 0xE9, 0x00,
  0x00, 0x07, 0xEE, 0xEC, 0x10, 0x00, 0x9F, 0xFF, 0xF3, 0x00, 0x01, 0xEF, 0xFF, 0x60, 0x00, 0x02,
  0xEF, 0xFF, 0xA0, 0x00, 0x8F, 0xFF, 0xC0, 0x00, 0x00, 0x08, 0xFF, 0xFF, 0x30, 0x2E, 0xFF, 0xF5,
  0x00, 0x00, 0x00, 0x1E, 0xFF, 0xF9, 0x08, 0xFF, 0xFC, 0x00, 0x00, 0x00, 0x00, 0x7F, 0xFF, 0xE3,
  0xDF, 0xFF, 0x40, 0x00, 0x00, 0x00, 0x01, 0xDF, 0xFF, 0xDF, 0xFF, 0xB0, 0x00, 0x00, 0x00, 0x00,
  0x06, 0xFF, 0xFF, 0xFF, 0xF4, 0x00, 0x00, 0x00, 0x00, 0x00, 0x0C, 0xFF, 0xFF, 0xFA, 0x00, 0x00,
  0x00, 0x00, 0x00, 0x00, 0x6F, 0xFF, 0xFF, 0x30, 0x00, 0x00, 0x00, 0x00, 0x00, 0x0A, 0xFF, 0xFF,
  0xF7, 0x00, 0x00, 0x00, 0x00, 0x00, 0x04, 0xFF, 0xFF, 0xFF, 0xE1, 0x00, 0x00, 0x00, 0x00, 0x00,
  0xBF, 0xFF, 0xEF, 0xFF, 0x80, 0x00, 0x00, 0x00, 0x00, 0x5F, 0xFF, 0xB6, 0xFF, 0xFE, 0x20, 0x00,
  0x00, 0x00, 0x0C, 0xFF, 0xF6, 0x0D, 0xFF, 0xF9, 0x00, 0x00, 0x00, 0x05, 0xFF, 0xFD, 0x10, 0x7F,
  0xFF, 0xF3, 0x00, 0x00, 0x01, 0xDF, 0xFF, 0x70, 0x01, 0xEF, 0xFF, 0xA0, 0x00, 0x00, 0x6F, 0xFF,
  0xD1, 0x00, 0x08, 0xFF, 0xFF, 0x30, 0x00, 0x1E, 0xFF, 0xF6, 0x00, 0x00, 0x1E, 0xFF, 0xFB, 0x00,
  0x07, 0xEE, 0xEC, 0x10, 0x00, 0x00, 0x7E, 0xEE, 0xE4, 0x00, 0x11, 0x11, 0x00, 0x00, 0x00, 0x00,
  0x11, 0x11, 0x10, 0x01, 0x11, 0x11, 0x00, 0x00, 0x00, 0x00, 0x11, 0x11, 0x00, 0x6E, 0xEE, 0xE3,
  0x00, 0x00, 0x00, 0xAE, 0xEE, 0xA0, 0x01, 0xEF, 0xFF, 0xA0, 0x00, 0x00, 0x4F, 0xFF, 0xF4, 0x00,
  0x07, 0xFF, 0xFF, 0x20, 0x00, 0x0A, 0xFF, 0xFB, 0x00, 0x00, 0x1E, 0xFF, 0xF8, 0x00, 0x02, 0xFF,
  0xFF, 0x50, 0x00, 0x00, 0x8F, 0xFF, 0xE1, 0x00, 0x8F, 0xFF, 0xC0, 0x00, 0x00, 0x02, 0xEF, 0xFF,
  0x60, 0x1E, 0xFF, 0xF5, 0x00, 0x00, 0x00, 0x09, 0xFF, 0xFC, 0x06, 0xFF, 0xFC, 0x00, 0x00, 0x00,
  0x00, 0x2E, 0xFF, 0xF3, 0xAF, 0xFF, 0x60, 0x00, 0x00, 0x00, 0x00, 0x9F, 0xFF, 0xCE, 0xFF, 0xD1,
  0x00, 0x00, 0x00, 0x00, 0x03, 0xFF, 0xFF, 0xFF, 0xF6, 0x00, 0x00, 0x00, 0x00, 0x00, 0x0A, 0xFF,
  0xFF, 0xFD, 0x10, 0x00, 0x00, 0x00, 0x00, 0x00, 0x3F, 0xFF, 0xFF, 0x70, 0x00, 0x00, 0x00, 0x00,
  0x00, 0x00, 0xAF, 0xFF, 0xD1, 0x00, 0x00, 0x00, 0x00, 0x00, 0x00, 0x07, 0xFF, 0xFB, 0x00, 0x00,
  0x00, 0x00, 0x00, 0x00, 0x00, 0x8F, 0xFF, 0xB0, 0x00, 0x00, 0x00, 0x00, 0x00, 0x00, 0x07, 0xFF,
  0xFB, 0x00, 0x00, 0x00, 0x00, 0x00, 0x00, 0x00, 0x7F, 0xFF, 0xB0, 0x00, 0x00, 0x00, 0x00, 0x00,
  0x00, 0x07, 0xFF, 0xFB, 0x00, 0x00, 0x00, 0x00, 0x00, 0x00, 0x00, 0x8F, 0xFF, 0xC0, 0x00, 0x00,
  0x00, 0x00, 0x00, 0x00, 0x07, 0xEE, 0xEB, 0x00, 0x00, 0x00, 0x00, 0x00, 0x00, 0x00, 0x01, 0x11,
  0x10, 0x00, 0x00, 0x00, 0x00, 0x01, 0x11, 0x11, 0x11, 0x11, 0x11, 0x11, 0x00, 0x00, 0x01, 0xDE,
  0xEE, 0xEE, 0xEE, 0xEE, 0xEE, 0xE7, 0x00, 0x00, 0x1E, 0xFF, 0xFF, 0xFF, 0xFF, 0xFF, 0xFF, 0x80,
  0x00, 0x01, 0xFF, 0xFF, 0xFF, 0xFF, 0xFF, 0xFF, 0xF8, 0x00, 0x00, 0x07, 0x77, 0x78, 0x78, 0x7A,
  0xFF, 0xFF, 0x70, 0x00, 0x00, 0x00, 0x00, 0x00, 0x00, 0xCF, 0xFF, 0xD1, 0x00, 0x00, 0x00, 0x00,
  0x00, 0x00, 0xAF, 0xFF, 0xF4, 0x00, 0x00, 0x00, 0x00, 0x00, 0x00, 0x6F, 0xFF, 0xF8, 0x00, 0x00,
  0x00, 0x00, 0x00, 0x00, 0x3E, 0xFF, 0xFC, 0x00, 0x00, 0x00, 0x00, 0x00, 0x00, 0x0C, 0xFF, 0xFE,
  0x20, 0x00, 0x00, 0x00, 0x00, 0x00, 0x08, 0xFF, 0xFF, 0x60, 0x00, 0x00, 0x00, 0x00, 0x00, 0x05,
  0xFF, 0xFF, 0xA0, 0x00, 0x00, 0x00, 0x00, 0x00, 0x02, 0xEF, 0xFF, 0xD1, 0x00, 0x00, 0x00, 0x00,
  0x00, 0x00, 0xBF, 0xFF, 0xF4, 0x00, 0x00, 0x00, 0x00, 0x00, 0x00, 0x7F, 0xFF, 0xF8, 0x00, 0x00,
  0x00, 0x00, 0x00, 0x00, 0x4F, 0xFF, 0xFC, 0x10, 0x00, 0x00, 0x00, 0x00, 0x00, 0x1D, 0xFF, 0xFD,
  0x10, 0x00, 0x00, 0x00, 0x00, 0x00, 0x07, 0xFF, 0xFF, 0xC7, 0x87, 0x87, 0x77, 0x74, 0x00, 0x00,
  0x8F, 0xFF, 0xFF, 0xFF, 0xFF, 0xFF, 0xFF, 0x80, 0x00, 0x08, 0xFF, 0xFF, 0xFF, 0xFF, 0xFF, 0xFF,
  0xF8, 0x00, 0x00, 0x7E, 0xEE, 0xEE, 0xEE, 0xEE, 0xEE, 0xEE, 0x70, 0x00, 0x00, 0x11, 0x11, 0x11,
  0x11, 0x11, 0x11, 0x10, 0x00, 0x00, 0x00, 0x00, 0x11, 0x11, 0x11, 0x11, 0x10, 0x00, 0x00, 0x00,
  0x00, 0x1D, 0xEE, 0xEE, 0xEE, 0xED, 0x10, 0x00, 0x00, 0x00, 0x01, 0xEF, 0xFF, 0xFF, 0xFF, 0xF1,
  0x00, 0x00, 0x00, 0x00, 0x1E, 0xFF, 0xFF, 0xFF, 0xFE, 0x10, 0x00, 0x00, 0x00, 0x01, 0xEF, 0xF8,
  0x22, 0x22, 0x10, 0x00, 0x00, 0x00, 0x00, 0x1E, 0xFF, 0x70, 0x00, 0x00, 0x00, 0x00, 0x00, 0x00,
  0x01, 0xEF, 0xF8, 0x00, 0x00, 0x00, 0x00, 0x00, 0x00, 0x00, 0x1E, 0xFF, 0x70, 0x00, 0x00, 0x00,
  0x00, 0x00, 0x00, 0x01, 0xEF, 0xF7, 0x00, 0x00, 0x00, 0x00, 0x00, 0x00, 0x00, 0x1E, 0xFF, 0x70,
  0x00, 0x00, 0x00, 0x00, 0x00, 0x00, 0x01, 0xEF, 0xF7, 0x00, 0x00, 0x00, 0x00, 0x00, 0x00, 0x00,
  0x1E, 0xFF, 0x70, 0x00, 0x00, 0x00, 0x00, 0x00, 0x00, 0x01, 0xEF, 0xF7, 0x00, 0x00, 0x00, 0x00,
  0x00, 0x00, 0x00, 0x1E, 0xFF, 0x70, 0x00, 0x00, 0x00, 0x00, 0x00, 0x00, 0x01, 0xEF, 0xF7, 0x00,
  0x00, 0x00, 0x00, 0x00, 0x00, 0x00, 0x1E, 0xFF, 0x70, 0x00, 0x00, 0x00, 0x00, 0x00, 0x00, 0x01,
  0xEF, 0xF7, 0x00, 0x00, 0x00, 0x00, 0x00, 0x00, 0x00, 0x1E, 0xFF, 0x70, 0x00, 0x00, 0x00, 0x00,
  0x00, 0x00, 0x01, 0xEF, 0xF7, 0x00, 0x00, 0x00, 0x00, 0x00, 0x00, 0x00, 0x1E, 0xFF, 0x70, 0x00,
  0x00, 0x00, 0x00, 0x00, 0x00, 0x01, 0xEF, 0xF7, 0x00, 0x00, 0x00, 0x00, 0x00, 0x00, 0x00, 0x1E,
  0xFF, 0x80, 0x00, 0x00, 0x00, 0x00, 0x00, 0x00, 0x01, 0xEF, 0xF7, 0x00, 0x00, 0x00, 0x00, 0x00,
  0x00, 0x00, 0x1E, 0xFF, 0x82, 0x22, 0x21, 0x00, 0x00, 0x00, 0x00, 0x01, 0xEF, 0xFF, 0xFF, 0xFF,
  0xE1, 0x00, 0x00, 0x00, 0x00, 0x1E, 0xFF, 0xFF, 0xFF, 0xFF, 0x10, 0x00, 0x00, 0x00, 0x01, 0xDE,
  0xEE, 0xEE, 0xEE, 0xD1, 0x00, 0x00, 0x00, 0x00, 0x01, 0x11, 0x11, 0x11, 0x11, 0x00, 0x00, 0x00,
  0x01, 0x11, 0x00, 0x00, 0x00, 0x00, 0x00, 0x00, 0x00, 0x00, 0xAE, 0xEC, 0x10, 0x00, 0x00, 0x00,
  0x00, 0x00, 0x00, 0x07, 0xFF, 0xF4, 0x00, 0x00, 0x00, 0x00, 0x00, 0x00, 0x00, 0x2F, 0xFF, 0x90,
  0x00, 0x00, 0x00, 0x00, 0x00, 0x00, 0x00, 0xBF, 0xFE, 0x10, 0x00, 0x00, 0x00, 0x00, 0x00, 0x00,
  0x06, 0xFF, 0xF5, 0x00, 0x00, 0x00, 0x00, 0x00, 0x00, 0x00, 0x2E, 0xFF, 0xA0, 0x00, 0x00, 0x00,
  0x00, 0x00, 0x00, 0x00, 0xAF, 0xFE, 0x10, 0x00, 0x00, 0x00, 0x00, 0x00, 0x00, 0x06, 0xFF, 0xF6,
  0x00, 0x00, 0x00, 0x00, 0x00, 0x00, 0x00, 0x1E, 0xFF, 0xA0, 0x00, 0x00, 0x00, 0x00, 0x00, 0x00,
  0x00, 0xAF, 0xFE, 0x20, 0x00, 0x00, 0x00, 0x00, 0x00, 0x00, 0x05, 0xFF, 0xF6, 0x00, 0x00, 0x00,
  0x00, 0x00, 0x00, 0x00, 0x1E, 0xFF, 0xB0, 0x00, 0x00, 0x00, 0x00, 0x00, 0x00, 0x00, 0x9F, 0xFE,
  0x20, 0x00, 0x00, 0x00, 0x00, 0x00, 0x00, 0x05, 0xFF, 0xF7, 0x00, 0x00, 0x00, 0x00, 0x00, 0x00,
  0x00, 0x1D, 0xFF, 0xB0, 0x00, 0x00, 0x00, 0x00, 0x00, 0x00, 0x00, 0x9F, 0xFF, 0x20, 0x00, 0x00,
  0x00, 0x00, 0x00, 0x00, 0x04, 0xFF, 0xF7, 0x00, 0x00, 0x00, 0x00, 0x00, 0x00, 0x00, 0x0D, 0xFF,
  0xC0, 0x00, 0x00, 0x00, 0x00, 0x00, 0x00, 0x00, 0x8F, 0xFF, 0x30, 0x00, 0x00, 0x00, 0x00, 0x00,
  0x00, 0x04, 0xFF, 0xF8, 0x00, 0x00, 0x00, 0x00, 0x00, 0x00, 0x00, 0x0C, 0xFF, 0xC0, 0x00, 0x00,
  0x00, 0x00, 0x00, 0x00, 0x00, 0x8F, 0xFF, 0x30, 0x00, 0x00, 0x00, 0x00, 0x00, 0x00, 0x03, 0xFF,
  0xF8, 0x00, 0x00, 0x00, 0x00, 0x00, 0x00, 0x00, 0x0C, 0xFF, 0xD0, 0x00, 0x00, 0x00, 0x00, 0x00,
  0x00, 0x00, 0x7F, 0xFF, 0x40, 0x00, 0x00, 0x00, 0x00, 0x00, 0x00, 0x02, 0xEE, 0xE8, 0x00, 0x00,
  0x00, 0x00, 0x00, 0x00, 0x00, 0x01, 0x11, 0x10, 0x00, 0x00, 0x00, 0x11, 0x11, 0x11, 0x11, 0x10,
  0x00, 0x00, 0x00, 0x00, 0x4E, 0xEE, 0xEE, 0xEE, 0xED, 0x10, 0x00, 0x00, 0x00, 0x04, 0xFF, 0xFF,
  0xFF, 0xFF, 0xE1, 0x00, 0x00, 0x00, 0x00, 0x4F, 0xFF, 0xFF, 0xFF, 0xFE, 0x10, 0x00, 0x00, 0x00,
  0x00, 0x22, 0x22, 0x28, 0xFF, 0xE1, 0x00, 0x00, 0x00, 0x00, 0x00, 0x00, 0x00, 0x7F, 0xFE, 0x10,
  0x00, 0x00, 0x00, 0x00, 0x00, 0x00, 0x08, 0xFF, 0xE1, 0x00, 0x00, 0x00, 0x00, 0x00, 0x00, 0x00,
  0x7F, 0xFE, 0x10, 0x00, 0x00, 0x00, 0x00, 0x00, 0x00, 0x07, 0xFF, 0xE1, 0x00, 0x00, 0x00, 0x00,
  0x00, 0x00, 0x00, 0x7F, 0xFE, 0x10, 0x00, 0x00, 0x00, 0x00, 0x00, 0x00, 0x07, 0xFF, 0xE1, 0x00,
  0x00, 0x00, 0x00, 0x00, 0x00, 0x00, 0x7F, 0xFE, 0x10, 0x00, 0x00, 0x00, 0x00, 0x00, 0x00, 0x07,
  0xFF, 0xE1, 0x00, 0x00, 0x00, 0x00, 0x00, 0x00, 0x00, 0x7F, 0xFE, 0x10, 0x00, 0x00, 0x00, 0x00,
  0x00, 0x00, 0x07, 0xFF, 0xE1, 0x00, 0x00, 0x00, 0x00, 0x00, 0x00, 0x00, 0x7F, 0xFE, 0x10, 0x00,
  0x00, 0x00, 0x00, 0x00, 0x00, 0x07, 0xFF, 0xE1, 0x00, 0x00, 0x00, 0x00, 0x00, 0x00, 0x00, 0x7F,
  0xFE, 0x10, 0x00, 0x00, 0x00, 0x00, 0x00, 0x00, 0x07, 0xFF, 0xE1, 0x00, 0x00, 0x00, 0x00, 0x00,
  0x00, 0x00, 0x7F, 0xFE, 0x10, 0x00, 0x00, 0x00, 0x00, 0x00, 0x00, 0x07, 0xFF, 0xE1, 0x00, 0x00,
  0x00, 0x00, 0x00, 0x00, 0x00, 0x8F, 0xFE, 0x10, 0x00, 0x00, 0x00, 0x00, 0x00, 0x00, 0x07, 0xFF,
  0xE1, 0x00, 0x00, 0x00, 0x00, 0x02, 0x22, 0x22, 0x8F, 0xFE, 0x10, 0x00, 0x00, 0x00, 0x04, 0xFF,
  0xFF, 0xFF, 0xFF, 0xE1, 0x00, 0x00, 0x00, 0x00, 0x4F, 0xFF, 0xFF, 0xFF, 0xFE, 0x10, 0x00, 0x00,
  0x00, 0x04, 0xEE, 0xEE, 0xEE, 0xEE, 0xD1, 0x00, 0x00, 0x00, 0x00, 0x01, 0x11, 0x11, 0x11, 0x11,
  0x00, 0x00, 0x00, 0x00, 0x00, 0x00, 0x01, 0x11, 0x10, 0x00, 0x00, 0x00, 0x00, 0x00, 0x00, 0x01,
  0xDE, 0xEE, 0xB0, 0x00, 0x00, 0x00, 0x00, 0x00, 0x00, 0x7F, 0xFF, 0xFF, 0x50, 0x00, 0x00, 0x00,
  0x00, 0x00, 0x1D, 0xFF, 0xFF, 0xFB, 0x00, 0x00, 0x00, 0x00, 0x00, 0x06, 0xFF, 0xFF, 0xFF, 0xF4,
  0x00, 0x00, 0x00, 0x00, 0x00, 0xDF, 0xFC, 0x6F, 0xFF, 0xB0, 0x00, 0x00, 0x00, 0x00, 0x5F, 0xFF,
  0x70, 0xCF, 0xFF, 0x30, 0x00, 0x00, 0x00, 0x0C, 0xFF, 0xE1, 0x05, 0xFF, 0xFA, 0x00, 0x00, 0x00,
  0x05, 0xFF, 0xF8, 0x00, 0x0D, 0xFF, 0xF2, 0x00, 0x00, 0x00, 0xBF, 0xFE, 0x20, 0x00, 0x6F, 0xFF,
  0x90, 0x00, 0x00, 0x4F, 0xFF, 0x90, 0x00, 0x01, 0xDF, 0xFE, 0x20, 0x00, 0x0B, 0xFF, 0xF2, 0x00,
  0x00, 0x07, 0xFF, 0xF8, 0x00, 0x01, 0xDF, 0xFA, 0x00, 0x00, 0x00, 0x1E, 0xFF, 0xB0, 0x00, 0x02,
  0x8D, 0x30, 0x00, 0x00, 0x00, 0x8C, 0x51, 0x00, 0x00, 0x00, 0x10, 0x00, 0x00, 0x00, 0x01, 0x00,
  0x00, 0x00, 0x00, 0x00, 0x00, 0x00, 0x00, 0x00, 0x00, 0x00, 0x00, 0x00, 0x00, 0x00, 0x00, 0x00,
  0x00, 0x00, 0x00, 0x00, 0x00, 0x00, 0x00, 0x00, 0x00, 0x00, 0x00, 0x00, 0x00, 0x00, 0x00, 0x00,
  0x00, 0x00, 0x00, 0x00, 0x00, 0x00, 0x00, 0x00, 0x00, 0x00, 0x00, 0x00, 0x00, 0x00, 0x00, 0x00,
  0x00, 0x00, 0x00, 0x00, 0x00, 0x00, 0x00, 0x00, 0x00, 0x00, 0x00, 0x00, 0x00, 0x00, 0x00, 0x00,
  0x00, 0x00, 0x00, 0x00, 0x00, 0x00, 0x00, 0x00, 0x00, 0x00, 0x00, 0x00, 0x00, 0x00, 0x00, 0x00,
  0x00, 0x00, 0x00, 0x00, 0x00, 0x00, 0x00, 0x00, 0x00, 0x00, 0x00, 0x00, 0x00, 0x00, 0x00, 0x00,
  0x00, 0x06, 0xCC, 0xCC, 0xCC, 0xCC, 0xCC, 0xCC, 0xB1, 0x00, 0x00, 0x8F, 0xFF, 0xFF, 0xFF, 0xFF,
  0xFF, 0xFF, 0x10, 0x00, 0x08, 0xFF, 0xFF, 0xFF, 0xFF, 0xFF, 0xFF, 0xE1, 0x00, 0x00, 0x7D, 0xDD,
  0xDD, 0xDD, 0xDD, 0xDD, 0xDD, 0x10, 0x00, 0x00, 0x00, 0x00, 0x00, 0x00, 0x00, 0x00, 0x00, 0x00,
  0x00, 0x00, 0x00, 0x00, 0x00, 0x00, 0x00, 0x00, 0x00, 0x00, 0x00, 0x00, 0x00, 0x6A, 0x00, 0x00,
  0x00, 0x00, 0x00, 0x00, 0x00, 0x05, 0xCF, 0xF5, 0x00, 0x00, 0x00, 0x00, 0x00, 0x00, 0x00, 0x5F,
  0xFF, 0xC0, 0x00, 0x00, 0x00, 0x00, 0x00, 0x00, 0x00, 0x8F, 0xFF, 0x50, 0x00, 0x00, 0x00, 0x00,
  0x00, 0x00, 0x00, 0xBF, 0xFD, 0x10, 0x00, 0x00, 0x00, 0x00, 0x00, 0x00, 0x02, 0xEF, 0xE3, 0x00,
  0x00, 0x00, 0x00, 0x00, 0x00, 0x00, 0x04, 0x82, 0x00, 0x00, 0x00, 0x00, 0x00, 0x00, 0x00, 0x00,
  0x00, 0x00, 0x00, 0x00, 0x00, 0x00, 0x00, 0x00, 0x00, 0x00, 0x00, 0x00, 0x00, 0x00, 0x00, 0x00,
  0x00, 0x00, 0x00, 0x00, 0x00, 0x00, 0x00, 0x00, 0x00, 0x00, 0x00, 0x00, 0x00, 0x00, 0x00, 0x00,
  0x00, 0x00, 0x00, 0x00, 0x00, 0x00, 0x00, 0x00, 0x00, 0x00, 0x00, 0x00, 0x00, 0x00, 0x00, 0x00,
  0x00, 0x00, 0x00, 0x00, 0x00, 0x00, 0x00, 0x00, 0x00, 0x00, 0x00, 0x00, 0x00, 0x00, 0x00, 0x00,
  0x00, 0x00, 0x00, 0x00, 0x00, 0x00, 0x00, 0x00, 0x00, 0x00, 0x00, 0x00, 0x00, 0x00, 0x00, 0x00,
  0x00, 0x00, 0x00, 0x00, 0x00, 0x00, 0x00, 0x00, 0x00, 0x00, 0x00, 0x00, 0x00, 0x00, 0x00, 0x00,
  0x00, 0x00, 0x00, 0x00, 0x00, 0x00, 0x00, 0x00, 0x00, 0x00, 0x00, 0x00, 0x00, 0x00, 0x00, 0x00,
  0x00, 0x00, 0x00, 0x00, 0x00, 0x00, 0x00, 0x00, 0x00, 0x00, 0x00, 0x00, 0x00, 0x00, 0x00, 0x00,
  0x00, 0x00, 0x00, 0x00, 0x00, 0x00, 0x00, 0x00, 0x00, 0x00, 0x00, 0x00, 0x00, 0x00, 0x00, 0x00,
  0x00, 0x00, 0x00, 0x00, 0x00, 0x00, 0x00, 0x00, 0x00, 0x00, 0x00, 0x00, 0x00, 0x00, 0x00, 0x00,
  0x00, 0x00, 0x00, 0x00, 0x00, 0x00, 0x00, 0x00, 0x00, 0x00, 0x16, 0x8A, 0xA9, 0x72, 0x00, 0x00,
  0x00, 0x00, 0x00, 0x6E, 0xFF, 0xFF, 0xFF, 0xF8, 0x00, 0x00, 0x00, 0x00, 0x8F, 0xFF, 0xFF, 0xFF,
  0xFF, 0xF8, 0x00, 0x00, 0x00, 0x0A, 0xFF, 0xEA, 0x89, 0xDF, 0xFF, 0xF2, 0x00, 0x00, 0x00, 0x07,
  0xB2, 0x00, 0x02, 0xEF, 0xFF, 0x60, 0x00, 0x00, 0x00, 0x00, 0x00, 0x00, 0x0B, 0xFF, 0xF7, 0x00,
  0x00, 0x00, 0x00, 0x58, 0xBC, 0xCC, 0xEF, 0xFF, 0x70, 0x00, 0x00, 0x02, 0xBF, 0xFF, 0xFF, 0xFF,
  0xFF, 0xF7, 0x00, 0x00, 0x00, 0xCF, 0xFF, 0xEC, 0xBB, 0xEF, 0xFF, 0x70, 0x00, 0x00, 0x5F, 0xFF,
  0xE4, 0x00, 0x0B, 0xFF, 0xF7, 0x00, 0x00, 0x07, 0xFF, 0xFB, 0x00, 0x00, 0xBF, 0xFF, 0x70, 0x00,
  0x00, 0x7F, 0xFF, 0xC0, 0x00, 0x2E, 0xFF, 0xF7, 0x00, 0x00, 0x05, 0xFF, 0xFF, 0xB6, 0x7D, 0xEF,
  0xFF, 0xDA, 0x10, 0x00, 0x1D, 0xFF, 0xFF, 0xFF, 0xE5, 0xFF, 0xFF, 0xF1, 0x00, 0x00, 0x4E, 0xFF,
  0xFF, 0xE6, 0x09, 0xFF, 0xFF, 0x10, 0x00, 0x00, 0x27, 0xAA, 0x83, 0x00, 0x04, 0x77, 0x60, 0x00,
  0x00, 0x00, 0x00, 0x00, 0x00, 0x00, 0x00, 0x00, 0x00, 0x00, 0x01, 0x11, 0x00, 0x00, 0x00, 0x00,
  0x00, 0x00, 0x00, 0x07, 0xED, 0xEA, 0x00, 0x00, 0x00, 0x00, 0x00, 0x00, 0x00, 0x8F, 0xFF, 0xC0,
  0x00, 0x00, 0x00, 0x00, 0x00, 0x00, 0x07, 0xFF, 0xFB, 0x00, 0x00, 0x00, 0x00, 0x00, 0x00, 0x00,
  0x8F, 0xFF, 0xB0, 0x00, 0x00, 0x00, 0x00, 0x00, 0x00, 0x08, 0xFF, 0xFB, 0x00, 0x00, 0x00, 0x00,
  0x00, 0x00, 0x00, 0x8F, 0xFF, 0xB0, 0x00, 0x00, 0x00, 0x00, 0x00, 0x00, 0x08, 0xFF, 0xFB, 0x00,
  0x58, 0x86, 0x20, 0x00, 0x00, 0x00, 0x8F, 0xFF, 0xB0, 0xAF, 0xFF, 0xFE, 0x50, 0x00, 0x00, 0x08,
  0xFF, 0xFA, 0x8F, 0xFF, 0xFF, 0xFF, 0x30, 0x00, 0x00, 0x8F, 0xFF, 0xEE, 0xB9, 0xCF, 0xFF, 0xFA,
  0x00, 0x00, 0x08, 0xFF, 0xFF, 0x50, 0x00, 0x8F, 0xFF, 0xE2, 0x00, 0x00, 0x8F, 0xFF, 0xC0, 0x00,
  0x01, 0xEF, 0xFF, 0x50, 0x00, 0x08, 0xFF, 0xFB, 0x00, 0x00, 0x0C, 0xFF, 0xF7, 0x00, 0x00, 0x8F,
  0xFF, 0xB0, 0x00, 0x00, 0xBF, 0xFF, 0x70, 0x00, 0x08, 0xFF, 0xFB, 0x00, 0x00, 0x0B, 0xFF, 0xF7,
  0x00, 0x00, 0x8F, 0xFF, 0xB0, 0x00, 0x00, 0xBF, 0xFF, 0x70, 0x00, 0x08, 0xFF, 0xFC, 0x00, 0x00,
  0x0D, 0xFF, 0xF5, 0x00, 0x00, 0x8F, 0xFF, 0xF3, 0x00, 0x07, 0xFF, 0xFF, 0x20, 0x00, 0x08, 0xFF,
  0xFE, 0xE9, 0x7A, 0xFF, 0xFF, 0xB0, 0x00, 0x00, 0x7F, 0xEF, 0xAA, 0xFF, 0xFF, 0xFF, 0xF4, 0x00,
  0x00, 0x08, 0xFF, 0xFC, 0x1C, 0xFF, 0xFF, 0xF6, 0x00, 0x00, 0x00, 0x37, 0x77, 0x50, 0x17, 0xAA,
  0x83, 0x00, 0x00, 0x00, 0x00, 0x00, 0x00, 0x00, 0x00, 0x00, 0x00, 0x00, 0x00, 0x00, 0x00, 0x00,
  0x00, 0x00, 0x00, 0x00, 0x00, 0x00, 0x00, 0x00, 0x00, 0x02, 0x69, 0xAA, 0x84, 0x00, 0x00, 0x00,
  0x00, 0x00, 0x08, 0xEF, 0xFF, 0xFF, 0xFB, 0x20, 0x00, 0x00, 0x00, 0x09, 0xFF, 0xFF, 0xFF, 0xFF,
  0xFD, 0x20, 0x00, 0x00, 0x06, 0xFF, 0xFF, 0xB8, 0x9E, 0xFF, 0xF8, 0x00, 0x00, 0x00, 0xDF, 0xFF,
  0x80, 0x00, 0x3E, 0xE7, 0x10, 0x00, 0x00, 0x3F, 0xFF, 0xE1, 0x00, 0x00, 0x43, 0x00, 0x00, 0x00,
  0x06, 0xFF, 0xFB, 0x00, 0x00, 0x00, 0x00, 0x00, 0x00, 0x00, 0x7F, 0xFF, 0xB0, 0x00, 0x00, 0x00,
  0x00, 0x00, 0x00, 0x07, 0xFF, 0xFB, 0x00, 0x00, 0x00, 0x00, 0x00, 0x00, 0x00, 0x6F, 0xFF, 0xB0,
  0x00, 0x00, 0x00, 0x00, 0x00, 0x00, 0x03, 0xFF, 0xFE, 0x10, 0x00, 0x03, 0x50, 0x00, 0x00, 0x00,
  0x0D, 0xFF, 0xF8, 0x00, 0x02, 0xDF, 0x92, 0x00, 0x00, 0x00, 0x6F, 0xFF, 0xFB, 0x89, 0xDF, 0xFF,
  0xB0, 0x00, 0x00, 0x00, 0x9F, 0xFF, 0xFF, 0xFF, 0xFF, 0xE3, 0x00, 0x00, 0x00, 0x00, 0x8E, 0xFF,
  0xFF, 0xFF, 0xC3, 0x00, 0x00, 0x00, 0x00, 0x00, 0x26, 0x9A, 0xA8, 0x50, 0x00, 0x00, 0x00, 0x00,
  0x00, 0x00, 0x00, 0x00, 0x00, 0x00, 0x00, 0x00, 0x00, 0x00, 0x00, 0x00, 0x00, 0x00, 0x11, 0x11,
  0x00, 0x00, 0x00, 0x00, 0x00, 0x00, 0x00, 0x4E, 0xEE, 0xD1, 0x00, 0x00, 0x00, 0x00, 0x00, 0x00,
  0x05, 0xFF, 0xFE, 0x10, 0x00, 0x00, 0x00, 0x00, 0x00, 0x00, 0x5F, 0xFF, 0xE1, 0x00, 0x00, 0x00,
  0x00, 0x00, 0x00, 0x05, 0xFF, 0xFE, 0x10, 0x00, 0x00, 0x00, 0x00, 0x00, 0x00, 0x5F, 0xFF, 0xE1,
  0x00, 0x00, 0x00, 0x00, 0x00, 0x00, 0x05, 0xFF, 0xFE, 0x10, 0x00, 0x00, 0x00, 0x47, 0x97, 0x30,
  0x5F, 0xFF, 0xE1, 0x00, 0x00, 0x01, 0xAF, 0xFF, 0xFE, 0x64, 0xFF, 0xFE, 0x10, 0x00, 0x00, 0x9F,
  0xFF, 0xFF, 0xFF, 0x9F, 0xFF, 0xE1, 0x00, 0x00, 0x3F, 0xFF, 0xFE, 0xA9, 0xCF, 0xFF, 0xFE, 0x10,
  0x00, 0x08, 0xFF, 0xFE, 0x30, 0x00, 0xAF, 0xFF, 0xE1, 0x00, 0x00, 0xBF, 0xFF, 0x70, 0x00, 0x03,
  0xFF, 0xFE, 0x10, 0x00, 0x0D, 0xFF, 0xF5, 0x00, 0x00, 0x3F, 0xFF, 0xE1, 0x00, 0x01, 0xEF, 0xFF,
  0x50, 0x00, 0x03, 0xFF, 0xFE, 0x10, 0x00, 0x1E, 0xFF, 0xF5, 0x00, 0x00, 0x3F, 0xFF, 0xE1, 0x00,
  0x01, 0xDF, 0xFF, 0x50, 0x00, 0x03, 0xFF, 0xFE, 0x10, 0x00, 0x0C, 0xFF, 0xF7, 0x00, 0x00, 0x3F,
  0xFF, 0xE1, 0x00, 0x00, 0x9F, 0xFF, 0xD2, 0x00, 0x08, 0xFF, 0xFE, 0x10, 0x00, 0x04, 0xFF, 0xFF,
  0xD8, 0x8B, 0xFF, 0xFF, 0xE1, 0x00, 0x00, 0x0A, 0xFF, 0xFF, 0xFF, 0xF7, 0xEF, 0xFE, 0x10, 0x00,
  0x00, 0x1B, 0xFF, 0xFF, 0xF6, 0x3F, 0xFF, 0xF1, 0x00, 0x00, 0x00, 0x05, 0x9A, 0x94, 0x01, 0x77,
  0x77, 0x00, 0x00, 0x00, 0x00, 0x00, 0x00, 0x00, 0x00, 0x00, 0x00, 0x00, 0x00, 0x00, 0x00, 0x00,
  0x00, 0x00, 0x00, 0x00, 0x00, 0x00, 0x00, 0x00, 0x03, 0x79, 0xA9, 0x73, 0x00, 0x00, 0x00, 0x00,
  0x00, 0x08, 0xFF, 0xFF, 0xFF, 0xF9, 0x10, 0x00, 0x00, 0x00, 0x0A, 0xFF, 0xFF, 0xFF, 0xFF, 0xFB,
  0x10, 0x00, 0x00, 0x06, 0xFF, 0xFF, 0xA8, 0xAF, 0xFF, 0xF7, 0x00, 0x00, 0x00, 0xDF, 0xFF, 0x60,
  0x00, 0x5F, 0xFF, 0xE1, 0x00, 0x00, 0x3F, 0xFF, 0xC0, 0x00, 0x00, 0xCF, 0xFF, 0x40, 0x00, 0x06,
  0xFF, 0xFE, 0xCC, 0xCC, 0xCE, 0xFF, 0xF6, 0x00, 0x00, 0x7F, 0xFF, 0xFF, 0xFF, 0xFF, 0xFF, 0xFF,
  0x80, 0x00, 0x07, 0xFF, 0xFE, 0xBB, 0xBB, 0xBC, 0xCB, 0xC6, 0x00, 0x00, 0x6F, 0xFF, 0xB0, 0x00,
  0x00, 0x00, 0x00, 0x00, 0x00, 0x04, 0xFF, 0xFE, 0x10, 0x00, 0x00, 0x31, 0x00, 0x00, 0x00, 0x1D,
  0xFF, 0xF9, 0x00, 0x00, 0x5E, 0x90, 0x00, 0x00, 0x00, 0x6F, 0xFF, 0xFC, 0x88, 0xBF, 0xFF, 0x80,
  0x00, 0x00, 0x00, 0xAF, 0xFF, 0xFF, 0xFF, 0xFF, 0xFA, 0x00, 0x00, 0x00, 0x00, 0x8E, 0xFF, 0xFF,
  0xFF, 0xE7, 0x00, 0x00, 0x00, 0x00, 0x00, 0x26, 0x9A, 0xA9, 0x62, 0x00, 0x00, 0x00, 0x00, 0x00,
  0x00, 0x00, 0x00, 0x00, 0x00, 0x00, 0x00, 0x00, 0x00, 0x00, 0x00, 0x00, 0x11, 0x11, 0x11, 0x00,
  0x00, 0x00, 0x00, 0x00, 0x03, 0xAD, 0xEE, 0xEE, 0xE7, 0x00, 0x00, 0x00, 0x00, 0x03, 0xEF, 0xFF,
  0xFF, 0xFF, 0x80, 0x00, 0x00, 0x00, 0x00, 0xAF, 0xFF, 0xFF, 0xFE, 0xF7, 0x00, 0x00, 0x00, 0x00,
  0x0D, 0xFF, 0xF6, 0x23, 0x23, 0x10, 0x00, 0x00, 0x00, 0x01, 0xEF, 0xFF, 0x40, 0x00, 0x00, 0x00,
  0x00, 0x00, 0x00, 0x0E, 0xFF, 0xF4, 0x00, 0x00, 0x00, 0x00, 0x04, 0x77, 0x78, 0xFF, 0xFF, 0xA7,
  0x87, 0x74, 0x00, 0x00, 0x8F, 0xFF, 0xFF, 0xFF, 0xFF, 0xFF, 0xFF, 0x80, 0x00, 0x08, 0xFF, 0xFF,
  0xFF, 0xFF, 0xFF, 0xFF, 0xF8, 0x00, 0x00, 0x59, 0x99, 0x9F, 0xFF, 0xFB, 0x99, 0x99, 0x50, 0x00,
  0x00, 0x00, 0x00, 0xEF, 0xFF, 0x40, 0x00, 0x00, 0x00, 0x00, 0x00, 0x00, 0x1E, 0xFF, 0xF5, 0x00,
  0x00, 0x00, 0x00, 0x00, 0x00, 0x01, 0xEF, 0xFF, 0x50, 0x00, 0x00, 0x00, 0x00, 0x00, 0x00, 0x1E,
  0xFF, 0xF5, 0x00, 0x00, 0x00, 0x00, 0x00, 0x00, 0x01, 0xEF, 0xFF, 0x50, 0x00, 0x00, 0x00, 0x00,
  0x00, 0x00, 0x1E, 0xFF, 0xF5, 0x00, 0x00, 0x00, 0x00, 0x00, 0x00, 0x00, 0xEF, 0xFF, 0x40, 0x00,
  0x00, 0x00, 0x00, 0x13, 0x22, 0x3E, 0xFF, 0xF6, 0x23, 0x31, 0x00, 0x00, 0x07, 0xFE, 0xFF, 0xFF,
  0xFF, 0xFF, 0xEF, 0x70, 0x00, 0x00, 0x8F, 0xFF, 0xFF, 0xFF, 0xFF, 0xFF, 0xF8, 0x00, 0x00, 0x07,
  0xEE, 0xEE, 0xEE, 0xEE, 0xEE, 0xEE, 0x70, 0x00, 0x00, 0x01, 0x11, 0x11, 0x11, 0x11, 0x11, 0x10,
  0x00, 0x00, 0x00, 0x00, 0x00, 0x00, 0x00, 0x00, 0xEF, 0xFF, 0xF1, 0x00, 0x00, 0x00, 0x15, 0x8A,
  0xBA, 0xAF, 0xA7, 0x87, 0x00, 0x00, 0x00, 0x4D, 0xFF, 0xFF, 0xFF, 0xFD, 0x40, 0x00, 0x00, 0x00,
  0x4F, 0xFF, 0xFC, 0xBD, 0xFF, 0xFF, 0x50, 0x00, 0x00, 0x0B, 0xFF, 0xF8, 0x00, 0x08, 0xFF, 0xFB,
  0x00, 0x00, 0x01, 0xDF, 0xFE, 0x10, 0x00, 0x1E, 0xFF, 0xE1, 0x00, 0x00, 0x1E, 0xFF, 0xE1, 0x00,
  0x01, 0xEF, 0xFE, 0x10, 0x00, 0x00, 0xCF, 0xFF, 0x50, 0x00, 0x5F, 0xFF, 0xB0, 0x00, 0x00, 0x05,
  0xFF, 0xFE, 0x97, 0x9E, 0xFF, 0xF5, 0x00, 0x00, 0x00, 0x07, 0xEF, 0xFF, 0xFF, 0xFF, 0xE6, 0x00,
  0x00, 0x00, 0x00, 0x08, 0xFC, 0xDE, 0xDB, 0x83, 0x00, 0x00, 0x00, 0x00, 0x2C, 0xF8, 0x01, 0x10,
  0x00, 0x00, 0x00, 0x00, 0x00, 0x07, 0xFF, 0xB2, 0x11, 0x11, 0x10, 0x00, 0x00, 0x00, 0x00, 0x6F,
  0xFF, 0xFE, 0xEE, 0xEE, 0xC9, 0x40, 0x00, 0x00, 0x01, 0xAE, 0xFF, 0xFF, 0xFF, 0xFF, 0xFF, 0x70,
  0x00, 0x00, 0x05, 0xDF, 0xEF, 0xFF, 0xFF, 0xFF, 0xFF, 0x30, 0x00, 0x1B, 0xFF, 0x62, 0x33, 0x32,
  0x4D, 0xFF, 0xF7, 0x00, 0x06, 0xFF, 0xE0, 0x00, 0x00, 0x00, 0x8F, 0xEF, 0x70, 0x00, 0x7F, 0xFF,
  0x60, 0x00, 0x00, 0x2C, 0xFF, 0xF5, 0x00, 0x04, 0xFF, 0xFF, 0xCB, 0xBB, 0xBE, 0xFF, 0xFB, 0x00,
  0x00, 0x07, 0xEF, 0xFF, 0xFF, 0xFF, 0xFF, 0xFA, 0x10, 0x00, 0x00, 0x02, 0x68, 0xAA, 0xBA, 0xA8,
  0x62, 0x00, 0x00, 0x00, 0x00, 0x00, 0x00, 0x00, 0x00, 0x00, 0x00, 0x00, 0x00, 0x00, 0x01, 0x11,
  0x10, 0x00, 0x00, 0x00, 0x00, 0x00, 0x00, 0x01, 0xDE, 0xEE, 0x40, 0x00, 0x00, 0x00, 0x00, 0x00,
  0x00, 0x1E, 0xFF, 0xF5, 0x00, 0x00, 0x00, 0x00, 0x00, 0x00, 0x01, 0xEF, 0xFF, 0x50, 0x00, 0x00,
  0x00, 0x00, 0x00, 0x00, 0x1E, 0xFF, 0xF5, 0x00, 0x00, 0x00, 0x00, 0x00, 0x00, 0x01, 0xEF, 0xFF,
  0x50, 0x00, 0x00, 0x00, 0x00, 0x00, 0x00, 0x1E, 0xFF, 0xF5, 0x00, 0x00, 0x00, 0x00, 0x00, 0x00,
  0x01, 0xEF, 0xFF, 0x50, 0x49, 0xBA, 0x60, 0x00, 0x00, 0x00, 0x1E, 0xFF, 0xF4, 0x6F, 0xFF, 0xFF,
  0xB1, 0x00, 0x00, 0x01, 0xEF, 0xFF, 0x8F, 0xFF, 0xFF, 0xFF, 0x80, 0x00, 0x00, 0x1E, 0xFF, 0xFF,
  0xA6, 0x8E, 0xFF, 0xFE, 0x10, 0x00, 0x01, 0xEF, 0xFF, 0x90, 0x00, 0x6F, 0xFF, 0xF3, 0x00, 0x00,
  0x1E, 0xFF, 0xF4, 0x01, 0x01, 0xEF, 0xFF, 0x40, 0x00, 0x01, 0xEF, 0xFF, 0x50, 0x00, 0x1E, 0xFF,
  0xF5, 0x00, 0x00, 0x1E, 0xFF, 0xF5, 0x00, 0x01, 0xEF, 0xFF, 0x50, 0x00, 0x01, 0xEF, 0xFF, 0x50,
  0x00, 0x1E, 0xFF, 0xF5, 0x00, 0x00, 0x1E, 0xFF, 0xF5, 0x00, 0x01, 0xEF, 0xFF, 0x50, 0x00, 0x01,
  0xEF, 0xFF, 0x50, 0x00, 0x1E, 0xFF, 0xF5, 0x00, 0x00, 0x1E, 0xFF, 0xF5, 0x00, 0x01, 0xEF, 0xFF,
  0x50, 0x00, 0x01, 0xEF, 0xFF, 0x50, 0x00, 0x1E, 0xFF, 0xF5, 0x00, 0x00, 0x1E, 0xFF, 0xF5, 0x00,
  0x01, 0xEF, 0xFF, 0x50, 0x00, 0x01, 0xDE, 0xEE, 0x40, 0x00, 0x1D, 0xEE, 0xE4, 0x00, 0x00, 0x01,
  0x11, 0x10, 0x00, 0x00, 0x11, 0x11, 0x00, 0x00, 0x00, 0x00, 0x00, 0x00, 0x00, 0x00, 0x00, 0x00,
  0x00, 0x00, 0x00, 0x00, 0x00, 0x06, 0xAA, 0x60, 0x00, 0x00, 0x00, 0x00, 0x00, 0x00, 0x05, 0xFF,
  0xFF, 0x50, 0x00, 0x00, 0x00, 0x00, 0x00, 0x00, 0x8F, 0xEE, 0xF8, 0x00, 0x00, 0x00, 0x00, 0x00,
  0x00, 0x07, 0xFF, 0xFF, 0x70, 0x00, 0x00, 0x00, 0x00, 0x00, 0x00, 0x3E, 0xFF, 0xE3, 0x00, 0x00,
  0x00, 0x00, 0x00, 0x00, 0x00, 0x25, 0x52, 0x00, 0x00, 0x00, 0x00, 0x00, 0x00, 0x00, 0x00, 0x00,
  0x00, 0x00, 0x00, 0x00, 0x00, 0x06, 0xCC, 0xCC, 0xCD, 0xCC, 0x40, 0x00, 0x00, 0x00, 0x00, 0x8F,
  0xFF, 0xFF, 0xFF, 0xF5, 0x00, 0x00, 0x00, 0x00, 0x08, 0xFF, 0xFF, 0xFF, 0xFF, 0x50, 0x00, 0x00,
  0x00, 0x00, 0x36, 0x55, 0x6E, 0xFF, 0xF5, 0x00, 0x00, 0x00, 0x00, 0x00, 0x00, 0x00, 0xEF, 0xFF,
  0x50, 0x00, 0x00, 0x00, 0x00, 0x00, 0x00, 0x1E, 0xFF, 0xF5, 0x00, 0x00, 0x00, 0x00, 0x00, 0x00,
  0x01, 0xEF, 0xFF, 0x50, 0x00, 0x00, 0x00, 0x00, 0x00, 0x00, 0x1E, 0xFF, 0xF5, 0x00, 0x00, 0x00,
  0x00, 0x00, 0x00, 0x01, 0xEF, 0xFF, 0x50, 0x00, 0x00, 0x00, 0x00, 0x00, 0x00, 0x1E, 0xFF, 0xF5,
  0x00, 0x00, 0x00, 0x00, 0x00, 0x00, 0x00, 0xEF, 0xFF, 0x40, 0x00, 0x00, 0x00, 0x00, 0x24, 0x33,
  0x4E, 0xFF, 0xF7, 0x34, 0x42, 0x00, 0x00, 0x08, 0xFF, 0xFF, 0xFF, 0xFF, 0xFF, 0xFF, 0x80, 0x00,
  0x00, 0x8F, 0xFF, 0xFF, 0xFF, 0xFF, 0xFF, 0xF8, 0x00, 0x00, 0x07, 0xEE, 0xEE, 0xEE, 0xEE, 0xEE,
  0xEE, 0x70, 0x00, 0x00, 0x01, 0x11, 0x11, 0x11, 0x11, 0x11, 0x10, 0x00, 0x00, 0x00, 0x00, 0x00,
  0x00, 0x24, 0x20, 0x00, 0x00, 0x00, 0x00, 0x01, 0x11, 0x11, 0x10, 0x00, 0x00, 0x00, 0x00, 0x00,
  0x04, 0xEE, 0xEE, 0xEE, 0xEE, 0xE7, 0x00, 0x00, 0x00, 0x00, 0x4F, 0xFF, 0xFF, 0xFF, 0xFF, 0x80,
  0x00, 0x00, 0x00, 0x04, 0xFF, 0xFF, 0xFF, 0xFF, 0xF7, 0x00, 0x00, 0x00, 0x00, 0x13, 0x23, 0x22,
  0xCF, 0xFF, 0x70, 0x00, 0x00, 0x00, 0x00, 0x00, 0x00, 0x0B, 0xFF, 0xF7, 0x00, 0x00, 0x00, 0x00,
  0x00, 0x00, 0x00, 0xBF, 0xFF, 0x70, 0x00, 0x00, 0x00, 0x00, 0x00, 0x00, 0x0B, 0xFF, 0xF7, 0x00,
  0x00, 0x00, 0x00, 0x00, 0x00, 0x00, 0xBF, 0xFF, 0x70, 0x00, 0x00, 0x00, 0x00, 0x00, 0x00, 0x0B,
  0xFF, 0xF7, 0x00, 0x00, 0x00, 0x00, 0x00, 0x00, 0x00, 0xBF, 0xFF, 0x70, 0x00, 0x00, 0x00, 0x00,
  0x00, 0x00, 0x0B, 0xFF, 0xF7, 0x00, 0x00, 0x00, 0x00, 0x00, 0x00, 0x00, 0xBF, 0xFF, 0x70, 0x00,
  0x00, 0x00, 0x00, 0x00, 0x00, 0x0B, 0xFF, 0xF7, 0x00, 0x00, 0x00, 0x00, 0x00, 0x00, 0x00, 0xBF,
  0xFF, 0x70, 0x00, 0x00, 0x00, 0x00, 0x00, 0x00, 0x0B, 0xFF, 0xF7, 0x00, 0x00, 0x00, 0x00, 0x00,
  0x00, 0x00, 0xBF, 0xFF, 0x70, 0x00, 0x00, 0x00, 0x01, 0x32, 0x32, 0x2C, 0xFF, 0xF7, 0x00, 0x00,
  0x00, 0x00, 0x4F, 0xFF, 0xFF, 0xFF, 0xFF, 0x30, 0x00, 0x00, 0x00, 0x04, 0xFF, 0xFF, 0xFF, 0xFF,
  0x90, 0x00, 0x00, 0x00, 0x00, 0x4E, 0xEE, 0xEE, 0xEC, 0x70, 0x00, 0x00, 0x00, 0x00, 0x00, 0x11,
  0x11, 0x11, 0x00, 0x00, 0x00, 0x00, 0x00, 0x00, 0x01, 0x11, 0x10, 0x00, 0x00, 0x00, 0x00, 0x00,
  0x00, 0x01, 0xDE, 0xEE, 0x40, 0x00, 0x00, 0x00, 0x00, 0x00, 0x00, 0x1E, 0xFF, 0xF5, 0x00, 0x00,
  0x00, 0x00, 0x00, 0x00, 0x01, 0xEF, 0xFF, 0x50, 0x00, 0x00, 0x00, 0x00, 0x00, 0x00, 0x1E, 0xFF,
  0xF5, 0x00, 0x00, 0x00, 0x00, 0x00, 0x00, 0x01, 0xEF, 0xFF, 0x50, 0x00, 0x00, 0x00, 0x00, 0x00,
  0x00, 0x1E, 0xFF, 0xF5, 0x00, 0x00, 0x00, 0x00, 0x00, 0x00, 0x01, 0xEF, 0xFF, 0x50, 0x00, 0x06,
  0x87, 0x87, 0x00, 0x00, 0x1E, 0xFF, 0xF5, 0x00, 0x07, 0xFF, 0xFF, 0x50, 0x00, 0x01, 0xEF, 0xFF,
  0x50, 0x07, 0xFF, 0xFE, 0x40, 0x00, 0x00, 0x1E, 0xFF, 0xF5, 0x06, 0xFF, 0xFF, 0x50, 0x00, 0x00,
  0x01, 0xEF, 0xFF, 0x43, 0xFF, 0xFF, 0x50, 0x00, 0x00, 0x00, 0x1E, 0xFF, 0xF7, 0xDF, 0xFE, 0x50,
  0x00, 0x00, 0x00, 0x01, 0xEF, 0xFF, 0xFF, 0xFF, 0xC0, 0x00, 0x00, 0x00, 0x00, 0x1E, 0xFF, 0xFF,
  0xFF, 0xFF, 0x70, 0x00, 0x00, 0x00, 0x01, 0xEF, 0xFF, 0xFD, 0xFF, 0xFF, 0x30, 0x00, 0x00, 0x00,
  0x1E, 0xFF, 0xFB, 0x1B, 0xFF, 0xFD, 0x10, 0x00, 0x00, 0x01, 0xEF, 0xFF, 0x40, 0x3E, 0xFF, 0xF9,
  0x00, 0x00, 0x00, 0x1E, 0xFF, 0xF5, 0x00, 0x7F, 0xFF, 0xF5, 0x00, 0x00, 0x01, 0xEF, 0xFF, 0x50,
  0x00, 0xBF, 0xFF, 0xE2, 0x00, 0x00, 0x1E, 0xFF, 0xF5, 0x00, 0x03, 0xEF, 0xFF, 0xB0, 0x00, 0x01,
  0xDE, 0xEE, 0x40, 0x00, 0x07, 0xEE, 0xEE, 0x60, 0x00, 0x01, 0x11, 0x10, 0x00, 0x00, 0x01, 0x11,
  0x11, 0x00, 0x00, 0x01, 0x11, 0x11, 0x11, 0x10, 0x00, 0x00, 0x00, 0x00, 0x01, 0xDE, 0xEE, 0xEE,
  0xEE, 0x70, 0x00, 0x00, 0x00, 0x00, 0x1F, 0xFF, 0xFF, 0xFF, 0xF8, 0x00, 0x00, 0x00, 0x00, 0x01,
  0xEF, 0xFF, 0xFF, 0xFF, 0x70, 0x00, 0x00, 0x00, 0x00, 0x02, 0x32, 0x2C, 0xFF, 0xF7, 0x00, 0x00,
  0x00, 0x00, 0x00, 0x00, 0x00, 0xBF, 0xFF, 0x70, 0x00, 0x00, 0x00, 0x00, 0x00, 0x00, 0x0B, 0xFF,
  0xF7, 0x00, 0x00, 0x00, 0x00, 0x00, 0x00, 0x00, 0xBF, 0xFF, 0x70, 0x00, 0x00, 0x00, 0x00, 0x00,
  0x00, 0x0B, 0xFF, 0xF7, 0x00, 0x00, 0x00, 0x00, 0x00, 0x00, 0x00, 0xBF, 0xFF, 0x70, 0x00, 0x00,
  0x00, 0x00, 0x00, 0x00, 0x0B, 0xFF, 0xF7, 0x00, 0x00, 0x00, 0x00, 0x00, 0x00, 0x00, 0xBF, 0xFF,
  0x70, 0x00, 0x00, 0x00, 0x00, 0x00, 0x00, 0x0B, 0xFF, 0xF7, 0x00, 0x00, 0x00, 0x00, 0x00, 0x00,
  0x00, 0xBF, 0xFF, 0x70, 0x00, 0x00, 0x00, 0x00, 0x00, 0x00, 0x0B, 0xFF, 0xF7, 0x00, 0x00, 0x00,
  0x00, 0x00, 0x00, 0x00, 0xBF, 0xFF, 0x70, 0x00, 0x00, 0x00, 0x00, 0x00, 0x00, 0x0B, 0xFF, 0xF8,
  0x00, 0x00, 0x00, 0x00, 0x00, 0x00, 0x00, 0xBF, 0xFF, 0x70, 0x00, 0x00, 0x00, 0x00, 0x02, 0x32,
  0x2C, 0xFF, 0xF9, 0x23, 0x32, 0x00, 0x00, 0x01, 0xEF, 0xFF, 0xFF, 0xFF, 0xFF, 0xFF, 0xE1, 0x00,
  0x00, 0x1F, 0xFF, 0xFF, 0xFF, 0xFF, 0xFF, 0xFF, 0x10, 0x00, 0x01, 0xDE, 0xEE, 0xEE, 0xEE, 0xEE,
  0xEE, 0xD1, 0x00, 0x00, 0x01, 0x11, 0x11, 0x11, 0x11, 0x11, 0x11, 0x00, 0x00, 0x00, 0x00, 0x00,
  0x00, 0x00, 0x00, 0x00, 0x00, 0x00, 0x00, 0x07, 0x77, 0x30, 0x8B, 0x81, 0x03, 0x9B, 0x81, 0x00,
  0x01, 0xFF, 0xF7, 0x8F, 0xFF, 0x92, 0xEF, 0xFF, 0xB0, 0x00, 0x1E, 0xFF, 0xCF, 0xFF, 0xFE, 0xBF,
  0xFF, 0xFF, 0x40, 0x01, 0xEF, 0xFE, 0x7A, 0xFF, 0xFE, 0x7A, 0xFF, 0xF6, 0x00, 0x1E, 0xFF, 0x80,
  0x1E, 0xFF, 0x80, 0x1F, 0xFF, 0x70, 0x01, 0xEF, 0xF7, 0x01, 0xEF, 0xF7, 0x01, 0xEF, 0xF7, 0x00,
  0x1E, 0xFF, 0x80, 0x1E, 0xFF, 0x80, 0x1E, 0xFF, 0x70, 0x01, 0xEF, 0xF8, 0x01, 0xEF, 0xF8, 0x01,
  0xEF, 0xF7, 0x00, 0x1E, 0xFF, 0x80, 0x1E, 0xFF, 0x80, 0x1E, 0xFF, 0x70, 0x01, 0xEF, 0xF8, 0x01,
  0xEF, 0xF8, 0x01, 0xEF, 0xF7, 0x00, 0x1E, 0xFF, 0x80, 0x1E, 0xFF, 0x80, 0x1E, 0xFF, 0x70, 0x01,
  0xEF, 0xF8, 0x01, 0xEF, 0xF8, 0x01, 0xEF, 0xF7, 0x00, 0x1E, 0xFF, 0x80, 0x1E, 0xFF, 0x80, 0x1E,
  0xFF, 0x70, 0x01, 0xFF, 0xF8, 0x01, 0xEF, 0xF8, 0x01, 0xEF, 0xF8, 0x00, 0x1D, 0xEE, 0x70, 0x1D,
  0xEE, 0x70, 0x1D, 0xEE, 0x70, 0x00, 0x11, 0x10, 0x00, 0x11, 0x10, 0x00, 0x11, 0x10, 0x00, 0x00,
  0x00, 0x00, 0x00, 0x00, 0x00, 0x00, 0x00, 0x00, 0x00, 0x00, 0x77, 0x77, 0x20, 0x49, 0xA9, 0x60,
  0x00, 0x00, 0x00, 0x1F, 0xFF, 0xF4, 0x6F, 0xFF, 0xFF, 0xB1, 0x00, 0x00, 0x01, 0xEF, 0xFE, 0x8F,
  0xFF, 0xFF, 0xFF, 0x80, 0x00, 0x00, 0x1E, 0xFF, 0xFF, 0xA6, 0x8E, 0xFF, 0xFE, 0x10, 0x00, 0x01,
  0xEF, 0xFF, 0x80, 0x00, 0x6F, 0xFF, 0xF3, 0x00, 0x00, 0x1E, 0xFF, 0xF4, 0x01, 0x01, 0xEF, 0xFF,
  0x40, 0x00, 0x01, 0xEF, 0xFF, 0x50, 0x00, 0x1E, 0xFF, 0xF5, 0x00, 0x00, 0x1E, 0xFF, 0xF5, 0x00,
  0x01, 0xEF, 0xFF, 0x50, 0x00, 0x01, 0xEF, 0xFF, 0x50, 0x00, 0x1E, 0xFF, 0xF5, 0x00, 0x00, 0x1E,
  0xFF, 0xF5, 0x00, 0x01, 0xEF, 0xFF, 0x50, 0x00, 0x01, 0xEF, 0xFF, 0x50, 0x00, 0x1E, 0xFF, 0xF5,
  0x00, 0x00, 0x1E, 0xFF, 0xF5, 0x00, 0x01, 0xEF, 0xFF, 0x50, 0x00, 0x01, 0xEF, 0xFF, 0x50, 0x00,
  0x1E, 0xFF, 0xF5, 0x00, 0x00, 0x1E, 0xFF, 0xF5, 0x00, 0x01, 0xEF, 0xFF, 0x50, 0x00, 0x01, 0xDE,
  0xEE, 0x40, 0x00, 0x1D, 0xEE, 0xE4, 0x00, 0x00, 0x01, 0x11, 0x10, 0x00, 0x00, 0x11, 0x11, 0x00,
  0x00, 0x00, 0x00, 0x00, 0x00, 0x00, 0x00, 0x00, 0x00, 0x00, 0x00, 0x00, 0x00, 0x04, 0x8A, 0xA9,
  0x62, 0x00, 0x00, 0x00, 0x00, 0x00, 0x3B, 0xFF, 0xFF, 0xFF, 0xE8, 0x00, 0x00, 0x00, 0x00, 0x3E,
  0xFF, 0xFF, 0xFF, 0xFF, 0xF9, 0x00, 0x00, 0x00, 0x1D, 0xFF, 0xFE, 0x98, 0xBF, 0xFF, 0xF6, 0x00,
  0x00, 0x06, 0xFF, 0xFD, 0x20, 0x00, 0x8F, 0xFF, 0xD0, 0x00, 0x00, 0xAF, 0xFF, 0x70, 0x00, 0x01,
  0xEF, 0xFF, 0x30, 0x00, 0x0D, 0xFF, 0xF5, 0x00, 0x00, 0x0C, 0xFF, 0xF6, 0x00, 0x01, 0xEF, 0xFF,
  0x50, 0x00, 0x00, 0xBF, 0xFF, 0x70, 0x00, 0x1E, 0xFF, 0xF5, 0x00, 0x00, 0x0B, 0xFF, 0xF7, 0x00,
  0x00, 0xDF, 0xFF, 0x50, 0x00, 0x00, 0xCF, 0xFF, 0x60, 0x00, 0x0A, 0xFF, 0xF7, 0x00, 0x00, 0x1E,
  0xFF, 0xF3, 0x00, 0x00, 0x6F, 0xFF, 0xD2, 0x00, 0x08, 0xFF, 0xFD, 0x00, 0x00, 0x01, 0xDF, 0xFF,
  0xE9, 0x8B, 0xFF, 0xFF, 0x60, 0x00, 0x00, 0x03, 0xEF, 0xFF, 0xFF, 0xFF, 0xFF, 0x90, 0x00, 0x00,
  0x00, 0x03, 0xBF, 0xFF, 0xFF, 0xFE, 0x80, 0x00, 0x00, 0x00, 0x00, 0x00, 0x48, 0xAA, 0x96, 0x20,
  0x00, 0x00, 0x00, 0x00, 0x00, 0x00, 0x00, 0x00, 0x00, 0x00, 0x00, 0x00, 0x00, 0x00, 0x00, 0x00,
  0x00, 0x00, 0x00, 0x00, 0x00, 0x00, 0x04, 0x88, 0x86, 0x01, 0x7A, 0xB9, 0x40, 0x00, 0x00, 0x00,
  0x8F, 0xFF, 0xC2, 0xDF, 0xFF, 0xFF, 0x80, 0x00, 0x00, 0x07, 0xFE, 0xFB, 0xBF, 0xFF, 0xFF, 0xFF,
  0x50, 0x00, 0x00, 0x8F, 0xFF, 0xFC, 0x65, 0x7E, 0xFF, 0xFC, 0x00, 0x00, 0x08, 0xFF, 0xFE, 0x10,
  0x00, 0x5F, 0xFF, 0xF3, 0x00, 0x00, 0x8F, 0xFF, 0xB0, 0x00, 0x00, 0xDF, 0xFF, 0x60, 0x00, 0x08,
  0xFF, 0xFB, 0x00, 0x00, 0x0B, 0xFF, 0xF7, 0x00, 0x00, 0x8F, 0xFF, 0xB0, 0x00, 0x00, 0xBF, 0xFF,
  0x70, 0x00, 0x08, 0xFF, 0xFB, 0x00, 0x00, 0x0B, 0xFF, 0xF7, 0x00, 0x00, 0x8F, 0xFF, 0xB0, 0x00,
  0x00, 0xCF, 0xFF, 0x60, 0x00, 0x08, 0xFF, 0xFD, 0x10, 0x00, 0x4F, 0xFF, 0xF3, 0x00, 0x00, 0x8F,
  0xFF, 0xFB, 0x43, 0x6D, 0xFF, 0xFC, 0x00, 0x00, 0x08, 0xFF, 0xFC, 0xEF, 0xFF, 0xFF, 0xFF, 0x50,
  0x00, 0x00, 0x8F, 0xFF, 0xB4, 0xEF, 0xFF, 0xFF, 0x80, 0x00, 0x00, 0x08, 0xFF, 0xFB, 0x04, 0xAC,
  0xCA, 0x50, 0x00, 0x00, 0x00, 0x8F, 0xFF, 0xB0, 0x00, 0x00, 0x00, 0x00, 0x00, 0x00, 0x08, 0xFF,
  0xFB, 0x00, 0x00, 0x00, 0x00, 0x00, 0x00, 0x00, 0x8F, 0xFF, 0xB0, 0x00, 0x00, 0x00, 0x00, 0x00,
  0x00, 0x08, 0xFF, 0xFB, 0x00, 0x00, 0x00, 0x00, 0x00, 0x00, 0x00, 0x7E, 0xEE, 0xB0, 0x00, 0x00,
  0x00, 0x00, 0x00, 0x00, 0x01, 0x11, 0x11, 0x00, 0x00, 0x00, 0x00, 0x00, 0x00, 0x00, 0x00, 0x00,
  0x00, 0x00, 0x00, 0x00, 0x00, 0x00, 0x00, 0x00, 0x01, 0x7A, 0xB9, 0x40, 0x28, 0x88, 0x70, 0x00,
  0x00, 0x02, 0xDF, 0xFF, 0xFF, 0x74, 0xFF, 0xFF, 0x10, 0x00, 0x00, 0xCF, 0xFF, 0xFF, 0xFF, 0x9E,
  0xFF, 0xE1, 0x00, 0x00, 0x5F, 0xFF, 0xFB, 0x55, 0x9F, 0xFF, 0xFE, 0x10, 0x00, 0x0A, 0xFF, 0xFB,
  0x00, 0x00, 0x8F, 0xFF, 0xE1, 0x00, 0x00, 0xCF, 0xFF, 0x60, 0x00, 0x04, 0xFF, 0xFE, 0x10, 0x00,
  0x1E, 0xFF, 0xF5, 0x00, 0x00, 0x5F, 0xFF, 0xE1, 0x00, 0x01, 0xEF, 0xFF, 0x50, 0x00, 0x05, 0xFF,
  0xFE, 0x10, 0x00, 0x1E, 0xFF, 0xF5, 0x00, 0x00, 0x5F, 0xFF, 0xE1, 0x00, 0x00, 0xDF, 0xFF, 0x50,
  0x00, 0x04, 0xFF, 0xFE, 0x10, 0x00, 0x0A, 0xFF, 0xFA, 0x00, 0x00, 0x7F, 0xFF, 0xE1, 0x00, 0x00,
  0x6F, 0xFF, 0xF9, 0x43, 0x7E, 0xFF, 0xFE, 0x10, 0x00, 0x01, 0xDF, 0xFF, 0xFF, 0xFF, 0xAF, 0xFF,
  0xE1, 0x00, 0x00, 0x03, 0xEF, 0xFF, 0xFF, 0x74, 0xFF, 0xFE, 0x10, 0x00, 0x00, 0x02, 0x8B, 0xCB,
  0x60, 0x5F, 0xFF, 0xE1, 0x00, 0x00, 0x00, 0x00, 0x01, 0x00, 0x05, 0xFF, 0xFE, 0x10, 0x00, 0x00,
  0x00, 0x00, 0x00, 0x00, 0x5F, 0xFF, 0xE1, 0x00, 0x00, 0x00, 0x00, 0x00, 0x00, 0x05, 0xFF, 0xFE,
  0x10, 0x00, 0x00, 0x00, 0x00, 0x00, 0x00, 0x5F, 0xFF, 0xE1, 0x00, 0x00, 0x00, 0x00, 0x00, 0x00,
  0x04, 0xEE, 0xED, 0x10, 0x00, 0x00, 0x00, 0x00, 0x00, 0x00, 0x01, 0x11, 0x10, 0x00, 0x00, 0x01,
  0x11, 0x11, 0x11, 0x10, 0x00, 0x11, 0x10, 0x00, 0x01, 0xDE, 0xEE, 0xEE, 0xE7, 0x02, 0x9D, 0xEA,
  0x00, 0x00, 0x1F, 0xFF, 0xFF, 0xFF, 0x71, 0xEF, 0xFF, 0xB0, 0x00, 0x01, 0xDE, 0xEF, 0xFF, 0xF7,
  0x9F, 0xFF, 0xFB, 0x00, 0x00, 0x01, 0x11, 0xCF, 0xFF, 0xAE, 0xED, 0xCD, 0x90, 0x00, 0x00, 0x00,
  0x0B, 0xFF, 0xFF, 0x82, 0x00, 0x00, 0x00, 0x00, 0x00, 0x00, 0xBF, 0xFF, 0xC0, 0x00, 0x00, 0x00,
  0x00, 0x00, 0x00, 0x0B, 0xFF, 0xF8, 0x00, 0x00, 0x00, 0x00, 0x00, 0x00, 0x00, 0xBF, 0xFF, 0x70,
  0x00, 0x00, 0x00, 0x00, 0x00, 0x00, 0x0B, 0xFF, 0xF8, 0x00, 0x00, 0x00, 0x00, 0x00, 0x00, 0x00,
  0xBF, 0xFF, 0x70, 0x00, 0x00, 0x00, 0x00, 0x00, 0x11, 0x1C, 0xFF, 0xF8, 0x11, 0x11, 0x00, 0x00,
  0x00, 0x1D, 0xEE, 0xFF, 0xFF, 0xED, 0xEE, 0xD1, 0x00, 0x00, 0x01, 0xFF, 0xFF, 0xFF, 0xFF, 0xFF,
  0xFF, 0x10, 0x00, 0x00, 0x1D, 0xEE, 0xEE, 0xEE, 0xEE, 0xEE, 0xD1, 0x00, 0x00, 0x00, 0x11, 0x11,
  0x11, 0x11, 0x11, 0x11, 0x00, 0x00, 0x00, 0x00, 0x00, 0x00, 0x00, 0x00, 0x00, 0x00, 0x00, 0x00,
  0x00, 0x00, 0x04, 0x79, 0xAA, 0x86, 0x10, 0x00, 0x00, 0x00, 0x00, 0x3C, 0xFF, 0xFF, 0xFF, 0xFE,
  0x70, 0x00, 0x00, 0x00, 0x3E, 0xFF, 0xFF, 0xFF, 0xFF, 0xFF, 0x80, 0x00, 0x00, 0x0A, 0xFF, 0xFE,
  0xA8, 0x9B, 0xFF, 0xE4, 0x00, 0x00, 0x01, 0xDF, 0xFF, 0x60, 0x00, 0x04, 0xC4, 0x00, 0x00, 0x00,
  0x1E, 0xFF, 0xF8, 0x10, 0x00, 0x00, 0x00, 0x00, 0x00, 0x00, 0xBF, 0xFF, 0xFD, 0xB8, 0x63, 0x00,
  0x00, 0x00, 0x00, 0x04, 0xFF, 0xFF, 0xFF, 0xFF, 0xFC, 0x40, 0x00, 0x00, 0x00, 0x04, 0xBF, 0xFF,
  0xFF, 0xFF, 0xFF, 0x40, 0x00, 0x00, 0x00, 0x00, 0x35, 0x8A, 0xCF, 0xFF, 0xFC, 0x00, 0x00, 0x00,
  0x03, 0x00, 0x00, 0x00, 0x7F, 0xFF, 0xE1, 0x00, 0x00, 0x06, 0xFA, 0x20, 0x00, 0x07, 0xFF, 0xFD,
  0x00, 0x00, 0x07, 0xFF, 0xFE, 0xA8, 0x8A, 0xFF, 0xFF, 0xA0, 0x00, 0x00, 0x4E, 0xFF, 0xFF, 0xFF,
  0xFF, 0xFF, 0xE3, 0x00, 0x00, 0x00, 0x2A, 0xFF, 0xFF, 0xFF, 0xFF, 0xC3, 0x00, 0x00, 0x00, 0x00,
  0x02, 0x69, 0xAA, 0x97, 0x40, 0x00, 0x00, 0x00, 0x00, 0x00, 0x00, 0x00, 0x00, 0x00, 0x00, 0x00,
  0x00, 0x00, 0x00, 0x00, 0x00, 0x00, 0x00, 0x00, 0x00, 0x00, 0x00, 0x00, 0x00, 0x01, 0x11, 0x10,
  0x00, 0x00, 0x00, 0x00, 0x00, 0x00, 0x01, 0xDE, 0xED, 0x10, 0x00, 0x00, 0x00, 0x00, 0x00, 0x00,
  0x1E, 0xFF, 0xE1, 0x00, 0x00, 0x00, 0x00, 0x00, 0x00, 0x01, 0xEF, 0xFE, 0x10, 0x00, 0x00, 0x00,
  0x00, 0x00, 0x00, 0x1E, 0xFF, 0xE1, 0x00, 0x00, 0x00, 0x00, 0x00, 0x00, 0x02, 0xFF, 0xFE, 0x00,
  0x00, 0x00, 0x00, 0x00, 0x07, 0x88, 0xCF, 0xFF, 0xF8, 0x78, 0x77, 0x40, 0x00, 0x01, 0xFF, 0xFF,
  0xFF, 0xFF, 0xFF, 0xFF, 0xF8, 0x00, 0x00, 0x1F, 0xFF, 0xFF, 0xFF, 0xFF, 0xFF, 0xFF, 0x80, 0x00,
  0x00, 0x99, 0x9B, 0xFF, 0xFF, 0x99, 0x99, 0x95, 0x00, 0x00, 0x00, 0x00, 0x4F, 0xFF, 0xE0, 0x00,
  0x00, 0x00, 0x00, 0x00, 0x00, 0x05, 0xFF, 0xFE, 0x10, 0x00, 0x00, 0x00, 0x00, 0x00, 0x00, 0x5F,
  0xFF, 0xE1, 0x00, 0x00, 0x00, 0x00, 0x00, 0x00, 0x05, 0xFF, 0xFE, 0x10, 0x00, 0x00, 0x00, 0x00,
  0x00, 0x00, 0x5F, 0xFF, 0xE1, 0x00, 0x00, 0x00, 0x00, 0x00, 0x00, 0x05, 0xFF, 0xFE, 0x10, 0x00,
  0x00, 0x00, 0x00, 0x00, 0x00, 0x5F, 0xFF, 0xE0, 0x00, 0x00, 0x00, 0x00, 0x00, 0x00, 0x04, 0xFF,
  0xFE, 0x32, 0x32, 0x31, 0x00, 0x00, 0x00, 0x00, 0x1E, 0xFF, 0xFF, 0xFF, 0xEF, 0x70, 0x00, 0x00,
  0x00, 0x00, 0x6F, 0xFF, 0xFF, 0xFF, 0xF8, 0x00, 0x00, 0x00, 0x00, 0x00, 0x5B, 0xDE, 0xEE, 0xEE,
  0x70, 0x00, 0x00, 0x00, 0x00, 0x00, 0x01, 0x11, 0x11, 0x10, 0x00, 0x00, 0x00, 0x01, 0x11, 0x10,
  0x00, 0x00, 0x11, 0x11, 0x00, 0x00, 0x07, 0xEE, 0xEB, 0x00, 0x00, 0x7E, 0xEE, 0xB0, 0x00, 0x00,
  0x8F, 0xFF, 0xC0, 0x00, 0x08, 0xFF, 0xFC, 0x00, 0x00, 0x08, 0xFF, 0xFB, 0x00, 0x00, 0x7F, 0xFF,
  0xB0, 0x00, 0x00, 0x8F, 0xFF, 0xB0, 0x00, 0x07, 0xFF, 0xFB, 0x00, 0x00, 0x08, 0xFF, 0xFB, 0x00,
  0x00, 0x7F, 0xFF, 0xB0, 0x00, 0x00, 0x8F, 0xFF, 0xB0, 0x00, 0x07, 0xFF, 0xFB, 0x00, 0x00, 0x08,
  0xFF, 0xFB, 0x00, 0x00, 0x7F, 0xFF, 0xB0, 0x00, 0x00, 0x8F, 0xFF, 0xB0, 0x00, 0x07, 0xFF, 0xFB,
  0x00, 0x00, 0x08, 0xFF, 0xFB, 0x00, 0x00, 0x7F, 0xFF, 0xB0, 0x00, 0x00, 0x7F, 0xFF, 0xC0, 0x01,
  0x07, 0xFF, 0xFB, 0x00, 0x00, 0x06, 0xFF, 0xFE, 0x30, 0x00, 0xCF, 0xFF, 0xB0, 0x00, 0x00, 0x3F,
  0xFF, 0xFD, 0x77, 0xBF, 0xFF, 0xFB, 0x00, 0x00, 0x00, 0xBF, 0xFF, 0xFF, 0xFD, 0x9F, 0xEF, 0xB0,
  0x00, 0x00, 0x02, 0xDF, 0xFF, 0xFE, 0x37, 0xFF, 0xFC, 0x00, 0x00, 0x00, 0x01, 0x7A, 0xA8, 0x30,
  0x47, 0x77, 0x60, 0x00, 0x00, 0x00, 0x00, 0x00, 0x00, 0x00, 0x00, 0x00, 0x00, 0x00, 0x00, 0x11,
  0x11, 0x00, 0x00, 0x00, 0x01, 0x11, 0x10, 0x00, 0x1E, 0xEE, 0xE4, 0x00, 0x00, 0x05, 0xEE, 0xEC,
  0x00, 0x00, 0xAF, 0xFF, 0x90, 0x00, 0x00, 0x9F, 0xFF, 0x70, 0x00, 0x05, 0xFF, 0xFD, 0x00, 0x00,
  0x1D, 0xFF, 0xF2, 0x00, 0x00, 0x1D, 0xFF, 0xF4, 0x00, 0x04, 0xFF, 0xFB, 0x00, 0x00, 0x00, 0x9F,
  0xFF, 0x80, 0x00, 0x8F, 0xFF, 0x60, 0x00, 0x00, 0x03, 0xFF, 0xFC, 0x00, 0x0D, 0xFF, 0xE1, 0x00,
  0x00, 0x00, 0x0C, 0xFF, 0xF3, 0x03, 0xFF, 0xF9, 0x00, 0x00, 0x00, 0x00, 0x7F, 0xFF, 0x70, 0x7F,
  0xFF, 0x40, 0x00, 0x00, 0x00, 0x02, 0xFF, 0xFB, 0x0B, 0xFF, 0xD0, 0x00, 0x00, 0x00, 0x00, 0x0B,
  0xFF, 0xE3, 0xEF, 0xF8, 0x00, 0x00, 0x00, 0x00, 0x00, 0x6F, 0xFF, 0xBF, 0xFF, 0x30, 0x00, 0x00,
  0x00, 0x00, 0x01, 0xEF, 0xFF, 0xFF, 0xC0, 0x00, 0x00, 0x00, 0x00, 0x00, 0x09, 0xFF, 0xFF, 0xF7,
  0x00, 0x00, 0x00, 0x00, 0x00, 0x00, 0x4E, 0xEE, 0xEE, 0x20, 0x00, 0x00, 0x00, 0x00, 0x00, 0x00,
  0x11, 0x11, 0x10, 0x00, 0x00, 0x00, 0x01, 0x11, 0x10, 0x00, 0x11, 0x10, 0x00, 0x11, 0x11, 0x00,
  0xAE, 0xEA, 0x00, 0x6E, 0xEE, 0x60, 0x0A, 0xEE, 0x70, 0x09, 0xFF, 0xB0, 0x09, 0xFF, 0xF8, 0x00,
  0xCF, 0xF6, 0x00, 0x7F, 0xFD, 0x00, 0xBF, 0xEF, 0xA0, 0x1D, 0xFF, 0x50, 0x06, 0xFF, 0xE1, 0x0D,
  0xFF, 0xFC, 0x01, 0xEF, 0xF3, 0x00, 0x4F, 0xFF, 0x11, 0xFE, 0xCF, 0xE0, 0x2F, 0xFE, 0x10, 0x03,
  0xFF, 0xF2, 0x3F, 0xE6, 0xFF, 0x23, 0xFF, 0xD0, 0x00, 0x1E, 0xFF, 0x35, 0xFD, 0x3F, 0xF4, 0x4F,
  0xFC, 0x00, 0x00, 0xDF, 0xF4, 0x6F, 0xB1, 0xEF, 0x65, 0xFF, 0xA0, 0x00, 0x0B, 0xFF, 0x68, 0xF9,
  0x0C, 0xF7, 0x6F, 0xF8, 0x00, 0x00, 0x9F, 0xF8, 0xAF, 0x70, 0xAF, 0xA8, 0xFF, 0x70, 0x00, 0x08,
  0xFF, 0xAD, 0xF6, 0x08, 0xFC, 0xAF, 0xF5, 0x00, 0x00, 0x6F, 0xFE, 0xFF, 0x40, 0x6F, 0xFE, 0xFF,
  0x40, 0x00, 0x05, 0xFF, 0xFF, 0xF2, 0x04, 0xFF, 0xFF, 0xF2, 0x00, 0x00, 0x3E, 0xEE, 0xEC, 0x00,
  0x2E, 0xEE, 0xED, 0x10, 0x00, 0x00, 0x11, 0x11, 0x10, 0x00, 0x11, 0x11, 0x10, 0x00, 0x00, 0x11,
  0x11, 0x10, 0x00, 0x00, 0x01, 0x11, 0x10, 0x00, 0x08, 0xFE, 0xED, 0x20, 0x00, 0x1C, 0xEE, 0xE6,
  0x00, 0x00, 0x1D, 0xFF, 0xFB, 0x00, 0x09, 0xFF, 0xFA, 0x00, 0x00, 0x00, 0x3E, 0xFF, 0xF7, 0x05,
  0xFF, 0xFC, 0x10, 0x00, 0x00, 0x00, 0x6F, 0xFF, 0xE4, 0xDF, 0xFE, 0x30, 0x00, 0x00, 0x00, 0x00,
  0xAF, 0xFF, 0xFF, 0xFF, 0x60, 0x00, 0x00, 0x00, 0x00, 0x01, 0xDF, 0xFF, 0xFF, 0x90, 0x00, 0x00,
  0x00, 0x00, 0x00, 0x04, 0xFF, 0xFF, 0xD1, 0x00, 0x00, 0x00, 0x00, 0x00, 0x00, 0x6F, 0xFF, 0xFF,
  0x50, 0x00, 0x00, 0x00, 0x00, 0x00, 0x3F, 0xFF, 0xFF, 0xFE, 0x20, 0x00, 0x00, 0x00, 0x00, 0x1D,
  0xFF, 0xEC, 0xFF, 0xFC, 0x00, 0x00, 0x00, 0x00, 0x0A, 0xFF, 0xF6, 0x1E, 0xFF, 0xF8, 0x00, 0x00,
  0x00, 0x07, 0xFF, 0xFB, 0x00, 0x5F, 0xFF, 0xF5, 0x00, 0x00, 0x04, 0xFF, 0xFE, 0x20, 0x00, 0xAF,
  0xFF, 0xE2, 0x00, 0x01, 0xCE, 0xEE, 0x60, 0x00, 0x01, 0xCE, 0xEE, 0xA0, 0x00, 0x11, 0x11, 0x10,
  0x00, 0x00, 0x01, 0x11, 0x11, 0x00, 0x01, 0x11, 0x11, 0x00, 0x00, 0x00, 0x01, 0x11, 0x10, 0x00,
  0x4E, 0xEE, 0xE3, 0x00, 0x00, 0x02, 0xEE, 0xED, 0x20, 0x00, 0xDF, 0xFF, 0x80, 0x00, 0x00, 0x7F,
  0xFF, 0xA0, 0x00, 0x07, 0xFF, 0xFC, 0x00, 0x00, 0x0C, 0xFF, 0xF4, 0x00, 0x00, 0x2E, 0xFF, 0xF3,
  0x00, 0x03, 0xFF, 0xFC, 0x00, 0x00, 0x00, 0x9F, 0xFF, 0x80, 0x00, 0x8F, 0xFF, 0x70, 0x00, 0x00,
  0x04, 0xFF, 0xFD, 0x00, 0x0D, 0xFF, 0xE2, 0x00, 0x00, 0x00, 0x0C, 0xFF, 0xF4, 0x04, 0xFF, 0xF9,
  0x00, 0x00, 0x00, 0x00, 0x6F, 0xFF, 0x80, 0x8F, 0xFF, 0x40, 0x00, 0x00, 0x00, 0x01, 0xEF, 0xFC,
  0x0C, 0xFF, 0xC0, 0x00, 0x00, 0x00, 0x00, 0x09, 0xFF, 0xE5, 0xEF, 0xF6, 0x00, 0x00, 0x00, 0x00,
  0x00, 0x3F, 0xFF, 0xEF, 0xFE, 0x10, 0x00, 0x00, 0x00, 0x00, 0x00, 0xCF, 0xFF, 0xFF, 0x90, 0x00,
  0x00, 0x00, 0x00, 0x00, 0x06, 0xFF, 0xFF, 0xF3, 0x00, 0x00, 0x00, 0x00, 0x00, 0x00, 0x1D, 0xFF,
  0xFC, 0x00, 0x00, 0x00, 0x00, 0x00, 0x00, 0x00, 0xAF, 0xFF, 0x60, 0x00, 0x00, 0x00, 0x00, 0x00,
  0x00, 0x1E, 0xFF, 0xE1, 0x00, 0x00, 0x00, 0x00, 0x00, 0x23, 0x27, 0xFF, 0xF8, 0x00, 0x00, 0x00,
  0x00, 0x00, 0x1E, 0xFE, 0xFF, 0xFF, 0x20, 0x00, 0x00, 0x00, 0x00, 0x01, 0xFF, 0xFF, 0xFF, 0x60,
  0x00, 0x00, 0x00, 0x00, 0x00, 0x1D, 0xEE, 0xDB, 0x50, 0x00, 0x00, 0x00, 0x00, 0x00, 0x00, 0x11,
  0x11, 0x00, 0x00, 0x00, 0x00, 0x00, 0x00, 0x00, 0x01, 0x11, 0x11, 0x11, 0x11, 0x11, 0x11, 0x00,
  0x00, 0x00, 0x7E, 0xEE, 0xEE, 0xEE, 0xEE, 0xEE, 0xD1, 0x00, 0x00, 0x08, 0xFF, 0xFF, 0xFF, 0xFF,
  0xFF, 0xFE, 0x10, 0x00, 0x00, 0x7E, 0xDE, 0xEE, 0xED, 0xFF, 0xFF, 0xF1, 0x00, 0x00, 0x01, 0x11,
  0x11, 0x11, 0x7F, 0xFF, 0xFA, 0x00, 0x00, 0x00, 0x00, 0x00, 0x00, 0x6F, 0xFF, 0xFA, 0x00, 0x00,
  0x00, 0x00, 0x00, 0x00, 0x7F, 0xFF, 0xF9, 0x00, 0x00, 0x00, 0x00, 0x00, 0x00, 0x7F, 0xFF, 0xF9,
  0x00, 0x00, 0x00, 0x00, 0x00, 0x00, 0x8F, 0xFF, 0xF9, 0x00, 0x00, 0x00, 0x00, 0x00, 0x00, 0x9F,
  0xFF, 0xF8, 0x00, 0x00, 0x00, 0x00, 0x00, 0x00, 0x9F, 0xFF, 0xF8, 0x00, 0x00, 0x00, 0x00, 0x00,
  0x00, 0xAF, 0xFF, 0xF9, 0x11, 0x11, 0x11, 0x10, 0x00, 0x00, 0x1F, 0xFF, 0xFF, 0xDE, 0xEE, 0xEE,
  0xED, 0x10, 0x00, 0x01, 0xEF, 0xFF, 0xFF, 0xFF, 0xFF, 0xFF, 0xF1, 0x00, 0x00, 0x1D, 0xEE, 0xEE,
  0xEE, 0xEE, 0xEE, 0xED, 0x10, 0x00, 0x00, 0x11, 0x11, 0x11, 0x11, 0x11, 0x11, 0x10, 0x00, 0x00,
  0x00, 0x00, 0x00, 0x00, 0x11, 0x11, 0x10, 0x00, 0x00, 0x00, 0x00, 0x00, 0x18, 0xDE, 0xEE, 0xEE,
  0x70, 0x00, 0x00, 0x00, 0x00, 0x09, 0xFF, 0xFF, 0xFF, 0xF8, 0x00, 0x00, 0x00, 0x00, 0x01, 0xEF,
  0xFF, 0xFF, 0xEF, 0x70, 0x00, 0x00, 0x00, 0x00, 0x1E, 0xFF, 0x82, 0x21, 0x21, 0x00, 0x00, 0x00,
  0x00, 0x01, 0xEF, 0xF7, 0x00, 0x00, 0x00, 0x00, 0x00, 0x00, 0x00, 0x0C, 0xFF, 0xA0, 0x00, 0x00,
  0x00, 0x00, 0x00, 0x00, 0x00, 0x6F, 0xFF, 0x40, 0x00, 0x00, 0x00, 0x00, 0x00, 0x00, 0x00, 0x9F,
  0xFD, 0x10, 0x00, 0x00, 0x00, 0x00, 0x00, 0x00, 0x01, 0xCF, 0xF9, 0x00, 0x00, 0x00, 0x00, 0x00,
  0x00, 0x00, 0x08, 0xFF, 0xE1, 0x00, 0x00, 0x00, 0x00, 0x01, 0x11, 0x14, 0xDF, 0xFD, 0x00, 0x00,
  0x00, 0x00, 0x04, 0xDD, 0xDD, 0xFF, 0xFE, 0x50, 0x00, 0x00, 0x00, 0x00, 0x4F, 0xFF, 0xFF, 0xD7,
  0x10, 0x00, 0x00, 0x00, 0x00, 0x04, 0xFF, 0xFF, 0xFF, 0xD9, 0x10, 0x00, 0x00, 0x00, 0x00, 0x14,
  0x44, 0x59, 0xFF, 0xFA, 0x00, 0x00, 0x00, 0x00, 0x00, 0x00, 0x00, 0x09, 0xFF, 0xE1, 0x00, 0x00,
  0x00, 0x00, 0x00, 0x00, 0x00, 0x9F, 0xFD, 0x00, 0x00, 0x00, 0x00, 0x00, 0x00, 0x00, 0x3E, 0xFF,
  0x60, 0x00, 0x00, 0x00, 0x00, 0x00, 0x00, 0x1D, 0xFF, 0xB0, 0x00, 0x00, 0x00, 0x00, 0x00, 0x00,
  0x08, 0xFF, 0xE2, 0x00, 0x00, 0x00, 0x00, 0x00, 0x00, 0x00, 0xDF, 0xF9, 0x00, 0x00, 0x00, 0x00,
  0x00, 0x00, 0x00, 0x1E, 0xFF, 0x70, 0x00, 0x00, 0x00, 0x00, 0x00, 0x00, 0x01, 0xEF, 0xF8, 0x22,
  0x12, 0x10, 0x00, 0x00, 0x00, 0x00, 0x0D, 0xFF, 0xFF, 0xFE, 0xF7, 0x00, 0x00, 0x00, 0x00, 0x00,
  0x8F, 0xFF, 0xFF, 0xFF, 0x80, 0x00, 0x00, 0x00, 0x00, 0x01, 0x8D, 0xEE, 0xEE, 0xE7, 0x00, 0x00,
  0x00, 0x00, 0x00, 0x00, 0x01, 0x11, 0x11, 0x00, 0x00, 0x00, 0x00, 0x00, 0x00, 0x11, 0x10, 0x00,
  0x00, 0x00, 0x00, 0x00, 0x00, 0x00, 0x7E, 0xED, 0x10, 0x00, 0x00, 0x00, 0x00, 0x00, 0x00, 0x08,
  0xFF, 0xE1, 0x00, 0x00, 0x00, 0x00, 0x00, 0x00, 0x00, 0x7F, 0xFE, 0x10, 0x00, 0x00, 0x00, 0x00,
  0x00, 0x00, 0x07, 0xFF, 0xE1, 0x00, 0x00, 0x00, 0x00, 0x00, 0x00, 0x00, 0x7F, 0xFE, 0x10, 0x00,
  0x00, 0x00, 0x00, 0x00, 0x00, 0x07, 0xFF, 0xE1, 0x00, 0x00, 0x00, 0x00, 0x00, 0x00, 0x00, 0x7F,
  0xFE, 0x10, 0x00, 0x00, 0x00, 0x00, 0x00, 0x00, 0x07, 0xFF, 0xE1, 0x00, 0x00, 0x00, 0x00, 0x00,
  0x00, 0x00, 0x7F, 0xFE, 0x10, 0x00, 0x00, 0x00, 0x00, 0x00, 0x00, 0x07, 0xFF, 0xE1, 0x00, 0x00,
  0x00, 0x00, 0x00, 0x00, 0x00, 0x7F, 0xFE, 0x10, 0x00, 0x00, 0x00, 0x00, 0x00, 0x00, 0x07, 0xFF,
  0xE1, 0x00, 0x00, 0x00, 0x00, 0x00, 0x00, 0x00, 0x7F, 0xFE, 0x10, 0x00, 0x00, 0x00, 0x00, 0x00,
  0x00, 0x07, 0xFF, 0xE1, 0x00, 0x00, 0x00, 0x00, 0x00, 0x00, 0x00, 0x7F, 0xFE, 0x10, 0x00, 0x00,
  0x00, 0x00, 0x00, 0x00, 0x07, 0xFF, 0xE1, 0x00, 0x00, 0x00, 0x00, 0x00, 0x00, 0x00, 0x7F, 0xFE,
  0x10, 0x00, 0x00, 0x00, 0x00, 0x00, 0x00, 0x07, 0xFF, 0xE1, 0x00, 0x00, 0x00, 0x00, 0x00, 0x00,
  0x00, 0x7F, 0xFE, 0x10, 0x00, 0x00, 0x00, 0x00, 0x00, 0x00, 0x07, 0xFF, 0xE1, 0x00, 0x00, 0x00,
  0x00, 0x00, 0x00, 0x00, 0x7F, 0xFE, 0x10, 0x00, 0x00, 0x00, 0x00, 0x00, 0x00, 0x07, 0xFF, 0xE1,
  0x00, 0x00, 0x00, 0x00, 0x00, 0x00, 0x00, 0x7F, 0xFE, 0x10, 0x00, 0x00, 0x00, 0x00, 0x00, 0x00,
  0x07, 0xFF, 0xE1, 0x00, 0x00, 0x00, 0x00, 0x00, 0x00, 0x00, 0x8F, 0xFE, 0x10, 0x00, 0x00, 0x00,
  0x00, 0x00, 0x00, 0x07, 0xEE, 0xD1, 0x00, 0x00, 0x00, 0x00, 0x00, 0x00, 0x00, 0x01, 0x11, 0x00,
  0x00, 0x00, 0x00, 0x00, 0x00, 0x11, 0x11, 0x11, 0x00, 0x00, 0x00, 0x00, 0x00, 0x00, 0x4E, 0xEE,
  0xEE, 0xDB, 0x40, 0x00, 0x00, 0x00, 0x00, 0x04, 0xFF, 0xFF, 0xFF, 0xFF, 0x20, 0x00, 0x00, 0x00,
  0x00, 0x4F, 0xFF, 0xFF, 0xFF, 0xF7, 0x00, 0x00, 0x00, 0x00, 0x00, 0x22, 0x22, 0x2E, 0xFF, 0x80,
  0x00, 0x00, 0x00, 0x00, 0x00, 0x00, 0x01, 0xEF, 0xF7, 0x00, 0x00, 0x00, 0x00, 0x00, 0x00, 0x00,
  0x3F, 0xFF, 0x50, 0x00, 0x00, 0x00, 0x00, 0x00, 0x00, 0x0B, 0xFF, 0xD1, 0x00, 0x00, 0x00, 0x00,
  0x00, 0x00, 0x07, 0xFF, 0xE3, 0x00, 0x00, 0x00, 0x00, 0x00, 0x00, 0x03, 0xFF, 0xF6, 0x00, 0x00,
  0x00, 0x00, 0x00, 0x00, 0x00, 0x7F, 0xFE, 0x00, 0x00, 0x00, 0x00, 0x00, 0x00, 0x00, 0x06, 0xFF,
  0xF8, 0x21, 0x11, 0x00, 0x00, 0x00, 0x00, 0x00, 0x1B, 0xFF, 0xFE, 0xDD, 0xD6, 0x00, 0x00, 0x00,
  0x00, 0x00, 0x05, 0xBF, 0xFF, 0xFF, 0x80, 0x00, 0x00, 0x00, 0x00, 0x05, 0xCE, 0xFF, 0xFF, 0xF8,
  0x00, 0x00, 0x00, 0x00, 0x04, 0xFF, 0xFD, 0x64, 0x44, 0x20, 0x00, 0x00, 0x00, 0x00, 0x7F, 0xFE,
  0x20, 0x00, 0x00, 0x00, 0x00, 0x00, 0x00, 0x06, 0xFF, 0xF2, 0x00, 0x00, 0x00, 0x00, 0x00, 0x00,
  0x00, 0x1D, 0xFF, 0xA0, 0x00, 0x00, 0x00, 0x00, 0x00, 0x00, 0x00, 0x4F, 0xFF, 0x70, 0x00, 0x00,
  0x00, 0x00, 0x00, 0x00, 0x00, 0x9F, 0xFE, 0x20, 0x00, 0x00, 0x00, 0x00, 0x00, 0x00, 0x02, 0xFF,
  0xF6, 0x00, 0x00, 0x00, 0x00, 0x00, 0x00, 0x00, 0x0E, 0xFF, 0x70, 0x00, 0x00, 0x00, 0x00, 0x02,
  0x22, 0x22, 0xEF, 0xF8, 0x00, 0x00, 0x00, 0x00, 0x04, 0xFF, 0xFF, 0xFF, 0xFF, 0x70, 0x00, 0x00,
  0x00, 0x00, 0x4F, 0xFF, 0xFF, 0xFF, 0xE2, 0x00, 0x00, 0x00, 0x00, 0x04, 0xEE, 0xEE, 0xED, 0xB4,
  0x00, 0x00, 0x00, 0x00, 0x00, 0x01, 0x11, 0x11, 0x10, 0x00, 0x00, 0x00, 0x00, 0x00, 0x00, 0x00,
  0x11, 0x00, 0x00, 0x00, 0x00, 0x00, 0x00, 0x00, 0x05, 0xBE, 0xE9, 0x20, 0x00, 0x39, 0x63, 0x00,
  0x00, 0x05, 0xFF, 0xFF, 0xFC, 0x10, 0x06, 0xFF, 0xA0, 0x00, 0x01, 0xEF, 0xFF, 0xFF, 0xFA, 0x00,
  0xAF, 0xF7, 0x00, 0x00, 0x6F, 0xFE, 0x6C, 0xFF, 0xF8, 0x5E, 0xFF, 0x40, 0x00, 0x09, 0xFF, 0x80,
  0x2E, 0xFF, 0xFF, 0xFF, 0xC0, 0x00, 0x00, 0xDF, 0xF4, 0x00, 0x5F, 0xFF, 0xFF, 0xF4, 0x00, 0x00,
  0x06, 0x9B, 0x10, 0x00, 0x5D, 0xFF, 0xD5, 0x00, 0x00, 0x00, 0x00, 0x00, 0x00, 0x00, 0x13, 0x31,
  0x00, 0x00, 0x00, 0x00, 0x00, 0x00, 0x00, 0x00, 0x00, 0x00, 0x00, 0x00, 0x00, 0x00, 0x00, 0x00,
  0x00, 0x00, 0x00, 0x00, 0x00, 0x00, 0x00, 0x00, 0x00, 0x00, 0x00, 0x00, 0x00, 0x00, 0x00, 0x00,
  0x00, 0x00, 0x00, 0x00, 0x00, 0x00, 0x00, 0x00, 0x00, 0x00, 0x00, 0x00, 0x00, 0x00, 0x00, 0x00,
  0x00, 0x00,
};

static const BadgeSmoothGlyph font_plexmono_28_glyphs[] PROGMEM = {
  {0, 19, 2, 17, -1, -1}, // ' '
  {19, 19, 22, 17, -1, -21}, // '!'
  {228, 19, 23, 17, -1, -22}, // '"'
  {447, 19, 22, 17, -1, -21}, // '#'
  {656, 19, 28, 17, -1, -24}, // '$'
  {922, 20, 23, 17, -1, -22}, // '%'
  {1152, 20, 23, 17, -1, -22}, // '&'
  {1382, 19, 23, 17, -1, -22}, // "'"
  {1601, 19, 28, 17, -1, -22}, // '('
  {1867, 19, 28, 17, -1, -22}, // ')'
  {2133, 19, 18, 17, -1, -17}, // '*'
  {2304, 19, 18, 17, -1, -17}, // '+'
  {2475, 19, 11, 17, -1, -6}, // ','
  {2580, 19, 12, 17, -1, -12}, // '-'
  {2694, 19, 14, 17, -1, -12}, // '.'
  {2827, 19, 28, 17, -1, -22}, // '/'
  {3093, 19, 22, 17, -1, -21}, // '0'
  {3302, 19, 22, 17, -1, -21}, // '1'
  {3511, 19, 21, 17, -1, -21}, // '2'
  {3711, 19, 22, 17, -1, -21}, // '3'
  {3920, 19, 22, 17, -1, -21}, // '4'
  {4129, 19, 22, 17, -1, -21}, // '5'
  {4338, 19, 22, 17, -1, -21}, // '6'
  {4547, 19, 22, 17, -1, -21}, // '7'
  {4756, 19, 22, 17, -1, -21}, // '8'
  {4965, 19, 21, 17, -1, -21}, // '9'
  {5165, 19, 14, 17, -1, -12}, // ':'
  {5298, 19, 21, 17, -1, -16}, // ';'
  {5498, 19, 20, 17, -1, -18}, // '<'
  {5688, 19, 16, 17, -1, -14}, // '='
  {5840, 19, 20, 17, -1, -18}, // '>'
  {6030, 19, 23, 17, -1, -22}, // '?'
  {6249, 19, 26, 17, -1, -22}, // '@'
  {6496, 19, 22, 17, -1, -21}, // 'A'
  {6705, 19, 22, 17, -1, -21}, // 'B'
  {6914, 19, 22, 17, -1, -21}, // 'C'
  {7123, 19, 22, 17, -1, -21}, // 'D'
  {7332, 19, 22, 17, -1, -21}, // 'E'
  {7541, 19, 22, 17, -1, -21}, // 'F'
  {7750, 19, 22, 17, -1, -21}, // 'G'
  {7959, 19, 22, 17, -1, -21}, // 'H'
  {8168, 19, 22, 17, -1, -21}, // 'I'
  {8377, 19, 22, 17, -1, -21}, // 'J'
  {8586, 20, 22, 17, -1, -21}, // 'K'
  {8806, 19, 22, 17, -1, -21}, // 'L'
  {9015, 19, 22, 17, -1, -21}, // 'M'
  {9224, 19, 22, 17, -1, -21}, // 'N'
  {9433, 19, 22, 17, -1, -21}, // 'O'
  {9642, 19, 22, 17, -1, -21}, // 'P'
  {9851, 19, 27, 17, -1, -21}, // 'Q'
  {10108, 19, 22, 17, -1, -21}, // 'R'
  {10317, 19, 22, 17, -1, -21}, // 'S'
  {10526, 19, 22, 17, -1, -21}, // 'T'
  {10735, 19, 22, 17, -1, -21}, // 'U'
  {10944, 19, 22, 17, -1, -21}, // 'V'
  {11153, 19, 22, 17, -1, -21}, // 'W'
  {11362, 19, 22, 17, -1, -21}, // 'X'
  {11571, 19, 22, 17, -1, -21}, // 'Y'
  {11780, 19, 22, 17, -1, -21}, // 'Z'
  {11989, 19, 28, 17, -1, -22}, // '['
  {12255, 19, 28, 17, -1, -22}, // '\\'
  {12521, 19, 28, 17, -1, -22}, // ']'
  {12787, 19, 22, 17, -1, -21}, // '^'
  {12996, 19, 8, 17, -1, -1}, // '_'
  {13072, 19, 25, 17, -1, -24}, // '`'
  {13310, 19, 18, 17, -1, -16}, // 'a'
  {13481, 19, 24, 17, -1, -22}, // 'b'
  {13709, 19, 18, 17, -1, -16}, // 'c'
  {13880, 19, 24, 17, -1, -22}, // 'd'
  {14108, 19, 18, 17, -1, -16}, // 'e'
  {14279, 19, 23, 17, -1, -22}, // 'f'
  {14498, 19, 23, 17, -1, -16}, // 'g'
  {14717, 19, 23, 17, -1, -22}, // 'h'
  {14936, 19, 24, 17, -1, -22}, // 'i'
  {15164, 19, 23, 17, -1, -16}, // 'j'
  {15383, 19, 23, 17, -1, -22}, // 'k'
  {15602, 19, 23, 17, -1, -22}, // 'l'
  {15821, 19, 17, 17, -1, -16}, // 'm'
  {15983, 19, 17, 17, -1, -16}, // 'n'
  {16145, 19, 18, 17, -1, -16}, // 'o'
  {16316, 19, 22, 17, -1, -16}, // 'p'
  {16525, 19, 22, 17, -1, -16}, // 'q'
  {16734, 19, 16, 17, -1, -16}, // 'r'
  {16886, 19, 18, 17, -1, -16}, // 's'
  {17057, 19, 23, 17, -1, -22}, // 't'
  {17276, 19, 17, 17, -1, -16}, // 'u'
  {17438, 19, 16, 17, -1, -16}, // 'v'
  {17590, 19, 16, 17, -1, -16}, // 'w'
  {17742, 19, 16, 17, -1, -16}, // 'x'
  {17894, 19, 22, 17, -1, -16}, // 'y'
  {18103, 19, 16, 17, -1, -16}, // 'z'
  {18255, 19, 28, 17, -1, -22}, // '{'
  {18521, 19, 28, 17, -1, -22}, // '|'
  {18787, 19, 28, 17, -1, -22}, // '}'
  {19053, 19, 14, 17, -1, -14}, // '~'
};

static const BadgeSmoothFont font_plexmono_28 PROGMEM = {
  font_plexmono_28_alpha,
  font_plexmono_28_glyphs,
  32, 126,
  37,
  28,
  4,
};
