#pragma once
#include <stdint.h>
#include "badge_smooth_font.h"

// Auto-generated — 42px 4bpp AA (oversample×2)
static const uint8_t font_chivo_42_alpha[] PROGMEM = {
  0x00, 0x00, 0x00, 0x00, 0x00, 0x00, 0x00, 0x00, 0x00, 0x00, 0x00, 0x01, 0x11, 0x11, 0x11, 0x10,
  0x00, 0x00, 0x0B, 0xEE, 0xEE, 0xEE, 0xA0, 0x00, 0x00, 0x0B, 0xFF, 0xFF, 0xFF, 0xA0, 0x00, 0x00,
  0x09, 0xFF, 0xFF, 0xFF, 0x90, 0x00, 0x00, 0x08, 0xFF, 0xFF, 0xFF, 0x70, 0x00, 0x00, 0x07, 0xFF,
  0xFF, 0xFF, 0x60, 0x00, 0x00, 0x06, 0xFF, 0xFF, 0xFF, 0x50, 0x00, 0x00, 0x05, 0xFF, 0xFF, 0xFF,
  0x40, 0x00, 0x00, 0x03, 0xFF, 0xFF, 0xFF, 0x20, 0x00, 0x00, 0x02, 0xFF, 0xFF, 0xFE, 0x20, 0x00,
  0x00, 0x02, 0xEF, 0xFF, 0xFD, 0x10, 0x00, 0x00, 0x01, 0xDF, 0xFF, 0xFC, 0x00, 0x00, 0x00, 0x00,
  0xCF, 0xFF, 0xFB, 0x00, 0x00, 0x00, 0x00, 0xBF, 0xFF, 0xFA, 0x00, 0x00, 0x00, 0x00, 0xBF, 0xFF,
  0xF9, 0x00, 0x00, 0x00, 0x00, 0xAF, 0xFF, 0xF8, 0x00, 0x00, 0x00, 0x00, 0x8F, 0xFF, 0xF7, 0x00,
  0x00, 0x00, 0x00, 0x7F, 0xFF, 0xF6, 0x00, 0x00, 0x00, 0x00, 0x6F, 0xFF, 0xF4, 0x00, 0x00, 0x00,
  0x00, 0x5F, 0xFF, 0xF3, 0x00, 0x00, 0x00, 0x00, 0x4F, 0xFF, 0xF2, 0x00, 0x00, 0x00, 0x00, 0x28,
  0x88, 0x71, 0x00, 0x00, 0x00, 0x00, 0x00, 0x00, 0x00, 0x00, 0x00, 0x00, 0x01, 0x88, 0x88, 0x88,
  0x10, 0x00, 0x00, 0x02, 0xFF, 0xFF, 0xFF, 0x20, 0x00, 0x00, 0x02, 0xFF, 0xFF, 0xFF, 0x20, 0x00,
  0x00, 0x02, 0xFF, 0xFF, 0xFF, 0x20, 0x00, 0x00, 0x02, 0xFF, 0xFF, 0xFF, 0x20, 0x00, 0x00, 0x02,
  0xFF, 0xFF, 0xFF, 0x20, 0x00, 0x00, 0x02, 0xEE, 0xEE, 0xEE, 0x20, 0x00, 0x00, 0x00, 0x11, 0x11,
  0x11, 0x00, 0x00, 0x00, 0x00, 0x11, 0x11, 0x10, 0x01, 0x11, 0x11, 0x00, 0x00, 0x00, 0x06, 0xEE,
  0xEE, 0xA0, 0x0A, 0xEE, 0xEE, 0x60, 0x00, 0x00, 0x06, 0xFF, 0xFF, 0xB0, 0x0B, 0xFF, 0xFF, 0x60,
  0x00, 0x00, 0x06, 0xFF, 0xFF, 0xB0, 0x0B, 0xFF, 0xFF, 0x60, 0x00, 0x00, 0x06, 0xFF, 0xFF, 0xB0,
  0x0B, 0xFF, 0xFF, 0x60, 0x00, 0x00, 0x06, 0xFF, 0xFF, 0xB0, 0x0B, 0xFF, 0xFF, 0x60, 0x00, 0x00,
  0x06, 0xFF, 0xFF, 0xB0, 0x0B, 0xFF, 0xFF, 0x60, 0x00, 0x00, 0x05, 0xFF, 0xFF, 0xA0, 0x0A, 0xFF,
  0xFF, 0x50, 0x00, 0x00, 0x02, 0xEF, 0xFF, 0x60, 0x06, 0xFF, 0xFE, 0x20, 0x00, 0x00, 0x00, 0xCF,
  0xFF, 0x30, 0x03, 0xFF, 0xFC, 0x00, 0x00, 0x00, 0x00, 0x9F, 0xFD, 0x10, 0x01, 0xDF, 0xF9, 0x00,
  0x00, 0x00, 0x00, 0x6F, 0xFA, 0x00, 0x00, 0xBF, 0xF5, 0x00, 0x00, 0x00, 0x00, 0x3E, 0xE6, 0x00,
  0x00, 0x7E, 0xE2, 0x00, 0x00, 0x00, 0x00, 0x01, 0x10, 0x00, 0x00, 0x01, 0x10, 0x00, 0x00, 0x00,
  0x00, 0x00, 0x00, 0x00, 0x00, 0x00, 0x00, 0x00, 0x00, 0x00, 0x00, 0x00, 0x00, 0x00, 0x00, 0x00,
  0x00, 0x00, 0x00, 0x00, 0x00, 0x00, 0x00, 0x00, 0x00, 0x00, 0x00, 0x00, 0x00, 0x00, 0x00, 0x00,
  0x00, 0x00, 0x00, 0x00, 0x00, 0x00, 0x00, 0x00, 0x00, 0x00, 0x00, 0x00, 0x00, 0x00, 0x00, 0x00,
  0x00, 0x00, 0x00, 0x00, 0x00, 0x00, 0x00, 0x00, 0x00, 0x00, 0x00, 0x00, 0x00, 0x00, 0x00, 0x00,
  0x00, 0x00, 0x00, 0x00, 0x00, 0x00, 0x00, 0x00, 0x00, 0x00, 0x00, 0x00, 0x00, 0x00, 0x00, 0x00,
  0x00, 0x00, 0x00, 0x00, 0x00, 0x00, 0x00, 0x00, 0x00, 0x00, 0x00, 0x00, 0x00, 0x00, 0x00, 0x00,
  0x00, 0x00, 0x00, 0x00, 0x00, 0x00, 0x00, 0x00, 0x00, 0x00, 0x00, 0x00, 0x00, 0x00, 0x00, 0x00,
  0x00, 0x00, 0x00, 0x00, 0x00, 0x00, 0x00, 0x00, 0x00, 0x00, 0x00, 0x00, 0x00, 0x00, 0x00, 0x00,
  0x00, 0x00, 0x00, 0x00, 0x00, 0x00, 0x00, 0x00, 0x00, 0x00, 0x00, 0x00, 0x00, 0x00, 0x00, 0x00,
  0x00, 0x00, 0x00, 0x00, 0x00, 0x00, 0x00, 0x00, 0x00, 0x00, 0x00, 0x00, 0x00, 0x00, 0x00, 0x00,
  0x00, 0x00, 0x00, 0x00, 0x00, 0x00, 0x00, 0x00, 0x00, 0x00, 0x00, 0x00, 0x00, 0x00, 0x00, 0x00,
  0x00, 0x00, 0x00, 0x00, 0x00, 0x00, 0x00, 0x00, 0x00, 0x00, 0x00, 0x00, 0x00, 0x1A, 0xBA, 0xB4,
  0x00, 0x00, 0x2B, 0xBB, 0xA2, 0x00, 0x00, 0x00, 0x00, 0x00, 0x00, 0x00, 0x3F, 0xFF, 0xF4, 0x00,
  0x00, 0x7F, 0xFF, 0xE0, 0x00, 0x00, 0x00, 0x00, 0x00, 0x00, 0x00, 0x6F, 0xFF, 0xD1, 0x00, 0x00,
  0xAF, 0xEF, 0xA0, 0x00, 0x00, 0x00, 0x00, 0x00, 0x00, 0x00, 0x9F, 0xFF, 0xB0, 0x00, 0x00, 0xCF,
  0xFF, 0x60, 0x00, 0x00, 0x00, 0x00, 0x00, 0x00, 0x00, 0xCF, 0xFF, 0x80, 0x00, 0x02, 0xFF, 0xFF,
  0x40, 0x00, 0x00, 0x00, 0x00, 0x00, 0x00, 0x02, 0xEF, 0xFF, 0x50, 0x00, 0x05, 0xFF, 0xFE, 0x10,
  0x00, 0x00, 0x00, 0x00, 0x00, 0x00, 0x05, 0xFF, 0xFE, 0x20, 0x00, 0x08, 0xFF, 0xFB, 0x00, 0x00,
  0x00, 0x00, 0x00, 0x00, 0x00, 0x08, 0xFF, 0xFC, 0x00, 0x00, 0x0B, 0xFF, 0xF7, 0x00, 0x00, 0x00,
  0x00, 0x02, 0x44, 0x44, 0x4C, 0xFF, 0xFB, 0x34, 0x44, 0x5E, 0xFF, 0xF7, 0x44, 0x42, 0x00, 0x00,
  0x07, 0xFF, 0xFF, 0xFF, 0xFF, 0xFF, 0xFF, 0xFF, 0xFF, 0xFF, 0xFF, 0xFF, 0xF7, 0x00, 0x00, 0x07,
  0xFF, 0xFF, 0xFF, 0xFF, 0xFF, 0xFF, 0xFF, 0xFF, 0xFF, 0xFF, 0xFF, 0xF7, 0x00, 0x00, 0x07, 0xFF,
  0xFF, 0xFF, 0xFF, 0xFF, 0xFF, 0xFF, 0xFF, 0xFF, 0xFF, 0xFF, 0xF7, 0x00, 0x00, 0x06, 0xEE, 0xEE,
  0xFF, 0xFF, 0xFE, 0xEE, 0xEE, 0xFF, 0xFF, 0xFE, 0xEE, 0xE7, 0x00, 0x00, 0x00, 0x11, 0x11, 0xBF,
  0xFF, 0x81, 0x11, 0x12, 0xDF, 0xFF, 0x61, 0x11, 0x10, 0x00, 0x00, 0x00, 0x00, 0x01, 0xEF, 0xFF,
  0x40, 0x00, 0x03, 0xFF, 0xFE, 0x20, 0x00, 0x00, 0x00, 0x00, 0x00, 0x00, 0x04, 0xFF, 0xFE, 0x20,
  0x00, 0x07, 0xFF, 0xFC, 0x00, 0x00, 0x00, 0x00, 0x00, 0x00, 0x00, 0x07, 0xFF, 0xFB, 0x00, 0x00,
  0x0B, 0xFF, 0xF9, 0x00, 0x00, 0x00, 0x00, 0x00, 0x00, 0x00, 0x0B, 0xFF, 0xF8, 0x00, 0x00, 0x1D,
  0xFF, 0xF5, 0x00, 0x00, 0x00, 0x00, 0x00, 0xAA, 0xAA, 0xBF, 0xFF, 0xFC, 0xAA, 0xAA, 0xBF, 0xFF,
  0xFB, 0xAA, 0xB9, 0x00, 0x00, 0x00, 0xFF, 0xFF, 0xFF, 0xFF, 0xFF, 0xFF, 0xFF, 0xFF, 0xFF, 0xFF,
  0xFF, 0xFE, 0x00, 0x00, 0x00, 0xEF, 0xEF, 0xFF, 0xFF, 0xFF, 0xFF, 0xFF, 0xFF, 0xFF, 0xFF, 0xFE,
  0xFD, 0x00, 0x00, 0x01, 0xFF, 0xFF, 0xFF, 0xFF, 0xFF, 0xFF, 0xFF, 0xFF, 0xFF, 0xFF, 0xFF, 0xFF,
  0x00, 0x00, 0x00, 0x78, 0x78, 0xEF, 0xFF, 0xA7, 0x88, 0x79, 0xFF, 0xFF, 0x97, 0x87, 0x77, 0x00,
  0x00, 0x00, 0x00, 0x01, 0xEF, 0xFF, 0x30, 0x00, 0x04, 0xFF, 0xFD, 0x00, 0x00, 0x00, 0x00, 0x00,
  0x00, 0x00, 0x05, 0xFF, 0xFE, 0x10, 0x00, 0x09, 0xFF, 0xFB, 0x00, 0x00, 0x00, 0x00, 0x00, 0x00,
  0x00, 0x08, 0xFF, 0xFB, 0x00, 0x00, 0x0B, 0xFF, 0xF8, 0x00, 0x00, 0x00, 0x00, 0x00, 0x00, 0x00,
  0x0B, 0xFF, 0xF8, 0x00, 0x00, 0x1E, 0xFF, 0xF5, 0x00, 0x00, 0x00, 0x00, 0x00, 0x00, 0x00, 0x1D,
  0xFF, 0xF5, 0x00, 0x00, 0x3F, 0xFF, 0xE2, 0x00, 0x00, 0x00, 0x00, 0x00, 0x00, 0x00, 0x4F, 0xFF,
  0xF2, 0x00, 0x00, 0x7F, 0xFF, 0xD0, 0x00, 0x00, 0x00, 0x00, 0x00, 0x00, 0x00, 0x4B, 0xAB, 0x91,
  0x00, 0x00, 0x7B, 0xAB, 0x70, 0x00, 0x00, 0x00, 0x00, 0x00, 0x00, 0x00, 0x00, 0x00, 0x00, 0x00,
  0x00, 0x00, 0x00, 0x00, 0x00, 0x00, 0x00, 0x00, 0x00, 0x00, 0x00, 0x00, 0x00, 0x00, 0x11, 0x11,
  0x10, 0x00, 0x00, 0x00, 0x00, 0x00, 0x00, 0x00, 0x00, 0x00, 0x00, 0x9E, 0xEE, 0x90, 0x00, 0x00,
  0x00, 0x00, 0x00, 0x00, 0x00, 0x00, 0x00, 0x00, 0x7F, 0xFF, 0x80, 0x00, 0x00, 0x00, 0x00, 0x00,
  0x00, 0x00, 0x00, 0x00, 0x00, 0x4F, 0xFF, 0x40, 0x00, 0x00, 0x00, 0x00, 0x00, 0x00, 0x00, 0x00,
  0x00, 0x01, 0x6F, 0xFF, 0x73, 0x20, 0x00, 0x00, 0x00, 0x00, 0x00, 0x00, 0x00, 0x16, 0xBE, 0xFF,
  0xFF, 0xFF, 0xEB, 0x61, 0x00, 0x00, 0x00, 0x00, 0x00, 0x05, 0xDF, 0xFF, 0xFF, 0xFF, 0xFF, 0xFF,
  0xFC, 0x40, 0x00, 0x00, 0x00, 0x00, 0x7F, 0xFF, 0xFF, 0xFF, 0xFF, 0xFF, 0xFF, 0xFF, 0xE4, 0x00,
  0x00, 0x00, 0x05, 0xFF, 0xFF, 0xFF, 0xFF, 0xFF, 0xFF, 0xFF, 0xFF, 0xFD, 0x10, 0x00, 0x00, 0x1D,
  0xFF, 0xFF, 0xFF, 0xD9, 0x88, 0xAE, 0xFF, 0xFF, 0xFF, 0x70, 0x00, 0x00, 0x4F, 0xFF, 0xFF, 0xF8,
  0x00, 0x00, 0x02, 0xCF, 0xFF, 0xFF, 0xC0, 0x00, 0x00, 0x7F, 0xFF, 0xFF, 0xD0, 0x00, 0x00, 0x00,
  0x2E, 0xFF, 0xFF, 0xE1, 0x00, 0x00, 0x8F, 0xFF, 0xFF, 0xD0, 0x00, 0x00, 0x00, 0x0C, 0xFF, 0xFF,
  0xE1, 0x00, 0x00, 0x8F, 0xFF, 0xFF, 0xF7, 0x00, 0x00, 0x00, 0x02, 0x22, 0x22, 0x20, 0x00, 0x00,
  0x6F, 0xFF, 0xFF, 0xFF, 0xB5, 0x10, 0x00, 0x00, 0x00, 0x00, 0x00, 0x00, 0x00, 0x3F, 0xFF, 0xFF,
  0xFF, 0xFF, 0xEB, 0x85, 0x10, 0x00, 0x00, 0x00, 0x00, 0x00, 0x0B, 0xFF, 0xFF, 0xFF, 0xFF, 0xFF,
  0xFF, 0xEA, 0x50, 0x00, 0x00, 0x00, 0x00, 0x03, 0xEF, 0xFF, 0xFF, 0xFF, 0xFF, 0xFF, 0xFF, 0xFC,
  0x50, 0x00, 0x00, 0x00, 0x00, 0x3D, 0xFF, 0xFF, 0xFF, 0xFF, 0xFF, 0xFF, 0xFF, 0xF8, 0x00, 0x00,
  0x00, 0x00, 0x01, 0x8D, 0xFF, 0xFF, 0xFF, 0xFF, 0xFF, 0xFF, 0xFF, 0x60, 0x00, 0x00, 0x00, 0x00,
  0x01, 0x6A, 0xDF, 0xFF, 0xFF, 0xFF, 0xFF, 0xFF, 0xE1, 0x00, 0x00, 0x00, 0x00, 0x00, 0x00, 0x13,
  0x7A, 0xEF, 0xFF, 0xFF, 0xFF, 0xF5, 0x00, 0x00, 0x00, 0x00, 0x00, 0x00, 0x00, 0x00, 0x16, 0xEF,
  0xFF, 0xFF, 0xF7, 0x00, 0x01, 0x9A, 0xAA, 0xA8, 0x00, 0x00, 0x00, 0x00, 0x4E, 0xFF, 0xFF, 0xF8,
  0x00, 0x01, 0xFF, 0xFF, 0xFE, 0x00, 0x00, 0x00, 0x00, 0x0C, 0xFF, 0xFF, 0xF8, 0x00, 0x01, 0xDF,
  0xFF, 0xFE, 0x30, 0x00, 0x00, 0x00, 0x1D, 0xFF, 0xFF, 0xF6, 0x00, 0x00, 0xBF, 0xFF, 0xFF, 0xC3,
  0x00, 0x00, 0x01, 0x8F, 0xFF, 0xFF, 0xF3, 0x00, 0x00, 0x6F, 0xFF, 0xFF, 0xFF, 0xB8, 0x88, 0x9D,
  0xFF, 0xFF, 0xFF, 0xC0, 0x00, 0x00, 0x1C, 0xFF, 0xFF, 0xFF, 0xFF, 0xFF, 0xFF, 0xFF, 0xFF, 0xFF,
  0x50, 0x00, 0x00, 0x02, 0xDF, 0xFF, 0xFF, 0xFF, 0xFF, 0xFF, 0xFF, 0xFF, 0xF8, 0x00, 0x00, 0x00,
  0x00, 0x2B, 0xFF, 0xFF, 0xFF, 0xFF, 0xFF, 0xFF, 0xFE, 0x70, 0x00, 0x00, 0x00, 0x00, 0x00, 0x5A,
  0xEF, 0xFF, 0xFF, 0xFF, 0xFD, 0x93, 0x00, 0x00, 0x00, 0x00, 0x00, 0x00, 0x00, 0x14, 0x8F, 0xFF,
  0x74, 0x30, 0x00, 0x00, 0x00, 0x00, 0x00, 0x00, 0x00, 0x00, 0x00, 0x4F, 0xFF, 0x40, 0x00, 0x00,
  0x00, 0x00, 0x00, 0x00, 0x00, 0x00, 0x00, 0x00, 0x7F, 0xFF, 0x80, 0x00, 0x00, 0x00, 0x00, 0x00,
  0x00, 0x00, 0x00, 0x00, 0x00, 0x9E, 0xEE, 0x90, 0x00, 0x00, 0x00, 0x00, 0x00, 0x00, 0x00, 0x00,
  0x00, 0x00, 0x11, 0x11, 0x10, 0x00, 0x00, 0x00, 0x00, 0x00, 0x00, 0x00, 0x00, 0x11, 0x10, 0x00,
  0x00, 0x00, 0x00, 0x00, 0x00, 0x01, 0x11, 0x10, 0x00, 0x00, 0x00, 0x00, 0x3A, 0xDE, 0xEB, 0x50,
  0x00, 0x00, 0x00, 0x00, 0x00, 0x3D, 0xEE, 0x70, 0x00, 0x00, 0x00, 0x06, 0xFF, 0xFF, 0xFF, 0xF9,
  0x00, 0x00, 0x00, 0x00, 0x00, 0xBF, 0xFD, 0x10, 0x00, 0x00, 0x00, 0x3F, 0xFF, 0xFE, 0xFF, 0xFF,
  0x60, 0x00, 0x00, 0x00, 0x06, 0xFF, 0xF4, 0x00, 0x00, 0x00, 0x00, 0xAF, 0xFE, 0x61, 0x3D, 0xFF,
  0xD1, 0x00, 0x00, 0x00, 0x1E, 0xFF, 0xA0, 0x00, 0x00, 0x00, 0x00, 0xDF, 0xFA, 0x00, 0x06, 0xFF,
  0xF3, 0x00, 0x00, 0x00, 0x9F, 0xFE, 0x20, 0x00, 0x00, 0x00, 0x01, 0xEF, 0xF9, 0x01, 0x05, 0xFF,
  0xF3, 0x00, 0x00, 0x04, 0xFF, 0xF6, 0x00, 0x00, 0x00, 0x00, 0x01, 0xEF, 0xF9, 0x01, 0x05, 0xFF,
  0xF3, 0x00, 0x00, 0x1C, 0xFF, 0xC0, 0x00, 0x00, 0x00, 0x00, 0x01, 0xEF, 0xF9, 0x01, 0x05, 0xFF,
  0xF3, 0x00, 0x00, 0x7F, 0xFF, 0x30, 0x00, 0x00, 0x00, 0x00, 0x01, 0xEF, 0xF9, 0x01, 0x05, 0xFF,
  0xF3, 0x00, 0x02, 0xEF, 0xF9, 0x00, 0x00, 0x00, 0x00, 0x00, 0x01, 0xEF, 0xF9, 0x01, 0x05, 0xFF,
  0xF3, 0x00, 0x0A, 0xFF, 0xD1, 0x00, 0x00, 0x00, 0x00, 0x00, 0x00, 0xDF, 0xFA, 0x00, 0x06, 0xFF,
  0xF3, 0x00, 0x5F, 0xFF, 0x50, 0x00, 0x00, 0x00, 0x00, 0x00, 0x00, 0xAF, 0xFE, 0x61, 0x3D, 0xFF,
  0xD1, 0x01, 0xDF, 0xFB, 0x00, 0x00, 0x00, 0x00, 0x00, 0x00, 0x00, 0x3F, 0xFF, 0xFE, 0xFF, 0xFF,
  0x60, 0x08, 0xFF, 0xE2, 0x00, 0x00, 0x00, 0x00, 0x00, 0x00, 0x00, 0x06, 0xFF, 0xFF, 0xFF, 0xF9,
  0x00, 0x3F, 0xFF, 0x70, 0x00, 0x00, 0x00, 0x00, 0x00, 0x00, 0x00, 0x00, 0x4A, 0xDE, 0xEB, 0x50,
  0x00, 0xCF, 0xFC, 0x10, 0x00, 0x47, 0x77, 0x40, 0x00, 0x00, 0x00, 0x00, 0x00, 0x11, 0x10, 0x00,
  0x06, 0xFF, 0xF4, 0x00, 0x3C, 0xFF, 0xFF, 0xFB, 0x20, 0x00, 0x00, 0x00, 0x00, 0x00, 0x00, 0x00,
  0x2E, 0xFF, 0x90, 0x03, 0xEF, 0xFF, 0xEF, 0xFF, 0xC1, 0x00, 0x00, 0x00, 0x00, 0x00, 0x00, 0x00,
  0xAF, 0xFE, 0x10, 0x0B, 0xFF, 0xD4, 0x16, 0xEF, 0xF7, 0x00, 0x00, 0x00, 0x00, 0x00, 0x00, 0x04,
  0xFF, 0xF6, 0x00, 0x2E, 0xFF, 0x60, 0x00, 0xAF, 0xFC, 0x00, 0x00, 0x00, 0x00, 0x00, 0x00, 0x1D,
  0xFF, 0xB0, 0x00, 0x3F, 0xFF, 0x50, 0x10, 0x9F, 0xFE, 0x00, 0x00, 0x00, 0x00, 0x00, 0x00, 0x8F,
  0xFF, 0x30, 0x00, 0x3F, 0xFF, 0x50, 0x10, 0x9F, 0xFE, 0x10, 0x00, 0x00, 0x00, 0x00, 0x03, 0xEF,
  0xF8, 0x00, 0x00, 0x3F, 0xFF, 0x50, 0x10, 0x9F, 0xFE, 0x10, 0x00, 0x00, 0x00, 0x00, 0x0B, 0xFF,
  0xD1, 0x00, 0x00, 0x3F, 0xFF, 0x50, 0x10, 0x9F, 0xFE, 0x10, 0x00, 0x00, 0x00, 0x00, 0x6F, 0xFF,
  0x50, 0x00, 0x00, 0x3F, 0xFF, 0x50, 0x10, 0x9F, 0xFE, 0x10, 0x00, 0x00, 0x00, 0x01, 0xEF, 0xFA,
  0x00, 0x00, 0x00, 0x3F, 0xFF, 0x50, 0x10, 0x9F, 0xFD, 0x00, 0x00, 0x00, 0x00, 0x09, 0xFF, 0xE2,
  0x00, 0x00, 0x00, 0x1D, 0xFF, 0xA0, 0x01, 0xCF, 0xFA, 0x00, 0x00, 0x00, 0x00, 0x4F, 0xFF, 0x70,
  0x00, 0x00, 0x00, 0x07, 0xFF, 0xFB, 0x7C, 0xFF, 0xF4, 0x00, 0x00, 0x00, 0x01, 0xDF, 0xFC, 0x00,
  0x00, 0x00, 0x00, 0x00, 0x9F, 0xFF, 0xFF, 0xFF, 0x60, 0x00, 0x00, 0x00, 0x07, 0xEE, 0xE4, 0x00,
  0x00, 0x00, 0x00, 0x00, 0x05, 0xBD, 0xED, 0xA4, 0x00, 0x00, 0x00, 0x00, 0x01, 0x11, 0x10, 0x00,
  0x00, 0x00, 0x00, 0x00, 0x00, 0x01, 0x11, 0x00, 0x00, 0x00, 0x00, 0x00, 0x00, 0x00, 0x00, 0x00,
  0x01, 0x10, 0x00, 0x00, 0x00, 0x00, 0x00, 0x00, 0x00, 0x00, 0x00, 0x00, 0x00, 0x00, 0x04, 0x8A,
  0xCD, 0xED, 0x40, 0x00, 0x00, 0x00, 0x00, 0x00, 0x00, 0x00, 0x00, 0x00, 0x00, 0x04, 0xBF, 0xFF,
  0xFF, 0xFF, 0x60, 0x00, 0x00, 0x00, 0x00, 0x00, 0x00, 0x00, 0x00, 0x00, 0x00, 0x7F, 0xFF, 0xFF,
  0xFF, 0xFF, 0x60, 0x00, 0x00, 0x00, 0x00, 0x00, 0x00, 0x00, 0x00, 0x00, 0x07, 0xFF, 0xFF, 0xFF,
  0xFF, 0xFF, 0x60, 0x00, 0x00, 0x00, 0x00, 0x00, 0x00, 0x00, 0x00, 0x00, 0x3F, 0xFF, 0xFF, 0xFF,
  0xFF, 0xFF, 0x60, 0x00, 0x00, 0x00, 0x00, 0x00, 0x00, 0x00, 0x00, 0x00, 0x9F, 0xFF, 0xFF, 0xFF,
  0x94, 0x23, 0x20, 0x00, 0x00, 0x00, 0x00, 0x00, 0x00, 0x00, 0x00, 0x00, 0xCF, 0xFF, 0xFF, 0xF5,
  0x00, 0x00, 0x00, 0x00, 0x03, 0x66, 0x65, 0x00, 0x00, 0x00, 0x00, 0x01, 0xEF, 0xFF, 0xFF, 0xA0,
  0x00, 0x00, 0x00, 0x00, 0x0C, 0xFF, 0xFF, 0x10, 0x00, 0x00, 0x00, 0x01, 0xEF, 0xFF, 0xFF, 0x80,
  0x00, 0x00, 0x00, 0x00, 0x2E, 0xFF, 0xFE, 0x10, 0x00, 0x00, 0x00, 0x00, 0xCF, 0xFF, 0xFF, 0x90,
  0x00, 0x00, 0x00, 0x00, 0x6F, 0xFF, 0xFE, 0x10, 0x00, 0x00, 0x00, 0x00, 0x9F, 0xFF, 0xFF, 0xE2,
  0x00, 0x00, 0x00, 0x00, 0xBF, 0xFF, 0xFE, 0x10, 0x00, 0x00, 0x00, 0x00, 0x2F, 0xFF, 0xFF, 0xFD,
  0x40, 0x00, 0x00, 0x01, 0xEF, 0xFF, 0xFE, 0x00, 0x00, 0x00, 0x00, 0x00, 0x06, 0xFF, 0xFF, 0xFF,
  0xFD, 0xCC, 0xCC, 0xCD, 0xFF, 0xFF, 0xFF, 0xCC, 0xC9, 0x00, 0x00, 0x00, 0x00, 0x6D, 0xFF, 0xFF,
  0xFF, 0xFF, 0xFF, 0xFF, 0xFF, 0xFF, 0xFF, 0xFF, 0xFB, 0x00, 0x00, 0x00, 0x00, 0x05, 0xFF, 0xFF,
  0xFF, 0xFF, 0xFF, 0xFF, 0xFF, 0xFF, 0xFF, 0xFF, 0xFB, 0x00, 0x00, 0x00, 0x02, 0xAF, 0xFF, 0xFF,
  0xFF, 0xFF, 0xFF, 0xFF, 0xFF, 0xFF, 0xFF, 0xFF, 0xFB, 0x00, 0x00, 0x00, 0x3D, 0xFF, 0xFF, 0xFF,
  0xFF, 0xFF, 0xFF, 0xFF, 0xFF, 0xFF, 0xFF, 0xFF, 0xFC, 0x00, 0x00, 0x01, 0xDF, 0xFF, 0xFF, 0xFC,
  0x75, 0x44, 0x44, 0x4A, 0xFF, 0xFF, 0xFE, 0x54, 0x43, 0x00, 0x00, 0x07, 0xFF, 0xFF, 0xFF, 0x90,
  0x00, 0x00, 0x00, 0x07, 0xFF, 0xFF, 0xFE, 0x00, 0x00, 0x00, 0x00, 0x0B, 0xFF, 0xFF, 0xFD, 0x00,
  0x00, 0x00, 0x00, 0x08, 0xFF, 0xFF, 0xFE, 0x10, 0x00, 0x00, 0x00, 0x1D, 0xFF, 0xFF, 0xF8, 0x00,
  0x00, 0x00, 0x00, 0x07, 0xFF, 0xFF, 0xFE, 0x10, 0x00, 0x00, 0x00, 0x1E, 0xFF, 0xFF, 0xF8, 0x00,
  0x00, 0x00, 0x00, 0x07, 0xFF, 0xFF, 0xFE, 0x10, 0x00, 0x00, 0x00, 0x1D, 0xFF, 0xFF, 0xFC, 0x00,
  0x00, 0x00, 0x00, 0x08, 0xFF, 0xFF, 0xFE, 0x10, 0x00, 0x00, 0x00, 0x0C, 0xFF, 0xFF, 0xFF, 0x70,
  0x00, 0x00, 0x00, 0x07, 0xFF, 0xFF, 0xFE, 0x10, 0x00, 0x00, 0x00, 0x08, 0xFF, 0xFF, 0xFF, 0xFB,
  0x63, 0x22, 0x22, 0x28, 0xFF, 0xFF, 0xFE, 0x10, 0x00, 0x00, 0x00, 0x02, 0xEF, 0xFF, 0xFF, 0xFF,
  0xFF, 0xFF, 0xFF, 0xFF, 0xFF, 0xFF, 0xFE, 0x10, 0x00, 0x00, 0x00, 0x00, 0x6F, 0xFF, 0xFF, 0xFF,
  0xFF, 0xFF, 0xFF, 0xFF, 0xFF, 0xFF, 0xFE, 0x10, 0x00, 0x00, 0x00, 0x00, 0x07, 0xFF, 0xFF, 0xFF,
  0xFF, 0xFF, 0xFF, 0xFF, 0xFF, 0xFF, 0xFE, 0x10, 0x00, 0x00, 0x00, 0x00, 0x00, 0x4B, 0xFF, 0xFF,
  0xFF, 0xFF, 0xFF, 0xFF, 0xFF, 0xFF, 0xFE, 0x10, 0x00, 0x00, 0x00, 0x00, 0x00, 0x00, 0x37, 0x9C,
  0xDE, 0xEE, 0xEE, 0xEE, 0xEE, 0xEE, 0xED, 0x10, 0x00, 0x00, 0x00, 0x00, 0x00, 0x00, 0x00, 0x00,
  0x01, 0x11, 0x11, 0x11, 0x11, 0x11, 0x11, 0x00, 0x00, 0x00, 0x00, 0x00, 0x11, 0x11, 0x00, 0x00,
  0x00, 0x07, 0xEE, 0xEE, 0x70, 0x00, 0x00, 0x08, 0xFF, 0xFF, 0x80, 0x00, 0x00, 0x07, 0xFF, 0xFF,
  0x70, 0x00, 0x00, 0x07, 0xFF, 0xFF, 0x70, 0x00, 0x00, 0x07, 0xFF, 0xFF, 0x70, 0x00, 0x00, 0x08,
  0xFF, 0xFF, 0x80, 0x00, 0x00, 0x07, 0xFF, 0xFF, 0x60, 0x00, 0x00, 0x03, 0xFF, 0xFF, 0x30, 0x00,
  0x00, 0x01, 0xEF, 0xFD, 0x10, 0x00, 0x00, 0x00, 0xBF, 0xFA, 0x00, 0x00, 0x00, 0x00, 0x7F, 0xF7,
  0x00, 0x00, 0x00, 0x00, 0x4E, 0xE3, 0x00, 0x00, 0x00, 0x00, 0x01, 0x10, 0x00, 0x00, 0x00, 0x00,
  0x00, 0x00, 0x00, 0x00, 0x00, 0x00, 0x00, 0x00, 0x00, 0x00, 0x00, 0x00, 0x00, 0x00, 0x00, 0x00,
  0x00, 0x00, 0x00, 0x00, 0x00, 0x00, 0x00, 0x00, 0x00, 0x00, 0x00, 0x00, 0x00, 0x00, 0x00, 0x00,
  0x00, 0x00, 0x00, 0x00, 0x00, 0x00, 0x00, 0x00, 0x00, 0x00, 0x00, 0x00, 0x00, 0x00, 0x00, 0x00,
  0x00, 0x00, 0x00, 0x00, 0x00, 0x00, 0x00, 0x00, 0x00, 0x00, 0x00, 0x00, 0x00, 0x00, 0x00, 0x00,
  0x00, 0x00, 0x00, 0x00, 0x00, 0x00, 0x00, 0x00, 0x00, 0x00, 0x00, 0x00, 0x00, 0x00, 0x00, 0x00,
  0x00, 0x00, 0x00, 0x00, 0x00, 0x00, 0x00, 0x00, 0x00, 0x00, 0x00, 0x00, 0x00, 0x00, 0x00, 0x00,
  0x00, 0x00, 0x00, 0x00, 0x00, 0x00, 0x00, 0x00, 0x00, 0x11, 0x10, 0x00, 0x00, 0x00, 0x00, 0x02,
  0xDE, 0xE9, 0x00, 0x00, 0x00, 0x00, 0x01, 0xCF, 0xFF, 0x30, 0x00, 0x00, 0x00, 0x00, 0x9F, 0xFF,
  0xA0, 0x00, 0x00, 0x00, 0x00, 0x4F, 0xFF, 0xF3, 0x00, 0x00, 0x00, 0x00, 0x0D, 0xFF, 0xFC, 0x00,
  0x00, 0x00, 0x00, 0x06, 0xFF, 0xFF, 0x60, 0x00, 0x00, 0x00, 0x01, 0xDF, 0xFF, 0xE2, 0x00, 0x00,
  0x00, 0x00, 0x6F, 0xFF, 0xFB, 0x00, 0x00, 0x00, 0x00, 0x0B, 0xFF, 0xFF, 0x60, 0x00, 0x00, 0x00,
  0x02, 0xFF, 0xFF, 0xF3, 0x00, 0x00, 0x00, 0x00, 0x7F, 0xFF, 0xFD, 0x10, 0x00, 0x00, 0x00, 0x0A,
  0xFF, 0xFF, 0xA0, 0x00, 0x00, 0x00, 0x00, 0xDF, 0xFF, 0xF7, 0x00, 0x00, 0x00, 0x00, 0x2F, 0xFF,
  0xFF, 0x50, 0x00, 0x00, 0x00, 0x04, 0xFF, 0xFF, 0xF4, 0x00, 0x00, 0x00, 0x00, 0x6F, 0xFF, 0xFF,
  0x20, 0x00, 0x00, 0x00, 0x07, 0xFF, 0xFF, 0xE1, 0x00, 0x00, 0x00, 0x00, 0x7F, 0xFF, 0xFE, 0x10,
  0x00, 0x00, 0x00, 0x07, 0xFF, 0xFF, 0xE1, 0x00, 0x00, 0x00, 0x00, 0x7F, 0xFF, 0xFE, 0x10, 0x00,
  0x00, 0x00, 0x06, 0xFF, 0xFF, 0xF2, 0x00, 0x00, 0x00, 0x00, 0x4F, 0xFF, 0xFF, 0x40, 0x00, 0x00,
  0x00, 0x02, 0xFF, 0xFF, 0xF5, 0x00, 0x00, 0x00, 0x00, 0x0D, 0xFF, 0xFF, 0x80, 0x00, 0x00, 0x00,
  0x00, 0xAF, 0xFF, 0xFA, 0x00, 0x00, 0x00, 0x00, 0x07, 0xFF, 0xFF, 0xD1, 0x00, 0x00, 0x00, 0x00,
  0x2F, 0xFF, 0xFF, 0x30, 0x00, 0x00, 0x00, 0x00, 0xBF, 0xFF, 0xF6, 0x00, 0x00, 0x00, 0x00, 0x06,
  0xFF, 0xFF, 0xB0, 0x00, 0x00, 0x00, 0x00, 0x1D, 0xFF, 0xFE, 0x20, 0x00, 0x00, 0x00, 0x00, 0x6F,
  0xFF, 0xF6, 0x00, 0x00, 0x00, 0x00, 0x00, 0xDF, 0xFF, 0xB0, 0x00, 0x00, 0x00, 0x00, 0x04, 0xFF,
  0xFF, 0x30, 0x00, 0x00, 0x00, 0x00, 0x09, 0xFF, 0xF9, 0x00, 0x00, 0x00, 0x00, 0x00, 0x1C, 0xFF,
  0xF3, 0x00, 0x00, 0x00, 0x00, 0x00, 0x2D, 0xEE, 0x90, 0x00, 0x00, 0x00, 0x00, 0x00, 0x01, 0x11,
  0x00, 0x00, 0x11, 0x10, 0x00, 0x00, 0x00, 0x00, 0x00, 0x09, 0xEE, 0xD2, 0x00, 0x00, 0x00, 0x00,
  0x00, 0x3F, 0xFF, 0xC1, 0x00, 0x00, 0x00, 0x00, 0x00, 0xAF, 0xFF, 0x90, 0x00, 0x00, 0x00, 0x00,
  0x04, 0xFF, 0xFF, 0x40, 0x00, 0x00, 0x00, 0x00, 0x0C, 0xFF, 0xFD, 0x00, 0x00, 0x00, 0x00, 0x00,
  0x7F, 0xFF, 0xF6, 0x00, 0x00, 0x00, 0x00, 0x02, 0xFF, 0xFF, 0xD1, 0x00, 0x00, 0x00, 0x00, 0x0B,
  0xFF, 0xFF, 0x50, 0x00, 0x00, 0x00, 0x00, 0x7F, 0xFF, 0xFB, 0x00, 0x00, 0x00, 0x00, 0x03, 0xFF,
  0xFF, 0xF2, 0x00, 0x00, 0x00, 0x00, 0x1E, 0xFF, 0xFF, 0x70, 0x00, 0x00, 0x00, 0x00, 0xAF, 0xFF,
  0xFA, 0x00, 0x00, 0x00, 0x00, 0x08, 0xFF, 0xFF, 0xD0, 0x00, 0x00, 0x00, 0x00, 0x6F, 0xFF, 0xFF,
  0x20, 0x00, 0x00, 0x00, 0x04, 0xFF, 0xFF, 0xF4, 0x00, 0x00, 0x00, 0x00, 0x2F, 0xFF, 0xFF, 0x60,
  0x00, 0x00, 0x00, 0x01, 0xEF, 0xFF, 0xF7, 0x00, 0x00, 0x00, 0x00, 0x1E, 0xFF, 0xFF, 0x70, 0x00,
  0x00, 0x00, 0x01, 0xEF, 0xFF, 0xF7, 0x00, 0x00, 0x00, 0x00, 0x1E, 0xFF, 0xFF, 0x70, 0x00, 0x00,
  0x00, 0x02, 0xFF, 0xFF, 0xF6, 0x00, 0x00, 0x00, 0x00, 0x4F, 0xFF, 0xFF, 0x40, 0x00, 0x00, 0x00,
  0x06, 0xFF, 0xFF, 0xF2, 0x00, 0x00, 0x00, 0x00, 0x8F, 0xFF, 0xFD, 0x00, 0x00, 0x00, 0x00, 0x0A,
  0xFF, 0xFF, 0xA0, 0x00, 0x00, 0x00, 0x01, 0xDF, 0xFF, 0xF7, 0x00, 0x00, 0x00, 0x00, 0x3F, 0xFF,
  0xFF, 0x20, 0x00, 0x00, 0x00, 0x06, 0xFF, 0xFF, 0xB0, 0x00, 0x00, 0x00, 0x00, 0xBF, 0xFF, 0xF5,
  0x00, 0x00, 0x00, 0x00, 0x2E, 0xFF, 0xFD, 0x10, 0x00, 0x00, 0x00, 0x06, 0xFF, 0xFF, 0x60, 0x00,
  0x00, 0x00, 0x00, 0xBF, 0xFF, 0xD0, 0x00, 0x00, 0x00, 0x00, 0x3F, 0xFF, 0xF4, 0x00, 0x00, 0x00,
  0x00, 0x09, 0xFF, 0xF9, 0x00, 0x00, 0x00, 0x00, 0x03, 0xFF, 0xFC, 0x10, 0x00, 0x00, 0x00, 0x00,
  0x9E, 0xED, 0x20, 0x00, 0x00, 0x00, 0x00, 0x01, 0x11, 0x00, 0x00, 0x00, 0x00, 0x00, 0x00, 0x00,
  0x00, 0x00, 0x01, 0x11, 0x11, 0x00, 0x00, 0x00, 0x00, 0x00, 0x00, 0x00, 0x00, 0x00, 0xAE, 0xEE,
  0x80, 0x00, 0x00, 0x00, 0x00, 0x00, 0x00, 0x00, 0x00, 0x0A, 0xFF, 0xF7, 0x00, 0x00, 0x00, 0x00,
  0x00, 0x00, 0x00, 0x00, 0x00, 0x8F, 0xFF, 0x50, 0x00, 0x00, 0x00, 0x00, 0x00, 0x00, 0x00, 0x00,
  0x07, 0xFF, 0xF4, 0x00, 0x00, 0x00, 0x00, 0x00, 0x00, 0x7A, 0x40, 0x00, 0x6F, 0xFF, 0x30, 0x00,
  0x4A, 0x60, 0x00, 0x00, 0x0D, 0xFF, 0xC6, 0x14, 0xFF, 0xE1, 0x17, 0xCF, 0xFC, 0x00, 0x00, 0x05,
  0xFE, 0xFF, 0xFD, 0xAF, 0xFE, 0xAE, 0xFF, 0xFF, 0xF3, 0x00, 0x00, 0x8F, 0xFF, 0xFF, 0xFF, 0xFF,
  0xFF, 0xFF, 0xFF, 0xFF, 0x60, 0x00, 0x01, 0x47, 0xBD, 0xFF, 0xFF, 0xFF, 0xFF, 0xFD, 0xB7, 0x41,
  0x00, 0x00, 0x00, 0x00, 0x13, 0xBF, 0xFF, 0xFF, 0x83, 0x10, 0x00, 0x00, 0x00, 0x00, 0x00, 0x00,
  0x4E, 0xFF, 0xFF, 0xFC, 0x10, 0x00, 0x00, 0x00, 0x00, 0x00, 0x00, 0x3E, 0xFF, 0xEA, 0xFF, 0xFC,
  0x10, 0x00, 0x00, 0x00, 0x00, 0x00, 0x2D, 0xFF, 0xF8, 0x0D, 0xFF, 0xFA, 0x00, 0x00, 0x00, 0x00,
  0x00, 0x2C, 0xFF, 0xFD, 0x10, 0x5F, 0xFF, 0xF9, 0x00, 0x00, 0x00, 0x00, 0x06, 0xFF, 0xFF, 0x50,
  0x00, 0xAF, 0xFF, 0xE2, 0x00, 0x00, 0x00, 0x00, 0x04, 0xDF, 0xB0, 0x00, 0x02, 0xEF, 0xA2, 0x00,
  0x00, 0x00, 0x00, 0x00, 0x01, 0x93, 0x00, 0x00, 0x07, 0x70, 0x00, 0x00, 0x00, 0x00, 0x00, 0x00,
  0x00, 0x00, 0x00, 0x00, 0x00, 0x00, 0x00, 0x00, 0x00, 0x00, 0x00, 0x00, 0x00, 0x00, 0x00, 0x00,
  0x00, 0x00, 0x00, 0x00, 0x00, 0x00, 0x00, 0x00, 0x00, 0x00, 0x00, 0x00, 0x00, 0x00, 0x00, 0x00,
  0x00, 0x00, 0x00, 0x00, 0x00, 0x00, 0x00, 0x00, 0x00, 0x00, 0x00, 0x00, 0x00, 0x00, 0x00, 0x00,
  0x00, 0x00, 0x00, 0x00, 0x00, 0x00, 0x00, 0x00, 0x00, 0x00, 0x00, 0x00, 0x00, 0x00, 0x00, 0x00,
  0x00, 0x00, 0x00, 0x00, 0x00, 0x00, 0x00, 0x00, 0x00, 0x00, 0x00, 0x00, 0x00, 0x00, 0x00, 0x00,
  0x00, 0x00, 0x00, 0x00, 0x00, 0x00, 0x00, 0x00, 0x00, 0x00, 0x00, 0x00, 0x00, 0x00, 0x00, 0x00,
  0x00, 0x00, 0x00, 0x00, 0x00, 0x00, 0x00, 0x00, 0x00, 0x00, 0x00, 0x00, 0x00, 0x00, 0x00, 0x00,
  0x00, 0x00, 0x00, 0x00, 0x00, 0x00, 0x00, 0x00, 0x00, 0x00, 0x00, 0x00, 0x00, 0x00, 0x00, 0x00,
  0x00, 0x00, 0x00, 0x00, 0x00, 0x00, 0x00, 0x00, 0x00, 0x00, 0x00, 0x00, 0x00, 0x00, 0x00, 0x00,
  0x00, 0x00, 0x00, 0x00, 0x00, 0x00, 0x00, 0x00, 0x00, 0x00, 0x00, 0x00, 0x00, 0x00, 0x00, 0x00,
  0x00, 0x00, 0x00, 0x00, 0x11, 0x11, 0x00, 0x00, 0x00, 0x00, 0x00, 0x00, 0x00, 0x00, 0x00, 0x00,
  0x00, 0x04, 0xEE, 0xEE, 0x40, 0x00, 0x00, 0x00, 0x00, 0x00, 0x00, 0x00, 0x00, 0x00, 0x00, 0x04,
  0xFF, 0xFF, 0x40, 0x00, 0x00, 0x00, 0x00, 0x00, 0x00, 0x00, 0x00, 0x00, 0x00, 0x04, 0xFF, 0xFF,
  0x40, 0x00, 0x00, 0x00, 0x00, 0x00, 0x00, 0x00, 0x00, 0x00, 0x00, 0x04, 0xFF, 0xFF, 0x40, 0x00,
  0x00, 0x00, 0x00, 0x00, 0x00, 0x00, 0x00, 0x00, 0x00, 0x04, 0xFF, 0xFF, 0x40, 0x00, 0x00, 0x00,
  0x00, 0x00, 0x00, 0x00, 0x00, 0x00, 0x00, 0x04, 0xFF, 0xFF, 0x40, 0x00, 0x00, 0x00, 0x00, 0x00,
  0x00, 0x00, 0x00, 0x00, 0x00, 0x04, 0xFF, 0xFF, 0x40, 0x00, 0x00, 0x00, 0x00, 0x00, 0x00, 0x00,
  0x00, 0x00, 0x00, 0x04, 0xFF, 0xFF, 0x40, 0x00, 0x00, 0x00, 0x00, 0x00, 0x00, 0x04, 0x44, 0x44,
  0x45, 0x47, 0xFF, 0xFF, 0x74, 0x54, 0x44, 0x44, 0x40, 0x00, 0x00, 0x0F, 0xFF, 0xFF, 0xFF, 0xFF,
  0xFF, 0xFF, 0xFF, 0xFF, 0xFF, 0xFF, 0xF0, 0x00, 0x00, 0x0D, 0xFF, 0xFF, 0xFF, 0xFF, 0xFF, 0xFF,
  0xFF, 0xFF, 0xFF, 0xFF, 0xD0, 0x00, 0x00, 0x0D, 0xFF, 0xFF, 0xFF, 0xFF, 0xFF, 0xFF, 0xFF, 0xFF,
  0xFF, 0xFF, 0xD0, 0x00, 0x00, 0x0F, 0xFF, 0xFF, 0xFF, 0xFF, 0xFF, 0xFF, 0xFF, 0xFF, 0xFF, 0xFF,
  0xF0, 0x00, 0x00, 0x04, 0x44, 0x44, 0x45, 0x47, 0xFF, 0xFF, 0x74, 0x54, 0x44, 0x44, 0x40, 0x00,
  0x00, 0x00, 0x00, 0x00, 0x00, 0x04, 0xFF, 0xFF, 0x40, 0x00, 0x00, 0x00, 0x00, 0x00, 0x00, 0x00,
  0x00, 0x00, 0x00, 0x04, 0xFF, 0xFF, 0x40, 0x00, 0x00, 0x00, 0x00, 0x00, 0x00, 0x00, 0x00, 0x00,
  0x00, 0x04, 0xFF, 0xFF, 0x40, 0x00, 0x00, 0x00, 0x00, 0x00, 0x00, 0x00, 0x00, 0x00, 0x00, 0x04,
  0xFF, 0xFF, 0x40, 0x00, 0x00, 0x00, 0x00, 0x00, 0x00, 0x00, 0x00, 0x00, 0x00, 0x04, 0xFF, 0xFF,
  0x40, 0x00, 0x00, 0x00, 0x00, 0x00, 0x00, 0x00, 0x00, 0x00, 0x00, 0x04, 0xFF, 0xFF, 0x40, 0x00,
  0x00, 0x00, 0x00, 0x00, 0x00, 0x00, 0x00, 0x00, 0x00, 0x04, 0xFF, 0xFF, 0x40, 0x00, 0x00, 0x00,
  0x00, 0x00, 0x00, 0x00, 0x00, 0x00, 0x00, 0x04, 0xEE, 0xEE, 0x40, 0x00, 0x00, 0x00, 0x00, 0x00,
  0x00, 0x00, 0x00, 0x00, 0x00, 0x00, 0x11, 0x11, 0x00, 0x00, 0x00, 0x00, 0x00, 0x00, 0x00, 0x00,
  0x11, 0x11, 0x11, 0x00, 0x00, 0x00, 0x05, 0xEE, 0xEE, 0xEE, 0x50, 0x00, 0x00, 0x06, 0xFF, 0xFF,
  0xFF, 0x60, 0x00, 0x00, 0x05, 0xFF, 0xFF, 0xFF, 0x50, 0x00, 0x00, 0x05, 0xFF, 0xFF, 0xFF, 0x50,
  0x00, 0x00, 0x05, 0xFF, 0xFF, 0xFF, 0x50, 0x00, 0x00, 0x06, 0xFF, 0xFF, 0xFF, 0x50, 0x00, 0x00,
  0x04, 0xBB, 0xDF, 0xFF, 0x50, 0x00, 0x00, 0x00, 0x00, 0x5F, 0xFF, 0x40, 0x00, 0x00, 0x00, 0x00,
  0x9F, 0xFE, 0x20, 0x00, 0x00, 0x00, 0x00, 0xDF, 0xFB, 0x00, 0x00, 0x00, 0x00, 0x06, 0xFF, 0xF6,
  0x00, 0x00, 0x00, 0x00, 0x2E, 0xFF, 0xC1, 0x00, 0x00, 0x00, 0x02, 0xDF, 0xFF, 0x40, 0x00, 0x00,
  0x00, 0x04, 0xCB, 0xB6, 0x00, 0x00, 0x00, 0x00, 0x00, 0x00, 0x00, 0x00, 0x00, 0x00, 0x00, 0x00,
  0x11, 0x11, 0x11, 0x11, 0x11, 0x00, 0x00, 0x00, 0x06, 0xEE, 0xEE, 0xEE, 0xEE, 0xEE, 0x60, 0x00,
  0x00, 0x06, 0xFF, 0xFF, 0xFF, 0xFF, 0xFF, 0x60, 0x00, 0x00, 0x06, 0xFF, 0xFF, 0xFF, 0xFF, 0xFF,
  0x60, 0x00, 0x00, 0x06, 0xFE, 0xFF, 0xFF, 0xFF, 0xEF, 0x60, 0x00, 0x00, 0x06, 0xFF, 0xFF, 0xFF,
  0xFF, 0xFF, 0x60, 0x00, 0x00, 0x02, 0x44, 0x44, 0x44, 0x44, 0x44, 0x20, 0x00, 0x00, 0x00, 0x00,
  0x00, 0x00, 0x00, 0x00, 0x00, 0x00, 0x00, 0x00, 0x00, 0x00, 0x00, 0x00, 0x00, 0x00, 0x00, 0x00,
  0x00, 0x00, 0x00, 0x00, 0x00, 0x00, 0x00, 0x00, 0x00, 0x00, 0x00, 0x00, 0x00, 0x00, 0x00, 0x00,
  0x00, 0x00, 0x00, 0x00, 0x00, 0x00, 0x00, 0x00, 0x00, 0x00, 0x00, 0x00, 0x00, 0x00, 0x00, 0x00,
  0x00, 0x00, 0x00, 0x00, 0x00, 0x00, 0x00, 0x00, 0x00, 0x00, 0x00, 0x00, 0x00, 0x00, 0x00, 0x00,
  0x00, 0x00, 0x00, 0x00, 0x00, 0x00, 0x00, 0x00, 0x00, 0x00, 0x00, 0x00, 0x00, 0x00, 0x00, 0x00,
  0x00, 0x00, 0x00, 0x00, 0x00, 0x00, 0x00, 0x00, 0x00, 0x00, 0x00, 0x00, 0x00, 0x00, 0x00, 0x00,
  0x00, 0x00, 0x00, 0x00, 0x00, 0x00, 0x00, 0x00, 0x00, 0x00, 0x00, 0x00, 0x00, 0x00, 0x00, 0x00,
  0x00, 0x00, 0x00, 0x00, 0x00, 0x00, 0x00, 0x00, 0x00, 0x00, 0x00, 0x00, 0x00, 0x00, 0x00, 0x00,
  0x00, 0x00, 0x00, 0x00, 0x00, 0x00, 0x00, 0x01, 0x11, 0x11, 0x11, 0x10, 0x00, 0x00, 0x05, 0xEE,
  0xEE, 0xEE, 0x50, 0x00, 0x00, 0x06, 0xFF, 0xFF, 0xFF, 0x60, 0x00, 0x00, 0x05, 0xFF, 0xFF, 0xFF,
  0x50, 0x00, 0x00, 0x05, 0xFF, 0xFF, 0xFF, 0x50, 0x00, 0x00, 0x06, 0xFF, 0xFF, 0xFF, 0x60, 0x00,
  0x00, 0x05, 0xEE, 0xEE, 0xEE, 0x50, 0x00, 0x00, 0x01, 0x11, 0x11, 0x11, 0x10, 0x00, 0x00, 0x00,
  0x00, 0x00, 0x00, 0x00, 0x00, 0x00, 0x00, 0x00, 0x00, 0x00, 0x00, 0x00, 0x00, 0x00, 0x00, 0x00,
  0x00, 0x00, 0x00, 0x00, 0x00, 0x00, 0x00, 0x1A, 0xBB, 0xB7, 0x00, 0x00, 0x00, 0x00, 0x00, 0x00,
  0x00, 0x00, 0x00, 0x00, 0x00, 0x07, 0xFF, 0xFF, 0x40, 0x00, 0x00, 0x00, 0x00, 0x00, 0x00, 0x00,
  0x00, 0x00, 0x00, 0x02, 0xEF, 0xFF, 0x90, 0x00, 0x00, 0x00, 0x00, 0x00, 0x00, 0x00, 0x00, 0x00,
  0x00, 0x00, 0x9F, 0xFF, 0xE2, 0x00, 0x00, 0x00, 0x00, 0x00, 0x00, 0x00, 0x00, 0x00, 0x00, 0x00,
  0x3F, 0xFF, 0xF7, 0x00, 0x00, 0x00, 0x00, 0x00, 0x00, 0x00, 0x00, 0x00, 0x00, 0x00, 0x0B, 0xFF,
  0xFD, 0x10, 0x00, 0x00, 0x00, 0x00, 0x00, 0x00, 0x00, 0x00, 0x00, 0x00, 0x05, 0xFF, 0xFF, 0x50,
  0x00, 0x00, 0x00, 0x00, 0x00, 0x00, 0x00, 0x00, 0x00, 0x00, 0x01, 0xDF, 0xFF, 0xB0, 0x00, 0x00,
  0x00, 0x00, 0x00, 0x00, 0x00, 0x00, 0x00, 0x00, 0x00, 0x8F, 0xFF, 0xF3, 0x00, 0x00, 0x00, 0x00,
  0x00, 0x00, 0x00, 0x00, 0x00, 0x00, 0x00, 0x2E, 0xFF, 0xF9, 0x00, 0x00, 0x00, 0x00, 0x00, 0x00,
  0x00, 0x00, 0x00, 0x00, 0x00, 0x0A, 0xFF, 0xFE, 0x10, 0x00, 0x00, 0x00, 0x00, 0x00, 0x00, 0x00,
  0x00, 0x00, 0x00, 0x04, 0xFF, 0xFF, 0x70, 0x00, 0x00, 0x00, 0x00, 0x00, 0x00, 0x00, 0x00, 0x00,
  0x00, 0x00, 0xCF, 0xFF, 0xC0, 0x00, 0x00, 0x00, 0x00, 0x00, 0x00, 0x00, 0x00, 0x00, 0x00, 0x00,
  0x6F, 0xFF, 0xF5, 0x00, 0x00, 0x00, 0x00, 0x00, 0x00, 0x00, 0x00, 0x00, 0x00, 0x00, 0x1D, 0xFF,
  0xFB, 0x00, 0x00, 0x00, 0x00, 0x00, 0x00, 0x00, 0x00, 0x00, 0x00, 0x00, 0x08, 0xFF, 0xFF, 0x30,
  0x00, 0x00, 0x00, 0x00, 0x00, 0x00, 0x00, 0x00, 0x00, 0x00, 0x02, 0xEF, 0xFF, 0x90, 0x00, 0x00,
  0x00, 0x00, 0x00, 0x00, 0x00, 0x00, 0x00, 0x00, 0x00, 0xAF, 0xFF, 0xE1, 0x00, 0x00, 0x00, 0x00,
  0x00, 0x00, 0x00, 0x00, 0x00, 0x00, 0x00, 0x4F, 0xFF, 0xF6, 0x00, 0x00, 0x00, 0x00, 0x00, 0x00,
  0x00, 0x00, 0x00, 0x00, 0x00, 0x0C, 0xFF, 0xFC, 0x00, 0x00, 0x00, 0x00, 0x00, 0x00, 0x00, 0x00,
  0x00, 0x00, 0x00, 0x06, 0xFF, 0xFF, 0x40, 0x00, 0x00, 0x00, 0x00, 0x00, 0x00, 0x00, 0x00, 0x00,
  0x00, 0x01, 0xEF, 0xFF, 0xA0, 0x00, 0x00, 0x00, 0x00, 0x00, 0x00, 0x00, 0x00, 0x00, 0x00, 0x00,
  0x8F, 0xFF, 0xF3, 0x00, 0x00, 0x00, 0x00, 0x00, 0x00, 0x00, 0x00, 0x00, 0x00, 0x00, 0x3F, 0xFF,
  0xF8, 0x00, 0x00, 0x00, 0x00, 0x00, 0x00, 0x00, 0x00, 0x00, 0x00, 0x00, 0x0A, 0xFF, 0xFE, 0x10,
  0x00, 0x00, 0x00, 0x00, 0x00, 0x00, 0x00, 0x00, 0x00, 0x00, 0x04, 0xFF, 0xFF, 0x60, 0x00, 0x00,
  0x00, 0x00, 0x00, 0x00, 0x00, 0x00, 0x00, 0x00, 0x00, 0xCF, 0xFF, 0xC0, 0x00, 0x00, 0x00, 0x00,
  0x00, 0x00, 0x00, 0x00, 0x00, 0x00, 0x00, 0x6F, 0xFF, 0xF4, 0x00, 0x00, 0x00, 0x00, 0x00, 0x00,
  0x00, 0x00, 0x00, 0x00, 0x00, 0x1E, 0xFF, 0xFA, 0x00, 0x00, 0x00, 0x00, 0x00, 0x00, 0x00, 0x00,
  0x00, 0x00, 0x00, 0x09, 0xFF, 0xFE, 0x20, 0x00, 0x00, 0x00, 0x00, 0x00, 0x00, 0x00, 0x00, 0x00,
  0x00, 0x03, 0xFF, 0xFF, 0x80, 0x00, 0x00, 0x00, 0x00, 0x00, 0x00, 0x00, 0x00, 0x00, 0x00, 0x00,
  0xBF, 0xFF, 0xD1, 0x00, 0x00, 0x00, 0x00, 0x00, 0x00, 0x00, 0x00, 0x00, 0x00, 0x00, 0x5F, 0xFF,
  0xF6, 0x00, 0x00, 0x00, 0x00, 0x00, 0x00, 0x00, 0x00, 0x00, 0x00, 0x00, 0x1D, 0xFF, 0xFC, 0x00,
  0x00, 0x00, 0x00, 0x00, 0x00, 0x00, 0x00, 0x00, 0x00, 0x00, 0x07, 0xFF, 0xFF, 0x40, 0x00, 0x00,
  0x00, 0x00, 0x00, 0x00, 0x00, 0x00, 0x00, 0x00, 0x02, 0xDE, 0xEE, 0x90, 0x00, 0x00, 0x00, 0x00,
  0x00, 0x00, 0x00, 0x00, 0x00, 0x00, 0x00, 0x01, 0x11, 0x10, 0x00, 0x00, 0x00, 0x00, 0x00, 0x00,
  0x00, 0x00, 0x00, 0x00, 0x00, 0x00, 0x00, 0x00, 0x00, 0x00, 0x00, 0x11, 0x11, 0x00, 0x00, 0x00,
  0x00, 0x00, 0x00, 0x00, 0x00, 0x00, 0x00, 0x15, 0xAC, 0xEE, 0xED, 0xB8, 0x30, 0x00, 0x00, 0x00,
  0x00, 0x00, 0x00, 0x00, 0x05, 0xDF, 0xFF, 0xFF, 0xFF, 0xFF, 0xFA, 0x20, 0x00, 0x00, 0x00, 0x00,
  0x00, 0x00, 0x8F, 0xFF, 0xFF, 0xFF, 0xFF, 0xFF, 0xFF, 0xD3, 0x00, 0x00, 0x00, 0x00, 0x00, 0x08,
  0xFF, 0xFF, 0xFF, 0xFF, 0xFF, 0xFF, 0xFF, 0xFE, 0x20, 0x00, 0x00, 0x00, 0x00, 0x5F, 0xFF, 0xFF,
  0xFF, 0xFE, 0xEF, 0xFF, 0xFF, 0xFF, 0xC0, 0x00, 0x00, 0x00, 0x01, 0xDF, 0xFF, 0xFF, 0xFA, 0x41,
  0x26, 0xEF, 0xFF, 0xFF, 0xF6, 0x00, 0x00, 0x00, 0x05, 0xFF, 0xFF, 0xFF, 0x90, 0x00, 0x00, 0x3E,
  0xFF, 0xFF, 0xFC, 0x00, 0x00, 0x00, 0x0A, 0xFF, 0xFF, 0xFD, 0x10, 0x00, 0x00, 0x07, 0xFF, 0xFF,
  0xFF, 0x30, 0x00, 0x00, 0x0C, 0xFF, 0xFF, 0xF9, 0x00, 0x00, 0x00, 0x02, 0xFF, 0xFF, 0xFF, 0x60,
  0x00, 0x00, 0x1E, 0xFF, 0xFF, 0xF7, 0x00, 0x00, 0x00, 0x01, 0xEF, 0xFF, 0xFF, 0x70, 0x00, 0x00,
  0x1E, 0xFF, 0xFF, 0xF7, 0x00, 0x00, 0x00, 0x01, 0xEF, 0xFF, 0xFF, 0x70, 0x00, 0x00, 0x1E, 0xFF,
  0xFF, 0xF7, 0x00, 0x00, 0x00, 0x01, 0xEF, 0xFF, 0xFF, 0x70, 0x00, 0x00, 0x1E, 0xFF, 0xFF, 0xF7,
  0x00, 0x00, 0x00, 0x01, 0xEF, 0xFF, 0xFF, 0x70, 0x00, 0x00, 0x1E, 0xFF, 0xFF, 0xF7, 0x00, 0x00,
  0x00, 0x01, 0xEF, 0xFF, 0xFF, 0x70, 0x00, 0x00, 0x1E, 0xFF, 0xFF, 0xF7, 0x00, 0x00, 0x00, 0x01,
  0xEF, 0xFF, 0xFF, 0x70, 0x00, 0x00, 0x1E, 0xFF, 0xFF, 0xF7, 0x00, 0x00, 0x00, 0x01, 0xEF, 0xFF,
  0xFF, 0x70, 0x00, 0x00, 0x1E, 0xFF, 0xFF, 0xF7, 0x00, 0x00, 0x00, 0x01, 0xEF, 0xFF, 0xFF, 0x70,
  0x00, 0x00, 0x1E, 0xFF, 0xFF, 0xF7, 0x00, 0x00, 0x00, 0x01, 0xEF, 0xFF, 0xFF, 0x70, 0x00, 0x00,
  0x1E, 0xFF, 0xFF, 0xF7, 0x00, 0x00, 0x00, 0x01, 0xEF, 0xFF, 0xFF, 0x70, 0x00, 0x00, 0x1E, 0xFF,
  0xFF, 0xF7, 0x00, 0x00, 0x00, 0x01, 0xEF, 0xFF, 0xFF, 0x70, 0x00, 0x00, 0x1E, 0xFF, 0xFF, 0xF7,
  0x00, 0x00, 0x00, 0x01, 0xEF, 0xFF, 0xFF, 0x70, 0x00, 0x00, 0x0C, 0xFF, 0xFF, 0xF9, 0x00, 0x00,
  0x00, 0x02, 0xFF, 0xFF, 0xFF, 0x60, 0x00, 0x00, 0x09, 0xFF, 0xFF, 0xFD, 0x10, 0x00, 0x00, 0x07,
  0xFF, 0xFF, 0xFF, 0x30, 0x00, 0x00, 0x05, 0xFF, 0xFF, 0xFF, 0x90, 0x00, 0x00, 0x3E, 0xFF, 0xFF,
  0xFC, 0x00, 0x00, 0x00, 0x00, 0xDF, 0xFF, 0xFF, 0xFA, 0x41, 0x26, 0xEF, 0xFF, 0xFF, 0xF6, 0x00,
  0x00, 0x00, 0x00, 0x4F, 0xFF, 0xFF, 0xFF, 0xFE, 0xEF, 0xFF, 0xFF, 0xFF, 0xC0, 0x00, 0x00, 0x00,
  0x00, 0x08, 0xFF, 0xFF, 0xFF, 0xFF, 0xFF, 0xFF, 0xFF, 0xFE, 0x20, 0x00, 0x00, 0x00, 0x00, 0x00,
  0x8F, 0xFF, 0xFF, 0xFF, 0xFF, 0xFF, 0xFF, 0xD3, 0x00, 0x00, 0x00, 0x00, 0x00, 0x00, 0x05, 0xDF,
  0xFF, 0xFF, 0xFF, 0xFF, 0xFA, 0x20, 0x00, 0x00, 0x00, 0x00, 0x00, 0x00, 0x00, 0x15, 0x9C, 0xEE,
  0xED, 0xB8, 0x30, 0x00, 0x00, 0x00, 0x00, 0x00, 0x00, 0x00, 0x00, 0x00, 0x00, 0x11, 0x11, 0x00,
  0x00, 0x00, 0x00, 0x00, 0x00, 0x00, 0x00, 0x00, 0x00, 0x00, 0x00, 0x00, 0x00, 0x11, 0x00, 0x00,
  0x00, 0x00, 0x00, 0x00, 0x00, 0x00, 0x00, 0x00, 0x00, 0x00, 0x5C, 0xED, 0x10, 0x00, 0x00, 0x00,
  0x00, 0x00, 0x00, 0x00, 0x00, 0x00, 0x01, 0x6C, 0xFF, 0xFE, 0x10, 0x00, 0x00, 0x00, 0x00, 0x00,
  0x00, 0x00, 0x00, 0x04, 0x8D, 0xFF, 0xFF, 0xFE, 0x10, 0x00, 0x00, 0x00, 0x00, 0x00, 0x00, 0x14,
  0x69, 0xDF, 0xFF, 0xFF, 0xFF, 0xFE, 0x10, 0x00, 0x00, 0x00, 0x00, 0x00, 0x00, 0x7F, 0xFF, 0xFF,
  0xFF, 0xFF, 0xFF, 0xFE, 0x10, 0x00, 0x00, 0x00, 0x00, 0x00, 0x00, 0x7F, 0xEF, 0xFF, 0xFF, 0xFF,
  0xFF, 0xFE, 0x10, 0x00, 0x00, 0x00, 0x00, 0x00, 0x00, 0x8F, 0xFF, 0xFF, 0xFF, 0xFF, 0xFF, 0xFE,
  0x10, 0x00, 0x00, 0x00, 0x00, 0x00, 0x00, 0x6D, 0xCC, 0xCD, 0xCE, 0xFF, 0xFF, 0xFE, 0x10, 0x00,
  0x00, 0x00, 0x00, 0x00, 0x00, 0x01, 0x11, 0x11, 0x08, 0xFF, 0xFF, 0xFE, 0x10, 0x00, 0x00, 0x00,
  0x00, 0x00, 0x00, 0x00, 0x00, 0x00, 0x07, 0xFF, 0xFF, 0xFE, 0x10, 0x00, 0x00, 0x00, 0x00, 0x00,
  0x00, 0x00, 0x00, 0x00, 0x08, 0xFF, 0xFF, 0xFE, 0x10, 0x00, 0x00, 0x00, 0x00, 0x00, 0x00, 0x00,
  0x00, 0x00, 0x07, 0xFF, 0xFF, 0xFE, 0x10, 0x00, 0x00, 0x00, 0x00, 0x00, 0x00, 0x00, 0x00, 0x00,
  0x07, 0xFF, 0xFF, 0xFE, 0x10, 0x00, 0x00, 0x00, 0x00, 0x00, 0x00, 0x00, 0x00, 0x00, 0x07, 0xFF,
  0xFF, 0xFE, 0x10, 0x00, 0x00, 0x00, 0x00, 0x00, 0x00, 0x00, 0x00, 0x00, 0x07, 0xFF, 0xFF, 0xFE,
  0x10, 0x00, 0x00, 0x00, 0x00, 0x00, 0x00, 0x00, 0x00, 0x00, 0x07, 0xFF, 0xFF, 0xFE, 0x10, 0x00,
  0x00, 0x00, 0x00, 0x00, 0x00, 0x00, 0x00, 0x00, 0x07, 0xFF, 0xFF, 0xFE, 0x10, 0x00, 0x00, 0x00,
  0x00, 0x00, 0x00, 0x00, 0x00, 0x00, 0x07, 0xFF, 0xFF, 0xFE, 0x10, 0x00, 0x00, 0x00, 0x00, 0x00,
  0x00, 0x00, 0x00, 0x00, 0x07, 0xFF, 0xFF, 0xFE, 0x10, 0x00, 0x00, 0x00, 0x00, 0x00, 0x00, 0x00,
  0x00, 0x00, 0x07, 0xFF, 0xFF, 0xFE, 0x10, 0x00, 0x00, 0x00, 0x00, 0x00, 0x00, 0x00, 0x00, 0x00,
  0x07, 0xFF, 0xFF, 0xFE, 0x10, 0x00, 0x00, 0x00, 0x00, 0x00, 0x00, 0x00, 0x00, 0x00, 0x07, 0xFF,
  0xFF, 0xFE, 0x10, 0x00, 0x00, 0x00, 0x00, 0x00, 0x00, 0x00, 0x00, 0x00, 0x08, 0xFF, 0xFF, 0xFE,
  0x10, 0x00, 0x00, 0x00, 0x00, 0x00, 0x00, 0x00, 0x00, 0x00, 0x07, 0xFF, 0xFF, 0xFE, 0x00, 0x00,
  0x00, 0x00, 0x00, 0x00, 0x00, 0x12, 0x22, 0x22, 0x28, 0xFF, 0xFF, 0xFE, 0x32, 0x22, 0x22, 0x10,
  0x00, 0x00, 0x00, 0x7F, 0xFF, 0xFF, 0xFF, 0xFF, 0xFF, 0xFF, 0xFF, 0xFF, 0xFF, 0x70, 0x00, 0x00,
  0x00, 0x7F, 0xFF, 0xFF, 0xFF, 0xFF, 0xFF, 0xFF, 0xFF, 0xFF, 0xFF, 0x70, 0x00, 0x00, 0x00, 0x7F,
  0xFF, 0xFF, 0xFF, 0xFF, 0xFF, 0xFF, 0xFF, 0xFF, 0xFF, 0x70, 0x00, 0x00, 0x00, 0x8F, 0xFF, 0xFF,
  0xFF, 0xFF, 0xFF, 0xFF, 0xFF, 0xFF, 0xFF, 0x80, 0x00, 0x00, 0x00, 0x7E, 0xEE, 0xEE, 0xEE, 0xEE,
  0xEE, 0xEE, 0xEE, 0xEE, 0xEE, 0x70, 0x00, 0x00, 0x00, 0x01, 0x11, 0x11, 0x11, 0x11, 0x11, 0x11,
  0x11, 0x11, 0x11, 0x00, 0x00, 0x00, 0x00, 0x00, 0x00, 0x00, 0x00, 0x01, 0x11, 0x00, 0x00, 0x00,
  0x00, 0x00, 0x00, 0x00, 0x00, 0x00, 0x00, 0x15, 0x9C, 0xDE, 0xED, 0xC9, 0x61, 0x00, 0x00, 0x00,
  0x00, 0x00, 0x00, 0x00, 0x05, 0xDF, 0xFF, 0xFF, 0xFF, 0xFF, 0xFD, 0x60, 0x00, 0x00, 0x00, 0x00,
  0x00, 0x00, 0x9F, 0xFF, 0xFF, 0xFF, 0xFF, 0xFF, 0xFF, 0xFA, 0x00, 0x00, 0x00, 0x00, 0x00, 0x09,
  0xFF, 0xFF, 0xFF, 0xFF, 0xFF, 0xFF, 0xFF, 0xFF, 0x90, 0x00, 0x00, 0x00, 0x00, 0x6F, 0xFF, 0xFF,
  0xFF, 0xFF, 0xFF, 0xFF, 0xFF, 0xFF, 0xF5, 0x00, 0x00, 0x00, 0x01, 0xEF, 0xFF, 0xFF, 0xFD, 0xA9,
  0xAE, 0xFF, 0xFF, 0xFF, 0xFC, 0x00, 0x00, 0x00, 0x06, 0xFF, 0xFF, 0xFF, 0x91, 0x00, 0x02, 0xBF,
  0xFF, 0xFF, 0xFF, 0x30, 0x00, 0x00, 0x0A, 0xFF, 0xFF, 0xFA, 0x00, 0x00, 0x00, 0x1D, 0xFF, 0xFF,
  0xFF, 0x60, 0x00, 0x00, 0x0C, 0xFF, 0xFF, 0xF3, 0x00, 0x00, 0x00, 0x09, 0xFF, 0xFF, 0xFF, 0x70,
  0x00, 0x00, 0x1E, 0xFF, 0xFF, 0xF1, 0x00, 0x00, 0x00, 0x08, 0xFF, 0xFF, 0xFF, 0x80, 0x00, 0x00,
  0x1C, 0xDD, 0xDD, 0xD1, 0x00, 0x00, 0x00, 0x09, 0xFF, 0xFF, 0xFF, 0x70, 0x00, 0x00, 0x01, 0x11,
  0x11, 0x10, 0x00, 0x00, 0x00, 0x0C, 0xFF, 0xFF, 0xFF, 0x50, 0x00, 0x00, 0x00, 0x00, 0x00, 0x00,
  0x00, 0x00, 0x00, 0x5F, 0xFF, 0xFF, 0xFE, 0x10, 0x00, 0x00, 0x00, 0x00, 0x00, 0x00, 0x00, 0x00,
  0x03, 0xEF, 0xFF, 0xFF, 0xF9, 0x00, 0x00, 0x00, 0x00, 0x00, 0x00, 0x00, 0x00, 0x00, 0x4E, 0xFF,
  0xFF, 0xFF, 0xE2, 0x00, 0x00, 0x00, 0x00, 0x00, 0x00, 0x00, 0x00, 0x07, 0xFF, 0xFF, 0xFF, 0xFF,
  0x50, 0x00, 0x00, 0x00, 0x00, 0x00, 0x00, 0x00, 0x01, 0xAF, 0xFF, 0xFF, 0xFF, 0xF6, 0x00, 0x00,
  0x00, 0x00, 0x00, 0x00, 0x00, 0x00, 0x4D, 0xFF, 0xFF, 0xFF, 0xFE, 0x60, 0x00, 0x00, 0x00, 0x00,
  0x00, 0x00, 0x00, 0x07, 0xFF, 0xFF, 0xFF, 0xFF, 0xC3, 0x00, 0x00, 0x00, 0x00, 0x00, 0x00, 0x00,
  0x01, 0xAF, 0xFF, 0xFF, 0xFF, 0xF9, 0x10, 0x00, 0x00, 0x00, 0x00, 0x00, 0x00, 0x00, 0x3D, 0xFF,
  0xFF, 0xFF, 0xFE, 0x60, 0x00, 0x00, 0x00, 0x00, 0x00, 0x00, 0x00, 0x04, 0xEF, 0xFF, 0xFF, 0xFF,
  0xB2, 0x00, 0x00, 0x00, 0x00, 0x00, 0x00, 0x00, 0x00, 0x3E, 0xFF, 0xFF, 0xFF, 0xF8, 0x10, 0x00,
  0x00, 0x00, 0x00, 0x00, 0x00, 0x00, 0x00, 0xCF, 0xFF, 0xFF, 0xFE, 0x40, 0x00, 0x00, 0x00, 0x00,
  0x00, 0x00, 0x00, 0x00, 0x04, 0xFF, 0xFF, 0xFF, 0xFD, 0x99, 0x99, 0x99, 0x99, 0x99, 0x99, 0x50,
  0x00, 0x00, 0x09, 0xFF, 0xFF, 0xFF, 0xFF, 0xFF, 0xFF, 0xFF, 0xFF, 0xFF, 0xFF, 0x80, 0x00, 0x00,
  0x0C, 0xFF, 0xFF, 0xFF, 0xFF, 0xFF, 0xFF, 0xFF, 0xFF, 0xFF, 0xEF, 0x80, 0x00, 0x00, 0x1E, 0xFF,
  0xFF, 0xFF, 0xFF, 0xFF, 0xFF, 0xFF, 0xFF, 0xFF, 0xFF, 0x80, 0x00, 0x00, 0x1E, 0xFF, 0xFF, 0xFF,
  0xFF, 0xFF, 0xFF, 0xFF, 0xFF, 0xFF, 0xFF, 0x80, 0x00, 0x00, 0x1D, 0xEE, 0xEE, 0xEE, 0xEE, 0xEE,
  0xEE, 0xEE, 0xEE, 0xEE, 0xEE, 0x70, 0x00, 0x00, 0x01, 0x11, 0x11, 0x11, 0x11, 0x11, 0x11, 0x11,
  0x11, 0x11, 0x11, 0x00, 0x00, 0x00, 0x00, 0x00, 0x00, 0x00, 0x00, 0x11, 0x11, 0x00, 0x00, 0x00,
  0x00, 0x00, 0x00, 0x00, 0x00, 0x00, 0x00, 0x26, 0xAC, 0xDE, 0xED, 0xC9, 0x50, 0x00, 0x00, 0x00,
  0x00, 0x00, 0x00, 0x00, 0x18, 0xEF, 0xFF, 0xFF, 0xFF, 0xFF, 0xFC, 0x50, 0x00, 0x00, 0x00, 0x00,
  0x00, 0x02, 0xCF, 0xFF, 0xFF, 0xFF, 0xFF, 0xFF, 0xFF, 0xF8, 0x00, 0x00, 0x00, 0x00, 0x00, 0x1D,
  0xFF, 0xFF, 0xFF, 0xFF, 0xFF, 0xFF, 0xFF, 0xFF, 0x70, 0x00, 0x00, 0x00, 0x00, 0x9F, 0xFF, 0xFF,
  0xFF, 0xEE, 0xFF, 0xFF, 0xFF, 0xFF, 0xF2, 0x00, 0x00, 0x00, 0x02, 0xEF, 0xFF, 0xFF, 0xB5, 0x21,
  0x38, 0xFF, 0xFF, 0xFF, 0xF8, 0x00, 0x00, 0x00, 0x05, 0xFF, 0xFF, 0xFB, 0x00, 0x00, 0x00, 0x4F,
  0xFF, 0xFF, 0xFC, 0x00, 0x00, 0x00, 0x07, 0xFF, 0xFF, 0xF4, 0x00, 0x00, 0x00, 0x0A, 0xFF, 0xFF,
  0xFE, 0x10, 0x00, 0x00, 0x07, 0xED, 0xDD, 0xD1, 0x00, 0x00, 0x00, 0x08, 0xFF, 0xFF, 0xFE, 0x10,
  0x00, 0x00, 0x00, 0x10, 0x00, 0x00, 0x00, 0x00, 0x00, 0x08, 0xFF, 0xFF, 0xFC, 0x00, 0x00, 0x00,
  0x00, 0x00, 0x00, 0x00, 0x00, 0x00, 0x00, 0x0C, 0xFF, 0xFF, 0xF9, 0x00, 0x00, 0x00, 0x00, 0x00,
  0x00, 0x00, 0x00, 0x00, 0x00, 0x7F, 0xFF, 0xFF, 0xF3, 0x00, 0x00, 0x00, 0x00, 0x00, 0x00, 0x00,
  0x44, 0x44, 0x6A, 0xFF, 0xFF, 0xFF, 0x70, 0x00, 0x00, 0x00, 0x00, 0x00, 0x00, 0x01, 0xEF, 0xFF,
  0xFF, 0xFF, 0xFF, 0xF7, 0x00, 0x00, 0x00, 0x00, 0x00, 0x00, 0x00, 0x01, 0xEF, 0xFF, 0xFF, 0xFF,
  0xFF, 0x60, 0x00, 0x00, 0x00, 0x00, 0x00, 0x00, 0x00, 0x01, 0xEF, 0xFF, 0xFF, 0xFF, 0xFF, 0xE9,
  0x10, 0x00, 0x00, 0x00, 0x00, 0x00, 0x00, 0x01, 0xDE, 0xEE, 0xEF, 0xFF, 0xFF, 0xFF, 0xD2, 0x00,
  0x00, 0x00, 0x00, 0x00, 0x00, 0x00, 0x11, 0x11, 0x13, 0x8F, 0xFF, 0xFF, 0xFD, 0x10, 0x00, 0x00,
  0x00, 0x00, 0x00, 0x00, 0x00, 0x00, 0x00, 0x05, 0xFF, 0xFF, 0xFF, 0x70, 0x00, 0x00, 0x00, 0x00,
  0x00, 0x00, 0x00, 0x00, 0x00, 0x00, 0xBF, 0xFF, 0xFF, 0xB0, 0x00, 0x00, 0x11, 0x11, 0x11, 0x10,
  0x00, 0x00, 0x00, 0x00, 0x8F, 0xFF, 0xFF, 0xD1, 0x00, 0x00, 0x7E, 0xEE, 0xEE, 0x80, 0x00, 0x00,
  0x00, 0x00, 0x8F, 0xFF, 0xFF, 0xE1, 0x00, 0x00, 0x7F, 0xFF, 0xFF, 0xB0, 0x00, 0x00, 0x00, 0x00,
  0xBF, 0xFF, 0xFF, 0xD0, 0x00, 0x00, 0x5F, 0xFF, 0xFF, 0xF5, 0x00, 0x00, 0x00, 0x06, 0xFF, 0xFF,
  0xFF, 0xA0, 0x00, 0x00, 0x2E, 0xFF, 0xFF, 0xFF, 0x94, 0x21, 0x24, 0x9F, 0xFF, 0xFF, 0xFF, 0x50,
  0x00, 0x00, 0x09, 0xFF, 0xFF, 0xFF, 0xFF, 0xEE, 0xEF, 0xFF, 0xFF, 0xFF, 0xFB, 0x00, 0x00, 0x00,
  0x02, 0xDF, 0xFF, 0xFF, 0xFF, 0xFF, 0xFF, 0xFF, 0xFF, 0xFF, 0xD2, 0x00, 0x00, 0x00, 0x00, 0x3D,
  0xFF, 0xFF, 0xFF, 0xFF, 0xFF, 0xFF, 0xFF, 0xFC, 0x20, 0x00, 0x00, 0x00, 0x00, 0x02, 0xAF, 0xFF,
  0xFF, 0xFF, 0xFF, 0xFF, 0xFD, 0x70, 0x00, 0x00, 0x00, 0x00, 0x00, 0x00, 0x03, 0x7A, 0xCD, 0xEE,
  0xED, 0xB9, 0x51, 0x00, 0x00, 0x00, 0x00, 0x00, 0x00, 0x00, 0x00, 0x00, 0x01, 0x11, 0x10, 0x00,
  0x00, 0x00, 0x00, 0x00, 0x00, 0x00, 0x00, 0x00, 0x00, 0x00, 0x11, 0x11, 0x11, 0x00, 0x00, 0x00,
  0x00, 0x00, 0x00, 0x00, 0x00, 0x00, 0x00, 0x03, 0xEE, 0xEE, 0xEB, 0x00, 0x00, 0x00, 0x00, 0x00,
  0x00, 0x00, 0x00, 0x00, 0x00, 0x07, 0xFF, 0xFF, 0xF9, 0x00, 0x00, 0x00, 0x00, 0x00, 0x00, 0x00,
  0x00, 0x00, 0x00, 0x0C, 0xFF, 0xFF, 0xF4, 0x00, 0x00, 0x00, 0x00, 0x00, 0x00, 0x00, 0x00, 0x00,
  0x00, 0x3F, 0xFF, 0xFF, 0xD1, 0x00, 0x26, 0x63, 0x00, 0x00, 0x00, 0x00, 0x00, 0x00, 0x00, 0x8F,
  0xFF, 0xFF, 0x80, 0x00, 0x9F, 0xF8, 0x00, 0x00, 0x00, 0x00, 0x00, 0x00, 0x00, 0xDF, 0xFF, 0xFF,
  0x20, 0x01, 0xEF, 0xF7, 0x00, 0x00, 0x00, 0x00, 0x00, 0x00, 0x04, 0xFF, 0xFF, 0xFA, 0x00, 0x06,
  0xFF, 0xF7, 0x00, 0x00, 0x00, 0x00, 0x00, 0x00, 0x0A, 0xFF, 0xFF, 0xF4, 0x00, 0x0C, 0xFF, 0xF7,
  0x00, 0x00, 0x00, 0x00, 0x00, 0x00, 0x2F, 0xFF, 0xFF, 0xB0, 0x00, 0x5F, 0xFF, 0xF7, 0x00, 0x00,
  0x00, 0x00, 0x00, 0x00, 0x8F, 0xFF, 0xFF, 0x40, 0x00, 0xCF, 0xFF, 0xF7, 0x00, 0x00, 0x00, 0x00,
  0x00, 0x01, 0xEF, 0xFF, 0xFB, 0x00, 0x05, 0xFF, 0xFF, 0xF7, 0x00, 0x00, 0x00, 0x00, 0x00, 0x06,
  0xFF, 0xFF, 0xF3, 0x00, 0x0D, 0xFF, 0xFF, 0xF7, 0x00, 0x00, 0x00, 0x00, 0x00, 0x0C, 0xFF, 0xFF,
  0xA0, 0x00, 0x1E, 0xFF, 0xFF, 0xF7, 0x00, 0x00, 0x00, 0x00, 0x00, 0x5F, 0xFF, 0xFE, 0x20, 0x00,
  0x1E, 0xFF, 0xFF, 0xF7, 0x00, 0x00, 0x00, 0x00, 0x00, 0xCF, 0xFF, 0xF7, 0x00, 0x00, 0x1E, 0xFF,
  0xFF, 0xF7, 0x00, 0x00, 0x00, 0x00, 0x05, 0xFF, 0xFF, 0xC0, 0x00, 0x00, 0x1E, 0xFF, 0xFF, 0xF8,
  0x00, 0x00, 0x00, 0x00, 0x0C, 0xFF, 0xFE, 0x20, 0x00, 0x00, 0x0E, 0xFF, 0xFF, 0xF7, 0x00, 0x00,
  0x00, 0x00, 0x5F, 0xFF, 0xF8, 0x33, 0x33, 0x33, 0x4E, 0xFF, 0xFF, 0xF9, 0x33, 0x32, 0x00, 0x00,
  0x8F, 0xFF, 0xFF, 0xFF, 0xFF, 0xFF, 0xFF, 0xFF, 0xFF, 0xFF, 0xFF, 0xF8, 0x00, 0x00, 0x7F, 0xFF,
  0xFF, 0xFF, 0xFF, 0xFF, 0xFF, 0xFF, 0xFF, 0xFF, 0xFF, 0xF7, 0x00, 0x00, 0x7F, 0xFF, 0xFF, 0xFF,
  0xFF, 0xFF, 0xFF, 0xFF, 0xFF, 0xFF, 0xFF, 0xF7, 0x00, 0x00, 0x8F, 0xFF, 0xFF, 0xFF, 0xFF, 0xFF,
  0xFF, 0xFF, 0xFF, 0xFF, 0xFF, 0xF8, 0x00, 0x00, 0x6D, 0xDD, 0xDD, 0xDD, 0xDD, 0xDD, 0xDF, 0xFF,
  0xFF, 0xFE, 0xDD, 0xD6, 0x00, 0x00, 0x00, 0x00, 0x00, 0x00, 0x00, 0x00, 0x1E, 0xFF, 0xFF, 0xF7,
  0x00, 0x00, 0x00, 0x00, 0x00, 0x00, 0x00, 0x00, 0x00, 0x00, 0x1E, 0xFF, 0xFF, 0xF7, 0x00, 0x00,
  0x00, 0x00, 0x00, 0x00, 0x00, 0x00, 0x00, 0x00, 0x1E, 0xFF, 0xFF, 0xF7, 0x00, 0x00, 0x00, 0x00,
  0x00, 0x00, 0x00, 0x00, 0x00, 0x00, 0x1E, 0xFF, 0xFF, 0xF7, 0x00, 0x00, 0x00, 0x00, 0x00, 0x00,
  0x00, 0x00, 0x00, 0x00, 0x1E, 0xFF, 0xFF, 0xF7, 0x00, 0x00, 0x00, 0x00, 0x00, 0x00, 0x00, 0x00,
  0x00, 0x00, 0x1E, 0xFF, 0xFF, 0xF8, 0x00, 0x00, 0x00, 0x00, 0x00, 0x00, 0x00, 0x00, 0x00, 0x00,
  0x1D, 0xEE, 0xEE, 0xE7, 0x00, 0x00, 0x00, 0x00, 0x00, 0x00, 0x00, 0x00, 0x00, 0x00, 0x01, 0x11,
  0x11, 0x10, 0x00, 0x00, 0x00, 0x00, 0x00, 0x00, 0x11, 0x11, 0x11, 0x11, 0x11, 0x11, 0x11, 0x11,
  0x10, 0x00, 0x00, 0x00, 0x00, 0x09, 0xEE, 0xEE, 0xEE, 0xEE, 0xEE, 0xEE, 0xEE, 0xEE, 0xE2, 0x00,
  0x00, 0x00, 0x00, 0x0B, 0xFF, 0xFF, 0xFF, 0xFF, 0xFF, 0xFF, 0xFF, 0xFF, 0xF3, 0x00, 0x00, 0x00,
  0x00, 0x0B, 0xFF, 0xFF, 0xFF, 0xFF, 0xFF, 0xFF, 0xFF, 0xFF, 0xF3, 0x00, 0x00, 0x00, 0x00, 0x0C,
  0xFF, 0xFF, 0xFF, 0xFF, 0xFF, 0xFF, 0xFF, 0xFF, 0xF3, 0x00, 0x00, 0x00, 0x00, 0x1D, 0xFF, 0xFF,
  0xFF, 0xFF, 0xFF, 0xFF, 0xFF, 0xFF, 0xF3, 0x00, 0x00, 0x00, 0x00, 0x1E, 0xFF, 0xFF, 0xFF, 0xFF,
  0xFF, 0xFF, 0xFF, 0xFF, 0xF3, 0x00, 0x00, 0x00, 0x00, 0x2F, 0xFF, 0xFF, 0x82, 0x22, 0x22, 0x22,
  0x22, 0x22, 0x20, 0x00, 0x00, 0x00, 0x00, 0x3F, 0xFF, 0xFF, 0x60, 0x00, 0x00, 0x00, 0x00, 0x00,
  0x00, 0x00, 0x00, 0x00, 0x00, 0x4F, 0xFF, 0xFF, 0x50, 0x00, 0x00, 0x00, 0x00, 0x00, 0x00, 0x00,
  0x00, 0x00, 0x00, 0x5F, 0xFF, 0xFF, 0x40, 0x00, 0x00, 0x00, 0x00, 0x00, 0x00, 0x00, 0x00, 0x00,
  0x00, 0x6F, 0xFF, 0xFF, 0x30, 0x48, 0xBC, 0xCB, 0x84, 0x00, 0x00, 0x00, 0x00, 0x00, 0x00, 0x7F,
  0xFF, 0xFE, 0x4A, 0xFF, 0xFF, 0xFF, 0xFF, 0xB4, 0x00, 0x00, 0x00, 0x00, 0x00, 0x8F, 0xFF, 0xFF,
  0xEF, 0xFF, 0xFF, 0xFF, 0xFF, 0xFF, 0x60, 0x00, 0x00, 0x00, 0x00, 0x9F, 0xFF, 0xFF, 0xFF, 0xFF,
  0xFF, 0xFF, 0xFF, 0xFF, 0xF4, 0x00, 0x00, 0x00, 0x00, 0xAF, 0xFF, 0xFF, 0xFF, 0xFF, 0xFF, 0xFF,
  0xFF, 0xFF, 0xFD, 0x10, 0x00, 0x00, 0x00, 0xCF, 0xFF, 0xFF, 0xFB, 0x64, 0x58, 0xEF, 0xFF, 0xFF,
  0xFF, 0x50, 0x00, 0x00, 0x00, 0x7B, 0xDE, 0xFF, 0x60, 0x00, 0x00, 0x2C, 0xFF, 0xFF, 0xFF, 0xA0,
  0x00, 0x00, 0x00, 0x00, 0x02, 0x33, 0x00, 0x00, 0x00, 0x02, 0xEF, 0xFF, 0xFF, 0xC0, 0x00, 0x00,
  0x00, 0x00, 0x00, 0x00, 0x00, 0x00, 0x00, 0x00, 0xAF, 0xFF, 0xFF, 0xE1, 0x00, 0x00, 0x01, 0x11,
  0x11, 0x10, 0x00, 0x00, 0x00, 0x00, 0x8F, 0xFF, 0xFF, 0xE1, 0x00, 0x00, 0x1C, 0xDD, 0xDD, 0xD1,
  0x00, 0x00, 0x00, 0x00, 0x8F, 0xFF, 0xFF, 0xD1, 0x00, 0x00, 0x0D, 0xFF, 0xFF, 0xF4, 0x00, 0x00,
  0x00, 0x00, 0xBF, 0xFF, 0xFF, 0xC0, 0x00, 0x00, 0x0B, 0xFF, 0xFF, 0xFB, 0x00, 0x00, 0x00, 0x04,
  0xFF, 0xFF, 0xFF, 0x90, 0x00, 0x00, 0x07, 0xFF, 0xFF, 0xFF, 0xA2, 0x00, 0x00, 0x5E, 0xFF, 0xFF,
  0xFF, 0x40, 0x00, 0x00, 0x02, 0xEF, 0xFF, 0xFF, 0xFE, 0xB9, 0xAC, 0xFF, 0xFF, 0xFF, 0xFB, 0x00,
  0x00, 0x00, 0x00, 0x7F, 0xFF, 0xFF, 0xFF, 0xFF, 0xFF, 0xFF, 0xFF, 0xFF, 0xE3, 0x00, 0x00, 0x00,
  0x00, 0x0A, 0xFF, 0xFF, 0xFF, 0xFF, 0xFF, 0xFF, 0xFF, 0xFF, 0x50, 0x00, 0x00, 0x00, 0x00, 0x01,
  0xAF, 0xFF, 0xFF, 0xFF, 0xFF, 0xFF, 0xFF, 0xE5, 0x00, 0x00, 0x00, 0x00, 0x00, 0x00, 0x05, 0xCF,
  0xFF, 0xFF, 0xFF, 0xFF, 0xFA, 0x20, 0x00, 0x00, 0x00, 0x00, 0x00, 0x00, 0x00, 0x05, 0x8B, 0xDE,
  0xED, 0xA7, 0x30, 0x00, 0x00, 0x00, 0x00, 0x00, 0x00, 0x00, 0x00, 0x00, 0x00, 0x01, 0x10, 0x00,
  0x00, 0x00, 0x00, 0x00, 0x00, 0x00, 0x00, 0x00, 0x00, 0x00, 0x00, 0x01, 0x11, 0x00, 0x00, 0x00,
  0x00, 0x00, 0x00, 0x00, 0x00, 0x00, 0x00, 0x02, 0x7B, 0xDE, 0xED, 0xC9, 0x51, 0x00, 0x00, 0x00,
  0x00, 0x00, 0x00, 0x00, 0x01, 0x9F, 0xFF, 0xFF, 0xFF, 0xFF, 0xFD, 0x50, 0x00, 0x00, 0x00, 0x00,
  0x00, 0x00, 0x3D, 0xFF, 0xFF, 0xFF, 0xFF, 0xFF, 0xFF, 0xF8, 0x00, 0x00, 0x00, 0x00, 0x00, 0x02,
  0xDF, 0xFF, 0xFF, 0xFF, 0xFF, 0xFF, 0xFF, 0xFF, 0x70, 0x00, 0x00, 0x00, 0x00, 0x0C, 0xFF, 0xFF,
  0xFF, 0xFF, 0xEF, 0xFF, 0xFF, 0xFF, 0xF3, 0x00, 0x00, 0x00, 0x00, 0x6F, 0xFF, 0xFF, 0xFE, 0x72,
  0x13, 0x9F, 0xFF, 0xFF, 0xFA, 0x00, 0x00, 0x00, 0x00, 0xCF, 0xFF, 0xFF, 0xE3, 0x00, 0x00, 0x08,
  0xFF, 0xFF, 0xFE, 0x20, 0x00, 0x00, 0x03, 0xFF, 0xFF, 0xFF, 0x70, 0x00, 0x00, 0x00, 0xDF, 0xFF,
  0xFF, 0x50, 0x00, 0x00, 0x06, 0xFF, 0xFF, 0xFF, 0x20, 0x00, 0x00, 0x00, 0x9F, 0xFF, 0xFF, 0x70,
  0x00, 0x00, 0x07, 0xFF, 0xFF, 0xFE, 0x10, 0x00, 0x00, 0x00, 0x6B, 0xBB, 0xBB, 0x50, 0x00, 0x00,
  0x07, 0xFF, 0xFF, 0xFE, 0x10, 0x00, 0x00, 0x00, 0x00, 0x00, 0x00, 0x00, 0x00, 0x00, 0x07, 0xFF,
  0xFF, 0xFE, 0x10, 0x05, 0x8A, 0xA9, 0x73, 0x00, 0x00, 0x00, 0x00, 0x00, 0x07, 0xFF, 0xFF, 0xFE,
  0x05, 0xCF, 0xFF, 0xFF, 0xFF, 0xB4, 0x00, 0x00, 0x00, 0x00, 0x07, 0xFF, 0xFF, 0xFE, 0x8F, 0xFF,
  0xEF, 0xFF, 0xFF, 0xFF, 0x60, 0x00, 0x00, 0x00, 0x07, 0xFF, 0xFF, 0xFF, 0xFF, 0xFF, 0xFF, 0xFF,
  0xFF, 0xFF, 0xF5, 0x00, 0x00, 0x00, 0x07, 0xFF, 0xFF, 0xFF, 0xFF, 0xC8, 0x8A, 0xEF, 0xFF, 0xFF,
  0xFD, 0x10, 0x00, 0x00, 0x07, 0xFF, 0xFF, 0xFF, 0xF7, 0x00, 0x00, 0x3C, 0xFF, 0xFF, 0xFF, 0x60,
  0x00, 0x00, 0x07, 0xFF, 0xFF, 0xFF, 0xA0, 0x00, 0x00, 0x03, 0xFF, 0xFF, 0xFF, 0xA0, 0x00, 0x00,
  0x07, 0xFF, 0xFF, 0xFF, 0x40, 0x00, 0x00, 0x00, 0xBF, 0xFF, 0xFF, 0xD0, 0x00, 0x00, 0x07, 0xFF,
  0xFF, 0xFE, 0x20, 0x00, 0x00, 0x00, 0x8F, 0xFF, 0xFF, 0xE1, 0x00, 0x00, 0x07, 0xFF, 0xFF, 0xFE,
  0x10, 0x00, 0x00, 0x00, 0x8F, 0xFF, 0xFF, 0xE1, 0x00, 0x00, 0x06, 0xFF, 0xFF, 0xFF, 0x30, 0x00,
  0x00, 0x00, 0x9F, 0xFF, 0xFF, 0xD0, 0x00, 0x00, 0x03, 0xFF, 0xFF, 0xFF, 0x60, 0x00, 0x00, 0x00,
  0xDF, 0xFF, 0xFF, 0xA0, 0x00, 0x00, 0x00, 0xCF, 0xFF, 0xFF, 0xD1, 0x00, 0x00, 0x07, 0xFF, 0xFF,
  0xFF, 0x60, 0x00, 0x00, 0x00, 0x6F, 0xFF, 0xFF, 0xFC, 0x52, 0x13, 0x8F, 0xFF, 0xFF, 0xFE, 0x10,
  0x00, 0x00, 0x00, 0x0C, 0xFF, 0xFF, 0xFF, 0xFE, 0xEF, 0xFF, 0xFF, 0xFF, 0xF6, 0x00, 0x00, 0x00,
  0x00, 0x02, 0xEF, 0xFF, 0xFF, 0xFF, 0xFF, 0xFF, 0xFF, 0xFF, 0x90, 0x00, 0x00, 0x00, 0x00, 0x00,
  0x3D, 0xFF, 0xFF, 0xFF, 0xFF, 0xFF, 0xFF, 0xF9, 0x00, 0x00, 0x00, 0x00, 0x00, 0x00, 0x02, 0x9F,
  0xFF, 0xFF, 0xFF, 0xFF, 0xFC, 0x50, 0x00, 0x00, 0x00, 0x00, 0x00, 0x00, 0x00, 0x03, 0x8B, 0xDE,
  0xED, 0xC9, 0x50, 0x00, 0x00, 0x00, 0x00, 0x00, 0x00, 0x00, 0x00, 0x00, 0x00, 0x11, 0x11, 0x00,
  0x00, 0x00, 0x00, 0x00, 0x00, 0x00, 0x00, 0x11, 0x11, 0x11, 0x11, 0x11, 0x11, 0x11, 0x11, 0x11,
  0x11, 0x00, 0x00, 0x00, 0x07, 0xEE, 0xEE, 0xEE, 0xEE, 0xEE, 0xEE, 0xEE, 0xEE, 0xEE, 0xEE, 0x70,
  0x00, 0x00, 0x08, 0xFF, 0xFF, 0xFF, 0xFF, 0xFF, 0xFF, 0xFF, 0xFF, 0xFF, 0xFF, 0x80, 0x00, 0x00,
  0x07, 0xFF, 0xFF, 0xFF, 0xFF, 0xFF, 0xFF, 0xFF, 0xFF, 0xFF, 0xFF, 0x80, 0x00, 0x00, 0x07, 0xFE,
  0xFF, 0xFF, 0xFF, 0xFF, 0xFF, 0xFF, 0xFF, 0xFF, 0xFE, 0x30, 0x00, 0x00, 0x08, 0xFF, 0xFF, 0xFF,
  0xFF, 0xFF, 0xFF, 0xFF, 0xFF, 0xFF, 0xF6, 0x00, 0x00, 0x00, 0x04, 0x77, 0x77, 0x77, 0x77, 0x87,
  0x87, 0xAF, 0xFF, 0xFF, 0xA0, 0x00, 0x00, 0x00, 0x00, 0x00, 0x00, 0x00, 0x00, 0x00, 0x00, 0xBF,
  0xFF, 0xFD, 0x10, 0x00, 0x00, 0x00, 0x00, 0x00, 0x00, 0x00, 0x00, 0x00, 0x09, 0xFF, 0xFF, 0xF4,
  0x00, 0x00, 0x00, 0x00, 0x00, 0x00, 0x00, 0x00, 0x00, 0x00, 0x4F, 0xFF, 0xFF, 0x90, 0x00, 0x00,
  0x00, 0x00, 0x00, 0x00, 0x00, 0x00, 0x00, 0x01, 0xDF, 0xFF, 0xFD, 0x10, 0x00, 0x00, 0x00, 0x00,
  0x00, 0x00, 0x00, 0x00, 0x00, 0x0A, 0xFF, 0xFF, 0xF6, 0x00, 0x00, 0x00, 0x00, 0x00, 0x00, 0x00,
  0x00, 0x00, 0x00, 0x4F, 0xFF, 0xFF, 0xC0, 0x00, 0x00, 0x00, 0x00, 0x00, 0x00, 0x00, 0x00, 0x00,
  0x01, 0xDF, 0xFF, 0xFF, 0x40, 0x00, 0x00, 0x00, 0x00, 0x00, 0x00, 0x00, 0x00, 0x00, 0x07, 0xFF,
  0xFF, 0xFC, 0x00, 0x00, 0x00, 0x00, 0x00, 0x00, 0x00, 0x00, 0x00, 0x00, 0x1E, 0xFF, 0xFF, 0xF5,
  0x00, 0x00, 0x00, 0x00, 0x00, 0x00, 0x00, 0x00, 0x00, 0x00, 0x8F, 0xFF, 0xFF, 0xD1, 0x00, 0x00,
  0x00, 0x00, 0x00, 0x00, 0x00, 0x00, 0x00, 0x02, 0xEF, 0xFF, 0xFF, 0x80, 0x00, 0x00, 0x00, 0x00,
  0x00, 0x00, 0x00, 0x00, 0x00, 0x08, 0xFF, 0xFF, 0xFF, 0x30, 0x00, 0x00, 0x00, 0x00, 0x00, 0x00,
  0x00, 0x00, 0x00, 0x1D, 0xFF, 0xFF, 0xFD, 0x00, 0x00, 0x00, 0x00, 0x00, 0x00, 0x00, 0x00, 0x00,
  0x00, 0x5F, 0xFF, 0xFF, 0xF9, 0x00, 0x00, 0x00, 0x00, 0x00, 0x00, 0x00, 0x00, 0x00, 0x00, 0x9F,
  0xFF, 0xFF, 0xF6, 0x00, 0x00, 0x00, 0x00, 0x00, 0x00, 0x00, 0x00, 0x00, 0x01, 0xDF, 0xFF, 0xFF,
  0xF3, 0x00, 0x00, 0x00, 0x00, 0x00, 0x00, 0x00, 0x00, 0x00, 0x04, 0xFF, 0xFF, 0xFF, 0xE1, 0x00,
  0x00, 0x00, 0x00, 0x00, 0x00, 0x00, 0x00, 0x00, 0x07, 0xFF, 0xFF, 0xFF, 0xC0, 0x00, 0x00, 0x00,
  0x00, 0x00, 0x00, 0x00, 0x00, 0x00, 0x09, 0xFF, 0xFF, 0xFF, 0xA0, 0x00, 0x00, 0x00, 0x00, 0x00,
  0x00, 0x00, 0x00, 0x00, 0x0B, 0xFF, 0xFF, 0xFF, 0x90, 0x00, 0x00, 0x00, 0x00, 0x00, 0x00, 0x00,
  0x00, 0x00, 0x0D, 0xFF, 0xFF, 0xFF, 0x80, 0x00, 0x00, 0x00, 0x00, 0x00, 0x00, 0x00, 0x00, 0x00,
  0x1E, 0xFF, 0xFF, 0xFF, 0x80, 0x00, 0x00, 0x00, 0x00, 0x00, 0x00, 0x00, 0x00, 0x00, 0x1A, 0xBB,
  0xBB, 0xBB, 0x50, 0x00, 0x00, 0x00, 0x00, 0x00, 0x00, 0x00, 0x00, 0x00, 0x00, 0x00, 0x00, 0x00,
  0x00, 0x00, 0x00, 0x00, 0x00, 0x00, 0x00, 0x00, 0x00, 0x00, 0x00, 0x00, 0x00, 0x00, 0x00, 0x00,
  0x00, 0x00, 0x00, 0x00, 0x00, 0x00, 0x00, 0x00, 0x00, 0x01, 0x58, 0x9A, 0xA9, 0x74, 0x00, 0x00,
  0x00, 0x00, 0x00, 0x00, 0x00, 0x00, 0x02, 0x8E, 0xFF, 0xFF, 0xFF, 0xFF, 0xC6, 0x00, 0x00, 0x00,
  0x00, 0x00, 0x00, 0x00, 0x4D, 0xFF, 0xFF, 0xFF, 0xFF, 0xFF, 0xFF, 0xB1, 0x00, 0x00, 0x00, 0x00,
  0x00, 0x04, 0xFF, 0xFF, 0xFF, 0xFF, 0xFF, 0xFF, 0xFF, 0xFB, 0x10, 0x00, 0x00, 0x00, 0x00, 0x1D,
  0xFF, 0xFF, 0xFF, 0xA8, 0x8D, 0xFF, 0xFF, 0xFF, 0x70, 0x00, 0x00, 0x00, 0x00, 0x7F, 0xFF, 0xFF,
  0xE4, 0x00, 0x01, 0xAF, 0xFF, 0xFF, 0xE1, 0x00, 0x00, 0x00, 0x00, 0xBF, 0xFF, 0xFF, 0x70, 0x00,
  0x00, 0x1D, 0xFF, 0xFF, 0xF4, 0x00, 0x00, 0x00, 0x00, 0xDF, 0xFF, 0xFF, 0x20, 0x00, 0x00, 0x09,
  0xFF, 0xFF, 0xF7, 0x00, 0x00, 0x00, 0x01, 0xEF, 0xFF, 0xFE, 0x10, 0x00, 0x00, 0x08, 0xFF, 0xFF,
  0xF7, 0x00, 0x00, 0x00, 0x01, 0xEF, 0xFF, 0xFE, 0x10, 0x00, 0x00, 0x08, 0xFF, 0xFF, 0xF7, 0x00,
  0x00, 0x00, 0x00, 0xCF, 0xFF, 0xFF, 0x40, 0x00, 0x00, 0x0B, 0xFF, 0xFF, 0xF5, 0x00, 0x00, 0x00,
  0x00, 0x8F, 0xFF, 0xFF, 0xB0, 0x00, 0x00, 0x5F, 0xFF, 0xFF, 0xE1, 0x00, 0x00, 0x00, 0x00, 0x2D,
  0xFF, 0xFF, 0xFB, 0x41, 0x27, 0xEF, 0xFF, 0xFF, 0x70, 0x00, 0x00, 0x00, 0x00, 0x04, 0xEF, 0xFF,
  0xFF, 0xFE, 0xEF, 0xFF, 0xFF, 0xFA, 0x00, 0x00, 0x00, 0x00, 0x00, 0x00, 0x2D, 0xFF, 0xFF, 0xFF,
  0xFF, 0xFF, 0xFF, 0x80, 0x00, 0x00, 0x00, 0x00, 0x00, 0x00, 0x7E, 0xFF, 0xFF, 0xFF, 0xFF, 0xFF,
  0xFF, 0xA3, 0x00, 0x00, 0x00, 0x00, 0x00, 0x1B, 0xFF, 0xFF, 0xFF, 0xFE, 0xEF, 0xFF, 0xFF, 0xFE,
  0x50, 0x00, 0x00, 0x00, 0x00, 0xBF, 0xFF, 0xFF, 0xF8, 0x31, 0x25, 0xCF, 0xFF, 0xFF, 0xF4, 0x00,
  0x00, 0x00, 0x05, 0xFF, 0xFF, 0xFF, 0x50, 0x00, 0x00, 0x1B, 0xFF, 0xFF, 0xFC, 0x00, 0x00, 0x00,
  0x0A, 0xFF, 0xFF, 0xFC, 0x00, 0x00, 0x00, 0x04, 0xFF, 0xFF, 0xFF, 0x40, 0x00, 0x00, 0x0D, 0xFF,
  0xFF, 0xF8, 0x00, 0x00, 0x00, 0x01, 0xEF, 0xFF, 0xFF, 0x60, 0x00, 0x00, 0x1E, 0xFF, 0xFF, 0xF8,
  0x00, 0x00, 0x00, 0x01, 0xEF, 0xFF, 0xFF, 0x70, 0x00, 0x00, 0x1E, 0xFF, 0xFF, 0xF9, 0x00, 0x00,
  0x00, 0x03, 0xFF, 0xFF, 0xFF, 0x70, 0x00, 0x00, 0x0C, 0xFF, 0xFF, 0xFE, 0x10, 0x00, 0x00, 0x08,
  0xFF, 0xFF, 0xFF, 0x50, 0x00, 0x00, 0x09, 0xFF, 0xFF, 0xFF, 0xA1, 0x00, 0x00, 0x5E, 0xFF, 0xFF,
  0xFE, 0x10, 0x00, 0x00, 0x03, 0xFF, 0xFF, 0xFF, 0xFD, 0x98, 0x8B, 0xFF, 0xFF, 0xFF, 0xF8, 0x00,
  0x00, 0x00, 0x00, 0x8F, 0xFF, 0xFF, 0xFF, 0xFF, 0xFF, 0xFF, 0xFF, 0xFF, 0xC1, 0x00, 0x00, 0x00,
  0x00, 0x08, 0xFF, 0xFF, 0xFF, 0xFF, 0xFF, 0xFF, 0xFF, 0xFB, 0x20, 0x00, 0x00, 0x00, 0x00, 0x00,
  0x5C, 0xFF, 0xFF, 0xFF, 0xFF, 0xFF, 0xFD, 0x70, 0x00, 0x00, 0x00, 0x00, 0x00, 0x00, 0x00, 0x48,
  0xBC, 0xEE, 0xED, 0xB8, 0x51, 0x00, 0x00, 0x00, 0x00, 0x00, 0x00, 0x00, 0x00, 0x00, 0x00, 0x11,
  0x10, 0x00, 0x00, 0x00, 0x00, 0x00, 0x00, 0x00, 0x00, 0x00, 0x00, 0x00, 0x00, 0x11, 0x10, 0x00,
  0x00, 0x00, 0x00, 0x00, 0x00, 0x00, 0x00, 0x00, 0x00, 0x05, 0x9B, 0xDE, 0xEC, 0xA7, 0x20, 0x00,
  0x00, 0x00, 0x00, 0x00, 0x00, 0x00, 0x06, 0xDF, 0xFF, 0xFF, 0xFF, 0xFF, 0xE9, 0x10, 0x00, 0x00,
  0x00, 0x00, 0x00, 0x01, 0xAF, 0xFF, 0xFF, 0xFF, 0xFF, 0xFF, 0xFF, 0xD3, 0x00, 0x00, 0x00, 0x00,
  0x00, 0x0A, 0xFF, 0xFF, 0xFF, 0xFF, 0xFF, 0xFF, 0xFF, 0xFE, 0x20, 0x00, 0x00, 0x00, 0x00, 0x7F,
  0xFF, 0xFF, 0xFF, 0xFE, 0xEF, 0xFF, 0xFF, 0xFF, 0xC1, 0x00, 0x00, 0x00, 0x02, 0xEF, 0xFF, 0xFF,
  0xF9, 0x31, 0x25, 0xDF, 0xFF, 0xFF, 0xF6, 0x00, 0x00, 0x00, 0x07, 0xFF, 0xFF, 0xFF, 0x80, 0x00,
  0x00, 0x2D, 0xFF, 0xFF, 0xFC, 0x00, 0x00, 0x00, 0x0B, 0xFF, 0xFF, 0xFD, 0x10, 0x00, 0x00, 0x07,
  0xFF, 0xFF, 0xFF, 0x30, 0x00, 0x00, 0x0D, 0xFF, 0xFF, 0xFA, 0x00, 0x00, 0x00, 0x03, 0xFF, 0xFF,
  0xFF, 0x60, 0x00, 0x00, 0x1E, 0xFF, 0xFF, 0xF8, 0x00, 0x00, 0x00, 0x01, 0xEF, 0xFF, 0xFF, 0x70,
  0x00, 0x00, 0x1E, 0xFF, 0xFF, 0xF8, 0x00, 0x00, 0x00, 0x01, 0xEF, 0xFF, 0xFF, 0x70, 0x00, 0x00,
  0x0D, 0xFF, 0xFF, 0xFA, 0x00, 0x00, 0x00, 0x03, 0xFF, 0xFF, 0xFF, 0x70, 0x00, 0x00, 0x0A, 0xFF,
  0xFF, 0xFE, 0x10, 0x00, 0x00, 0x08, 0xFF, 0xFF, 0xFF, 0x70, 0x00, 0x00, 0x06, 0xFF, 0xFF, 0xFF,
  0xA0, 0x00, 0x00, 0x4E, 0xFF, 0xFF, 0xFF, 0x70, 0x00, 0x00, 0x01, 0xDF, 0xFF, 0xFF, 0xFB, 0x64,
  0x58, 0xFF, 0xFF, 0xFF, 0xFF, 0x70, 0x00, 0x00, 0x00, 0x5F, 0xFF, 0xFF, 0xFF, 0xFF, 0xFF, 0xFF,
  0xFF, 0xFF, 0xFF, 0x70, 0x00, 0x00, 0x00, 0x07, 0xFF, 0xFF, 0xFF, 0xFF, 0xFF, 0xFC, 0xEF, 0xFF,
  0xFF, 0x70, 0x00, 0x00, 0x00, 0x00, 0x5D, 0xFF, 0xFF, 0xFF, 0xFF, 0x91, 0xEF, 0xFF, 0xFF, 0x70,
  0x00, 0x00, 0x00, 0x00, 0x01, 0x6A, 0xCE, 0xEC, 0x94, 0x01, 0xEF, 0xFF, 0xFF, 0x70, 0x00, 0x00,
  0x00, 0x00, 0x00, 0x00, 0x01, 0x10, 0x00, 0x01, 0xEF, 0xFF, 0xFF, 0x70, 0x00, 0x00, 0x04, 0x98,
  0x88, 0x94, 0x00, 0x00, 0x00, 0x01, 0xEF, 0xFF, 0xFF, 0x70, 0x00, 0x00, 0x07, 0xFF, 0xFF, 0xF9,
  0x00, 0x00, 0x00, 0x02, 0xFF, 0xFF, 0xFF, 0x60, 0x00, 0x00, 0x05, 0xFF, 0xFF, 0xFD, 0x00, 0x00,
  0x00, 0x06, 0xFF, 0xFF, 0xFF, 0x30, 0x00, 0x00, 0x02, 0xFF, 0xFF, 0xFF, 0x70, 0x00, 0x00, 0x3E,
  0xFF, 0xFF, 0xFC, 0x00, 0x00, 0x00, 0x00, 0xBF, 0xFF, 0xFF, 0xF9, 0x31, 0x26, 0xEF, 0xFF, 0xFF,
  0xF6, 0x00, 0x00, 0x00, 0x00, 0x4F, 0xFF, 0xFF, 0xFF, 0xFE, 0xFF, 0xFF, 0xFF, 0xFF, 0xC0, 0x00,
  0x00, 0x00, 0x00, 0x08, 0xFF, 0xFF, 0xFF, 0xFF, 0xFF, 0xFF, 0xFF, 0xFD, 0x20, 0x00, 0x00, 0x00,
  0x00, 0x00, 0x9F, 0xFF, 0xFF, 0xFF, 0xFF, 0xFF, 0xFF, 0xC3, 0x00, 0x00, 0x00, 0x00, 0x00, 0x00,
  0x06, 0xDF, 0xFF, 0xFF, 0xFF, 0xFF, 0xE8, 0x10, 0x00, 0x00, 0x00, 0x00, 0x00, 0x00, 0x00, 0x15,
  0x9C, 0xDE, 0xEC, 0xA7, 0x20, 0x00, 0x00, 0x00, 0x00, 0x00, 0x00, 0x00, 0x00, 0x00, 0x00, 0x11,
  0x10, 0x00, 0x00, 0x00, 0x00, 0x00, 0x00, 0x00, 0x02, 0xFF, 0xFF, 0xFF, 0x20, 0x00, 0x00, 0x02,
  0xAA, 0xAA, 0xAA, 0x20, 0x00, 0x00, 0x00, 0x00, 0x00, 0x00, 0x00, 0x00, 0x00, 0x00, 0x00, 0x00,
  0x00, 0x00, 0x00, 0x00, 0x00, 0x00, 0x00, 0x00, 0x00, 0x00, 0x00, 0x00, 0x00, 0x00, 0x00, 0x00,
  0x00, 0x00, 0x00, 0x00, 0x00, 0x00, 0x00, 0x00, 0x00, 0x00, 0x00, 0x00, 0x00, 0x00, 0x00, 0x00,
  0x00, 0x00, 0x00, 0x00, 0x00, 0x00, 0x00, 0x00, 0x00, 0x00, 0x00, 0x00, 0x00, 0x00, 0x02, 0xAA,
  0xAA, 0xAA, 0x20, 0x00, 0x00, 0x02, 0xFF, 0xFF, 0xFF, 0x20, 0x00, 0x00, 0x02, 0xFF, 0xFF, 0xFF,
  0x20, 0x00, 0x00, 0x02, 0xFF, 0xFF, 0xFF, 0x20, 0x00, 0x00, 0x02, 0xFF, 0xFF, 0xFF, 0x20, 0x00,
  0x00, 0x02, 0xFF, 0xFF, 0xFF, 0x20, 0x00, 0x00, 0x02, 0xEE, 0xEE, 0xEE, 0x20, 0x00, 0x00, 0x00,
  0x11, 0x11, 0x11, 0x00, 0x00, 0x00, 0x00, 0x11, 0x11, 0x11, 0x00, 0x00, 0x00, 0x02, 0xEE, 0xEE,
  0xEE, 0x20, 0x00, 0x00, 0x02, 0xFF, 0xFF, 0xFF, 0x20, 0x00, 0x00, 0x02, 0xFF, 0xFF, 0xFF, 0x20,
  0x00, 0x00, 0x02, 0xFF, 0xFF, 0xFF, 0x20, 0x00, 0x00, 0x02, 0xFF, 0xFF, 0xFF, 0x20, 0x00, 0x00,
  0x02, 0xFF, 0xFF, 0xFF, 0x20, 0x00, 0x00, 0x01, 0x77, 0x77, 0x77, 0x10, 0x00, 0x00, 0x00, 0x00,
  0x00, 0x00, 0x00, 0x00, 0x00, 0x00, 0x00, 0x00, 0x00, 0x00, 0x00, 0x00, 0x00, 0x00, 0x00, 0x00,
  0x00, 0x00, 0x00, 0x00, 0x00, 0x00, 0x00, 0x00, 0x00, 0x00, 0x00, 0x00, 0x00, 0x00, 0x00, 0x00,
  0x00, 0x00, 0x00, 0x00, 0x00, 0x00, 0x00, 0x00, 0x00, 0x00, 0x00, 0x00, 0x00, 0x00, 0x00, 0x01,
  0x77, 0x77, 0x77, 0x10, 0x00, 0x00, 0x02, 0xFF, 0xFF, 0xFF, 0x20, 0x00, 0x00, 0x02, 0xFF, 0xFF,
  0xFF, 0x20, 0x00, 0x00, 0x02, 0xFF, 0xFF, 0xFF, 0x20, 0x00, 0x00, 0x02, 0xFF, 0xFF, 0xFF, 0x20,
  0x00, 0x00, 0x02, 0xFF, 0xFF, 0xFF, 0x20, 0x00, 0x00, 0x02, 0xFF, 0xFF, 0xFF, 0x20, 0x00, 0x00,
  0x01, 0x87, 0xAF, 0xFF, 0x20, 0x00, 0x00, 0x00, 0x00, 0x5F, 0xFD, 0x10, 0x00, 0x00, 0x00, 0x00,
  0x9F, 0xFB, 0x00, 0x00, 0x00, 0x00, 0x01, 0xDF, 0xF8, 0x00, 0x00, 0x00, 0x00, 0x06, 0xFF, 0xF3,
  0x00, 0x00, 0x00, 0x00, 0x1D, 0xFF, 0xA0, 0x00, 0x00, 0x00, 0x01, 0xCF, 0xFE, 0x20, 0x00, 0x00,
  0x00, 0x02, 0xBA, 0xB5, 0x00, 0x00, 0x00, 0x00, 0x00, 0x00, 0x00, 0x00, 0x00, 0x00, 0x00, 0x00,
  0x00, 0x00, 0x00, 0x00, 0x00, 0x00, 0x00, 0x00, 0x00, 0x00, 0x00, 0x00, 0x00, 0x00, 0x00, 0x00,
  0x00, 0x00, 0x00, 0x00, 0x00, 0x00, 0x00, 0x16, 0x50, 0x00, 0x00, 0x00, 0x00, 0x00, 0x00, 0x00,
  0x00, 0x00, 0x00, 0x00, 0x49, 0xDF, 0x80, 0x00, 0x00, 0x00, 0x00, 0x00, 0x00, 0x00, 0x00, 0x00,
  0x02, 0x7C, 0xFF, 0xFF, 0x70, 0x00, 0x00, 0x00, 0x00, 0x00, 0x00, 0x00, 0x00, 0x15, 0xAE, 0xFF,
  0xFF, 0xFF, 0x70, 0x00, 0x00, 0x00, 0x00, 0x00, 0x00, 0x00, 0x38, 0xDF, 0xFF, 0xFF, 0xFF, 0xFF,
  0x80, 0x00, 0x00, 0x00, 0x00, 0x00, 0x02, 0x6B, 0xFF, 0xFF, 0xFF, 0xFF, 0xFF, 0xD8, 0x20, 0x00,
  0x00, 0x00, 0x00, 0x15, 0xAE, 0xFF, 0xFF, 0xFF, 0xFF, 0xFE, 0x94, 0x00, 0x00, 0x00, 0x00, 0x00,
  0x38, 0xDF, 0xFF, 0xFF, 0xFF, 0xFF, 0xEB, 0x51, 0x00, 0x00, 0x00, 0x00, 0x00, 0x0B, 0xFF, 0xFF,
  0xFF, 0xFF, 0xFF, 0xC7, 0x20, 0x00, 0x00, 0x00, 0x00, 0x00, 0x00, 0x1F, 0xFF, 0xFF, 0xFF, 0xFD,
  0x83, 0x00, 0x00, 0x00, 0x00, 0x00, 0x00, 0x00, 0x00, 0x1E, 0xFF, 0xFF, 0xE9, 0x41, 0x00, 0x00,
  0x00, 0x00, 0x00, 0x00, 0x00, 0x00, 0x00, 0x1E, 0xFF, 0xFF, 0xE8, 0x30, 0x00, 0x00, 0x00, 0x00,
  0x00, 0x00, 0x00, 0x00, 0x00, 0x1F, 0xFF, 0xFF, 0xFF, 0xFD, 0x83, 0x00, 0x00, 0x00, 0x00, 0x00,
  0x00, 0x00, 0x00, 0x1B, 0xFF, 0xFF, 0xFF, 0xFF, 0xFF, 0xC6, 0x20, 0x00, 0x00, 0x00, 0x00, 0x00,
  0x00, 0x00, 0x38, 0xDF, 0xFF, 0xFF, 0xFF, 0xFF, 0xEA, 0x51, 0x00, 0x00, 0x00, 0x00, 0x00, 0x00,
  0x00, 0x15, 0xAE, 0xFF, 0xFF, 0xFF, 0xFF, 0xFD, 0x94, 0x00, 0x00, 0x00, 0x00, 0x00, 0x00, 0x00,
  0x02, 0x6B, 0xFF, 0xFF, 0xFF, 0xFF, 0xFF, 0xC8, 0x20, 0x00, 0x00, 0x00, 0x00, 0x00, 0x00, 0x00,
  0x38, 0xDF, 0xFF, 0xFF, 0xFF, 0xFF, 0x80, 0x00, 0x00, 0x00, 0x00, 0x00, 0x00, 0x00, 0x00, 0x15,
  0xAE, 0xFF, 0xFF, 0xEF, 0x70, 0x00, 0x00, 0x00, 0x00, 0x00, 0x00, 0x00, 0x00, 0x00, 0x02, 0x7C,
  0xFF, 0xFF, 0x70, 0x00, 0x00, 0x00, 0x00, 0x00, 0x00, 0x00, 0x00, 0x00, 0x00, 0x00, 0x38, 0xDF,
  0x80, 0x00, 0x00, 0x00, 0x00, 0x00, 0x00, 0x00, 0x00, 0x00, 0x00, 0x00, 0x00, 0x16, 0x40, 0x00,
  0x00, 0x00, 0x00, 0x00, 0x00, 0x00, 0x00, 0x00, 0x00, 0x00, 0x00, 0x00, 0x00, 0x00, 0x00, 0x01,
  0x11, 0x11, 0x11, 0x11, 0x11, 0x11, 0x11, 0x11, 0x11, 0x11, 0x10, 0x00, 0x00, 0x0D, 0xEE, 0xEE,
  0xEE, 0xEE, 0xEE, 0xEE, 0xEE, 0xEE, 0xEE, 0xEE, 0xD0, 0x00, 0x00, 0x0E, 0xFF, 0xFF, 0xFF, 0xFF,
  0xFF, 0xFF, 0xFF, 0xFF, 0xFF, 0xFF, 0xE0, 0x00, 0x00, 0x0D, 0xFF, 0xFF, 0xFF, 0xFF, 0xFF, 0xFF,
  0xFF, 0xFF, 0xFF, 0xFF, 0xD0, 0x00, 0x00, 0x0F, 0xFF, 0xFF, 0xFF, 0xFF, 0xFF, 0xFF, 0xFF, 0xFF,
  0xFF, 0xFF, 0xF0, 0x00, 0x00, 0x09, 0xAA, 0xAA, 0xAA, 0xAA, 0xAA, 0xAA, 0xAA, 0xAA, 0xAA, 0xAA,
  0x90, 0x00, 0x00, 0x00, 0x00, 0x00, 0x00, 0x00, 0x00, 0x00, 0x00, 0x00, 0x00, 0x00, 0x00, 0x00,
  0x00, 0x00, 0x00, 0x00, 0x00, 0x00, 0x00, 0x00, 0x00, 0x00, 0x00, 0x00, 0x00, 0x00, 0x00, 0x00,
  0x00, 0x00, 0x00, 0x00, 0x00, 0x00, 0x00, 0x00, 0x00, 0x00, 0x00, 0x00, 0x00, 0x00, 0x00, 0x00,
  0x00, 0x00, 0x00, 0x00, 0x00, 0x00, 0x00, 0x00, 0x00, 0x00, 0x00, 0x0A, 0xBB, 0xBB, 0xBB, 0xBB,
  0xBB, 0xBB, 0xBB, 0xBB, 0xBB, 0xBB, 0xA0, 0x00, 0x00, 0x0E, 0xFF, 0xFF, 0xFF, 0xFF, 0xFF, 0xFF,
  0xFF, 0xFF, 0xFF, 0xFF, 0xE0, 0x00, 0x00, 0x0D, 0xFF, 0xFF, 0xFF, 0xFF, 0xFF, 0xFF, 0xFF, 0xFF,
  0xFF, 0xFF, 0xD0, 0x00, 0x00, 0x0E, 0xFF, 0xFF, 0xFF, 0xFF, 0xFF, 0xFF, 0xFF, 0xFF, 0xFF, 0xFF,
  0xE0, 0x00, 0x00, 0x0C, 0xDD, 0xDD, 0xDD, 0xDD, 0xDD, 0xDD, 0xDD, 0xDD, 0xDD, 0xDD, 0xC0, 0x00,
  0x00, 0x00, 0x00, 0x00, 0x00, 0x00, 0x00, 0x00, 0x00, 0x00, 0x00, 0x00, 0x00, 0x00, 0x00, 0x00,
  0x00, 0x00, 0x00, 0x00, 0x00, 0x00, 0x00, 0x00, 0x00, 0x00, 0x00, 0x00, 0x00, 0x00, 0x00, 0x00,
  0x00, 0x00, 0x00, 0x00, 0x00, 0x00, 0x00, 0x00, 0x00, 0x00, 0x00, 0x00, 0x00, 0x00, 0x00, 0x00,
  0x00, 0x00, 0x00, 0x00, 0x00, 0x00, 0x00, 0x00, 0x00, 0x00, 0x00, 0x00, 0x00, 0x00, 0x00, 0x00,
  0x00, 0x00, 0x00, 0x00, 0x00, 0x00, 0x00, 0x00, 0x00, 0x00, 0x00, 0x00, 0x00, 0x00, 0x00, 0x00,
  0x00, 0x00, 0x00, 0x00, 0x00, 0x05, 0x61, 0x00, 0x00, 0x00, 0x00, 0x00, 0x00, 0x00, 0x00, 0x00,
  0x00, 0x00, 0x00, 0x08, 0xFD, 0x94, 0x00, 0x00, 0x00, 0x00, 0x00, 0x00, 0x00, 0x00, 0x00, 0x00,
  0x00, 0x07, 0xFF, 0xFF, 0xC7, 0x20, 0x00, 0x00, 0x00, 0x00, 0x00, 0x00, 0x00, 0x00, 0x00, 0x07,
  0xFF, 0xFF, 0xFF, 0xEA, 0x51, 0x00, 0x00, 0x00, 0x00, 0x00, 0x00, 0x00, 0x00, 0x08, 0xFF, 0xFF,
  0xFF, 0xFF, 0xFD, 0x83, 0x00, 0x00, 0x00, 0x00, 0x00, 0x00, 0x00, 0x02, 0x8D, 0xFF, 0xFF, 0xFF,
  0xFF, 0xFF, 0xB6, 0x20, 0x00, 0x00, 0x00, 0x00, 0x00, 0x00, 0x00, 0x49, 0xEF, 0xFF, 0xFF, 0xFF,
  0xFF, 0xEA, 0x51, 0x00, 0x00, 0x00, 0x00, 0x00, 0x00, 0x00, 0x15, 0xBE, 0xFF, 0xFF, 0xFF, 0xFF,
  0xFD, 0x83, 0x00, 0x00, 0x00, 0x00, 0x00, 0x00, 0x00, 0x02, 0x7C, 0xFF, 0xFF, 0xFF, 0xFF, 0xFF,
  0xB0, 0x00, 0x00, 0x00, 0x00, 0x00, 0x00, 0x00, 0x00, 0x38, 0xDF, 0xFF, 0xFF, 0xFF, 0xF1, 0x00,
  0x00, 0x00, 0x00, 0x00, 0x00, 0x00, 0x00, 0x00, 0x14, 0x9E, 0xFF, 0xFF, 0xE1, 0x00, 0x00, 0x00,
  0x00, 0x00, 0x00, 0x00, 0x00, 0x00, 0x03, 0x8E, 0xFF, 0xFF, 0xE1, 0x00, 0x00, 0x00, 0x00, 0x00,
  0x00, 0x00, 0x00, 0x38, 0xDF, 0xFF, 0xFF, 0xFF, 0xF1, 0x00, 0x00, 0x00, 0x00, 0x00, 0x00, 0x02,
  0x6C, 0xFF, 0xFF, 0xFF, 0xFF, 0xFF, 0xB1, 0x00, 0x00, 0x00, 0x00, 0x00, 0x15, 0xAE, 0xFF, 0xFF,
  0xFF, 0xFF, 0xFD, 0x83, 0x00, 0x00, 0x00, 0x00, 0x00, 0x49, 0xDF, 0xFF, 0xFF, 0xFF, 0xFF, 0xEA,
  0x51, 0x00, 0x00, 0x00, 0x00, 0x02, 0x8C, 0xFF, 0xFF, 0xFF, 0xFF, 0xFF, 0xB6, 0x20, 0x00, 0x00,
  0x00, 0x00, 0x00, 0x08, 0xFF, 0xFF, 0xFF, 0xFF, 0xFD, 0x83, 0x00, 0x00, 0x00, 0x00, 0x00, 0x00,
  0x00, 0x07, 0xFE, 0xFF, 0xFF, 0xEA, 0x51, 0x00, 0x00, 0x00, 0x00, 0x00, 0x00, 0x00, 0x00, 0x07,
  0xFF, 0xFF, 0xC7, 0x20, 0x00, 0x00, 0x00, 0x00, 0x00, 0x00, 0x00, 0x00, 0x00, 0x08, 0xFD, 0x83,
  0x00, 0x00, 0x00, 0x00, 0x00, 0x00, 0x00, 0x00, 0x00, 0x00, 0x00, 0x04, 0x61, 0x00, 0x00, 0x00,
  0x00, 0x00, 0x00, 0x00, 0x00, 0x00, 0x00, 0x00, 0x00, 0x00, 0x00, 0x00, 0x00, 0x00, 0x00, 0x00,
  0x00, 0x00, 0x00, 0x00, 0x00, 0x00, 0x00, 0x00, 0x00, 0x00, 0x00, 0x00, 0x01, 0x10, 0x00, 0x00,
  0x00, 0x00, 0x00, 0x00, 0x00, 0x00, 0x00, 0x27, 0xAC, 0xDE, 0xDC, 0x96, 0x10, 0x00, 0x00, 0x00,
  0x00, 0x00, 0x00, 0x2A, 0xFF, 0xFF, 0xFF, 0xFF, 0xFF, 0xD7, 0x00, 0x00, 0x00, 0x00, 0x00, 0x05,
  0xEF, 0xFF, 0xFF, 0xFF, 0xFF, 0xFF, 0xFF, 0xA1, 0x00, 0x00, 0x00, 0x00, 0x5F, 0xFF, 0xFF, 0xFF,
  0xFF, 0xFF, 0xFF, 0xFF, 0xFA, 0x00, 0x00, 0x00, 0x02, 0xEF, 0xFF, 0xFF, 0xFF, 0xFF, 0xFF, 0xFF,
  0xFF, 0xFF, 0x60, 0x00, 0x00, 0x09, 0xFF, 0xFF, 0xFF, 0xC5, 0x23, 0x7E, 0xFF, 0xFF, 0xFF, 0xD0,
  0x00, 0x00, 0x2E, 0xFF, 0xFF, 0xFD, 0x10, 0x00, 0x06, 0xFF, 0xFF, 0xFF, 0xF3, 0x00, 0x00, 0x5F,
  0xFF, 0xFF, 0xF7, 0x00, 0x00, 0x00, 0xCF, 0xFF, 0xFF, 0xF6, 0x00, 0x00, 0x6F, 0xFF, 0xFF, 0xF4,
  0x00, 0x00, 0x00, 0xAF, 0xFF, 0xFF, 0xF7, 0x00, 0x00, 0x7F, 0xFF, 0xFF, 0xF3, 0x00, 0x00, 0x00,
  0xBF, 0xFF, 0xFF, 0xF6, 0x00, 0x00, 0x3A, 0x99, 0x99, 0xA2, 0x00, 0x00, 0x02, 0xEF, 0xFF, 0xFF,
  0xF5, 0x00, 0x00, 0x00, 0x00, 0x00, 0x00, 0x00, 0x00, 0x0A, 0xFF, 0xFF, 0xFF, 0xE1, 0x00, 0x00,
  0x00, 0x00, 0x00, 0x00, 0x00, 0x00, 0x7F, 0xFF, 0xFF, 0xFF, 0x80, 0x00, 0x00, 0x00, 0x00, 0x00,
  0x00, 0x00, 0x07, 0xFF, 0xFF, 0xFF, 0xFD, 0x10, 0x00, 0x00, 0x00, 0x00, 0x00, 0x00, 0x00, 0x6F,
  0xFF, 0xFF, 0xFF, 0xE3, 0x00, 0x00, 0x00, 0x00, 0x00, 0x00, 0x00, 0x05, 0xFF, 0xFF, 0xFF, 0xFD,
  0x30, 0x00, 0x00, 0x00, 0x00, 0x00, 0x00, 0x00, 0x1D, 0xFF, 0xFF, 0xFF, 0xB2, 0x00, 0x00, 0x00,
  0x00, 0x00, 0x00, 0x00, 0x00, 0x4F, 0xFF, 0xFF, 0xFB, 0x10, 0x00, 0x00, 0x00, 0x00, 0x00, 0x00,
  0x00, 0x00, 0x4F, 0xFF, 0xFF, 0xE1, 0x00, 0x00, 0x00, 0x00, 0x00, 0x00, 0x00, 0x00, 0x00, 0x4F,
  0xFF, 0xFF, 0xC0, 0x00, 0x00, 0x00, 0x00, 0x00, 0x00, 0x00, 0x00, 0x00, 0x4F, 0xFF, 0xFF, 0xC0,
  0x00, 0x00, 0x00, 0x00, 0x00, 0x00, 0x00, 0x00, 0x00, 0x14, 0x34, 0x34, 0x30, 0x00, 0x00, 0x00,
  0x00, 0x00, 0x00, 0x00, 0x00, 0x00, 0x00, 0x00, 0x00, 0x00, 0x00, 0x00, 0x00, 0x00, 0x00, 0x00,
  0x00, 0x00, 0x00, 0x8A, 0x9A, 0x9A, 0x80, 0x00, 0x00, 0x00, 0x00, 0x00, 0x00, 0x00, 0x00, 0x00,
  0xDF, 0xFF, 0xFF, 0xD0, 0x00, 0x00, 0x00, 0x00, 0x00, 0x00, 0x00, 0x00, 0x00, 0xCF, 0xFF, 0xFF,
  0xC0, 0x00, 0x00, 0x00, 0x00, 0x00, 0x00, 0x00, 0x00, 0x00, 0xCF, 0xFF, 0xFF, 0xC0, 0x00, 0x00,
  0x00, 0x00, 0x00, 0x00, 0x00, 0x00, 0x00, 0xCF, 0xFF, 0xFF, 0xC0, 0x00, 0x00, 0x00, 0x00, 0x00,
  0x00, 0x00, 0x00, 0x00, 0xCF, 0xFF, 0xFF, 0xC0, 0x00, 0x00, 0x00, 0x00, 0x00, 0x00, 0x00, 0x00,
  0x00, 0xBE, 0xEE, 0xEE, 0xB0, 0x00, 0x00, 0x00, 0x00, 0x00, 0x00, 0x00, 0x00, 0x00, 0x11, 0x11,
  0x11, 0x10, 0x00, 0x00, 0x00, 0x00, 0x00, 0x00, 0x00, 0x00, 0x00, 0x00, 0x00, 0x00, 0x00, 0x11,
  0x11, 0x10, 0x00, 0x00, 0x00, 0x00, 0x00, 0x00, 0x00, 0x00, 0x00, 0x00, 0x00, 0x00, 0x00, 0x00,
  0x01, 0x47, 0xAB, 0xDD, 0xED, 0xDB, 0x97, 0x41, 0x00, 0x00, 0x00, 0x00, 0x00, 0x00, 0x00, 0x00,
  0x00, 0x00, 0x00, 0x04, 0x9E, 0xFF, 0xFF, 0xFF, 0xFF, 0xFF, 0xFF, 0xFD, 0x82, 0x00, 0x00, 0x00,
  0x00, 0x00, 0x00, 0x00, 0x00, 0x00, 0x02, 0xAF, 0xFF, 0xFE, 0xCA, 0x87, 0x77, 0x8A, 0xCE, 0xFF,
  0xFE, 0x81, 0x00, 0x00, 0x00, 0x00, 0x00, 0x00, 0x00, 0x00, 0x6E, 0xFF, 0xFB, 0x62, 0x00, 0x00,
  0x00, 0x00, 0x03, 0x7C, 0xFF, 0xFC, 0x30, 0x00, 0x00, 0x00, 0x00, 0x00, 0x00, 0x07, 0xFF, 0xFB,
  0x40, 0x00, 0x00, 0x00, 0x00, 0x00, 0x00, 0x00, 0x6E, 0xFF, 0xE3, 0x00, 0x00, 0x00, 0x00, 0x00,
  0x00, 0x7F, 0xFF, 0x80, 0x00, 0x00, 0x00, 0x00, 0x00, 0x00, 0x00, 0x00, 0x02, 0xCF, 0xFE, 0x20,
  0x00, 0x00, 0x00, 0x00, 0x04, 0xFF, 0xF7, 0x00, 0x00, 0x00, 0x00, 0x00, 0x00, 0x00, 0x00, 0x00,
  0x00, 0x1C, 0xFF, 0xC0, 0x00, 0x00, 0x00, 0x00, 0x1C, 0xFF, 0x90, 0x00, 0x00, 0x15, 0x8A, 0xBC,
  0xCB, 0xB9, 0x73, 0x00, 0x00, 0x02, 0xEF, 0xF7, 0x00, 0x00, 0x00, 0x00, 0x6F, 0xFD, 0x00, 0x00,
  0x18, 0xEF, 0xFF, 0xFF, 0xFF, 0xFF, 0xFF, 0xB3, 0x00, 0x00, 0x6F, 0xFE, 0x10, 0x00, 0x00, 0x01,
  0xDF, 0xF5, 0x00, 0x03, 0xDF, 0xFF, 0xFF, 0xFF, 0xFF, 0xFF, 0xFF, 0xFE, 0x40, 0x00, 0x0C, 0xFF,
  0x60, 0x00, 0x00, 0x05, 0xFF, 0xD0, 0x00, 0x2E, 0xFF, 0xFF, 0xFF, 0xFF, 0xFF, 0xFF, 0xFF, 0xFF,
  0xE2, 0x00, 0x06, 0xFF, 0xB0, 0x00, 0x00, 0x09, 0xFF, 0x70, 0x00, 0x9F, 0xFF, 0xFF, 0xFE, 0x96,
  0x58, 0xEF, 0xFF, 0xFF, 0xF9, 0x00, 0x02, 0xFF, 0xE1, 0x00, 0x00, 0x0C, 0xFF, 0x40, 0x00, 0xDF,
  0xFF, 0xFF, 0xE3, 0x00, 0x00, 0x2D, 0xFF, 0xFF, 0xFD, 0x00, 0x00, 0xDF, 0xF3, 0x00, 0x00, 0x2E,
  0xFE, 0x10, 0x01, 0xCD, 0xDD, 0xDD, 0x70, 0x00, 0x00, 0x09, 0xFF, 0xFF, 0xFE, 0x10, 0x00, 0xAF,
  0xF5, 0x00, 0x00, 0x4F, 0xFC, 0x00, 0x00, 0x11, 0x11, 0x11, 0x00, 0x00, 0x00, 0x07, 0xFF, 0xFF,
  0xFE, 0x10, 0x00, 0x9F, 0xF7, 0x00, 0x00, 0x6F, 0xFA, 0x00, 0x00, 0x00, 0x00, 0x00, 0x00, 0x12,
  0x33, 0x39, 0xFF, 0xFF, 0xFE, 0x10, 0x00, 0x8F, 0xF7, 0x00, 0x00, 0x7F, 0xF9, 0x00, 0x00, 0x00,
  0x01, 0x48, 0xBC, 0xEE, 0xFF, 0xFF, 0xFF, 0xFF, 0xFE, 0x10, 0x00, 0x8F, 0xF7, 0x00, 0x00, 0x7F,
  0xF8, 0x00, 0x00, 0x00, 0x7D, 0xFF, 0xFF, 0xFF, 0xFF, 0xFF, 0xFF, 0xFF, 0xFE, 0x10, 0x00, 0x8F,
  0xF7, 0x00, 0x00, 0x7F, 0xF8, 0x00, 0x00, 0x1B, 0xFF, 0xFF, 0xFF, 0xFF, 0xFF, 0xFF, 0xFF, 0xFF,
  0xFE, 0x10, 0x00, 0x8F, 0xF6, 0x00, 0x00, 0x7F, 0xF8, 0x00, 0x00, 0x9F, 0xFF, 0xFF, 0xFF, 0xD9,
  0x65, 0x49, 0xFF, 0xFF, 0xFE, 0x10, 0x00, 0xAF, 0xF5, 0x00, 0x00, 0x7F, 0xF8, 0x00, 0x02, 0xFF,
  0xFF, 0xFF, 0xF7, 0x10, 0x00, 0x07, 0xFF, 0xFF, 0xFE, 0x10, 0x00, 0xBF, 0xF3, 0x00, 0x00, 0x6F,
  0xFA, 0x00, 0x06, 0xFF, 0xFF, 0xFF, 0xA0, 0x00, 0x00, 0x08, 0xFF, 0xFF, 0xFE, 0x10, 0x01, 0xEF,
  0xE1, 0x00, 0x00, 0x4F, 0xFB, 0x00, 0x07, 0xFF, 0xFF, 0xFF, 0x70, 0x00, 0x00, 0x0B, 0xFF, 0xFF,
  0xFE, 0x10, 0x04, 0xFF, 0xB0, 0x00, 0x00, 0x2F, 0xFD, 0x10, 0x07, 0xFF, 0xFF, 0xFF, 0x90, 0x00,
  0x00, 0x4F, 0xFF, 0xFF, 0xFE, 0x10, 0x0B, 0xFF, 0x60, 0x00, 0x00, 0x0D, 0xFF, 0x30, 0x06, 0xFF,
  0xFF, 0xFF, 0xE6, 0x10, 0x16, 0xEF, 0xFF, 0xFF, 0xFF, 0x40, 0x8F, 0xFE, 0x10, 0x00, 0x00, 0x09,
  0xFF, 0x70, 0x03, 0xFF, 0xFF, 0xFF, 0xFF, 0xDD, 0xEF, 0xFF, 0xFF, 0xFF, 0xFF, 0xED, 0xFF, 0xF7,
  0x00, 0x00, 0x00, 0x05, 0xFF, 0xC0, 0x00, 0xBF, 0xFF, 0xFF, 0xFF, 0xFF, 0xFF, 0xE4, 0xDF, 0xFF,
  0xFF, 0xFF, 0xFF, 0xB0, 0x00, 0x00, 0x00, 0x01, 0xDF, 0xF4, 0x00, 0x2D, 0xFF, 0xFF, 0xFF, 0xFF,
  0xFD, 0x30, 0x7F, 0xFF, 0xFF, 0xFF, 0xFB, 0x10, 0x00, 0x00, 0x00, 0x00, 0x7F, 0xFC, 0x00, 0x01,
  0x8D, 0xFF, 0xFF, 0xFD, 0x81, 0x00, 0x06, 0xDF, 0xFF, 0xFC, 0x70, 0x00, 0x00, 0x00, 0x00, 0x00,
  0x1D, 0xFF, 0x80, 0x00, 0x01, 0x24, 0x55, 0x31, 0x00, 0x00, 0x00, 0x13, 0x55, 0x31, 0x00, 0x00,
  0x00, 0x00, 0x00, 0x00, 0x04, 0xFF, 0xF7, 0x00, 0x00, 0x00, 0x00, 0x00, 0x00, 0x00, 0x00, 0x00,
  0x00, 0x00, 0x00, 0x00, 0x00, 0x00, 0x00, 0x00, 0x00, 0x6F, 0xFF, 0xA2, 0x00, 0x00, 0x00, 0x00,
  0x00, 0x00, 0x00, 0x00, 0x00, 0x00, 0x00, 0x00, 0x00, 0x00, 0x00, 0x00, 0x00, 0x06, 0xEF, 0xFE,
  0x94, 0x10, 0x00, 0x00, 0x00, 0x02, 0x58, 0x00, 0x00, 0x00, 0x00, 0x00, 0x00, 0x00, 0x00, 0x00,
  0x00, 0x00, 0x3B, 0xFF, 0xFF, 0xDB, 0x97, 0x77, 0x8A, 0xCE, 0xFE, 0x00, 0x00, 0x00, 0x00, 0x00,
  0x00, 0x00, 0x00, 0x00, 0x00, 0x00, 0x00, 0x5B, 0xEF, 0xFF, 0xFF, 0xFF, 0xFF, 0xFF, 0xFC, 0x00,
  0x00, 0x00, 0x00, 0x00, 0x00, 0x00, 0x00, 0x00, 0x00, 0x00, 0x00, 0x00, 0x26, 0x9B, 0xCD, 0xEE,
  0xDB, 0x97, 0x41, 0x00, 0x00, 0x00, 0x00, 0x00, 0x00, 0x00, 0x00, 0x00, 0x00, 0x00, 0x00, 0x00,
  0x00, 0x00, 0x01, 0x11, 0x10, 0x00, 0x00, 0x00, 0x00, 0x00, 0x00, 0x00, 0x00, 0x00, 0x00, 0x00,
  0x00, 0x00, 0x00, 0x00, 0x00, 0x00, 0x00, 0x00, 0x00, 0x00, 0x00, 0x00, 0x00, 0x00, 0x00, 0x00,
  0x00, 0x00, 0x00, 0x06, 0xBA, 0xAA, 0xAA, 0xAA, 0x30, 0x00, 0x00, 0x00, 0x00, 0x00, 0x00, 0x00,
  0x00, 0x00, 0x00, 0x1E, 0xFF, 0xFF, 0xFF, 0xFF, 0x80, 0x00, 0x00, 0x00, 0x00, 0x00, 0x00, 0x00,
  0x00, 0x00, 0x00, 0x4F, 0xFF, 0xFF, 0xFF, 0xFF, 0xD1, 0x00, 0x00, 0x00, 0x00, 0x00, 0x00, 0x00,
  0x00, 0x00, 0x00, 0x9F, 0xFF, 0xFF, 0xFF, 0xFF, 0xF4, 0x00, 0x00, 0x00, 0x00, 0x00, 0x00, 0x00,
  0x00, 0x00, 0x01, 0xEF, 0xFF, 0xFF, 0xFF, 0xFF, 0xF9, 0x00, 0x00, 0x00, 0x00, 0x00, 0x00, 0x00,
  0x00, 0x00, 0x05, 0xFF, 0xFF, 0xFF, 0xFF, 0xFF, 0xFE, 0x10, 0x00, 0x00, 0x00, 0x00, 0x00, 0x00,
  0x00, 0x00, 0x0A, 0xFF, 0xFF, 0xFF, 0xFF, 0xFF, 0xFF, 0x50, 0x00, 0x00, 0x00, 0x00, 0x00, 0x00,
  0x00, 0x00, 0x2E, 0xFF, 0xFF, 0xFE, 0xFF, 0xFF, 0xFF, 0xA0, 0x00, 0x00, 0x00, 0x00, 0x00, 0x00,
  0x00, 0x00, 0x6F, 0xFF, 0xFF, 0xF5, 0xEF, 0xFF, 0xFF, 0xE2, 0x00, 0x00, 0x00, 0x00, 0x00, 0x00,
  0x00, 0x00, 0xBF, 0xFF, 0xFF, 0xC0, 0xBF, 0xFF, 0xFF, 0xF6, 0x00, 0x00, 0x00, 0x00, 0x00, 0x00,
  0x00, 0x02, 0xFF, 0xFF, 0xFF, 0x80, 0x7F, 0xFF, 0xFF, 0xFB, 0x00, 0x00, 0x00, 0x00, 0x00, 0x00,
  0x00, 0x07, 0xFF, 0xFF, 0xFF, 0x30, 0x2E, 0xFF, 0xFF, 0xFE, 0x20, 0x00, 0x00, 0x00, 0x00, 0x00,
  0x00, 0x0C, 0xFF, 0xFF, 0xFC, 0x00, 0x0B, 0xFF, 0xFF, 0xFF, 0x70, 0x00, 0x00, 0x00, 0x00, 0x00,
  0x00, 0x3F, 0xFF, 0xFF, 0xF7, 0x00, 0x07, 0xFF, 0xFF, 0xFF, 0xC0, 0x00, 0x00, 0x00, 0x00, 0x00,
  0x00, 0x8F, 0xFF, 0xFF, 0xF3, 0x00, 0x02, 0xEF, 0xFF, 0xFF, 0xF3, 0x00, 0x00, 0x00, 0x00, 0x00,
  0x00, 0xDF, 0xFF, 0xFF, 0xC0, 0x00, 0x00, 0xBF, 0xFF, 0xFF, 0xF8, 0x00, 0x00, 0x00, 0x00, 0x00,
  0x04, 0xFF, 0xFF, 0xFF, 0x80, 0x00, 0x00, 0x7F, 0xFF, 0xFF, 0xFC, 0x00, 0x00, 0x00, 0x00, 0x00,
  0x09, 0xFF, 0xFF, 0xFF, 0x20, 0x00, 0x00, 0x2E, 0xFF, 0xFF, 0xFF, 0x40, 0x00, 0x00, 0x00, 0x00,
  0x1E, 0xFF, 0xFF, 0xFD, 0x33, 0x33, 0x33, 0x3C, 0xFF, 0xFF, 0xFF, 0x80, 0x00, 0x00, 0x00, 0x00,
  0x5F, 0xFF, 0xFF, 0xFF, 0xFF, 0xFF, 0xFF, 0xFF, 0xFF, 0xFF, 0xFF, 0xD1, 0x00, 0x00, 0x00, 0x00,
  0xAF, 0xFF, 0xFF, 0xFF, 0xFF, 0xFF, 0xFF, 0xFF, 0xFF, 0xFF, 0xFF, 0xF4, 0x00, 0x00, 0x00, 0x01,
  0xEF, 0xFF, 0xFF, 0xFF, 0xFF, 0xFF, 0xFF, 0xFF, 0xFF, 0xFF, 0xFF, 0xF9, 0x00, 0x00, 0x00, 0x06,
  0xFF, 0xFF, 0xFF, 0xFF, 0xFF, 0xFF, 0xFF, 0xFF, 0xFF, 0xFF, 0xFF, 0xFE, 0x10, 0x00, 0x00, 0x0B,
  0xFF, 0xFF, 0xFF, 0xDD, 0xDD, 0xDD, 0xDD, 0xDD, 0xDF, 0xFF, 0xFF, 0xFF, 0x50, 0x00, 0x00, 0x2E,
  0xFF, 0xFF, 0xFC, 0x00, 0x00, 0x00, 0x00, 0x00, 0x0B, 0xFF, 0xFF, 0xFF, 0xA0, 0x00, 0x00, 0x7F,
  0xFF, 0xFF, 0xF7, 0x00, 0x00, 0x00, 0x00, 0x00, 0x06, 0xFF, 0xFF, 0xFF, 0xE2, 0x00, 0x00, 0xCF,
  0xFF, 0xFF, 0xE2, 0x00, 0x00, 0x00, 0x00, 0x00, 0x02, 0xEF, 0xFF, 0xFF, 0xF6, 0x00, 0x03, 0xFF,
  0xFF, 0xFF, 0xB0, 0x00, 0x00, 0x00, 0x00, 0x00, 0x00, 0xAF, 0xFF, 0xFF, 0xFB, 0x00, 0x08, 0xFF,
  0xFF, 0xFF, 0x60, 0x00, 0x00, 0x00, 0x00, 0x00, 0x00, 0x5F, 0xFF, 0xFF, 0xFF, 0x30, 0x08, 0xBA,
  0xAA, 0xBA, 0x10, 0x00, 0x00, 0x00, 0x00, 0x00, 0x00, 0x1A, 0xBA, 0xAA, 0xAB, 0x40, 0x00, 0x00,
  0x00, 0x00, 0x00, 0x00, 0x00, 0x00, 0x00, 0x00, 0x00, 0x00, 0x00, 0x00, 0x00, 0x00, 0x00, 0x00,
  0x11, 0x11, 0x11, 0x11, 0x11, 0x11, 0x11, 0x11, 0x00, 0x00, 0x00, 0x00, 0x00, 0x00, 0x00, 0xDE,
  0xEE, 0xEE, 0xEE, 0xEE, 0xEE, 0xEE, 0xED, 0xC9, 0x40, 0x00, 0x00, 0x00, 0x00, 0x00, 0xEF, 0xFF,
  0xFF, 0xFF, 0xFF, 0xFF, 0xFF, 0xFF, 0xFF, 0xFB, 0x20, 0x00, 0x00, 0x00, 0x00, 0xDF, 0xFF, 0xFF,
  0xFF, 0xFF, 0xFF, 0xFF, 0xFF, 0xFF, 0xFF, 0xD1, 0x00, 0x00, 0x00, 0x00, 0xEF, 0xFF, 0xFF, 0xFF,
  0xFF, 0xFF, 0xFF, 0xFF, 0xFF, 0xFF, 0xFA, 0x00, 0x00, 0x00, 0x00, 0xEF, 0xFF, 0xFF, 0xFE, 0xEE,
  0xEE, 0xEE, 0xFF, 0xFF, 0xFF, 0xFF, 0x20, 0x00, 0x00, 0x00, 0xEF, 0xFF, 0xFF, 0xA1, 0x11, 0x11,
  0x12, 0x6E, 0xFF, 0xFF, 0xFF, 0x50, 0x00, 0x00, 0x00, 0xEF, 0xFF, 0xFF, 0xA0, 0x00, 0x00, 0x00,
  0x07, 0xFF, 0xFF, 0xFF, 0x60, 0x00, 0x00, 0x00, 0xEF, 0xFF, 0xFF, 0xA0, 0x00, 0x00, 0x00, 0x03,
  0xFF, 0xFF, 0xFF, 0x60, 0x00, 0x00, 0x00, 0xEF, 0xFF, 0xFF, 0xA0, 0x00, 0x00, 0x00, 0x03, 0xFF,
  0xFF, 0xFF, 0x40, 0x00, 0x00, 0x00, 0xEF, 0xFF, 0xFF, 0xA0, 0x10, 0x00, 0x00, 0x07, 0xFF, 0xFF,
  0xFE, 0x10, 0x00, 0x00, 0x00, 0xEF, 0xFF, 0xFF, 0xA0, 0x00, 0x00, 0x00, 0x3E, 0xFF, 0xFF, 0xF8,
  0x00, 0x00, 0x00, 0x00, 0xEF, 0xFF, 0xFF, 0xD7, 0x87, 0x77, 0x89, 0xEF, 0xFF, 0xFF, 0xB1, 0x00,
  0x00, 0x00, 0x00, 0xEF, 0xFF, 0xFF, 0xFF, 0xFF, 0xFF, 0xFF, 0xFF, 0xFF, 0xF9, 0x10, 0x00, 0x00,
  0x00, 0x00, 0xEF, 0xFF, 0xFF, 0xFF, 0xFF, 0xFF, 0xFF, 0xFF, 0xFD, 0x40, 0x00, 0x00, 0x00, 0x00,
  0x00, 0xEF, 0xFF, 0xFF, 0xFF, 0xFF, 0xFF, 0xFF, 0xFF, 0xFE, 0xC8, 0x10, 0x00, 0x00, 0x00, 0x00,
  0xEF, 0xFF, 0xFF, 0xFF, 0xFF, 0xFF, 0xFF, 0xFF, 0xFF, 0xFF, 0xD4, 0x00, 0x00, 0x00, 0x00, 0xEF,
  0xFF, 0xFF, 0xD7, 0x87, 0x78, 0x88, 0xDF, 0xFF, 0xFF, 0xFE, 0x30, 0x00, 0x00, 0x00, 0xEF, 0xFF,
  0xFF, 0xA0, 0x00, 0x00, 0x00, 0x1A, 0xFF, 0xFF, 0xFF, 0xB0, 0x00, 0x00, 0x00, 0xEF, 0xFF, 0xFF,
  0xA0, 0x10, 0x00, 0x00, 0x01, 0xDF, 0xFF, 0xFF, 0xF3, 0x00, 0x00, 0x00, 0xEF, 0xFF, 0xFF, 0xA0,
  0x00, 0x00, 0x00, 0x00, 0xBF, 0xFF, 0xFF, 0xF6, 0x00, 0x00, 0x00, 0xEF, 0xFF, 0xFF, 0xA0, 0x00,
  0x00, 0x00, 0x00, 0xBF, 0xFF, 0xFF, 0xF7, 0x00, 0x00, 0x00, 0xEF, 0xFF, 0xFF, 0xA0, 0x00, 0x00,
  0x00, 0x01, 0xDF, 0xFF, 0xFF, 0xF6, 0x00, 0x00, 0x00, 0xEF, 0xFF, 0xFF, 0xA0, 0x00, 0x00, 0x00,
  0x07, 0xFF, 0xFF, 0xFF, 0xF4, 0x00, 0x00, 0x00, 0xEF, 0xFF, 0xFF, 0xA1, 0x11, 0x11, 0x12, 0x7F,
  0xFF, 0xFF, 0xFF, 0xD1, 0x00, 0x00, 0x00, 0xEF, 0xFF, 0xFF, 0xFE, 0xEE, 0xEE, 0xEE, 0xFF, 0xFF,
  0xFF, 0xFF, 0x70, 0x00, 0x00, 0x00, 0xEF, 0xFF, 0xFF, 0xFF, 0xFF, 0xFF, 0xFF, 0xFF, 0xFF, 0xFF,
  0xFC, 0x10, 0x00, 0x00, 0x00, 0xDF, 0xFF, 0xFF, 0xFF, 0xFF, 0xFF, 0xFF, 0xFF, 0xFF, 0xFF, 0xD2,
  0x00, 0x00, 0x00, 0x00, 0xEF, 0xFF, 0xFF, 0xFF, 0xFF, 0xFF, 0xFF, 0xFF, 0xFF, 0xFA, 0x20, 0x00,
  0x00, 0x00, 0x00, 0xDE, 0xEE, 0xEE, 0xEE, 0xEE, 0xEE, 0xEE, 0xEE, 0xC9, 0x40, 0x00, 0x00, 0x00,
  0x00, 0x00, 0x11, 0x11, 0x11, 0x11, 0x11, 0x11, 0x11, 0x11, 0x00, 0x00, 0x00, 0x00, 0x00, 0x00,
  0x00, 0x00, 0x00, 0x00, 0x00, 0x00, 0x11, 0x11, 0x00, 0x00, 0x00, 0x00, 0x00, 0x00, 0x00, 0x00,
  0x00, 0x00, 0x00, 0x37, 0xAD, 0xEE, 0xED, 0xB8, 0x50, 0x00, 0x00, 0x00, 0x00, 0x00, 0x00, 0x00,
  0x00, 0x3B, 0xFF, 0xFF, 0xFF, 0xFF, 0xFF, 0xFD, 0x60, 0x00, 0x00, 0x00, 0x00, 0x00, 0x00, 0x07,
  0xFF, 0xFF, 0xFF, 0xFF, 0xFF, 0xFF, 0xFF, 0xFA, 0x10, 0x00, 0x00, 0x00, 0x00, 0x00, 0x8F, 0xFF,
  0xFF, 0xFF, 0xFF, 0xFF, 0xFF, 0xFF, 0xFF, 0xB0, 0x00, 0x00, 0x00, 0x00, 0x06, 0xFF, 0xFF, 0xFF,
  0xFF, 0xFF, 0xFF, 0xFF, 0xFF, 0xFF, 0xF8, 0x00, 0x00, 0x00, 0x00, 0x2E, 0xFF, 0xFF, 0xFF, 0xFD,
  0x98, 0x8A, 0xEF, 0xFF, 0xFF, 0xFF, 0x20, 0x00, 0x00, 0x00, 0xAF, 0xFF, 0xFF, 0xFF, 0x60, 0x00,
  0x00, 0x2A, 0xFF, 0xFF, 0xFF, 0x90, 0x00, 0x00, 0x02, 0xFF, 0xFF, 0xFF, 0xF7, 0x00, 0x00, 0x00,
  0x00, 0xCF, 0xFF, 0xFF, 0xD1, 0x00, 0x00, 0x07, 0xFF, 0xFF, 0xFF, 0xD0, 0x00, 0x00, 0x00, 0x00,
  0x5F, 0xFF, 0xFF, 0xF3, 0x00, 0x00, 0x0A, 0xFF, 0xFF, 0xFF, 0x90, 0x00, 0x00, 0x00, 0x00, 0x2E,
  0xFF, 0xFF, 0xF6, 0x00, 0x00, 0x0C, 0xFF, 0xFF, 0xFF, 0x60, 0x00, 0x00, 0x00, 0x00, 0x1D, 0xFF,
  0xFF, 0xF7, 0x00, 0x00, 0x1E, 0xFF, 0xFF, 0xFF, 0x50, 0x00, 0x00, 0x00, 0x00, 0x0C, 0xFE, 0xFE,
  0xF8, 0x00, 0x00, 0x1E, 0xFF, 0xFF, 0xFF, 0x50, 0x00, 0x00, 0x00, 0x00, 0x02, 0x22, 0x22, 0x21,
  0x00, 0x00, 0x1F, 0xFF, 0xFF, 0xFF, 0x50, 0x00, 0x00, 0x00, 0x00, 0x00, 0x00, 0x00, 0x00, 0x00,
  0x00, 0x1F, 0xFF, 0xFF, 0xFF, 0x50, 0x00, 0x00, 0x00, 0x00, 0x00, 0x00, 0x00, 0x00, 0x00, 0x00,
  0x1F, 0xFF, 0xFF, 0xFF, 0x50, 0x00, 0x00, 0x00, 0x00, 0x00, 0x00, 0x00, 0x00, 0x00, 0x00, 0x1F,
  0xFF, 0xFF, 0xFF, 0x50, 0x00, 0x00, 0x00, 0x00, 0x00, 0x00, 0x00, 0x00, 0x00, 0x00, 0x1E, 0xFF,
  0xFF, 0xFF, 0x50, 0x00, 0x00, 0x00, 0x00, 0x01, 0x11, 0x11, 0x11, 0x00, 0x00, 0x1E, 0xFF, 0xFF,
  0xFF, 0x50, 0x00, 0x00, 0x00, 0x00, 0x0C, 0xEE, 0xEE, 0xE8, 0x00, 0x00, 0x0C, 0xFF, 0xFF, 0xFF,
  0x60, 0x00, 0x00, 0x00, 0x00, 0x0D, 0xFF, 0xFF, 0xF7, 0x00, 0x00, 0x0A, 0xFF, 0xFF, 0xFF, 0x80,
  0x00, 0x00, 0x00, 0x00, 0x2E, 0xFF, 0xFF, 0xF6, 0x00, 0x00, 0x07, 0xFF, 0xFF, 0xFF, 0xC0, 0x00,
  0x00, 0x00, 0x00, 0x5F, 0xFF, 0xFF, 0xF3, 0x00, 0x00, 0x03, 0xFF, 0xFF, 0xFF, 0xF6, 0x00, 0x00,
  0x00, 0x00, 0xCF, 0xFF, 0xFF, 0xD0, 0x00, 0x00, 0x00, 0xBF, 0xFF, 0xFF, 0xFE, 0x60, 0x00, 0x00,
  0x2A, 0xFF, 0xFF, 0xFF, 0x80, 0x00, 0x00, 0x00, 0x4F, 0xFF, 0xFF, 0xFF, 0xFC, 0x98, 0x8A, 0xEF,
  0xFF, 0xFF, 0xFE, 0x20, 0x00, 0x00, 0x00, 0x08, 0xFF, 0xFF, 0xFF, 0xFF, 0xFF, 0xFF, 0xFF, 0xFF,
  0xFF, 0xF7, 0x00, 0x00, 0x00, 0x00, 0x00, 0xAF, 0xFF, 0xFF, 0xFF, 0xFF, 0xFF, 0xFF, 0xFF, 0xFF,
  0x90, 0x00, 0x00, 0x00, 0x00, 0x00, 0x09, 0xFF, 0xFF, 0xFF, 0xFF, 0xFF, 0xFF, 0xFF, 0xF8, 0x00,
  0x00, 0x00, 0x00, 0x00, 0x00, 0x00, 0x5C, 0xFF, 0xFF, 0xFF, 0xFF, 0xFF, 0xFC, 0x50, 0x00, 0x00,
  0x00, 0x00, 0x00, 0x00, 0x00, 0x00, 0x48, 0xBD, 0xEE, 0xED, 0xB8, 0x40, 0x00, 0x00, 0x00, 0x00,
  0x00, 0x00, 0x00, 0x00, 0x00, 0x00, 0x00, 0x11, 0x11, 0x00, 0x00, 0x00, 0x00, 0x00, 0x00, 0x00,
  0x00, 0x11, 0x11, 0x11, 0x11, 0x11, 0x11, 0x10, 0x00, 0x00, 0x00, 0x00, 0x00, 0x00, 0x00, 0x00,
  0x1D, 0xEE, 0xEE, 0xEE, 0xEE, 0xEE, 0xEE, 0xDB, 0x83, 0x00, 0x00, 0x00, 0x00, 0x00, 0x00, 0x01,
  0xEF, 0xFF, 0xFF, 0xFF, 0xFF, 0xFF, 0xFF, 0xFF, 0xFB, 0x40, 0x00, 0x00, 0x00, 0x00, 0x00, 0x1E,
  0xFF, 0xFF, 0xFF, 0xFF, 0xFF, 0xFF, 0xFF, 0xFF, 0xFF, 0x80, 0x00, 0x00, 0x00, 0x00, 0x01, 0xEF,
  0xFF, 0xFF, 0xFF, 0xFF, 0xFF, 0xFF, 0xFF, 0xFF, 0xFF, 0xA0, 0x00, 0x00, 0x00, 0x00, 0x1E, 0xFF,
  0xFF, 0xFF, 0xFF, 0xFF, 0xFF, 0xFF, 0xFF, 0xFF, 0xFF, 0x80, 0x00, 0x00, 0x00, 0x01, 0xEF, 0xFF,
  0xFF, 0xF8, 0x78, 0x78, 0x9D, 0xFF, 0xFF, 0xFF, 0xFF, 0x40, 0x00, 0x00, 0x00, 0x1E, 0xFF, 0xFF,
  0xFE, 0x00, 0x00, 0x00, 0x18, 0xFF, 0xFF, 0xFF, 0xFB, 0x00, 0x00, 0x00, 0x01, 0xEF, 0xFF, 0xFF,
  0xE1, 0x00, 0x00, 0x00, 0x09, 0xFF, 0xFF, 0xFF, 0xF3, 0x00, 0x00, 0x00, 0x1E, 0xFF, 0xFF, 0xFE,
  0x10, 0x00, 0x00, 0x00, 0x1E, 0xFF, 0xFF, 0xFF, 0x70, 0x00, 0x00, 0x01, 0xEF, 0xFF, 0xFF, 0xE1,
  0x00, 0x00, 0x00, 0x00, 0xAF, 0xFF, 0xFF, 0xFA, 0x00, 0x00, 0x00, 0x1E, 0xFF, 0xFF, 0xFE, 0x10,
  0x00, 0x00, 0x00, 0x08, 0xFF, 0xFF, 0xFF, 0xC0, 0x00, 0x00, 0x01, 0xEF, 0xFF, 0xFF, 0xE1, 0x00,
  0x00, 0x00, 0x00, 0x8F, 0xFF, 0xFF, 0xFE, 0x10, 0x00, 0x00, 0x1E, 0xFF, 0xFF, 0xFE, 0x10, 0x00,
  0x00, 0x00, 0x07, 0xFF, 0xFF, 0xFF, 0xE1, 0x00, 0x00, 0x01, 0xEF, 0xFF, 0xFF, 0xE1, 0x00, 0x00,
  0x00, 0x00, 0x7F, 0xFF, 0xFF, 0xFE, 0x10, 0x00, 0x00, 0x1E, 0xFF, 0xFF, 0xFE, 0x10, 0x00, 0x00,
  0x00, 0x07, 0xFF, 0xFF, 0xFF, 0xE1, 0x00, 0x00, 0x01, 0xEF, 0xFF, 0xFF, 0xE1, 0x00, 0x00, 0x00,
  0x00, 0x7F, 0xFF, 0xFF, 0xFE, 0x10, 0x00, 0x00, 0x1E, 0xFF, 0xFF, 0xFE, 0x10, 0x00, 0x00, 0x00,
  0x07, 0xFF, 0xFF, 0xFF, 0xE1, 0x00, 0x00, 0x01, 0xEF, 0xFF, 0xFF, 0xE1, 0x00, 0x00, 0x00, 0x00,
  0x8F, 0xFF, 0xFF, 0xFD, 0x00, 0x00, 0x00, 0x1E, 0xFF, 0xFF, 0xFE, 0x10, 0x00, 0x00, 0x00, 0x09,
  0xFF, 0xFF, 0xFF, 0xB0, 0x00, 0x00, 0x01, 0xEF, 0xFF, 0xFF, 0xE1, 0x00, 0x00, 0x00, 0x00, 0xBF,
  0xFF, 0xFF, 0xF9, 0x00, 0x00, 0x00, 0x1E, 0xFF, 0xFF, 0xFE, 0x10, 0x00, 0x00, 0x00, 0x2F, 0xFF,
  0xFF, 0xFF, 0x50, 0x00, 0x00, 0x01, 0xEF, 0xFF, 0xFF, 0xE1, 0x00, 0x00, 0x00, 0x0B, 0xFF, 0xFF,
  0xFF, 0xD1, 0x00, 0x00, 0x00, 0x1E, 0xFF, 0xFF, 0xFE, 0x00, 0x00, 0x00, 0x2A, 0xFF, 0xFF, 0xFF,
  0xF7, 0x00, 0x00, 0x00, 0x01, 0xEF, 0xFF, 0xFF, 0xF8, 0x78, 0x78, 0xAE, 0xFF, 0xFF, 0xFF, 0xFD,
  0x10, 0x00, 0x00, 0x00, 0x1E, 0xFF, 0xFF, 0xFF, 0xFF, 0xFF, 0xFF, 0xFF, 0xFF, 0xFF, 0xFF, 0x30,
  0x00, 0x00, 0x00, 0x01, 0xEF, 0xFF, 0xFF, 0xFF, 0xFF, 0xFF, 0xFF, 0xFF, 0xFF, 0xFF, 0x50, 0x00,
  0x00, 0x00, 0x00, 0x1E, 0xFF, 0xFF, 0xFF, 0xFF, 0xFF, 0xFF, 0xFF, 0xFF, 0xFD, 0x40, 0x00, 0x00,
  0x00, 0x00, 0x01, 0xEF, 0xFF, 0xFF, 0xFF, 0xFF, 0xFF, 0xFF, 0xFF, 0xE9, 0x20, 0x00, 0x00, 0x00,
  0x00, 0x00, 0x1D, 0xEE, 0xEE, 0xEE, 0xEE, 0xEE, 0xEE, 0xCA, 0x72, 0x00, 0x00, 0x00, 0x00, 0x00,
  0x00, 0x00, 0x11, 0x11, 0x11, 0x11, 0x11, 0x11, 0x10, 0x00, 0x00, 0x00, 0x00, 0x00, 0x00, 0x00,
  0x00, 0x00, 0x11, 0x11, 0x11, 0x11, 0x11, 0x11, 0x11, 0x11, 0x11, 0x11, 0x10, 0x00, 0x00, 0x1D,
  0xEE, 0xEE, 0xEE, 0xEE, 0xEE, 0xEE, 0xEE, 0xEE, 0xEE, 0xE7, 0x00, 0x00, 0x01, 0xEF, 0xFF, 0xFF,
  0xFF, 0xFF, 0xFF, 0xFF, 0xFF, 0xFF, 0xFF, 0x60, 0x00, 0x00, 0x1E, 0xFF, 0xFF, 0xFF, 0xFF, 0xFF,
  0xFF, 0xFF, 0xFF, 0xFF, 0xF4, 0x00, 0x00, 0x01, 0xEF, 0xFF, 0xFF, 0xFF, 0xFF, 0xFF, 0xFF, 0xFF,
  0xFF, 0xFE, 0x20, 0x00, 0x00, 0x1E, 0xFF, 0xFF, 0xFF, 0xFF, 0xFF, 0xFF, 0xFF, 0xFF, 0xFF, 0xF1,
  0x00, 0x00, 0x01, 0xEF, 0xFF, 0xFF, 0xF8, 0x78, 0x77, 0x77, 0x77, 0x77, 0x76, 0x00, 0x00, 0x00,
  0x1E, 0xFF, 0xFF, 0xFE, 0x00, 0x00, 0x00, 0x00, 0x00, 0x00, 0x00, 0x00, 0x00, 0x01, 0xEF, 0xFF,
  0xFF, 0xE1, 0x00, 0x00, 0x00, 0x00, 0x00, 0x00, 0x00, 0x00, 0x00, 0x1E, 0xFF, 0xFF, 0xFE, 0x10,
  0x00, 0x00, 0x00, 0x00, 0x00, 0x00, 0x00, 0x00, 0x01, 0xEF, 0xFF, 0xFF, 0xE1, 0x00, 0x00, 0x00,
  0x00, 0x00, 0x00, 0x00, 0x00, 0x00, 0x1E, 0xFF, 0xFF, 0xFE, 0x00, 0x00, 0x00, 0x00, 0x00, 0x00,
  0x00, 0x00, 0x00, 0x01, 0xEF, 0xFF, 0xFF, 0xF8, 0x78, 0x77, 0x77, 0x77, 0x77, 0x70, 0x00, 0x00,
  0x00, 0x1E, 0xFF, 0xFF, 0xFF, 0xFF, 0xFF, 0xFF, 0xFF, 0xFF, 0xFF, 0x10, 0x00, 0x00, 0x01, 0xEF,
  0xFF, 0xFF, 0xFF, 0xFF, 0xFF, 0xFF, 0xFF, 0xFF, 0xE1, 0x00, 0x00, 0x00, 0x1E, 0xFF, 0xFF, 0xFF,
  0xFF, 0xFF, 0xFF, 0xFF, 0xFF, 0xFE, 0x10, 0x00, 0x00, 0x01, 0xEF, 0xFF, 0xFF, 0xFF, 0xFF, 0xFF,
  0xFF, 0xFF, 0xFF, 0xF1, 0x00, 0x00, 0x00, 0x1E, 0xFF, 0xFF, 0xFF, 0x87, 0x87, 0x77, 0x77, 0x77,
  0x77, 0x00, 0x00, 0x00, 0x01, 0xEF, 0xFF, 0xFF, 0xE0, 0x00, 0x00, 0x00, 0x00, 0x00, 0x00, 0x00,
  0x00, 0x00, 0x1E, 0xFF, 0xFF, 0xFE, 0x10, 0x00, 0x00, 0x00, 0x00, 0x00, 0x00, 0x00, 0x00, 0x01,
  0xEF, 0xFF, 0xFF, 0xE1, 0x00, 0x00, 0x00, 0x00, 0x00, 0x00, 0x00, 0x00, 0x00, 0x1E, 0xFF, 0xFF,
  0xFE, 0x10, 0x00, 0x00, 0x00, 0x00, 0x00, 0x00, 0x00, 0x00, 0x01, 0xEF, 0xFF, 0xFF, 0xE1, 0x00,
  0x00, 0x00, 0x00, 0x00, 0x00, 0x00, 0x00, 0x00, 0x1E, 0xFF, 0xFF, 0xFE, 0x00, 0x00, 0x00, 0x00,
  0x00, 0x00, 0x00, 0x00, 0x00, 0x01, 0xEF, 0xFF, 0xFF, 0xF8, 0x78, 0x77, 0x77, 0x77, 0x77, 0x77,
  0x00, 0x00, 0x00, 0x1E, 0xFF, 0xFF, 0xFF, 0xFF, 0xFF, 0xFF, 0xFF, 0xFF, 0xFF, 0xF2, 0x00, 0x00,
  0x01, 0xEF, 0xFF, 0xFF, 0xFF, 0xFF, 0xFF, 0xFF, 0xFF, 0xFF, 0xFF, 0x30, 0x00, 0x00, 0x1E, 0xFF,
  0xFF, 0xFF, 0xFF, 0xFF, 0xFF, 0xFF, 0xFF, 0xFF, 0xF5, 0x00, 0x00, 0x01, 0xEF, 0xFF, 0xFF, 0xFF,
  0xFF, 0xFF, 0xFF, 0xFF, 0xFF, 0xFF, 0x70, 0x00, 0x00, 0x1D, 0xEE, 0xEE, 0xEE, 0xEE, 0xEE, 0xEE,
  0xEE, 0xEE, 0xEE, 0xE8, 0x00, 0x00, 0x00, 0x11, 0x11, 0x11, 0x11, 0x11, 0x11, 0x11, 0x11, 0x11,
  0x11, 0x10, 0x00, 0x00, 0x00, 0x11, 0x11, 0x11, 0x11, 0x11, 0x11, 0x11, 0x11, 0x11, 0x11, 0x00,
  0x00, 0x00, 0xCE, 0xEE, 0xEE, 0xEE, 0xEE, 0xEE, 0xEE, 0xEE, 0xEE, 0xEE, 0x40, 0x00, 0x00, 0xEF,
  0xFF, 0xFF, 0xFF, 0xFF, 0xFF, 0xFF, 0xFF, 0xFF, 0xFF, 0x30, 0x00, 0x00, 0xDF, 0xFF, 0xFF, 0xFF,
  0xFF, 0xFF, 0xFF, 0xFF, 0xFF, 0xFE, 0x10, 0x00, 0x00, 0xDF, 0xFF, 0xFF, 0xFF, 0xFF, 0xFF, 0xFF,
  0xFF, 0xFF, 0xFC, 0x00, 0x00, 0x00, 0xDF, 0xFF, 0xFF, 0xFF, 0xFF, 0xFF, 0xFF, 0xFF, 0xFF, 0xFB,
  0x00, 0x00, 0x00, 0xDF, 0xFF, 0xFF, 0xFA, 0x99, 0x99, 0x99, 0x99, 0x99, 0x96, 0x00, 0x00, 0x00,
  0xDF, 0xFF, 0xFF, 0xF3, 0x00, 0x00, 0x00, 0x00, 0x00, 0x00, 0x00, 0x00, 0x00, 0xDF, 0xFF, 0xFF,
  0xF4, 0x00, 0x00, 0x00, 0x00, 0x00, 0x00, 0x00, 0x00, 0x00, 0xDF, 0xFF, 0xFF, 0xF4, 0x00, 0x00,
  0x00, 0x00, 0x00, 0x00, 0x00, 0x00, 0x00, 0xDF, 0xFF, 0xFF, 0xF4, 0x00, 0x00, 0x00, 0x00, 0x00,
  0x00, 0x00, 0x00, 0x00, 0xDF, 0xFF, 0xFF, 0xF4, 0x00, 0x00, 0x00, 0x00, 0x00, 0x00, 0x00, 0x00,
  0x00, 0xDF, 0xFF, 0xFF, 0xF3, 0x00, 0x00, 0x00, 0x00, 0x00, 0x00, 0x00, 0x00, 0x00, 0xDF, 0xFF,
  0xFF, 0xFD, 0xCC, 0xCC, 0xCC, 0xCC, 0xCC, 0x50, 0x00, 0x00, 0x00, 0xDF, 0xFF, 0xFF, 0xFF, 0xFF,
  0xFF, 0xFF, 0xFF, 0xFF, 0x70, 0x00, 0x00, 0x00, 0xDF, 0xFF, 0xFF, 0xFF, 0xFF, 0xFF, 0xFF, 0xFF,
  0xFF, 0x60, 0x00, 0x00, 0x00, 0xDF, 0xFF, 0xFF, 0xFF, 0xFF, 0xFF, 0xFF, 0xFF, 0xFF, 0x60, 0x00,
  0x00, 0x00, 0xDF, 0xFF, 0xFF, 0xFF, 0xFF, 0xFF, 0xFF, 0xFF, 0xFF, 0x70, 0x00, 0x00, 0x00, 0xDF,
  0xFF, 0xFF, 0xFD, 0xCC, 0xCC, 0xCC, 0xCC, 0xCC, 0x50, 0x00, 0x00, 0x00, 0xDF, 0xFF, 0xFF, 0xF3,
  0x00, 0x00, 0x00, 0x00, 0x00, 0x00, 0x00, 0x00, 0x00, 0xDF, 0xFF, 0xFF, 0xF4, 0x00, 0x00, 0x00,
  0x00, 0x00, 0x00, 0x00, 0x00, 0x00, 0xDF, 0xFF, 0xFF, 0xF4, 0x00, 0x00, 0x00, 0x00, 0x00, 0x00,
  0x00, 0x00, 0x00, 0xDF, 0xFF, 0xFF, 0xF4, 0x00, 0x00, 0x00, 0x00, 0x00, 0x00, 0x00, 0x00, 0x00,
  0xDF, 0xFF, 0xFF, 0xF4, 0x00, 0x00, 0x00, 0x00, 0x00, 0x00, 0x00, 0x00, 0x00, 0xDF, 0xFF, 0xFF,
  0xF4, 0x00, 0x00, 0x00, 0x00, 0x00, 0x00, 0x00, 0x00, 0x00, 0xDF, 0xFF, 0xFF, 0xF4, 0x00, 0x00,
  0x00, 0x00, 0x00, 0x00, 0x00, 0x00, 0x00, 0xDF, 0xFF, 0xFF, 0xF4, 0x00, 0x00, 0x00, 0x00, 0x00,
  0x00, 0x00, 0x00, 0x00, 0xDF, 0xFF, 0xFF, 0xF4, 0x00, 0x00, 0x00, 0x00, 0x00, 0x00, 0x00, 0x00,
  0x00, 0xDF, 0xFF, 0xFF, 0xF3, 0x00, 0x00, 0x00, 0x00, 0x00, 0x00, 0x00, 0x00, 0x00, 0xEF, 0xFF,
  0xFF, 0xF4, 0x00, 0x00, 0x00, 0x00, 0x00, 0x00, 0x00, 0x00, 0x00, 0x9B, 0xAA, 0xAA, 0xB2, 0x00,
  0x00, 0x00, 0x00, 0x00, 0x00, 0x00, 0x00, 0x00, 0x00, 0x00, 0x00, 0x00, 0x00, 0x00, 0x00, 0x00,
  0x00, 0x00, 0x00, 0x00, 0x00, 0x00, 0x00, 0x00, 0x00, 0x00, 0x11, 0x11, 0x00, 0x00, 0x00, 0x00,
  0x00, 0x00, 0x00, 0x00, 0x00, 0x00, 0x00, 0x00, 0x15, 0x9B, 0xDE, 0xEE, 0xDB, 0x83, 0x00, 0x00,
  0x00, 0x00, 0x00, 0x00, 0x00, 0x00, 0x00, 0x18, 0xEF, 0xFF, 0xFF, 0xFF, 0xFF, 0xFF, 0xB4, 0x00,
  0x00, 0x00, 0x00, 0x00, 0x00, 0x00, 0x04, 0xDF, 0xFF, 0xFF, 0xFF, 0xFF, 0xFF, 0xFF, 0xFF, 0x80,
  0x00, 0x00, 0x00, 0x00, 0x00, 0x00, 0x5F, 0xFF, 0xFF, 0xFF, 0xFF, 0xFF, 0xFF, 0xFF, 0xFF, 0xF9,
  0x00, 0x00, 0x00, 0x00, 0x00, 0x04, 0xFF, 0xFF, 0xFF, 0xFF, 0xFF, 0xFF, 0xFF, 0xFF, 0xFF, 0xFF,
  0x70, 0x00, 0x00, 0x00, 0x00, 0x1D, 0xFF, 0xFF, 0xFF, 0xFE, 0xB8, 0x89, 0xCF, 0xFF, 0xFF, 0xFF,
  0xE2, 0x00, 0x00, 0x00, 0x00, 0x7F, 0xFF, 0xFF, 0xFF, 0xB2, 0x00, 0x00, 0x04, 0xDF, 0xFF, 0xFF,
  0xF9, 0x00, 0x00, 0x00, 0x01, 0xDF, 0xFF, 0xFF, 0xFC, 0x10, 0x00, 0x00, 0x00, 0x3E, 0xFF, 0xFF,
  0xFD, 0x10, 0x00, 0x00, 0x05, 0xFF, 0xFF, 0xFF, 0xF4, 0x00, 0x00, 0x00, 0x00, 0x09, 0xFF, 0xFF,
  0xFF, 0x30, 0x00, 0x00, 0x08, 0xFF, 0xFF, 0xFF, 0xD1, 0x00, 0x00, 0x00, 0x00, 0x05, 0xFF, 0xFF,
  0xFF, 0x60, 0x00, 0x00, 0x0B, 0xFF, 0xFF, 0xFF, 0xB0, 0x00, 0x00, 0x00, 0x00, 0x03, 0xFE, 0xFF,
  0xEF, 0x60, 0x00, 0x00, 0x0D, 0xFF, 0xFF, 0xFF, 0xA0, 0x00, 0x00, 0x00, 0x00, 0x00, 0x22, 0x22,
  0x22, 0x10, 0x00, 0x00, 0x0D, 0xFF, 0xFF, 0xFF, 0xA0, 0x00, 0x00, 0x00, 0x00, 0x00, 0x00, 0x00,
  0x00, 0x00, 0x00, 0x00, 0x0E, 0xFF, 0xFF, 0xFF, 0xA0, 0x00, 0x00, 0x11, 0x11, 0x11, 0x11, 0x11,
  0x11, 0x00, 0x00, 0x00, 0x0E, 0xFF, 0xFF, 0xFF, 0xA0, 0x00, 0x06, 0xEE, 0xEE, 0xEE, 0xEE, 0xEE,
  0xEE, 0x60, 0x00, 0x00, 0x0E, 0xFF, 0xFF, 0xFF, 0xA0, 0x00, 0x07, 0xFF, 0xFF, 0xFF, 0xFF, 0xFF,
  0xFF, 0x70, 0x00, 0x00, 0x0E, 0xFF, 0xFF, 0xFF, 0xA0, 0x00, 0x07, 0xFE, 0xFF, 0xFF, 0xFF, 0xFF,
  0xFF, 0x70, 0x00, 0x00, 0x0D, 0xFF, 0xFF, 0xFF, 0xA0, 0x00, 0x07, 0xFF, 0xFF, 0xFF, 0xFF, 0xFF,
  0xFF, 0x70, 0x00, 0x00, 0x0D, 0xFF, 0xFF, 0xFF, 0xA0, 0x00, 0x03, 0x77, 0x78, 0x79, 0xFF, 0xFF,
  0xFF, 0x70, 0x00, 0x00, 0x0B, 0xFF, 0xFF, 0xFF, 0xB0, 0x00, 0x00, 0x00, 0x00, 0x02, 0xFF, 0xFF,
  0xFF, 0x70, 0x00, 0x00, 0x09, 0xFF, 0xFF, 0xFF, 0xD1, 0x00, 0x00, 0x00, 0x00, 0x04, 0xFF, 0xFF,
  0xFF, 0x70, 0x00, 0x00, 0x05, 0xFF, 0xFF, 0xFF, 0xF4, 0x00, 0x00, 0x00, 0x00, 0x07, 0xFF, 0xFF,
  0xFF, 0x70, 0x00, 0x00, 0x01, 0xEF, 0xFF, 0xFF, 0xFC, 0x10, 0x00, 0x00, 0x00, 0x1D, 0xFF, 0xFF,
  0xFF, 0x70, 0x00, 0x00, 0x00, 0x9F, 0xFF, 0xFF, 0xFF, 0xB3, 0x00, 0x00, 0x03, 0xCF, 0xFF, 0xFF,
  0xFF, 0x70, 0x00, 0x00, 0x00, 0x2E, 0xFF, 0xFF, 0xFF, 0xFF, 0xB8, 0x89, 0xBF, 0xFF, 0xFF, 0xFF,
  0xFF, 0x70, 0x00, 0x00, 0x00, 0x06, 0xFF, 0xFF, 0xFF, 0xFF, 0xFF, 0xFF, 0xFF, 0xFF, 0xFF, 0xFF,
  0xFF, 0x70, 0x00, 0x00, 0x00, 0x00, 0x9F, 0xFF, 0xFF, 0xFF, 0xFF, 0xFF, 0xFF, 0xFF, 0xF9, 0xEF,
  0xFF, 0x70, 0x00, 0x00, 0x00, 0x00, 0x08, 0xFF, 0xFF, 0xFF, 0xFF, 0xFF, 0xFF, 0xFF, 0x70, 0xBF,
  0xEF, 0x70, 0x00, 0x00, 0x00, 0x00, 0x00, 0x4B, 0xFF, 0xFF, 0xFF, 0xFF, 0xFF, 0xB4, 0x00, 0x7F,
  0xFF, 0x90, 0x00, 0x00, 0x00, 0x00, 0x00, 0x00, 0x48, 0xBD, 0xEE, 0xDB, 0x83, 0x00, 0x00, 0x28,
  0x88, 0x60, 0x00, 0x00, 0x00, 0x00, 0x00, 0x00, 0x00, 0x01, 0x11, 0x10, 0x00, 0x00, 0x00, 0x00,
  0x00, 0x00, 0x00, 0x00, 0x00, 0x11, 0x11, 0x11, 0x10, 0x00, 0x00, 0x00, 0x00, 0x01, 0x11, 0x11,
  0x11, 0x00, 0x00, 0x00, 0x00, 0xDE, 0xEE, 0xEE, 0xE3, 0x00, 0x00, 0x00, 0x00, 0x3E, 0xEE, 0xEE,
  0xED, 0x00, 0x00, 0x00, 0x00, 0xEF, 0xFF, 0xFF, 0xF3, 0x00, 0x00, 0x00, 0x00, 0x3F, 0xFF, 0xFF,
  0xFE, 0x00, 0x00, 0x00, 0x00, 0xEF, 0xFF, 0xFF, 0xF3, 0x00, 0x00, 0x00, 0x00, 0x3F, 0xFF, 0xFF,
  0xFE, 0x00, 0x00, 0x00, 0x00, 0xEF, 0xFF, 0xFF, 0xF3, 0x00, 0x00, 0x00, 0x00, 0x3F, 0xFF, 0xFF,
  0xFE, 0x00, 0x00, 0x00, 0x00, 0xEF, 0xFF, 0xFF, 0xF3, 0x00, 0x00, 0x00, 0x00, 0x3F, 0xFF, 0xFF,
  0xFE, 0x00, 0x00, 0x00, 0x00, 0xEF, 0xFF, 0xFF, 0xF3, 0x00, 0x00, 0x00, 0x00, 0x3F, 0xFF, 0xFF,
  0xFE, 0x00, 0x00, 0x00, 0x00, 0xEF, 0xFF, 0xFF, 0xF3, 0x00, 0x00, 0x00, 0x00, 0x3F, 0xFF, 0xFF,
  0xFE, 0x00, 0x00, 0x00, 0x00, 0xEF, 0xFF, 0xFF, 0xF3, 0x00, 0x00, 0x00, 0x00, 0x3F, 0xFF, 0xFF,
  0xFE, 0x00, 0x00, 0x00, 0x00, 0xEF, 0xFF, 0xFF, 0xF3, 0x00, 0x00, 0x00, 0x00, 0x3F, 0xFF, 0xFF,
  0xFE, 0x00, 0x00, 0x00, 0x00, 0xEF, 0xFF, 0xFF, 0xF3, 0x00, 0x00, 0x00, 0x00, 0x3F, 0xFF, 0xFF,
  0xFE, 0x00, 0x00, 0x00, 0x00, 0xEF, 0xFF, 0xFF, 0xF2, 0x00, 0x00, 0x00, 0x00, 0x2F, 0xFF, 0xFF,
  0xFE, 0x00, 0x00, 0x00, 0x00, 0xEF, 0xFF, 0xFF, 0xF9, 0x78, 0x77, 0x77, 0x87, 0x9F, 0xFF, 0xFF,
  0xFE, 0x00, 0x00, 0x00, 0x00, 0xEF, 0xFF, 0xFF, 0xFF, 0xFF, 0xFF, 0xFF, 0xFF, 0xFF, 0xFF, 0xFF,
  0xFE, 0x00, 0x00, 0x00, 0x00, 0xEF, 0xFF, 0xFF, 0xFF, 0xFF, 0xFF, 0xFF, 0xFF, 0xFF, 0xFF, 0xFF,
  0xFE, 0x00, 0x00, 0x00, 0x00, 0xEF, 0xFF, 0xFF, 0xFF, 0xFF, 0xFF, 0xFF, 0xFF, 0xFF, 0xFF, 0xFF,
  0xFE, 0x00, 0x00, 0x00, 0x00, 0xEF, 0xFF, 0xFF, 0xFF, 0xFF, 0xFF, 0xFF, 0xFF, 0xFF, 0xFF, 0xFF,
  0xFE, 0x00, 0x00, 0x00, 0x00, 0xEF, 0xFF, 0xFF, 0xFE, 0xEE, 0xEE, 0xEE, 0xEE, 0xEF, 0xFF, 0xFF,
  0xFE, 0x00, 0x00, 0x00, 0x00, 0xEF, 0xFF, 0xFF, 0xF4, 0x11, 0x11, 0x11, 0x11, 0x4F, 0xFF, 0xFF,
  0xFE, 0x00, 0x00, 0x00, 0x00, 0xEF, 0xFF, 0xFF, 0xF3, 0x00, 0x00, 0x00, 0x00, 0x3F, 0xFF, 0xFF,
  0xFE, 0x00, 0x00, 0x00, 0x00, 0xEF, 0xFF, 0xFF, 0xF3, 0x00, 0x00, 0x00, 0x00, 0x3F, 0xFF, 0xFF,
  0xFE, 0x00, 0x00, 0x00, 0x00, 0xEF, 0xFF, 0xFF, 0xF3, 0x00, 0x00, 0x00, 0x00, 0x3F, 0xFF, 0xFF,
  0xFE, 0x00, 0x00, 0x00, 0x00, 0xEF, 0xFF, 0xFF, 0xF3, 0x00, 0x00, 0x00, 0x00, 0x3F, 0xFF, 0xFF,
  0xFE, 0x00, 0x00, 0x00, 0x00, 0xEF, 0xFF, 0xFF, 0xF3, 0x00, 0x00, 0x00, 0x00, 0x3F, 0xFF, 0xFF,
  0xFE, 0x00, 0x00, 0x00, 0x00, 0xEF, 0xFF, 0xFF, 0xF3, 0x00, 0x00, 0x00, 0x00, 0x3F, 0xFF, 0xFF,
  0xFE, 0x00, 0x00, 0x00, 0x00, 0xEF, 0xFF, 0xFF, 0xF3, 0x00, 0x00, 0x00, 0x00, 0x3F, 0xFF, 0xFF,
  0xFE, 0x00, 0x00, 0x00, 0x00, 0xEF, 0xFF, 0xFF, 0xF3, 0x00, 0x00, 0x00, 0x00, 0x3F, 0xFF, 0xFF,
  0xFE, 0x00, 0x00, 0x00, 0x00, 0xEF, 0xFF, 0xFF, 0xF3, 0x00, 0x00, 0x00, 0x00, 0x3F, 0xFF, 0xFF,
  0xFE, 0x00, 0x00, 0x00, 0x00, 0xEF, 0xFF, 0xFF, 0xF3, 0x00, 0x00, 0x00, 0x00, 0x3F, 0xFF, 0xFF,
  0xFE, 0x00, 0x00, 0x00, 0x00, 0xDE, 0xEE, 0xEE, 0xE3, 0x00, 0x00, 0x00, 0x00, 0x3E, 0xEE, 0xEE,
  0xED, 0x00, 0x00, 0x00, 0x00, 0x11, 0x11, 0x11, 0x10, 0x00, 0x00, 0x00, 0x00, 0x01, 0x11, 0x11,
  0x11, 0x00, 0x00, 0x00, 0x01, 0x11, 0x11, 0x11, 0x11, 0x11, 0x11, 0x10, 0x00, 0x00, 0x1D, 0xEE,
  0xEE, 0xEE, 0xEE, 0xEE, 0xEE, 0xD1, 0x00, 0x00, 0x1E, 0xFF, 0xFF, 0xFF, 0xFF, 0xFF, 0xFF, 0xE1,
  0x00, 0x00, 0x1E, 0xFF, 0xFF, 0xFF, 0xFF, 0xFF, 0xFF, 0xE1, 0x00, 0x00, 0x1E, 0xFF, 0xFF, 0xFF,
  0xFF, 0xFF, 0xFF, 0xE1, 0x00, 0x00, 0x1D, 0xEE, 0xFF, 0xFF, 0xFF, 0xFF, 0xEE, 0xD1, 0x00, 0x00,
  0x01, 0x11, 0x8F, 0xFF, 0xFF, 0xF8, 0x11, 0x10, 0x00, 0x00, 0x00, 0x00, 0x8F, 0xFF, 0xFF, 0xF7,
  0x00, 0x00, 0x00, 0x00, 0x00, 0x00, 0x8F, 0xFF, 0xFF, 0xF7, 0x00, 0x00, 0x00, 0x00, 0x00, 0x00,
  0x8F, 0xFF, 0xFF, 0xF7, 0x00, 0x00, 0x00, 0x00, 0x00, 0x00, 0x8F, 0xFF, 0xFF, 0xF7, 0x00, 0x00,
  0x00, 0x00, 0x00, 0x00, 0x8F, 0xFF, 0xFF, 0xF7, 0x00, 0x00, 0x00, 0x00, 0x00, 0x00, 0x8F, 0xFF,
  0xFF, 0xF7, 0x00, 0x00, 0x00, 0x00, 0x00, 0x00, 0x8F, 0xFF, 0xFF, 0xF7, 0x00, 0x00, 0x00, 0x00,
  0x00, 0x00, 0x8F, 0xFF, 0xFF, 0xF7, 0x00, 0x00, 0x00, 0x00, 0x00, 0x00, 0x8F, 0xFF, 0xFF, 0xF7,
  0x00, 0x00, 0x00, 0x00, 0x00, 0x00, 0x8F, 0xFF, 0xFF, 0xF7, 0x00, 0x00, 0x00, 0x00, 0x00, 0x00,
  0x8F, 0xFF, 0xFF, 0xF7, 0x00, 0x00, 0x00, 0x00, 0x00, 0x00, 0x8F, 0xFF, 0xFF, 0xF7, 0x00, 0x00,
  0x00, 0x00, 0x00, 0x00, 0x8F, 0xFF, 0xFF, 0xF7, 0x00, 0x00, 0x00, 0x00, 0x00, 0x00, 0x8F, 0xFF,
  0xFF, 0xF7, 0x00, 0x00, 0x00, 0x00, 0x00, 0x00, 0x8F, 0xFF, 0xFF, 0xF7, 0x00, 0x00, 0x00, 0x00,
  0x00, 0x00, 0x8F, 0xFF, 0xFF, 0xF7, 0x00, 0x00, 0x00, 0x00, 0x00, 0x00, 0x8F, 0xFF, 0xFF, 0xF7,
  0x00, 0x00, 0x00, 0x00, 0x01, 0x11, 0x8F, 0xFF, 0xFF, 0xF8, 0x11, 0x10, 0x00, 0x00, 0x1D, 0xEE,
  0xFF, 0xFF, 0xFF, 0xFF, 0xEE, 0xD1, 0x00, 0x00, 0x1E, 0xFF, 0xFF, 0xFF, 0xFF, 0xFF, 0xFF, 0xE1,
  0x00, 0x00, 0x1E, 0xFF, 0xFF, 0xFF, 0xFF, 0xFF, 0xFF, 0xE1, 0x00, 0x00, 0x1E, 0xFF, 0xFF, 0xFF,
  0xFF, 0xFF, 0xFF, 0xE1, 0x00, 0x00, 0x1D, 0xEE, 0xEE, 0xEE, 0xEE, 0xEE, 0xEE, 0xD1, 0x00, 0x00,
  0x01, 0x11, 0x11, 0x11, 0x11, 0x11, 0x11, 0x10, 0x00, 0x00, 0x00, 0x00, 0x00, 0x00, 0x00, 0x00,
  0x11, 0x11, 0x11, 0x10, 0x00, 0x00, 0x00, 0x00, 0x00, 0x00, 0x00, 0x00, 0x1D, 0xEE, 0xEE, 0xED,
  0x10, 0x00, 0x00, 0x00, 0x00, 0x00, 0x00, 0x00, 0x01, 0xEF, 0xFF, 0xFF, 0xF1, 0x00, 0x00, 0x00,
  0x00, 0x00, 0x00, 0x00, 0x00, 0x1E, 0xFF, 0xFF, 0xFE, 0x10, 0x00, 0x00, 0x00, 0x00, 0x00, 0x00,
  0x00, 0x01, 0xEF, 0xFF, 0xFF, 0xE1, 0x00, 0x00, 0x00, 0x00, 0x00, 0x00, 0x00, 0x00, 0x1E, 0xFF,
  0xFF, 0xFE, 0x10, 0x00, 0x00, 0x00, 0x00, 0x00, 0x00, 0x00, 0x01, 0xEF, 0xFF, 0xFF, 0xE1, 0x00,
  0x00, 0x00, 0x00, 0x00, 0x00, 0x00, 0x00, 0x1E, 0xFF, 0xFF, 0xFE, 0x10, 0x00, 0x00, 0x00, 0x00,
  0x00, 0x00, 0x00, 0x01, 0xEF, 0xFF, 0xFF, 0xE1, 0x00, 0x00, 0x00, 0x00, 0x00, 0x00, 0x00, 0x00,
  0x1E, 0xFF, 0xFF, 0xFE, 0x10, 0x00, 0x00, 0x00, 0x00, 0x00, 0x00, 0x00, 0x01, 0xEF, 0xFF, 0xFF,
  0xE1, 0x00, 0x00, 0x00, 0x00, 0x00, 0x00, 0x00, 0x00, 0x1E, 0xFF, 0xFF, 0xFE, 0x10, 0x00, 0x00,
  0x00, 0x00, 0x00, 0x00, 0x00, 0x01, 0xEF, 0xFF, 0xFF, 0xE1, 0x00, 0x00, 0x00, 0x00, 0x00, 0x00,
  0x00, 0x00, 0x1E, 0xFF, 0xFF, 0xFE, 0x10, 0x00, 0x00, 0x00, 0x00, 0x00, 0x00, 0x00, 0x01, 0xEF,
  0xFF, 0xFF, 0xE1, 0x00, 0x00, 0x00, 0x00, 0x00, 0x00, 0x00, 0x00, 0x1E, 0xFF, 0xFF, 0xFE, 0x10,
  0x00, 0x00, 0x00, 0x00, 0x00, 0x00, 0x00, 0x01, 0xEF, 0xFF, 0xFF, 0xE1, 0x00, 0x00, 0x00, 0x00,
  0x00, 0x00, 0x00, 0x00, 0x1E, 0xFF, 0xFF, 0xFE, 0x10, 0x00, 0x00, 0x00, 0x00, 0x00, 0x00, 0x00,
  0x01, 0xEF, 0xFF, 0xFF, 0xE1, 0x00, 0x00, 0x00, 0x00, 0x00, 0x00, 0x00, 0x00, 0x1E, 0xFF, 0xFF,
  0xFE, 0x10, 0x00, 0x00, 0x67, 0x77, 0x67, 0x30, 0x00, 0x01, 0xEF, 0xFF, 0xFF, 0xE1, 0x00, 0x00,
  0x1F, 0xFF, 0xFF, 0xF8, 0x00, 0x00, 0x1E, 0xFF, 0xFF, 0xFE, 0x10, 0x00, 0x01, 0xEF, 0xFF, 0xFF,
  0x70, 0x00, 0x01, 0xEF, 0xFF, 0xFF, 0xE1, 0x00, 0x00, 0x1E, 0xFF, 0xFF, 0xF9, 0x00, 0x00, 0x3F,
  0xFF, 0xFF, 0xFD, 0x10, 0x00, 0x00, 0xDF, 0xFF, 0xFF, 0xE4, 0x00, 0x1B, 0xFF, 0xFF, 0xFF, 0xB0,
  0x00, 0x00, 0x0A, 0xFF, 0xFF, 0xFF, 0xFA, 0x9D, 0xFF, 0xFF, 0xFF, 0xF8, 0x00, 0x00, 0x00, 0x5F,
  0xFF, 0xFF, 0xFF, 0xFF, 0xFF, 0xFF, 0xFF, 0xFE, 0x20, 0x00, 0x00, 0x00, 0xBF, 0xFF, 0xFF, 0xFF,
  0xFF, 0xFF, 0xFF, 0xFF, 0x60, 0x00, 0x00, 0x00, 0x02, 0xCF, 0xFF, 0xFF, 0xFF, 0xFF, 0xFF, 0xFF,
  0x80, 0x00, 0x00, 0x00, 0x00, 0x01, 0xAF, 0xFF, 0xFF, 0xFF, 0xFF, 0xFD, 0x50, 0x00, 0x00, 0x00,
  0x00, 0x00, 0x00, 0x38, 0xBD, 0xEE, 0xDC, 0x96, 0x10, 0x00, 0x00, 0x00, 0x00, 0x00, 0x00, 0x00,
  0x00, 0x01, 0x11, 0x00, 0x00, 0x00, 0x00, 0x00, 0x00, 0x00, 0x00, 0x11, 0x11, 0x11, 0x10, 0x00,
  0x00, 0x00, 0x00, 0x01, 0x11, 0x11, 0x11, 0x00, 0x00, 0x01, 0xEE, 0xEE, 0xEE, 0xB0, 0x00, 0x00,
  0x00, 0x00, 0x8E, 0xEE, 0xEE, 0xEA, 0x10, 0x00, 0x01, 0xFF, 0xFF, 0xFF, 0xD0, 0x00, 0x00, 0x00,
  0x06, 0xFF, 0xFF, 0xFF, 0xE2, 0x00, 0x00, 0x01, 0xFF, 0xFF, 0xFF, 0xC0, 0x00, 0x00, 0x00, 0x3E,
  0xFF, 0xFF, 0xFF, 0x40, 0x00, 0x00, 0x01, 0xFF, 0xFF, 0xFF, 0xC0, 0x00, 0x00, 0x01, 0xCF, 0xFF,
  0xFF, 0xF7, 0x00, 0x00, 0x00, 0x01, 0xFF, 0xFF, 0xFF, 0xC0, 0x00, 0x00, 0x09, 0xFF, 0xFF, 0xFF,
  0xA0, 0x00, 0x00, 0x00, 0x01, 0xFF, 0xFF, 0xFF, 0xC0, 0x00, 0x00, 0x6F, 0xFF, 0xFF, 0xFD, 0x10,
  0x00, 0x00, 0x00, 0x01, 0xFF, 0xFF, 0xFF, 0xC0, 0x00, 0x03, 0xEF, 0xFF, 0xFF, 0xE3, 0x00, 0x00,
  0x00, 0x00, 0x01, 0xFF, 0xFF, 0xFF, 0xC0, 0x00, 0x1D, 0xFF, 0xFF, 0xFF, 0x60, 0x00, 0x00, 0x00,
  0x00, 0x01, 0xFF, 0xFF, 0xFF, 0xC0, 0x00, 0xAF, 0xFF, 0xFF, 0xF9, 0x00, 0x00, 0x00, 0x00, 0x00,
  0x01, 0xFF, 0xFF, 0xFF, 0xC0, 0x07, 0xFF, 0xFF, 0xFF, 0xC1, 0x00, 0x00, 0x00, 0x00, 0x00, 0x01,
  0xFF, 0xFF, 0xFF, 0xD0, 0x4F, 0xFF, 0xFF, 0xFE, 0x20, 0x00, 0x00, 0x00, 0x00, 0x00, 0x01, 0xFF,
  0xFF, 0xFF, 0xC1, 0xDF, 0xFF, 0xFF, 0xF4, 0x00, 0x00, 0x00, 0x00, 0x00, 0x00, 0x01, 0xFF, 0xFF,
  0xFF, 0xCA, 0xFF, 0xFF, 0xFF, 0xF4, 0x00, 0x00, 0x00, 0x00, 0x00, 0x00, 0x01, 0xFF, 0xFF, 0xFF,
  0xFF, 0xFF, 0xFF, 0xFF, 0xFD, 0x10, 0x00, 0x00, 0x00, 0x00, 0x00, 0x01, 0xFF, 0xFF, 0xFF, 0xFF,
  0xFF, 0xFF, 0xFF, 0xFF, 0x70, 0x00, 0x00, 0x00, 0x00, 0x00, 0x01, 0xFF, 0xFF, 0xFF, 0xFF, 0xFF,
  0xFF, 0xFF, 0xFF, 0xE1, 0x00, 0x00, 0x00, 0x00, 0x00, 0x01, 0xFF, 0xFF, 0xFF, 0xFF, 0xFF, 0xFF,
  0xFF, 0xFF, 0xF8, 0x00, 0x00, 0x00, 0x00, 0x00, 0x01, 0xFF, 0xFF, 0xFF, 0xFF, 0xFF, 0xBF, 0xFF,
  0xFF, 0xFE, 0x20, 0x00, 0x00, 0x00, 0x00, 0x01, 0xFF, 0xFF, 0xFF, 0xFF, 0xF7, 0x0D, 0xFF, 0xFF,
  0xFF, 0xA0, 0x00, 0x00, 0x00, 0x00, 0x01, 0xFF, 0xFF, 0xFF, 0xFF, 0x90, 0x06, 0xFF, 0xFF, 0xFF,
  0xF4, 0x00, 0x00, 0x00, 0x00, 0x01, 0xFF, 0xFF, 0xFF, 0xFB, 0x10, 0x00, 0xCF, 0xFF, 0xFF, 0xFC,
  0x00, 0x00, 0x00, 0x00, 0x01, 0xFF, 0xFF, 0xFF, 0xE2, 0x00, 0x00, 0x5F, 0xFF, 0xFF, 0xFF, 0x50,
  0x00, 0x00, 0x00, 0x01, 0xFF, 0xFF, 0xFF, 0xC0, 0x00, 0x00, 0x0B, 0xFF, 0xFF, 0xFF, 0xD1, 0x00,
  0x00, 0x00, 0x01, 0xFF, 0xFF, 0xFF, 0xC0, 0x00, 0x00, 0x03, 0xFF, 0xFF, 0xFF, 0xF7, 0x00, 0x00,
  0x00, 0x01, 0xFF, 0xFF, 0xFF, 0xC0, 0x00, 0x00, 0x00, 0xAF, 0xFF, 0xFF, 0xFE, 0x20, 0x00, 0x00,
  0x01, 0xFF, 0xFF, 0xFF, 0xC0, 0x00, 0x00, 0x00, 0x2E, 0xFF, 0xFF, 0xFF, 0x90, 0x00, 0x00, 0x01,
  0xFF, 0xFF, 0xFF, 0xC0, 0x00, 0x00, 0x00, 0x09, 0xFF, 0xFF, 0xFF, 0xF3, 0x00, 0x00, 0x01, 0xFF,
  0xFF, 0xFF, 0xD0, 0x00, 0x00, 0x00, 0x02, 0xEF, 0xFF, 0xFF, 0xFB, 0x00, 0x00, 0x01, 0xEE, 0xEE,
  0xEE, 0xB0, 0x00, 0x00, 0x00, 0x00, 0x7E, 0xEE, 0xEE, 0xEE, 0x40, 0x00, 0x00, 0x11, 0x11, 0x11,
  0x10, 0x00, 0x00, 0x00, 0x00, 0x01, 0x11, 0x11, 0x11, 0x10, 0x00, 0x00, 0x11, 0x11, 0x11, 0x10,
  0x00, 0x00, 0x00, 0x00, 0x00, 0x00, 0x00, 0x02, 0xEE, 0xEE, 0xEE, 0xB0, 0x00, 0x00, 0x00, 0x00,
  0x00, 0x00, 0x00, 0x02, 0xFF, 0xFF, 0xFF, 0xC0, 0x00, 0x00, 0x00, 0x00, 0x00, 0x00, 0x00, 0x02,
  0xFF, 0xFF, 0xFF, 0xC0, 0x00, 0x00, 0x00, 0x00, 0x00, 0x00, 0x00, 0x02, 0xFF, 0xFF, 0xFF, 0xC0,
  0x00, 0x00, 0x00, 0x00, 0x00, 0x00, 0x00, 0x02, 0xFF, 0xFF, 0xFF, 0xC0, 0x00, 0x00, 0x00, 0x00,
  0x00, 0x00, 0x00, 0x02, 0xFF, 0xFF, 0xFF, 0xC0, 0x00, 0x00, 0x00, 0x00, 0x00, 0x00, 0x00, 0x02,
  0xFF, 0xFF, 0xFF, 0xC0, 0x00, 0x00, 0x00, 0x00, 0x00, 0x00, 0x00, 0x02, 0xFF, 0xFF, 0xFF, 0xC0,
  0x00, 0x00, 0x00, 0x00, 0x00, 0x00, 0x00, 0x02, 0xFF, 0xFF, 0xFF, 0xC0, 0x00, 0x00, 0x00, 0x00,
  0x00, 0x00, 0x00, 0x02, 0xFF, 0xFF, 0xFF, 0xC0, 0x00, 0x00, 0x00, 0x00, 0x00, 0x00, 0x00, 0x02,
  0xFF, 0xFF, 0xFF, 0xC0, 0x00, 0x00, 0x00, 0x00, 0x00, 0x00, 0x00, 0x02, 0xFF, 0xFF, 0xFF, 0xC0,
  0x00, 0x00, 0x00, 0x00, 0x00, 0x00, 0x00, 0x02, 0xFF, 0xFF, 0xFF, 0xC0, 0x00, 0x00, 0x00, 0x00,
  0x00, 0x00, 0x00, 0x02, 0xFF, 0xFF, 0xFF, 0xC0, 0x00, 0x00, 0x00, 0x00, 0x00, 0x00, 0x00, 0x02,
  0xFF, 0xFF, 0xFF, 0xC0, 0x00, 0x00, 0x00, 0x00, 0x00, 0x00, 0x00, 0x02, 0xFF, 0xFF, 0xFF, 0xC0,
  0x00, 0x00, 0x00, 0x00, 0x00, 0x00, 0x00, 0x02, 0xFF, 0xFF, 0xFF, 0xC0, 0x00, 0x00, 0x00, 0x00,
  0x00, 0x00, 0x00, 0x02, 0xFF, 0xFF, 0xFF, 0xC0, 0x00, 0x00, 0x00, 0x00, 0x00, 0x00, 0x00, 0x02,
  0xFF, 0xFF, 0xFF, 0xC0, 0x00, 0x00, 0x00, 0x00, 0x00, 0x00, 0x00, 0x02, 0xFF, 0xFF, 0xFF, 0xC0,
  0x00, 0x00, 0x00, 0x00, 0x00, 0x00, 0x00, 0x02, 0xFF, 0xFF, 0xFF, 0xC0, 0x00, 0x00, 0x00, 0x00,
  0x00, 0x00, 0x00, 0x02, 0xFF, 0xFF, 0xFF, 0xC0, 0x00, 0x00, 0x00, 0x00, 0x00, 0x00, 0x00, 0x02,
  0xFF, 0xFF, 0xFF, 0xB0, 0x00, 0x00, 0x00, 0x00, 0x00, 0x00, 0x00, 0x02, 0xFF, 0xFF, 0xFF, 0xD7,
  0x87, 0x77, 0x77, 0x77, 0x87, 0x10, 0x00, 0x02, 0xFF, 0xFF, 0xFF, 0xFF, 0xFF, 0xFF, 0xFF, 0xFF,
  0xFF, 0x40, 0x00, 0x02, 0xFF, 0xFF, 0xFF, 0xFF, 0xFF, 0xFF, 0xFF, 0xFF, 0xFF, 0x50, 0x00, 0x02,
  0xFF, 0xFF, 0xFF, 0xFF, 0xFF, 0xFF, 0xFF, 0xFF, 0xFF, 0x70, 0x00, 0x02, 0xFF, 0xFF, 0xFF, 0xFF,
  0xFF, 0xFF, 0xFF, 0xFF, 0xFF, 0x90, 0x00, 0x02, 0xEE, 0xEE, 0xEE, 0xEE, 0xEE, 0xEE, 0xEE, 0xEE,
  0xEE, 0xA0, 0x00, 0x00, 0x11, 0x11, 0x11, 0x11, 0x11, 0x11, 0x11, 0x11, 0x11, 0x10, 0x00, 0x00,
  0x11, 0x11, 0x11, 0x11, 0x11, 0x10, 0x00, 0x00, 0x00, 0x00, 0x00, 0x00, 0x01, 0x11, 0x11, 0x11,
  0x11, 0x11, 0x00, 0x00, 0x00, 0x00, 0xDE, 0xEE, 0xEE, 0xEE, 0xEE, 0xEC, 0x00, 0x00, 0x00, 0x00,
  0x00, 0x00, 0xCE, 0xEE, 0xEE, 0xEE, 0xEE, 0xED, 0x00, 0x00, 0x00, 0x00, 0xEF, 0xFF, 0xFF, 0xFF,
  0xFF, 0xFF, 0x30, 0x00, 0x00, 0x00, 0x00, 0x04, 0xFF, 0xFF, 0xFF, 0xFF, 0xFF, 0xFE, 0x00, 0x00,
  0x00, 0x00, 0xEF, 0xFF, 0xFF, 0xFF, 0xFF, 0xFF, 0x80, 0x00, 0x00, 0x00, 0x00, 0x08, 0xFF, 0xFF,
  0xFF, 0xFF, 0xFF, 0xFE, 0x00, 0x00, 0x00, 0x00, 0xEF, 0xFF, 0xFF, 0xFF, 0xFF, 0xFF, 0xD1, 0x00,
  0x00, 0x00, 0x00, 0x1D, 0xFF, 0xFF, 0xFF, 0xFF, 0xFF, 0xFE, 0x00, 0x00, 0x00, 0x00, 0xEF, 0xFF,
  0xFF, 0xFF, 0xFF, 0xFF, 0xF4, 0x00, 0x00, 0x00, 0x00, 0x4F, 0xFF, 0xFF, 0xFF, 0xFF, 0xFF, 0xFE,
  0x00, 0x00, 0x00, 0x00, 0xEF, 0xFF, 0xFF, 0xFF, 0xFF, 0xFF, 0xF8, 0x00, 0x00, 0x00, 0x00, 0x8F,
  0xFF, 0xFF, 0xFF, 0xFF, 0xFF, 0xFE, 0x00, 0x00, 0x00, 0x00, 0xEF, 0xFF, 0xFF, 0xFF, 0xFF, 0xFF,
  0xFD, 0x10, 0x00, 0x00, 0x01, 0xDF, 0xFF, 0xFF, 0xFF, 0xFF, 0xFF, 0xFE, 0x00, 0x00, 0x00, 0x00,
  0xEF, 0xFF, 0xFF, 0xFF, 0xFF, 0xFF, 0xFF, 0x40, 0x00, 0x00, 0x04, 0xFF, 0xFF, 0xFF, 0xFF, 0xFF,
  0xFF, 0xFE, 0x00, 0x00, 0x00, 0x00, 0xEF, 0xFF, 0xFF, 0xEE, 0xFF, 0xFF, 0xFF, 0x90, 0x00, 0x00,
  0x09, 0xFF, 0xFF, 0xFF, 0xBE, 0xFF, 0xFF, 0xFE, 0x00, 0x00, 0x00, 0x00, 0xEF, 0xFF, 0xFF, 0xAC,
  0xFF, 0xFF, 0xFF, 0xD1, 0x00, 0x00, 0x1D, 0xFF, 0xFF, 0xFF, 0x6E, 0xFF, 0xFF, 0xFE, 0x00, 0x00,
  0x00, 0x00, 0xEF, 0xFF, 0xFF, 0x98, 0xFF, 0xFF, 0xFF, 0xF4, 0x00, 0x00, 0x4F, 0xFF, 0xFF, 0xFC,
  0x3F, 0xFF, 0xFF, 0xFE, 0x00, 0x00, 0x00, 0x00, 0xEF, 0xFF, 0xFF, 0x93, 0xFF, 0xFF, 0xFF, 0xF9,
  0x00, 0x00, 0x9F, 0xFF, 0xFF, 0xF7, 0x1F, 0xFF, 0xFF, 0xFE, 0x00, 0x00, 0x00, 0x00, 0xEF, 0xFF,
  0xFF, 0x90, 0xDF, 0xFF, 0xFF, 0xFD, 0x10, 0x01, 0xDF, 0xFF, 0xFF, 0xF3, 0x2F, 0xFF, 0xFF, 0xFE,
  0x00, 0x00, 0x00, 0x00, 0xEF, 0xFF, 0xFF, 0xA0, 0x9F, 0xFF, 0xFF, 0xFF, 0x40, 0x04, 0xFF, 0xFF,
  0xFF, 0xD0, 0x2F, 0xFF, 0xFF, 0xFE, 0x00, 0x00, 0x00, 0x00, 0xEF, 0xFF, 0xFF, 0xA0, 0x4F, 0xFF,
  0xFF, 0xFF, 0x90, 0x09, 0xFF, 0xFF, 0xFF, 0x80, 0x3F, 0xFF, 0xFF, 0xFE, 0x00, 0x00, 0x00, 0x00,
  0xEF, 0xFF, 0xFF, 0x90, 0x1D, 0xFF, 0xFF, 0xFF, 0xD1, 0x1D, 0xFF, 0xFF, 0xFF, 0x40, 0x3F, 0xFF,
  0xFF, 0xFE, 0x00, 0x00, 0x00, 0x00, 0xEF, 0xFF, 0xFF, 0x90, 0x08, 0xFF, 0xFF, 0xFF, 0xF4, 0x3F,
  0xFF, 0xFF, 0xFD, 0x00, 0x2F, 0xFF, 0xFF, 0xFE, 0x00, 0x00, 0x00, 0x00, 0xEF, 0xFF, 0xFF, 0x90,
  0x04, 0xFF, 0xFF, 0xFF, 0xF9, 0x8F, 0xFF, 0xFF, 0xF8, 0x00, 0x2F, 0xFF, 0xFF, 0xFE, 0x00, 0x00,
  0x00, 0x00, 0xEF, 0xFF, 0xFF, 0x90, 0x01, 0xDF, 0xFF, 0xFF, 0xFE, 0xEF, 0xFF, 0xFF, 0xF3, 0x00,
  0x2F, 0xFF, 0xFF, 0xFE, 0x00, 0x00, 0x00, 0x00, 0xEF, 0xFF, 0xFF, 0x90, 0x00, 0x8F, 0xFF, 0xFF,
  0xFF, 0xFF, 0xFF, 0xFF, 0xC0, 0x00, 0x2F, 0xFF, 0xFF, 0xFE, 0x00, 0x00, 0x00, 0x00, 0xEF, 0xFF,
  0xFF, 0x90, 0x00, 0x4F, 0xFF, 0xFF, 0xFF, 0xFF, 0xFF, 0xFF, 0x80, 0x00, 0x2F, 0xFF, 0xFF, 0xFE,
  0x00, 0x00, 0x00, 0x00, 0xEF, 0xFF, 0xFF, 0x90, 0x00, 0x0D, 0xFF, 0xFF, 0xFF, 0xFF, 0xFF, 0xFF,
  0x30, 0x00, 0x2F, 0xFF, 0xFF, 0xFE, 0x00, 0x00, 0x00, 0x00, 0xEF, 0xFF, 0xFF, 0x90, 0x00, 0x08,
  0xFF, 0xFF, 0xFF, 0xFF, 0xFF, 0xFC, 0x00, 0x00, 0x2F, 0xFF, 0xFF, 0xFE, 0x00, 0x00, 0x00, 0x00,
  0xEF, 0xFF, 0xFF, 0x90, 0x00, 0x03, 0xFF, 0xFF, 0xFF, 0xFF, 0xFF, 0xF8, 0x00, 0x00, 0x2F, 0xFF,
  0xFF, 0xFE, 0x00, 0x00, 0x00, 0x00, 0xEF, 0xFF, 0xFF, 0x90, 0x00, 0x00, 0xCF, 0xFF, 0xFF, 0xFF,
  0xFF, 0xF3, 0x00, 0x00, 0x2F, 0xFF, 0xFF, 0xFE, 0x00, 0x00, 0x00, 0x00, 0xEF, 0xFF, 0xFF, 0x90,
  0x00, 0x00, 0x8F, 0xFF, 0xFF, 0xFF, 0xFF, 0xC0, 0x00, 0x00, 0x2F, 0xFF, 0xFF, 0xFE, 0x00, 0x00,
  0x00, 0x00, 0xEF, 0xFF, 0xFF, 0x90, 0x00, 0x00, 0x3F, 0xFF, 0xFF, 0xFF, 0xFF, 0x80, 0x00, 0x00,
  0x2F, 0xFF, 0xFF, 0xFE, 0x00, 0x00, 0x00, 0x00, 0xEF, 0xFF, 0xFF, 0xA0, 0x00, 0x00, 0x0C, 0xFF,
  0xFF, 0xFF, 0xFF, 0x30, 0x00, 0x00, 0x2F, 0xFF, 0xFF, 0xFE, 0x00, 0x00, 0x00, 0x00, 0xDE, 0xEE,
  0xEE, 0x90, 0x00, 0x00, 0x07, 0xEE, 0xEE, 0xEE, 0xEB, 0x00, 0x00, 0x00, 0x2E, 0xEE, 0xEE, 0xED,
  0x00, 0x00, 0x00, 0x00, 0x11, 0x11, 0x11, 0x10, 0x00, 0x00, 0x00, 0x11, 0x11, 0x11, 0x11, 0x00,
  0x00, 0x00, 0x01, 0x11, 0x11, 0x11, 0x00, 0x00, 0x00, 0x00, 0x11, 0x11, 0x11, 0x00, 0x00, 0x00,
  0x00, 0x00, 0x01, 0x11, 0x11, 0x11, 0x00, 0x00, 0x00, 0x00, 0xDE, 0xEE, 0xEE, 0x60, 0x00, 0x00,
  0x00, 0x00, 0x09, 0xEE, 0xEE, 0xED, 0x00, 0x00, 0x00, 0x00, 0xEF, 0xFF, 0xFF, 0xE2, 0x00, 0x00,
  0x00, 0x00, 0x0A, 0xFF, 0xFF, 0xFE, 0x00, 0x00, 0x00, 0x00, 0xEF, 0xFF, 0xFF, 0xFB, 0x00, 0x00,
  0x00, 0x00, 0x0A, 0xFF, 0xFF, 0xFE, 0x00, 0x00, 0x00, 0x00, 0xEF, 0xFF, 0xFF, 0xFF, 0x70, 0x00,
  0x00, 0x00, 0x0A, 0xFF, 0xFF, 0xFE, 0x00, 0x00, 0x00, 0x00, 0xEF, 0xFF, 0xFF, 0xFF, 0xF3, 0x00,
  0x00, 0x00, 0x0A, 0xFF, 0xFF, 0xFE, 0x00, 0x00, 0x00, 0x00, 0xEF, 0xFF, 0xFF, 0xFF, 0xFD, 0x10,
  0x00, 0x00, 0x0A, 0xFF, 0xFF, 0xFE, 0x00, 0x00, 0x00, 0x00, 0xEF, 0xFF, 0xFF, 0xFF, 0xFF, 0x90,
  0x00, 0x00, 0x0A, 0xFF, 0xFF, 0xFE, 0x00, 0x00, 0x00, 0x00, 0xEF, 0xFF, 0xFF, 0xFF, 0xFF, 0xF5,
  0x00, 0x00, 0x0A, 0xFF, 0xFF, 0xFE, 0x00, 0x00, 0x00, 0x00, 0xEF, 0xFF, 0xFF, 0xFF, 0xFF, 0xFE,
  0x20, 0x00, 0x0A, 0xFF, 0xFF, 0xFE, 0x00, 0x00, 0x00, 0x00, 0xEF, 0xFF, 0xFF, 0xFF, 0xFF, 0xFF,
  0xA0, 0x00, 0x0A, 0xFF, 0xFF, 0xFE, 0x00, 0x00, 0x00, 0x00, 0xEF, 0xFF, 0xFF, 0xFF, 0xFF, 0xFF,
  0xF6, 0x00, 0x0A, 0xFF, 0xFF, 0xFE, 0x00, 0x00, 0x00, 0x00, 0xEF, 0xFF, 0xFF, 0xFF, 0xFF, 0xFF,
  0xFE, 0x30, 0x0A, 0xFF, 0xFF, 0xFE, 0x00, 0x00, 0x00, 0x00, 0xEF, 0xFF, 0xFF, 0xFF, 0xFF, 0xFF,
  0xFF, 0xC1, 0x0A, 0xFF, 0xFF, 0xFE, 0x00, 0x00, 0x00, 0x00, 0xEF, 0xFF, 0xFF, 0xBC, 0xFF, 0xFF,
  0xFF, 0xF8, 0x0A, 0xFF, 0xFF, 0xFE, 0x00, 0x00, 0x00, 0x00, 0xEF, 0xFF, 0xFF, 0x94, 0xFF, 0xFF,
  0xFF, 0xFF, 0x29, 0xFF, 0xFF, 0xFE, 0x00, 0x00, 0x00, 0x00, 0xEF, 0xFF, 0xFF, 0xA0, 0xAF, 0xFF,
  0xFF, 0xFF, 0xAA, 0xFF, 0xFF, 0xFE, 0x00, 0x00, 0x00, 0x00, 0xEF, 0xFF, 0xFF, 0xA0, 0x2D, 0xFF,
  0xFF, 0xFF, 0xFE, 0xFF, 0xFF, 0xFE, 0x00, 0x00, 0x00, 0x00, 0xEF, 0xFF, 0xFF, 0xA0, 0x05, 0xFF,
  0xFF, 0xFF, 0xFF, 0xFF, 0xFF, 0xFE, 0x00, 0x00, 0x00, 0x00, 0xEF, 0xFF, 0xFF, 0xA0, 0x00, 0x9F,
  0xFF, 0xFF, 0xFF, 0xFF, 0xFF, 0xFE, 0x00, 0x00, 0x00, 0x00, 0xEF, 0xFF, 0xFF, 0xA0, 0x00, 0x1C,
  0xFF, 0xFF, 0xFF, 0xFF, 0xFF, 0xFE, 0x00, 0x00, 0x00, 0x00, 0xEF, 0xFF, 0xFF, 0xA0, 0x00, 0x03,
  0xFF, 0xFF, 0xFF, 0xFF, 0xFF, 0xFE, 0x00, 0x00, 0x00, 0x00, 0xEF, 0xFF, 0xFF, 0xA0, 0x00, 0x00,
  0x7F, 0xFF, 0xFF, 0xFF, 0xFF, 0xFE, 0x00, 0x00, 0x00, 0x00, 0xEF, 0xFF, 0xFF, 0xA0, 0x00, 0x00,
  0x0B, 0xFF, 0xFF, 0xFF, 0xFF, 0xFE, 0x00, 0x00, 0x00, 0x00, 0xEF, 0xFF, 0xFF, 0xA0, 0x00, 0x00,
  0x02, 0xEF, 0xFF, 0xFF, 0xFF, 0xFE, 0x00, 0x00, 0x00, 0x00, 0xEF, 0xFF, 0xFF, 0xA0, 0x00, 0x00,
  0x00, 0x6F, 0xFF, 0xFF, 0xFF, 0xFE, 0x00, 0x00, 0x00, 0x00, 0xEF, 0xFF, 0xFF, 0xA0, 0x00, 0x00,
  0x00, 0x0A, 0xFF, 0xFF, 0xFF, 0xFE, 0x00, 0x00, 0x00, 0x00, 0xEF, 0xFF, 0xFF, 0xA0, 0x00, 0x00,
  0x00, 0x01, 0xDF, 0xFF, 0xFF, 0xFE, 0x00, 0x00, 0x00, 0x00, 0xEF, 0xFF, 0xFF, 0xA0, 0x00, 0x00,
  0x00, 0x00, 0x4F, 0xFF, 0xFF, 0xFE, 0x00, 0x00, 0x00, 0x00, 0xDE, 0xEE, 0xEE, 0x90, 0x00, 0x00,
  0x00, 0x00, 0x08, 0xEE, 0xEE, 0xED, 0x00, 0x00, 0x00, 0x00, 0x11, 0x11, 0x11, 0x10, 0x00, 0x00,
  0x00, 0x00, 0x00, 0x11, 0x11, 0x11, 0x00, 0x00, 0x00, 0x00, 0x00, 0x00, 0x00, 0x00, 0x00, 0x11,
  0x11, 0x00, 0x00, 0x00, 0x00, 0x00, 0x00, 0x00, 0x00, 0x00, 0x00, 0x00, 0x00, 0x27, 0xAD, 0xEE,
  0xEE, 0xDA, 0x72, 0x00, 0x00, 0x00, 0x00, 0x00, 0x00, 0x00, 0x00, 0x00, 0x2A, 0xFF, 0xFF, 0xFF,
  0xFF, 0xFF, 0xFF, 0xA2, 0x00, 0x00, 0x00, 0x00, 0x00, 0x00, 0x00, 0x06, 0xEF, 0xFF, 0xFF, 0xFF,
  0xFF, 0xFF, 0xFF, 0xFE, 0x60, 0x00, 0x00, 0x00, 0x00, 0x00, 0x00, 0x7F, 0xFF, 0xFF, 0xFF, 0xFF,
  0xFF, 0xFF, 0xFF, 0xFF, 0xF7, 0x00, 0x00, 0x00, 0x00, 0x00, 0x05, 0xFF, 0xFF, 0xFF, 0xFF, 0xFF,
  0xFF, 0xFF, 0xFF, 0xFF, 0xFF, 0x50, 0x00, 0x00, 0x00, 0x00, 0x1E, 0xFF, 0xFF, 0xFF, 0xFE, 0xA8,
  0x8A, 0xEF, 0xFF, 0xFF, 0xFF, 0xE1, 0x00, 0x00, 0x00, 0x00, 0x8F, 0xFF, 0xFF, 0xFF, 0xA2, 0x00,
  0x00, 0x2A, 0xFF, 0xFF, 0xFF, 0xF8, 0x00, 0x00, 0x00, 0x01, 0xEF, 0xFF, 0xFF, 0xFB, 0x00, 0x00,
  0x00, 0x00, 0xBF, 0xFF, 0xFF, 0xFE, 0x10, 0x00, 0x00, 0x05, 0xFF, 0xFF, 0xFF, 0xF2, 0x00, 0x00,
  0x00, 0x00, 0x2F, 0xFF, 0xFF, 0xFF, 0x50, 0x00, 0x00, 0x09, 0xFF, 0xFF, 0xFF, 0xB0, 0x00, 0x00,
  0x00, 0x00, 0x0B, 0xFF, 0xFF, 0xFF, 0x90, 0x00, 0x00, 0x0B, 0xFF, 0xFF, 0xFF, 0x90, 0x00, 0x00,
  0x00, 0x00, 0x09, 0xFF, 0xFF, 0xFF, 0xB0, 0x00, 0x00, 0x0D, 0xFF, 0xFF, 0xFF, 0x80, 0x00, 0x00,
  0x00, 0x00, 0x08, 0xFF, 0xFF, 0xFF, 0xD0, 0x00, 0x00, 0x1E, 0xFF, 0xFF, 0xFF, 0x70, 0x00, 0x00,
  0x00, 0x00, 0x07, 0xFF, 0xFF, 0xFF, 0xE1, 0x00, 0x00, 0x1E, 0xFF, 0xFF, 0xFF, 0x70, 0x00, 0x00,
  0x00, 0x00, 0x07, 0xFF, 0xFF, 0xFF, 0xE1, 0x00, 0x00, 0x1E, 0xFF, 0xFF, 0xFF, 0x70, 0x00, 0x00,
  0x00, 0x00, 0x07, 0xFF, 0xFF, 0xFF, 0xE1, 0x00, 0x00, 0x1E, 0xFF, 0xFF, 0xFF, 0x70, 0x00, 0x00,
  0x00, 0x00, 0x07, 0xFF, 0xFF, 0xFF, 0xE1, 0x00, 0x00, 0x1E, 0xFF, 0xFF, 0xFF, 0x70, 0x00, 0x00,
  0x00, 0x00, 0x07, 0xFF, 0xFF, 0xFF, 0xE1, 0x00, 0x00, 0x1E, 0xFF, 0xFF, 0xFF, 0x70, 0x00, 0x00,
  0x00, 0x00, 0x07, 0xFF, 0xFF, 0xFF, 0xE1, 0x00, 0x00, 0x0D, 0xFF, 0xFF, 0xFF, 0x80, 0x00, 0x00,
  0x00, 0x00, 0x08, 0xFF, 0xFF, 0xFF, 0xD0, 0x00, 0x00, 0x0B, 0xFF, 0xFF, 0xFF, 0x90, 0x00, 0x00,
  0x00, 0x00, 0x09, 0xFF, 0xFF, 0xFF, 0xB0, 0x00, 0x00, 0x09, 0xFF, 0xFF, 0xFF, 0xB0, 0x00, 0x00,
  0x00, 0x00, 0x0B, 0xFF, 0xFF, 0xFF, 0x90, 0x00, 0x00, 0x05, 0xFF, 0xFF, 0xFF, 0xF2, 0x00, 0x00,
  0x00, 0x00, 0x2F, 0xFF, 0xFF, 0xFF, 0x50, 0x00, 0x00, 0x01, 0xEF, 0xFF, 0xFF, 0xFB, 0x00, 0x00,
  0x00, 0x00, 0xBF, 0xFF, 0xFF, 0xFE, 0x10, 0x00, 0x00, 0x00, 0x8F, 0xFF, 0xFF, 0xFF, 0xA2, 0x00,
  0x00, 0x2A, 0xFF, 0xFF, 0xFF, 0xF8, 0x00, 0x00, 0x00, 0x00, 0x1E, 0xFF, 0xFF, 0xFF, 0xFE, 0xA8,
  0x8A, 0xEF, 0xFF, 0xFF, 0xFF, 0xE1, 0x00, 0x00, 0x00, 0x00, 0x05, 0xFF, 0xFF, 0xFF, 0xFF, 0xFF,
  0xFF, 0xFF, 0xFF, 0xFF, 0xFF, 0x50, 0x00, 0x00, 0x00, 0x00, 0x00, 0x7F, 0xFF, 0xFF, 0xFF, 0xFF,
  0xFF, 0xFF, 0xFF, 0xFF, 0xF7, 0x00, 0x00, 0x00, 0x00, 0x00, 0x00, 0x06, 0xEF, 0xFF, 0xFF, 0xFF,
  0xFF, 0xFF, 0xFF, 0xFE, 0x60, 0x00, 0x00, 0x00, 0x00, 0x00, 0x00, 0x00, 0x2A, 0xFF, 0xFF, 0xFF,
  0xFF, 0xFF, 0xFF, 0xA2, 0x00, 0x00, 0x00, 0x00, 0x00, 0x00, 0x00, 0x00, 0x00, 0x37, 0xAD, 0xEE,
  0xEE, 0xDA, 0x73, 0x00, 0x00, 0x00, 0x00, 0x00, 0x00, 0x00, 0x00, 0x00, 0x00, 0x00, 0x00, 0x11,
  0x11, 0x00, 0x00, 0x00, 0x00, 0x00, 0x00, 0x00, 0x00, 0x00, 0x11, 0x11, 0x11, 0x11, 0x11, 0x11,
  0x11, 0x11, 0x00, 0x00, 0x00, 0x00, 0x00, 0x00, 0x1D, 0xEE, 0xEE, 0xEE, 0xEE, 0xEE, 0xEE, 0xEE,
  0xDB, 0x71, 0x00, 0x00, 0x00, 0x00, 0x01, 0xEF, 0xFF, 0xFF, 0xFF, 0xFF, 0xFF, 0xFF, 0xFF, 0xFF,
  0xE6, 0x00, 0x00, 0x00, 0x00, 0x1E, 0xFF, 0xFF, 0xFF, 0xFF, 0xFF, 0xFF, 0xFF, 0xFF, 0xFF, 0xF8,
  0x00, 0x00, 0x00, 0x01, 0xEF, 0xFF, 0xFF, 0xFF, 0xFF, 0xFF, 0xFF, 0xFF, 0xFF, 0xFF, 0xF6, 0x00,
  0x00, 0x00, 0x1E, 0xFF, 0xFF, 0xFF, 0xFF, 0xFF, 0xFF, 0xFF, 0xFF, 0xFF, 0xFF, 0xE2, 0x00, 0x00,
  0x01, 0xEF, 0xFF, 0xFF, 0xF8, 0x78, 0x77, 0x8A, 0xEF, 0xFF, 0xFF, 0xFF, 0x70, 0x00, 0x00, 0x1E,
  0xFF, 0xFF, 0xFE, 0x00, 0x00, 0x00, 0x03, 0xDF, 0xFF, 0xFF, 0xFB, 0x00, 0x00, 0x01, 0xEF, 0xFF,
  0xFF, 0xE1, 0x00, 0x00, 0x00, 0x06, 0xFF, 0xFF, 0xFF, 0xD1, 0x00, 0x00, 0x1E, 0xFF, 0xFF, 0xFE,
  0x10, 0x00, 0x00, 0x00, 0x2E, 0xFF, 0xFF, 0xFE, 0x10, 0x00, 0x01, 0xEF, 0xFF, 0xFF, 0xE1, 0x00,
  0x00, 0x00, 0x02, 0xEF, 0xFF, 0xFF, 0xE1, 0x00, 0x00, 0x1E, 0xFF, 0xFF, 0xFE, 0x10, 0x00, 0x00,
  0x00, 0x5F, 0xFF, 0xFF, 0xFD, 0x00, 0x00, 0x01, 0xEF, 0xFF, 0xFF, 0xE0, 0x00, 0x00, 0x00, 0x3D,
  0xFF, 0xFF, 0xFF, 0xA0, 0x00, 0x00, 0x1E, 0xFF, 0xFF, 0xFF, 0x87, 0x87, 0x78, 0xAE, 0xFF, 0xFF,
  0xFF, 0xF5, 0x00, 0x00, 0x01, 0xEF, 0xFF, 0xFF, 0xFF, 0xFF, 0xFF, 0xFF, 0xFF, 0xFF, 0xFF, 0xFC,
  0x00, 0x00, 0x00, 0x1E, 0xFF, 0xFF, 0xFF, 0xFF, 0xFF, 0xFF, 0xFF, 0xFF, 0xFF, 0xFE, 0x30, 0x00,
  0x00, 0x01, 0xEF, 0xFF, 0xFF, 0xFF, 0xFF, 0xFF, 0xFF, 0xFF, 0xFF, 0xFE, 0x40, 0x00, 0x00, 0x00,
  0x1E, 0xFF, 0xFF, 0xFF, 0xFF, 0xFF, 0xFF, 0xFF, 0xFF, 0xFC, 0x30, 0x00, 0x00, 0x00, 0x01, 0xEF,
  0xFF, 0xFF, 0xFE, 0xEE, 0xEE, 0xEE, 0xED, 0xA5, 0x00, 0x00, 0x00, 0x00, 0x00, 0x1E, 0xFF, 0xFF,
  0xFE, 0x21, 0x11, 0x11, 0x11, 0x00, 0x00, 0x00, 0x00, 0x00, 0x00, 0x01, 0xEF, 0xFF, 0xFF, 0xE1,
  0x00, 0x00, 0x00, 0x00, 0x00, 0x00, 0x00, 0x00, 0x00, 0x00, 0x1E, 0xFF, 0xFF, 0xFE, 0x10, 0x00,
  0x00, 0x00, 0x00, 0x00, 0x00, 0x00, 0x00, 0x00, 0x01, 0xEF, 0xFF, 0xFF, 0xE1, 0x00, 0x00, 0x00,
  0x00, 0x00, 0x00, 0x00, 0x00, 0x00, 0x00, 0x1E, 0xFF, 0xFF, 0xFE, 0x10, 0x00, 0x00, 0x00, 0x00,
  0x00, 0x00, 0x00, 0x00, 0x00, 0x01, 0xEF, 0xFF, 0xFF, 0xE1, 0x00, 0x00, 0x00, 0x00, 0x00, 0x00,
  0x00, 0x00, 0x00, 0x00, 0x1E, 0xFF, 0xFF, 0xFE, 0x10, 0x00, 0x00, 0x00, 0x00, 0x00, 0x00, 0x00,
  0x00, 0x00, 0x01, 0xEF, 0xFF, 0xFF, 0xE1, 0x00, 0x00, 0x00, 0x00, 0x00, 0x00, 0x00, 0x00, 0x00,
  0x00, 0x1E, 0xFF, 0xFF, 0xFE, 0x10, 0x00, 0x00, 0x00, 0x00, 0x00, 0x00, 0x00, 0x00, 0x00, 0x01,
  0xEF, 0xFF, 0xFF, 0xF1, 0x00, 0x00, 0x00, 0x00, 0x00, 0x00, 0x00, 0x00, 0x00, 0x00, 0x1D, 0xEE,
  0xEE, 0xED, 0x10, 0x00, 0x00, 0x00, 0x00, 0x00, 0x00, 0x00, 0x00, 0x00, 0x00, 0x11, 0x11, 0x11,
  0x10, 0x00, 0x00, 0x00, 0x00, 0x00, 0x00, 0x00, 0x00, 0x00, 0x00, 0x00, 0x00, 0x00, 0x00, 0x00,
  0x00, 0x11, 0x11, 0x00, 0x00, 0x00, 0x00, 0x00, 0x00, 0x00, 0x00, 0x00, 0x00, 0x00, 0x00, 0x37,
  0xAD, 0xEE, 0xEE, 0xDA, 0x72, 0x00, 0x00, 0x00, 0x00, 0x00, 0x00, 0x00, 0x00, 0x00, 0x3A, 0xFF,
  0xFF, 0xFF, 0xFF, 0xFF, 0xFF, 0xA2, 0x00, 0x00, 0x00, 0x00, 0x00, 0x00, 0x00, 0x06, 0xEF, 0xFF,
  0xFF, 0xFF, 0xFF, 0xFF, 0xFF, 0xFE, 0x60, 0x00, 0x00, 0x00, 0x00, 0x00, 0x00, 0x7F, 0xFF, 0xFF,
  0xFF, 0xFF, 0xFF, 0xFF, 0xFF, 0xFF, 0xF7, 0x00, 0x00, 0x00, 0x00, 0x00, 0x05, 0xFF, 0xFF, 0xFF,
  0xFF, 0xFF, 0xFF, 0xFF, 0xFF, 0xFF, 0xFF, 0x50, 0x00, 0x00, 0x00, 0x00, 0x1E, 0xFF, 0xFF, 0xFF,
  0xFE, 0xA8, 0x8A, 0xEF, 0xFF, 0xFF, 0xFF, 0xE1, 0x00, 0x00, 0x00, 0x00, 0x8F, 0xFF, 0xFF, 0xFF,
  0xA2, 0x00, 0x00, 0x2A, 0xFF, 0xFF, 0xFF, 0xF8, 0x00, 0x00, 0x00, 0x01, 0xEF, 0xFF, 0xFF, 0xFB,
  0x00, 0x00, 0x00, 0x00, 0xBF, 0xFF, 0xFF, 0xFE, 0x10, 0x00, 0x00, 0x05, 0xFF, 0xFF, 0xFF, 0xF3,
  0x00, 0x00, 0x00, 0x00, 0x3F, 0xFF, 0xFF, 0xFF, 0x50, 0x00, 0x00, 0x09, 0xFF, 0xFF, 0xFF, 0xB0,
  0x00, 0x00, 0x00, 0x00, 0x0C, 0xFF, 0xFF, 0xFF, 0x90, 0x00, 0x00, 0x0B, 0xFF, 0xFF, 0xFF, 0x90,
  0x00, 0x00, 0x00, 0x00, 0x09, 0xFF, 0xFF, 0xFF, 0xB0, 0x00, 0x00, 0x0D, 0xFF, 0xFF, 0xFF, 0x80,
  0x00, 0x00, 0x00, 0x00, 0x08, 0xFF, 0xFF, 0xFF, 0xD0, 0x00, 0x00, 0x1E, 0xFF, 0xFF, 0xFF, 0x70,
  0x00, 0x00, 0x00, 0x00, 0x07, 0xFF, 0xFF, 0xFF, 0xE1, 0x00, 0x00, 0x1E, 0xFF, 0xFF, 0xFF, 0x70,
  0x00, 0x00, 0x00, 0x00, 0x07, 0xFF, 0xFF, 0xFF, 0xE1, 0x00, 0x00, 0x1E, 0xFF, 0xFF, 0xFF, 0x70,
  0x00, 0x00, 0x00, 0x00, 0x07, 0xFF, 0xFF, 0xFF, 0xE1, 0x00, 0x00, 0x1E, 0xFF, 0xFF, 0xFF, 0x70,
  0x00, 0x00, 0x00, 0x00, 0x07, 0xFF, 0xFF, 0xFF, 0xE1, 0x00, 0x00, 0x1E, 0xFF, 0xFF, 0xFF, 0x70,
  0x00, 0x00, 0x00, 0x00, 0x07, 0xFF, 0xFF, 0xFF, 0xE1, 0x00, 0x00, 0x1E, 0xFF, 0xFF, 0xFF, 0x70,
  0x00, 0x00, 0x00, 0x00, 0x07, 0xFF, 0xFF, 0xFF, 0xE1, 0x00, 0x00, 0x0D, 0xFF, 0xFF, 0xFF, 0x80,
  0x00, 0x00, 0x00, 0x00, 0x08, 0xFF, 0xFF, 0xFF, 0xD0, 0x00, 0x00, 0x0B, 0xFF, 0xFF, 0xFF, 0x90,
  0x00, 0x00, 0x00, 0x00, 0x09, 0xFF, 0xFF, 0xFF, 0xB0, 0x00, 0x00, 0x09, 0xFF, 0xFF, 0xFF, 0xB0,
  0x00, 0x00, 0x00, 0x00, 0x0B, 0xFF, 0xFF, 0xFF, 0x90, 0x00, 0x00, 0x05, 0xFF, 0xFF, 0xFF, 0xE2,
  0x00, 0x00, 0x00, 0x00, 0x2E, 0xFF, 0xFF, 0xFF, 0x50, 0x00, 0x00, 0x01, 0xEF, 0xFF, 0xFF, 0xFA,
  0x00, 0x00, 0x00, 0x00, 0xAF, 0xFF, 0xFF, 0xFE, 0x10, 0x00, 0x00, 0x00, 0x8F, 0xFF, 0xFF, 0xFF,
  0x81, 0x00, 0x00, 0x18, 0xFF, 0xFF, 0xFF, 0xF8, 0x00, 0x00, 0x00, 0x00, 0x1D, 0xFF, 0xFF, 0xFF,
  0xFD, 0x86, 0x68, 0xDF, 0xFF, 0xFF, 0xFF, 0xD1, 0x00, 0x00, 0x00, 0x00, 0x04, 0xFF, 0xFF, 0xFF,
  0xFF, 0xFF, 0xFF, 0xFF, 0xFF, 0xFF, 0xFF, 0x40, 0x00, 0x00, 0x00, 0x00, 0x00, 0x5F, 0xFF, 0xFF,
  0xFF, 0xFF, 0xFF, 0xFF, 0xFF, 0xFF, 0xF6, 0x00, 0x00, 0x00, 0x00, 0x00, 0x00, 0x04, 0xDF, 0xFF,
  0xFF, 0xFF, 0xFF, 0xFF, 0xFF, 0xFD, 0x40, 0x00, 0x00, 0x00, 0x00, 0x00, 0x00, 0x00, 0x17, 0xDF,
  0xFF, 0xFF, 0xFF, 0xFF, 0xFD, 0x71, 0x00, 0x00, 0x00, 0x00, 0x00, 0x00, 0x00, 0x00, 0x00, 0x14,
  0x8E, 0xFF, 0xFF, 0xFF, 0x61, 0x00, 0x00, 0x00, 0x00, 0x00, 0x00, 0x00, 0x00, 0x00, 0x00, 0x00,
  0x09, 0xFF, 0xFF, 0xFF, 0x90, 0x00, 0x00, 0x00, 0x20, 0x00, 0x00, 0x00, 0x00, 0x00, 0x00, 0x00,
  0x03, 0xFF, 0xFF, 0xFF, 0xFB, 0x64, 0x47, 0x9D, 0xC0, 0x00, 0x00, 0x00, 0x00, 0x00, 0x00, 0x00,
  0x00, 0x9F, 0xFF, 0xFF, 0xFF, 0xFF, 0xFF, 0xFF, 0xC0, 0x00, 0x00, 0x00, 0x00, 0x00, 0x00, 0x00,
  0x00, 0x1B, 0xFF, 0xFF, 0xFF, 0xFF, 0xFF, 0xFF, 0xD0, 0x00, 0x00, 0x00, 0x00, 0x00, 0x00, 0x00,
  0x00, 0x00, 0x8F, 0xFF, 0xFF, 0xFF, 0xFF, 0xFE, 0x70, 0x00, 0x00, 0x00, 0x00, 0x00, 0x00, 0x00,
  0x00, 0x00, 0x02, 0x8B, 0xDE, 0xED, 0xC9, 0x61, 0x00, 0x00, 0x00, 0x00, 0x00, 0x00, 0x00, 0x00,
  0x00, 0x00, 0x00, 0x00, 0x01, 0x11, 0x00, 0x00, 0x00, 0x00, 0x00, 0x00, 0x11, 0x11, 0x11, 0x11,
  0x11, 0x11, 0x11, 0x11, 0x00, 0x00, 0x00, 0x00, 0x00, 0x00, 0x01, 0xEE, 0xEE, 0xEE, 0xEE, 0xEE,
  0xEE, 0xEE, 0xED, 0xB8, 0x30, 0x00, 0x00, 0x00, 0x00, 0x02, 0xFF, 0xFF, 0xFF, 0xFF, 0xFF, 0xFF,
  0xFF, 0xFF, 0xFF, 0xF8, 0x00, 0x00, 0x00, 0x00, 0x01, 0xFF, 0xFF, 0xFF, 0xFF, 0xFF, 0xFF, 0xFF,
  0xFF, 0xFF, 0xFF, 0xA0, 0x00, 0x00, 0x00, 0x01, 0xFF, 0xFF, 0xFF, 0xFF, 0xFF, 0xFF, 0xFF, 0xFF,
  0xFF, 0xFF, 0xF7, 0x00, 0x00, 0x00, 0x01, 0xFF, 0xFF, 0xFF, 0xFF, 0xFF, 0xFF, 0xFF, 0xFF, 0xFF,
  0xFF, 0xFE, 0x10, 0x00, 0x00, 0x01, 0xFF, 0xFF, 0xFF, 0xE9, 0x99, 0x99, 0x9B, 0xFF, 0xFF, 0xFF,
  0xFF, 0x50, 0x00, 0x00, 0x01, 0xFF, 0xFF, 0xFF, 0xC0, 0x00, 0x00, 0x00, 0x4E, 0xFF, 0xFF, 0xFF,
  0x80, 0x00, 0x00, 0x01, 0xFF, 0xFF, 0xFF, 0xC0, 0x00, 0x00, 0x00, 0x08, 0xFF, 0xFF, 0xFF, 0x80,
  0x00, 0x00, 0x01, 0xFF, 0xFF, 0xFF, 0xC0, 0x00, 0x00, 0x00, 0x05, 0xFF, 0xFF, 0xFF, 0x70, 0x00,
  0x00, 0x01, 0xFF, 0xFF, 0xFF, 0xC0, 0x00, 0x00, 0x00, 0x06, 0xFF, 0xFF, 0xFF, 0x50, 0x00, 0x00,
  0x01, 0xFF, 0xFF, 0xFF, 0xC0, 0x00, 0x00, 0x00, 0x0A, 0xFF, 0xFF, 0xFE, 0x10, 0x00, 0x00, 0x01,
  0xFF, 0xFF, 0xFF, 0xC0, 0x00, 0x00, 0x00, 0x5F, 0xFF, 0xFF, 0xF7, 0x00, 0x00, 0x00, 0x01, 0xFF,
  0xFF, 0xFF, 0xD4, 0x44, 0x44, 0x48, 0xFF, 0xFF, 0xFF, 0xB0, 0x00, 0x00, 0x00, 0x01, 0xFF, 0xFF,
  0xFF, 0xFF, 0xFF, 0xFF, 0xFF, 0xFF, 0xFF, 0xFC, 0x20, 0x00, 0x00, 0x00, 0x01, 0xFF, 0xFF, 0xFF,
  0xFF, 0xFF, 0xFF, 0xFF, 0xFF, 0xFE, 0x81, 0x00, 0x00, 0x00, 0x00, 0x01, 0xFF, 0xFF, 0xFF, 0xFF,
  0xFF, 0xFF, 0xFF, 0xFF, 0xFD, 0x40, 0x00, 0x00, 0x00, 0x00, 0x01, 0xFF, 0xFF, 0xFF, 0xFF, 0xFF,
  0xFF, 0xFF, 0xFF, 0xFF, 0xF9, 0x00, 0x00, 0x00, 0x00, 0x01, 0xFF, 0xFF, 0xFF, 0xFF, 0xFF, 0xFF,
  0xFF, 0xFF, 0xFF, 0xFF, 0x80, 0x00, 0x00, 0x00, 0x01, 0xFF, 0xFF, 0xFF, 0xD4, 0x54, 0x45, 0x9F,
  0xFF, 0xFF, 0xFF, 0xF3, 0x00, 0x00, 0x00, 0x01, 0xFF, 0xFF, 0xFF, 0xC0, 0x00, 0x00, 0x05, 0xFF,
  0xFF, 0xFF, 0xF9, 0x00, 0x00, 0x00, 0x01, 0xFF, 0xFF, 0xFF, 0xC0, 0x00, 0x00, 0x00, 0x9F, 0xFF,
  0xFF, 0xFC, 0x00, 0x00, 0x00, 0x01, 0xFF, 0xFF, 0xFF, 0xC0, 0x00, 0x00, 0x00, 0x4F, 0xFF, 0xFF,
  0xFE, 0x10, 0x00, 0x00, 0x01, 0xFF, 0xFF, 0xFF, 0xC0, 0x00, 0x00, 0x00, 0x1E, 0xFF, 0xFF, 0xFF,
  0x20, 0x00, 0x00, 0x01, 0xFF, 0xFF, 0xFF, 0xC0, 0x00, 0x00, 0x00, 0x0D, 0xFF, 0xFF, 0xFF, 0x20,
  0x00, 0x00, 0x01, 0xFF, 0xFF, 0xFF, 0xC0, 0x00, 0x00, 0x00, 0x0C, 0xFF, 0xFF, 0xFF, 0x30, 0x00,
  0x00, 0x01, 0xFF, 0xFF, 0xFF, 0xC0, 0x00, 0x00, 0x00, 0x0C, 0xFF, 0xFF, 0xFF, 0x50, 0x00, 0x00,
  0x01, 0xFF, 0xFF, 0xFF, 0xC0, 0x00, 0x00, 0x00, 0x09, 0xFF, 0xFF, 0xFF, 0xA0, 0x00, 0x00, 0x01,
  0xFF, 0xFF, 0xFF, 0xC0, 0x00, 0x00, 0x00, 0x05, 0xFF, 0xFF, 0xFF, 0xF7, 0x00, 0x00, 0x02, 0xFF,
  0xFF, 0xFF, 0xD0, 0x00, 0x00, 0x00, 0x00, 0xAF, 0xFF, 0xFF, 0xFF, 0x10, 0x00, 0x01, 0x99, 0x99,
  0x99, 0x80, 0x00, 0x00, 0x00, 0x00, 0x06, 0xBD, 0xED, 0xB7, 0x00, 0x00, 0x00, 0x00, 0x00, 0x00,
  0x00, 0x00, 0x00, 0x00, 0x00, 0x00, 0x01, 0x10, 0x00, 0x00, 0x00, 0x00, 0x00, 0x00, 0x00, 0x00,
  0x00, 0x11, 0x00, 0x00, 0x00, 0x00, 0x00, 0x00, 0x00, 0x00, 0x00, 0x00, 0x00, 0x37, 0xAC, 0xDE,
  0xED, 0xB9, 0x62, 0x00, 0x00, 0x00, 0x00, 0x00, 0x00, 0x00, 0x06, 0xCF, 0xFF, 0xFF, 0xFF, 0xFF,
  0xFF, 0xEA, 0x20, 0x00, 0x00, 0x00, 0x00, 0x00, 0x2B, 0xFF, 0xFF, 0xFF, 0xFF, 0xFF, 0xFF, 0xFF,
  0xFE, 0x60, 0x00, 0x00, 0x00, 0x00, 0x2D, 0xFF, 0xFF, 0xFF, 0xFF, 0xFF, 0xFF, 0xFF, 0xFF, 0xFF,
  0x50, 0x00, 0x00, 0x00, 0x0B, 0xFF, 0xFF, 0xFF, 0xFF, 0xFF, 0xFF, 0xFF, 0xFF, 0xFF, 0xFE, 0x20,
  0x00, 0x00, 0x05, 0xFF, 0xFF, 0xFF, 0xFA, 0x53, 0x22, 0x59, 0xFF, 0xFF, 0xFF, 0xF8, 0x00, 0x00,
  0x00, 0xAF, 0xFF, 0xFF, 0xF7, 0x00, 0x00, 0x00, 0x05, 0xFF, 0xFF, 0xFF, 0xB0, 0x00, 0x00, 0x0D,
  0xFF, 0xFF, 0xFE, 0x10, 0x00, 0x00, 0x00, 0x0A, 0xFF, 0xFF, 0xFE, 0x10, 0x00, 0x01, 0xEF, 0xFF,
  0xFF, 0xF2, 0x00, 0x00, 0x00, 0x00, 0x6D, 0xDD, 0xDD, 0xC1, 0x00, 0x00, 0x1E, 0xFF, 0xFF, 0xFF,
  0xB1, 0x00, 0x00, 0x00, 0x00, 0x11, 0x11, 0x11, 0x00, 0x00, 0x00, 0xCF, 0xFF, 0xFF, 0xFF, 0xD7,
  0x30, 0x00, 0x00, 0x00, 0x00, 0x00, 0x00, 0x00, 0x00, 0x09, 0xFF, 0xFF, 0xFF, 0xFF, 0xFF, 0xDA,
  0x64, 0x10, 0x00, 0x00, 0x00, 0x00, 0x00, 0x00, 0x3F, 0xFF, 0xFF, 0xFF, 0xFF, 0xFF, 0xFF, 0xFD,
  0xA5, 0x10, 0x00, 0x00, 0x00, 0x00, 0x00, 0x8F, 0xFF, 0xFF, 0xFF, 0xFF, 0xFF, 0xFF, 0xFF, 0xFD,
  0x71, 0x00, 0x00, 0x00, 0x00, 0x00, 0x8F, 0xFF, 0xFF, 0xFF, 0xFF, 0xFF, 0xFF, 0xFF, 0xFF, 0xC2,
  0x00, 0x00, 0x00, 0x00, 0x00, 0x4C, 0xFF, 0xFF, 0xFF, 0xFF, 0xFF, 0xFF, 0xFF, 0xFF, 0xD2, 0x00,
  0x00, 0x00, 0x00, 0x00, 0x04, 0xAD, 0xFF, 0xFF, 0xFF, 0xFF, 0xFF, 0xFF, 0xFF, 0xA0, 0x00, 0x00,
  0x00, 0x00, 0x00, 0x00, 0x14, 0x7B, 0xDF, 0xFF, 0xFF, 0xFF, 0xFF, 0xFF, 0x20, 0x00, 0x00, 0x00,
  0x00, 0x00, 0x00, 0x00, 0x01, 0x37, 0xCF, 0xFF, 0xFF, 0xFF, 0xF5, 0x00, 0x00, 0x13, 0x33, 0x33,
  0x20, 0x00, 0x00, 0x00, 0x00, 0x7F, 0xFF, 0xFF, 0xFF, 0x70, 0x00, 0x08, 0xFF, 0xFF, 0xFF, 0x10,
  0x00, 0x00, 0x00, 0x00, 0xAF, 0xFF, 0xFF, 0xF7, 0x00, 0x00, 0x7F, 0xFF, 0xFF, 0xF2, 0x00, 0x00,
  0x00, 0x00, 0x08, 0xFF, 0xFF, 0xFF, 0x70, 0x00, 0x06, 0xFF, 0xFF, 0xFF, 0x90, 0x00, 0x00, 0x00,
  0x00, 0xBF, 0xFF, 0xFF, 0xF5, 0x00, 0x00, 0x3F, 0xFF, 0xFF, 0xFF, 0x81, 0x00, 0x00, 0x01, 0x8F,
  0xFF, 0xFF, 0xFE, 0x10, 0x00, 0x00, 0xCF, 0xFF, 0xFF, 0xFF, 0xEB, 0x99, 0xAB, 0xEF, 0xFF, 0xFF,
  0xFF, 0xA0, 0x00, 0x00, 0x04, 0xFF, 0xFF, 0xFF, 0xFF, 0xFF, 0xFF, 0xFF, 0xFF, 0xFF, 0xFF, 0xE2,
  0x00, 0x00, 0x00, 0x08, 0xFF, 0xFF, 0xFF, 0xFF, 0xFF, 0xFF, 0xFF, 0xFF, 0xFF, 0xF5, 0x00, 0x00,
  0x00, 0x00, 0x07, 0xFF, 0xFF, 0xFF, 0xFF, 0xFF, 0xFF, 0xFF, 0xFF, 0xD5, 0x00, 0x00, 0x00, 0x00,
  0x00, 0x03, 0xAE, 0xFF, 0xFF, 0xFF, 0xFF, 0xFF, 0xFD, 0x82, 0x00, 0x00, 0x00, 0x00, 0x00, 0x00,
  0x00, 0x26, 0x9B, 0xDE, 0xED, 0xCA, 0x84, 0x10, 0x00, 0x00, 0x00, 0x00, 0x00, 0x00, 0x00, 0x00,
  0x00, 0x00, 0x11, 0x00, 0x00, 0x00, 0x00, 0x00, 0x00, 0x00, 0x00, 0x11, 0x11, 0x11, 0x11, 0x11,
  0x11, 0x11, 0x11, 0x11, 0x11, 0x11, 0x10, 0x00, 0x1D, 0xEE, 0xEE, 0xEE, 0xEE, 0xEE, 0xEE, 0xEE,
  0xEE, 0xEE, 0xEE, 0xED, 0x10, 0x01, 0xFF, 0xFF, 0xFF, 0xFF, 0xFF, 0xFF, 0xFF, 0xFF, 0xFF, 0xFF,
  0xFF, 0xF1, 0x00, 0x1E, 0xFF, 0xFF, 0xFF, 0xFF, 0xFF, 0xFF, 0xFF, 0xFF, 0xFF, 0xFF, 0xFE, 0x10,
  0x01, 0xEF, 0xFF, 0xFF, 0xFF, 0xFF, 0xFF, 0xFF, 0xFF, 0xFF, 0xFF, 0xFF, 0xE1, 0x00, 0x1F, 0xFF,
  0xFF, 0xFF, 0xFF, 0xFF, 0xFF, 0xFF, 0xFF, 0xFF, 0xFF, 0xFF, 0x10, 0x00, 0x77, 0x77, 0x78, 0x78,
  0xFF, 0xFF, 0xFF, 0xF8, 0x78, 0x77, 0x77, 0x70, 0x00, 0x00, 0x00, 0x00, 0x00, 0x0E, 0xFF, 0xFF,
  0xFE, 0x00, 0x00, 0x00, 0x00, 0x00, 0x00, 0x00, 0x00, 0x00, 0x01, 0xEF, 0xFF, 0xFF, 0xE1, 0x00,
  0x00, 0x00, 0x00, 0x00, 0x00, 0x00, 0x00, 0x00, 0x1E, 0xFF, 0xFF, 0xFE, 0x10, 0x00, 0x00, 0x00,
  0x00, 0x00, 0x00, 0x00, 0x00, 0x01, 0xEF, 0xFF, 0xFF, 0xE1, 0x00, 0x00, 0x00, 0x00, 0x00, 0x00,
  0x00, 0x00, 0x00, 0x1E, 0xFF, 0xFF, 0xFE, 0x10, 0x00, 0x00, 0x00, 0x00, 0x00, 0x00, 0x00, 0x00,
  0x01, 0xEF, 0xFF, 0xFF, 0xE1, 0x00, 0x00, 0x00, 0x00, 0x00, 0x00, 0x00, 0x00, 0x00, 0x1E, 0xFF,
  0xFF, 0xFE, 0x10, 0x00, 0x00, 0x00, 0x00, 0x00, 0x00, 0x00, 0x00, 0x01, 0xEF, 0xFF, 0xFF, 0xE1,
  0x00, 0x00, 0x00, 0x00, 0x00, 0x00, 0x00, 0x00, 0x00, 0x1E, 0xFF, 0xFF, 0xFE, 0x10, 0x00, 0x00,
  0x00, 0x00, 0x00, 0x00, 0x00, 0x00, 0x01, 0xEF, 0xFF, 0xFF, 0xE1, 0x00, 0x00, 0x00, 0x00, 0x00,
  0x00, 0x00, 0x00, 0x00, 0x1E, 0xFF, 0xFF, 0xFE, 0x10, 0x00, 0x00, 0x00, 0x00, 0x00, 0x00, 0x00,
  0x00, 0x01, 0xEF, 0xFF, 0xFF, 0xE1, 0x00, 0x00, 0x00, 0x00, 0x00, 0x00, 0x00, 0x00, 0x00, 0x1E,
  0xFF, 0xFF, 0xFE, 0x10, 0x00, 0x00, 0x00, 0x00, 0x00, 0x00, 0x00, 0x00, 0x01, 0xEF, 0xFF, 0xFF,
  0xE1, 0x00, 0x00, 0x00, 0x00, 0x00, 0x00, 0x00, 0x00, 0x00, 0x1E, 0xFF, 0xFF, 0xFE, 0x10, 0x00,
  0x00, 0x00, 0x00, 0x00, 0x00, 0x00, 0x00, 0x01, 0xEF, 0xFF, 0xFF, 0xE1, 0x00, 0x00, 0x00, 0x00,
  0x00, 0x00, 0x00, 0x00, 0x00, 0x1E, 0xFF, 0xFF, 0xFE, 0x10, 0x00, 0x00, 0x00, 0x00, 0x00, 0x00,
  0x00, 0x00, 0x01, 0xEF, 0xFF, 0xFF, 0xE1, 0x00, 0x00, 0x00, 0x00, 0x00, 0x00, 0x00, 0x00, 0x00,
  0x1E, 0xFF, 0xFF, 0xFE, 0x10, 0x00, 0x00, 0x00, 0x00, 0x00, 0x00, 0x00, 0x00, 0x01, 0xEF, 0xFF,
  0xFF, 0xE1, 0x00, 0x00, 0x00, 0x00, 0x00, 0x00, 0x00, 0x00, 0x00, 0x1E, 0xFF, 0xFF, 0xFE, 0x10,
  0x00, 0x00, 0x00, 0x00, 0x00, 0x00, 0x00, 0x00, 0x01, 0xFF, 0xFF, 0xFF, 0xE1, 0x00, 0x00, 0x00,
  0x00, 0x00, 0x00, 0x00, 0x00, 0x00, 0x1D, 0xEE, 0xEE, 0xED, 0x10, 0x00, 0x00, 0x00, 0x00, 0x00,
  0x00, 0x00, 0x00, 0x00, 0x11, 0x11, 0x11, 0x10, 0x00, 0x00, 0x00, 0x00, 0x00, 0x00, 0x00, 0x11,
  0x11, 0x11, 0x10, 0x00, 0x00, 0x00, 0x00, 0x11, 0x11, 0x11, 0x10, 0x00, 0x00, 0x00, 0x1D, 0xEE,
  0xEE, 0xED, 0x10, 0x00, 0x00, 0x00, 0x1D, 0xEE, 0xEE, 0xED, 0x10, 0x00, 0x00, 0x01, 0xEF, 0xFF,
  0xFF, 0xF1, 0x00, 0x00, 0x00, 0x01, 0xEF, 0xFF, 0xFF, 0xF1, 0x00, 0x00, 0x00, 0x1E, 0xFF, 0xFF,
  0xFE, 0x10, 0x00, 0x00, 0x00, 0x1E, 0xFF, 0xFF, 0xFE, 0x10, 0x00, 0x00, 0x01, 0xEF, 0xFF, 0xFF,
  0xE1, 0x00, 0x00, 0x00, 0x01, 0xEF, 0xFF, 0xFF, 0xE1, 0x00, 0x00, 0x00, 0x1E, 0xFF, 0xFF, 0xFE,
  0x10, 0x00, 0x00, 0x00, 0x1E, 0xFF, 0xFF, 0xFE, 0x10, 0x00, 0x00, 0x01, 0xEF, 0xFF, 0xFF, 0xE1,
  0x00, 0x00, 0x00, 0x01, 0xEF, 0xFF, 0xFF, 0xE1, 0x00, 0x00, 0x00, 0x1E, 0xFF, 0xFF, 0xFE, 0x10,
  0x00, 0x00, 0x00, 0x1E, 0xFF, 0xFF, 0xFE, 0x10, 0x00, 0x00, 0x01, 0xEF, 0xFF, 0xFF, 0xE1, 0x00,
  0x00, 0x00, 0x01, 0xEF, 0xFF, 0xFF, 0xE1, 0x00, 0x00, 0x00, 0x1E, 0xFF, 0xFF, 0xFE, 0x10, 0x00,
  0x00, 0x00, 0x1E, 0xFF, 0xFF, 0xFE, 0x10, 0x00, 0x00, 0x01, 0xEF, 0xFF, 0xFF, 0xE1, 0x00, 0x00,
  0x00, 0x01, 0xEF, 0xFF, 0xFF, 0xE1, 0x00, 0x00, 0x00, 0x1E, 0xFF, 0xFF, 0xFE, 0x10, 0x00, 0x00,
  0x00, 0x1E, 0xFF, 0xFF, 0xFE, 0x10, 0x00, 0x00, 0x01, 0xEF, 0xFF, 0xFF, 0xE1, 0x00, 0x00, 0x00,
  0x01, 0xEF, 0xFF, 0xFF, 0xE1, 0x00, 0x00, 0x00, 0x1E, 0xFF, 0xFF, 0xFE, 0x10, 0x00, 0x00, 0x00,
  0x1E, 0xFF, 0xFF, 0xFE, 0x10, 0x00, 0x00, 0x01, 0xEF, 0xFF, 0xFF, 0xE1, 0x00, 0x00, 0x00, 0x01,
  0xEF, 0xFF, 0xFF, 0xE1, 0x00, 0x00, 0x00, 0x1E, 0xFF, 0xFF, 0xFE, 0x10, 0x00, 0x00, 0x00, 0x1E,
  0xFF, 0xFF, 0xFE, 0x10, 0x00, 0x00, 0x01, 0xEF, 0xFF, 0xFF, 0xE1, 0x00, 0x00, 0x00, 0x01, 0xEF,
  0xFF, 0xFF, 0xE1, 0x00, 0x00, 0x00, 0x1E, 0xFF, 0xFF, 0xFE, 0x10, 0x00, 0x00, 0x00, 0x1E, 0xFF,
  0xFF, 0xFE, 0x10, 0x00, 0x00, 0x01, 0xEF, 0xFF, 0xFF, 0xE1, 0x00, 0x00, 0x00, 0x01, 0xEF, 0xFF,
  0xFF, 0xE1, 0x00, 0x00, 0x00, 0x1E, 0xFF, 0xFF, 0xFE, 0x10, 0x00, 0x00, 0x00, 0x1E, 0xFF, 0xFF,
  0xFE, 0x10, 0x00, 0x00, 0x01, 0xEF, 0xFF, 0xFF, 0xE1, 0x00, 0x00, 0x00, 0x01, 0xEF, 0xFF, 0xFF,
  0xE1, 0x00, 0x00, 0x00, 0x1E, 0xFF, 0xFF, 0xFE, 0x20, 0x00, 0x00, 0x00, 0x1E, 0xFF, 0xFF, 0xFE,
  0x10, 0x00, 0x00, 0x00, 0xDF, 0xFF, 0xFF, 0xF4, 0x00, 0x00, 0x00, 0x04, 0xFF, 0xFF, 0xFF, 0xD0,
  0x00, 0x00, 0x00, 0x0B, 0xFF, 0xFF, 0xFF, 0xB0, 0x00, 0x00, 0x00, 0xBF, 0xFF, 0xFF, 0xFB, 0x00,
  0x00, 0x00, 0x00, 0x7F, 0xFF, 0xFF, 0xFF, 0xA2, 0x00, 0x02, 0xAF, 0xFF, 0xFF, 0xFF, 0x70, 0x00,
  0x00, 0x00, 0x02, 0xFF, 0xFF, 0xFF, 0xFF, 0xEA, 0x9A, 0xEF, 0xFF, 0xFF, 0xFF, 0xE1, 0x00, 0x00,
  0x00, 0x00, 0x08, 0xFF, 0xFF, 0xFF, 0xFF, 0xFF, 0xFF, 0xFF, 0xFF, 0xFF, 0xF6, 0x00, 0x00, 0x00,
  0x00, 0x00, 0x1C, 0xFF, 0xFF, 0xFF, 0xFF, 0xFF, 0xFF, 0xFF, 0xFF, 0xF9, 0x00, 0x00, 0x00, 0x00,
  0x00, 0x00, 0x1B, 0xFF, 0xFF, 0xFF, 0xFF, 0xFF, 0xFF, 0xFF, 0xF8, 0x00, 0x00, 0x00, 0x00, 0x00,
  0x00, 0x00, 0x07, 0xEF, 0xFF, 0xFF, 0xFF, 0xFF, 0xFF, 0xB4, 0x00, 0x00, 0x00, 0x00, 0x00, 0x00,
  0x00, 0x00, 0x01, 0x69, 0xCD, 0xEE, 0xED, 0xB8, 0x40, 0x00, 0x00, 0x00, 0x00, 0x00, 0x00, 0x00,
  0x00, 0x00, 0x00, 0x00, 0x11, 0x11, 0x00, 0x00, 0x00, 0x00, 0x00, 0x00, 0x00, 0x01, 0x11, 0x11,
  0x11, 0x00, 0x00, 0x00, 0x00, 0x00, 0x00, 0x01, 0x11, 0x11, 0x11, 0x00, 0xAE, 0xEE, 0xEE, 0xE8,
  0x00, 0x00, 0x00, 0x00, 0x00, 0x01, 0xDE, 0xEE, 0xEE, 0x90, 0x06, 0xFF, 0xFF, 0xFF, 0xD0, 0x00,
  0x00, 0x00, 0x00, 0x00, 0x5F, 0xFF, 0xFF, 0xF6, 0x00, 0x2E, 0xFF, 0xFF, 0xFF, 0x40, 0x00, 0x00,
  0x00, 0x00, 0x0A, 0xFF, 0xFF, 0xFE, 0x10, 0x00, 0xBF, 0xFF, 0xFF, 0xF8, 0x00, 0x00, 0x00, 0x00,
  0x01, 0xEF, 0xFF, 0xFF, 0xA0, 0x00, 0x07, 0xFF, 0xFF, 0xFF, 0xC0, 0x00, 0x00, 0x00, 0x00, 0x5F,
  0xFF, 0xFF, 0xF6, 0x00, 0x00, 0x2F, 0xFF, 0xFF, 0xFF, 0x30, 0x00, 0x00, 0x00, 0x09, 0xFF, 0xFF,
  0xFE, 0x20, 0x00, 0x00, 0xCF, 0xFF, 0xFF, 0xF7, 0x00, 0x00, 0x00, 0x00, 0xDF, 0xFF, 0xFF, 0xB0,
  0x00, 0x00, 0x07, 0xFF, 0xFF, 0xFF, 0xB0, 0x00, 0x00, 0x00, 0x4F, 0xFF, 0xFF, 0xF6, 0x00, 0x00,
  0x00, 0x3F, 0xFF, 0xFF, 0xFF, 0x20, 0x00, 0x00, 0x08, 0xFF, 0xFF, 0xFF, 0x20, 0x00, 0x00, 0x00,
  0xCF, 0xFF, 0xFF, 0xF6, 0x00, 0x00, 0x00, 0xCF, 0xFF, 0xFF, 0xB0, 0x00, 0x00, 0x00, 0x08, 0xFF,
  0xFF, 0xFF, 0xA0, 0x00, 0x00, 0x3F, 0xFF, 0xFF, 0xF7, 0x00, 0x00, 0x00, 0x00, 0x4F, 0xFF, 0xFF,
  0xFE, 0x10, 0x00, 0x07, 0xFF, 0xFF, 0xFF, 0x30, 0x00, 0x00, 0x00, 0x00, 0xDF, 0xFF, 0xFF, 0xF5,
  0x00, 0x00, 0xBF, 0xFF, 0xFF, 0xC0, 0x00, 0x00, 0x00, 0x00, 0x08, 0xFF, 0xFF, 0xFF, 0xA0, 0x00,
  0x2F, 0xFF, 0xFF, 0xF7, 0x00, 0x00, 0x00, 0x00, 0x00, 0x4F, 0xFF, 0xFF, 0xFE, 0x10, 0x06, 0xFF,
  0xFF, 0xFF, 0x30, 0x00, 0x00, 0x00, 0x00, 0x01, 0xDF, 0xFF, 0xFF, 0xF4, 0x00, 0xBF, 0xFF, 0xFF,
  0xC0, 0x00, 0x00, 0x00, 0x00, 0x00, 0x09, 0xFF, 0xFF, 0xFF, 0x90, 0x2E, 0xFF, 0xFF, 0xF8, 0x00,
  0x00, 0x00, 0x00, 0x00, 0x00, 0x5F, 0xFF, 0xFF, 0xFD, 0x05, 0xFF, 0xFF, 0xFF, 0x40, 0x00, 0x00,
  0x00, 0x00, 0x00, 0x01, 0xEF, 0xFF, 0xFF, 0xF3, 0x9F, 0xFF, 0xFF, 0xD0, 0x00, 0x00, 0x00, 0x00,
  0x00, 0x00, 0x0A, 0xFF, 0xFF, 0xFF, 0x9D, 0xFF, 0xFF, 0xF8, 0x00, 0x00, 0x00, 0x00, 0x00, 0x00,
  0x00, 0x5F, 0xFF, 0xFF, 0xFF, 0xFF, 0xFF, 0xFF, 0x40, 0x00, 0x00, 0x00, 0x00, 0x00, 0x00, 0x01,
  0xEF, 0xFF, 0xFF, 0xFF, 0xFF, 0xFF, 0xD1, 0x00, 0x00, 0x00, 0x00, 0x00, 0x00, 0x00, 0x0A, 0xFF,
  0xFF, 0xFF, 0xFF, 0xFF, 0xF9, 0x00, 0x00, 0x00, 0x00, 0x00, 0x00, 0x00, 0x00, 0x6F, 0xFF, 0xFF,
  0xFF, 0xFF, 0xFF, 0x50, 0x00, 0x00, 0x00, 0x00, 0x00, 0x00, 0x00, 0x02, 0xEF, 0xFF, 0xFF, 0xFF,
  0xFF, 0xE1, 0x00, 0x00, 0x00, 0x00, 0x00, 0x00, 0x00, 0x00, 0x0B, 0xFF, 0xFF, 0xFF, 0xFF, 0xF9,
  0x00, 0x00, 0x00, 0x00, 0x00, 0x00, 0x00, 0x00, 0x00, 0x7F, 0xFF, 0xFF, 0xFF, 0xFF, 0x50, 0x00,
  0x00, 0x00, 0x00, 0x00, 0x00, 0x00, 0x00, 0x02, 0xFF, 0xFF, 0xFF, 0xFF, 0xE1, 0x00, 0x00, 0x00,
  0x00, 0x00, 0x00, 0x00, 0x00, 0x00, 0x0B, 0xEE, 0xEE, 0xEE, 0xE9, 0x00, 0x00, 0x00, 0x00, 0x00,
  0x00, 0x00, 0x00, 0x00, 0x00, 0x01, 0x11, 0x11, 0x11, 0x00, 0x00, 0x00, 0x00, 0x00, 0x00, 0x01,
  0x11, 0x11, 0x11, 0x10, 0x00, 0x00, 0x00, 0x00, 0x01, 0x11, 0x11, 0x11, 0x00, 0x00, 0x00, 0x00,
  0x00, 0x11, 0x11, 0x11, 0x10, 0x06, 0xEE, 0xEE, 0xEE, 0xC1, 0x00, 0x00, 0x00, 0x00, 0x4E, 0xEE,
  0xEE, 0xEE, 0x30, 0x00, 0x00, 0x00, 0x01, 0xDE, 0xEE, 0xEE, 0x80, 0x03, 0xFF, 0xFF, 0xFF, 0xF3,
  0x00, 0x00, 0x00, 0x00, 0x8F, 0xFF, 0xFF, 0xFF, 0x70, 0x00, 0x00, 0x00, 0x05, 0xFF, 0xFF, 0xFF,
  0x50, 0x00, 0xCF, 0xFF, 0xFF, 0xF7, 0x00, 0x00, 0x00, 0x00, 0xCF, 0xFF, 0xFF, 0xFF, 0xB0, 0x00,
  0x00, 0x00, 0x09, 0xFF, 0xFF, 0xFE, 0x10, 0x00, 0x9F, 0xFF, 0xFF, 0xFB, 0x00, 0x00, 0x00, 0x02,
  0xEF, 0xFF, 0xFF, 0xFF, 0xE1, 0x00, 0x00, 0x00, 0x0C, 0xFF, 0xFF, 0xFB, 0x00, 0x00, 0x5F, 0xFF,
  0xFF, 0xFE, 0x10, 0x00, 0x00, 0x05, 0xFF, 0xFF, 0xFF, 0xFF, 0xF4, 0x00, 0x00, 0x00, 0x2F, 0xFF,
  0xFF, 0xF7, 0x00, 0x00, 0x1E, 0xFF, 0xFF, 0xFF, 0x40, 0x00, 0x00, 0x09, 0xFF, 0xFF, 0xFF, 0xFF,
  0xF8, 0x00, 0x00, 0x00, 0x6F, 0xFF, 0xFF, 0xF3, 0x00, 0x00, 0x0B, 0xFF, 0xFF, 0xFF, 0x80, 0x00,
  0x00, 0x0D, 0xFF, 0xFF, 0xFF, 0xFF, 0xFC, 0x00, 0x00, 0x00, 0x9F, 0xFF, 0xFF, 0xD0, 0x00, 0x00,
  0x07, 0xFF, 0xFF, 0xFF, 0xB0, 0x00, 0x00, 0x3F, 0xFF, 0xFF, 0xFF, 0xFF, 0xFE, 0x20, 0x00, 0x01,
  0xDF, 0xFF, 0xFF, 0x90, 0x00, 0x00, 0x03, 0xFF, 0xFF, 0xFF, 0xE2, 0x00, 0x00, 0x6F, 0xFF, 0xFF,
  0xFF, 0xFF, 0xFF, 0x50, 0x00, 0x03, 0xFF, 0xFF, 0xFF, 0x60, 0x00, 0x00, 0x00, 0xDF, 0xFF, 0xFF,
  0xF5, 0x00, 0x00, 0xAF, 0xFF, 0xFF, 0xFF, 0xFF, 0xFF, 0x90, 0x00, 0x07, 0xFF, 0xFF, 0xFE, 0x20,
  0x00, 0x00, 0x00, 0x9F, 0xFF, 0xFF, 0xF9, 0x00, 0x01, 0xDF, 0xFF, 0xFF, 0xFF, 0xFF, 0xFF, 0xD0,
  0x00, 0x0A, 0xFF, 0xFF, 0xFC, 0x00, 0x00, 0x00, 0x00, 0x5F, 0xFF, 0xFF, 0xFC, 0x00, 0x04, 0xFF,
  0xFF, 0xFF, 0xFF, 0xFF, 0xFF, 0xF3, 0x00, 0x1E, 0xFF, 0xFF, 0xF8, 0x00, 0x00, 0x00, 0x00, 0x2E,
  0xFF, 0xFF, 0xFF, 0x20, 0x07, 0xFF, 0xFF, 0xFD, 0xBF, 0xFF, 0xFF, 0xF6, 0x00, 0x4F, 0xFF, 0xFF,
  0xF4, 0x00, 0x00, 0x00, 0x00, 0x0B, 0xFF, 0xFF, 0xFF, 0x60, 0x0B, 0xFF, 0xFF, 0xF9, 0x4F, 0xFF,
  0xFF, 0xFA, 0x00, 0x8F, 0xFF, 0xFF, 0xE1, 0x00, 0x00, 0x00, 0x00, 0x07, 0xFF, 0xFF, 0xFF, 0xA0,
  0x2E, 0xFF, 0xFF, 0xF6, 0x1E, 0xFF, 0xFF, 0xFD, 0x10, 0xBF, 0xFF, 0xFF, 0xA0, 0x00, 0x00, 0x00,
  0x00, 0x04, 0xFF, 0xFF, 0xFF, 0xD0, 0x5F, 0xFF, 0xFF, 0xF3, 0x0C, 0xFF, 0xFF, 0xFF, 0x31, 0xEF,
  0xFF, 0xFF, 0x60, 0x00, 0x00, 0x00, 0x00, 0x01, 0xDF, 0xFF, 0xFF, 0xF2, 0x8F, 0xFF, 0xFF, 0xC1,
  0x08, 0xFF, 0xFF, 0xFF, 0x64, 0xFF, 0xFF, 0xFF, 0x30, 0x00, 0x00, 0x00, 0x00, 0x00, 0xAF, 0xFF,
  0xFF, 0xF7, 0xCF, 0xFF, 0xFF, 0x90, 0x04, 0xFF, 0xFF, 0xFF, 0xA8, 0xFF, 0xFF, 0xFC, 0x00, 0x00,
  0x00, 0x00, 0x00, 0x00, 0x6F, 0xFF, 0xFF, 0xFE, 0xEF, 0xFF, 0xFF, 0x50, 0x01, 0xEF, 0xFF, 0xFF,
  0xEE, 0xFF, 0xFF, 0xF9, 0x00, 0x00, 0x00, 0x00, 0x00, 0x00, 0x2F, 0xFF, 0xFF, 0xFF, 0xFF, 0xFF,
  0xFE, 0x20, 0x00, 0xBF, 0xFF, 0xFF, 0xFF, 0xFF, 0xFF, 0xF5, 0x00, 0x00, 0x00, 0x00, 0x00, 0x00,
  0x0C, 0xFF, 0xFF, 0xFF, 0xFF, 0xFF, 0xFB, 0x00, 0x00, 0x7F, 0xFF, 0xFF, 0xFF, 0xFF, 0xFF, 0xE1,
  0x00, 0x00, 0x00, 0x00, 0x00, 0x00, 0x08, 0xFF, 0xFF, 0xFF, 0xFF, 0xFF, 0xF8, 0x00, 0x00, 0x3F,
  0xFF, 0xFF, 0xFF, 0xFF, 0xFF, 0xB0, 0x00, 0x00, 0x00, 0x00, 0x00, 0x00, 0x04, 0xFF, 0xFF, 0xFF,
  0xFF, 0xFF, 0xF4, 0x00, 0x00, 0x1D, 0xFF, 0xFF, 0xFF, 0xFF, 0xFF, 0x70, 0x00, 0x00, 0x00, 0x00,
  0x00, 0x00, 0x01, 0xEF, 0xFF, 0xFF, 0xFF, 0xFF, 0xD1, 0x00, 0x00, 0x0A, 0xFF, 0xFF, 0xFF, 0xFF,
  0xFF, 0x30, 0x00, 0x00, 0x00, 0x00, 0x00, 0x00, 0x00, 0xAF, 0xFF, 0xFF, 0xFF, 0xFF, 0xB0, 0x00,
  0x00, 0x06, 0xFF, 0xFF, 0xFF, 0xFF, 0xFD, 0x00, 0x00, 0x00, 0x00, 0x00, 0x00, 0x00, 0x00, 0x6F,
  0xFF, 0xFF, 0xFF, 0xFF, 0x70, 0x00, 0x00, 0x02, 0xEF, 0xFF, 0xFF, 0xFF, 0xF9, 0x00, 0x00, 0x00,
  0x00, 0x00, 0x00, 0x00, 0x00, 0x3F, 0xFF, 0xFF, 0xFF, 0xFF, 0x30, 0x00, 0x00, 0x00, 0xCF, 0xFF,
  0xFF, 0xFF, 0xF5, 0x00, 0x00, 0x00, 0x00, 0x00, 0x00, 0x00, 0x00, 0x0D, 0xFF, 0xFF, 0xFF, 0xFD,
  0x10, 0x00, 0x00, 0x00, 0x9F, 0xFF, 0xFF, 0xFF, 0xF2, 0x00, 0x00, 0x00, 0x00, 0x00, 0x00, 0x00,
  0x00, 0x08, 0xEE, 0xEE, 0xEE, 0xE9, 0x00, 0x00, 0x00, 0x00, 0x4E, 0xEE, 0xEE, 0xEE, 0xB0, 0x00,
  0x00, 0x00, 0x00, 0x00, 0x00, 0x00, 0x00, 0x00, 0x11, 0x11, 0x11, 0x10, 0x00, 0x00, 0x00, 0x00,
  0x01, 0x11, 0x11, 0x11, 0x00, 0x00, 0x00, 0x00, 0x00, 0x00, 0x11, 0x11, 0x11, 0x11, 0x00, 0x00,
  0x00, 0x00, 0x00, 0x01, 0x11, 0x11, 0x11, 0x00, 0x00, 0x5E, 0xEE, 0xEE, 0xEE, 0x80, 0x00, 0x00,
  0x00, 0x00, 0x9E, 0xEE, 0xEE, 0xEA, 0x00, 0x00, 0x0C, 0xFF, 0xFF, 0xFF, 0xF3, 0x00, 0x00, 0x00,
  0x03, 0xFF, 0xFF, 0xFF, 0xF3, 0x00, 0x00, 0x03, 0xFF, 0xFF, 0xFF, 0xFB, 0x00, 0x00, 0x00, 0x0C,
  0xFF, 0xFF, 0xFF, 0x80, 0x00, 0x00, 0x00, 0x8F, 0xFF, 0xFF, 0xFF, 0x50, 0x00, 0x00, 0x6F, 0xFF,
  0xFF, 0xFD, 0x10, 0x00, 0x00, 0x00, 0x1D, 0xFF, 0xFF, 0xFF, 0xD1, 0x00, 0x01, 0xDF, 0xFF, 0xFF,
  0xF5, 0x00, 0x00, 0x00, 0x00, 0x05, 0xFF, 0xFF, 0xFF, 0xF8, 0x00, 0x09, 0xFF, 0xFF, 0xFF, 0xA0,
  0x00, 0x00, 0x00, 0x00, 0x00, 0xAF, 0xFF, 0xFF, 0xFE, 0x30, 0x3F, 0xFF, 0xFF, 0xFE, 0x20, 0x00,
  0x00, 0x00, 0x00, 0x00, 0x2E, 0xFF, 0xFF, 0xFF, 0xA0, 0xBF, 0xFF, 0xFF, 0xF7, 0x00, 0x00, 0x00,
  0x00, 0x00, 0x00, 0x07, 0xFF, 0xFF, 0xFF, 0xFA, 0xFF, 0xFF, 0xFF, 0xC0, 0x00, 0x00, 0x00, 0x00,
  0x00, 0x00, 0x00, 0xCF, 0xFF, 0xFF, 0xFF, 0xFF, 0xFF, 0xFF, 0x40, 0x00, 0x00, 0x00, 0x00, 0x00,
  0x00, 0x00, 0x4F, 0xFF, 0xFF, 0xFF, 0xFF, 0xFF, 0xF9, 0x00, 0x00, 0x00, 0x00, 0x00, 0x00, 0x00,
  0x00, 0x09, 0xFF, 0xFF, 0xFF, 0xFF, 0xFF, 0xE1, 0x00, 0x00, 0x00, 0x00, 0x00, 0x00, 0x00, 0x00,
  0x01, 0xEF, 0xFF, 0xFF, 0xFF, 0xFF, 0x60, 0x00, 0x00, 0x00, 0x00, 0x00, 0x00, 0x00, 0x00, 0x00,
  0x7F, 0xFF, 0xFF, 0xFF, 0xFC, 0x00, 0x00, 0x00, 0x00, 0x00, 0x00, 0x00, 0x00, 0x00, 0x00, 0xBF,
  0xFF, 0xFF, 0xFF, 0xFE, 0x20, 0x00, 0x00, 0x00, 0x00, 0x00, 0x00, 0x00, 0x00, 0x06, 0xFF, 0xFF,
  0xFF, 0xFF, 0xFF, 0xA0, 0x00, 0x00, 0x00, 0x00, 0x00, 0x00, 0x00, 0x00, 0x1E, 0xFF, 0xFF, 0xFF,
  0xFF, 0xFF, 0xF5, 0x00, 0x00, 0x00, 0x00, 0x00, 0x00, 0x00, 0x00, 0x9F, 0xFF, 0xFF, 0xFF, 0xFF,
  0xFF, 0xFD, 0x10, 0x00, 0x00, 0x00, 0x00, 0x00, 0x00, 0x04, 0xFF, 0xFF, 0xFF, 0xEF, 0xFF, 0xFF,
  0xFF, 0x80, 0x00, 0x00, 0x00, 0x00, 0x00, 0x00, 0x0C, 0xFF, 0xFF, 0xFF, 0x59, 0xFF, 0xFF, 0xFF,
  0xF3, 0x00, 0x00, 0x00, 0x00, 0x00, 0x00, 0x7F, 0xFF, 0xFF, 0xFB, 0x02, 0xEF, 0xFF, 0xFF, 0xFB,
  0x00, 0x00, 0x00, 0x00, 0x00, 0x02, 0xEF, 0xFF, 0xFF, 0xF3, 0x00, 0x7F, 0xFF, 0xFF, 0xFF, 0x60,
  0x00, 0x00, 0x00, 0x00, 0x0A, 0xFF, 0xFF, 0xFF, 0x90, 0x00, 0x1C, 0xFF, 0xFF, 0xFF, 0xE1, 0x00,
  0x00, 0x00, 0x00, 0x4F, 0xFF, 0xFF, 0xFE, 0x10, 0x00, 0x04, 0xFF, 0xFF, 0xFF, 0xF9, 0x00, 0x00,
  0x00, 0x01, 0xDF, 0xFF, 0xFF, 0xF6, 0x00, 0x00, 0x00, 0xAF, 0xFF, 0xFF, 0xFF, 0x40, 0x00, 0x00,
  0x08, 0xFF, 0xFF, 0xFF, 0xC0, 0x00, 0x00, 0x00, 0x2E, 0xFF, 0xFF, 0xFF, 0xC0, 0x00, 0x00, 0x2E,
  0xFF, 0xFF, 0xFF, 0x40, 0x00, 0x00, 0x00, 0x08, 0xFF, 0xFF, 0xFF, 0xF7, 0x00, 0x00, 0xBF, 0xFF,
  0xFF, 0xFA, 0x00, 0x00, 0x00, 0x00, 0x01, 0xDF, 0xFF, 0xFF, 0xFE, 0x20, 0x05, 0xEE, 0xEE, 0xEE,
  0xD2, 0x00, 0x00, 0x00, 0x00, 0x00, 0x5E, 0xEE, 0xEE, 0xEE, 0x90, 0x01, 0x11, 0x11, 0x11, 0x10,
  0x00, 0x00, 0x00, 0x00, 0x00, 0x01, 0x11, 0x11, 0x11, 0x10, 0x01, 0x11, 0x11, 0x11, 0x10, 0x00,
  0x00, 0x00, 0x00, 0x00, 0x01, 0x11, 0x11, 0x11, 0x00, 0x6E, 0xEE, 0xEE, 0xEE, 0x60, 0x00, 0x00,
  0x00, 0x00, 0x09, 0xEE, 0xEE, 0xEE, 0x60, 0x01, 0xDF, 0xFF, 0xFF, 0xFD, 0x10, 0x00, 0x00, 0x00,
  0x03, 0xFF, 0xFF, 0xFF, 0xD1, 0x00, 0x06, 0xFF, 0xFF, 0xFF, 0xF6, 0x00, 0x00, 0x00, 0x00, 0xAF,
  0xFF, 0xFF, 0xF5, 0x00, 0x00, 0x0C, 0xFF, 0xFF, 0xFF, 0xD1, 0x00, 0x00, 0x00, 0x3F, 0xFF, 0xFF,
  0xFC, 0x00, 0x00, 0x00, 0x4F, 0xFF, 0xFF, 0xFF, 0x60, 0x00, 0x00, 0x0B, 0xFF, 0xFF, 0xFF, 0x40,
  0x00, 0x00, 0x00, 0xBF, 0xFF, 0xFF, 0xFD, 0x10, 0x00, 0x04, 0xFF, 0xFF, 0xFF, 0xB0, 0x00, 0x00,
  0x00, 0x03, 0xFF, 0xFF, 0xFF, 0xF6, 0x00, 0x00, 0xBF, 0xFF, 0xFF, 0xF3, 0x00, 0x00, 0x00, 0x00,
  0x0A, 0xFF, 0xFF, 0xFF, 0xD1, 0x00, 0x4F, 0xFF, 0xFF, 0xFA, 0x00, 0x00, 0x00, 0x00, 0x00, 0x2E,
  0xFF, 0xFF, 0xFF, 0x60, 0x0B, 0xFF, 0xFF, 0xFE, 0x20, 0x00, 0x00, 0x00, 0x00, 0x00, 0x8F, 0xFF,
  0xFF, 0xFD, 0x04, 0xFF, 0xFF, 0xFF, 0x80, 0x00, 0x00, 0x00, 0x00, 0x00, 0x01, 0xEF, 0xFF, 0xFF,
  0xF6, 0xBF, 0xFF, 0xFF, 0xE1, 0x00, 0x00, 0x00, 0x00, 0x00, 0x00, 0x07, 0xFF, 0xFF, 0xFF, 0xFF,
  0xFF, 0xFF, 0xF7, 0x00, 0x00, 0x00, 0x00, 0x00, 0x00, 0x00, 0x1D, 0xFF, 0xFF, 0xFF, 0xFF, 0xFF,
  0xFD, 0x10, 0x00, 0x00, 0x00, 0x00, 0x00, 0x00, 0x00, 0x6F, 0xFF, 0xFF, 0xFF, 0xFF, 0xFF, 0x60,
  0x00, 0x00, 0x00, 0x00, 0x00, 0x00, 0x00, 0x00, 0xCF, 0xFF, 0xFF, 0xFF, 0xFF, 0xC0, 0x00, 0x00,
  0x00, 0x00, 0x00, 0x00, 0x00, 0x00, 0x04, 0xFF, 0xFF, 0xFF, 0xFF, 0xF4, 0x00, 0x00, 0x00, 0x00,
  0x00, 0x00, 0x00, 0x00, 0x00, 0x0B, 0xFF, 0xFF, 0xFF, 0xFB, 0x00, 0x00, 0x00, 0x00, 0x00, 0x00,
  0x00, 0x00, 0x00, 0x00, 0x3F, 0xFF, 0xFF, 0xFF, 0x30, 0x00, 0x00, 0x00, 0x00, 0x00, 0x00, 0x00,
  0x00, 0x00, 0x01, 0xEF, 0xFF, 0xFF, 0xE1, 0x00, 0x00, 0x00, 0x00, 0x00, 0x00, 0x00, 0x00, 0x00,
  0x00, 0x1E, 0xFF, 0xFF, 0xFE, 0x10, 0x00, 0x00, 0x00, 0x00, 0x00, 0x00, 0x00, 0x00, 0x00, 0x01,
  0xEF, 0xFF, 0xFF, 0xE1, 0x00, 0x00, 0x00, 0x00, 0x00, 0x00, 0x00, 0x00, 0x00, 0x00, 0x1E, 0xFF,
  0xFF, 0xFE, 0x10, 0x00, 0x00, 0x00, 0x00, 0x00, 0x00, 0x00, 0x00, 0x00, 0x01, 0xEF, 0xFF, 0xFF,
  0xE1, 0x00, 0x00, 0x00, 0x00, 0x00, 0x00, 0x00, 0x00, 0x00, 0x00, 0x1E, 0xFF, 0xFF, 0xFE, 0x10,
  0x00, 0x00, 0x00, 0x00, 0x00, 0x00, 0x00, 0x00, 0x00, 0x01, 0xEF, 0xFF, 0xFF, 0xE1, 0x00, 0x00,
  0x00, 0x00, 0x00, 0x00, 0x00, 0x00, 0x00, 0x00, 0x1E, 0xFF, 0xFF, 0xFE, 0x10, 0x00, 0x00, 0x00,
  0x00, 0x00, 0x00, 0x00, 0x00, 0x00, 0x01, 0xEF, 0xFF, 0xFF, 0xE1, 0x00, 0x00, 0x00, 0x00, 0x00,
  0x00, 0x00, 0x00, 0x00, 0x00, 0x1E, 0xFF, 0xFF, 0xFF, 0x10, 0x00, 0x00, 0x00, 0x00, 0x00, 0x00,
  0x00, 0x00, 0x00, 0x01, 0xDE, 0xEE, 0xEE, 0xD1, 0x00, 0x00, 0x00, 0x00, 0x00, 0x00, 0x00, 0x00,
  0x00, 0x00, 0x01, 0x11, 0x11, 0x11, 0x00, 0x00, 0x00, 0x00, 0x00, 0x00, 0x00, 0x01, 0x11, 0x11,
  0x11, 0x11, 0x11, 0x11, 0x11, 0x11, 0x11, 0x11, 0x10, 0x00, 0x01, 0xDE, 0xEE, 0xEE, 0xEE, 0xEE,
  0xEE, 0xEE, 0xEE, 0xEE, 0xEE, 0xED, 0x10, 0x00, 0x1E, 0xFF, 0xFF, 0xFF, 0xFF, 0xFF, 0xFF, 0xFF,
  0xFF, 0xFF, 0xFF, 0xF1, 0x00, 0x01, 0xEF, 0xFF, 0xFF, 0xFF, 0xFF, 0xFF, 0xFF, 0xFF, 0xFF, 0xFF,
  0xFB, 0x00, 0x00, 0x1E, 0xFF, 0xFF, 0xFF, 0xFF, 0xFF, 0xFF, 0xFF, 0xFF, 0xFF, 0xFF, 0x30, 0x00,
  0x01, 0xFF, 0xFF, 0xFF, 0xFF, 0xFF, 0xFF, 0xFF, 0xFF, 0xFF, 0xFF, 0x90, 0x00, 0x00, 0x07, 0x77,
  0x77, 0x77, 0x78, 0x88, 0x9F, 0xFF, 0xFF, 0xFF, 0xD1, 0x00, 0x00, 0x00, 0x00, 0x00, 0x00, 0x00,
  0x00, 0x07, 0xFF, 0xFF, 0xFF, 0xF6, 0x00, 0x00, 0x00, 0x00, 0x00, 0x00, 0x00, 0x00, 0x04, 0xFF,
  0xFF, 0xFF, 0xFB, 0x00, 0x00, 0x00, 0x00, 0x00, 0x00, 0x00, 0x00, 0x00, 0xCF, 0xFF, 0xFF, 0xFF,
  0x30, 0x00, 0x00, 0x00, 0x00, 0x00, 0x00, 0x00, 0x00, 0x6F, 0xFF, 0xFF, 0xFF, 0x80, 0x00, 0x00,
  0x00, 0x00, 0x00, 0x00, 0x00, 0x00, 0x2E, 0xFF, 0xFF, 0xFF, 0xD1, 0x00, 0x00, 0x00, 0x00, 0x00,
  0x00, 0x00, 0x00, 0x09, 0xFF, 0xFF, 0xFF, 0xF5, 0x00, 0x00, 0x00, 0x00, 0x00, 0x00, 0x00, 0x00,
  0x04, 0xFF, 0xFF, 0xFF, 0xFB, 0x00, 0x00, 0x00, 0x00, 0x00, 0x00, 0x00, 0x00, 0x00, 0xCF, 0xFF,
  0xFF, 0xFF, 0x30, 0x00, 0x00, 0x00, 0x00, 0x00, 0x00, 0x00, 0x00, 0x7F, 0xFF, 0xFF, 0xFF, 0x80,
  0x00, 0x00, 0x00, 0x00, 0x00, 0x00, 0x00, 0x00, 0x2E, 0xFF, 0xFF, 0xFF, 0xD1, 0x00, 0x00, 0x00,
  0x00, 0x00, 0x00, 0x00, 0x00, 0x0A, 0xFF, 0xFF, 0xFF, 0xF5, 0x00, 0x00, 0x00, 0x00, 0x00, 0x00,
  0x00, 0x00, 0x05, 0xFF, 0xFF, 0xFF, 0xFB, 0x00, 0x00, 0x00, 0x00, 0x00, 0x00, 0x00, 0x00, 0x01,
  0xDF, 0xFF, 0xFF, 0xFF, 0x30, 0x00, 0x00, 0x00, 0x00, 0x00, 0x00, 0x00, 0x00, 0x8F, 0xFF, 0xFF,
  0xFF, 0x80, 0x00, 0x00, 0x00, 0x00, 0x00, 0x00, 0x00, 0x00, 0x3F, 0xFF, 0xFF, 0xFF, 0xD1, 0x00,
  0x00, 0x00, 0x00, 0x00, 0x00, 0x00, 0x00, 0x0B, 0xFF, 0xFF, 0xFF, 0xF5, 0x00, 0x00, 0x00, 0x00,
  0x00, 0x00, 0x00, 0x00, 0x05, 0xFF, 0xFF, 0xFF, 0xFA, 0x00, 0x00, 0x00, 0x00, 0x00, 0x00, 0x00,
  0x00, 0x01, 0xDF, 0xFF, 0xFF, 0xFF, 0xA8, 0x87, 0x87, 0x77, 0x77, 0x77, 0x70, 0x00, 0x00, 0x9F,
  0xFF, 0xFF, 0xFF, 0xFF, 0xFF, 0xFF, 0xFF, 0xFF, 0xFF, 0xFF, 0x10, 0x00, 0x3F, 0xFF, 0xFF, 0xFF,
  0xFF, 0xFF, 0xFF, 0xFF, 0xFF, 0xFF, 0xFF, 0xE1, 0x00, 0x0C, 0xFF, 0xFF, 0xFF, 0xFF, 0xFF, 0xFF,
  0xFF, 0xFF, 0xFF, 0xFF, 0xFE, 0x10, 0x01, 0xFF, 0xFF, 0xFF, 0xFF, 0xFF, 0xFF, 0xFF, 0xFF, 0xFF,
  0xFF, 0xFF, 0xF1, 0x00, 0x1D, 0xEE, 0xEE, 0xEE, 0xEE, 0xEE, 0xEE, 0xEE, 0xEE, 0xEE, 0xEE, 0xED,
  0x10, 0x00, 0x11, 0x11, 0x11, 0x11, 0x11, 0x11, 0x11, 0x11, 0x11, 0x11, 0x11, 0x10, 0x00, 0x00,
  0x00, 0x11, 0x11, 0x11, 0x11, 0x00, 0x00, 0x00, 0x7E, 0xEE, 0xEE, 0xEE, 0xE4, 0x00, 0x00, 0x08,
  0xFF, 0xFF, 0xFF, 0xFF, 0x40, 0x00, 0x00, 0x7F, 0xFF, 0xFF, 0xEE, 0xE4, 0x00, 0x00, 0x07, 0xFF,
  0xFF, 0x81, 0x11, 0x00, 0x00, 0x00, 0x7F, 0xFF, 0xF7, 0x00, 0x00, 0x00, 0x00, 0x07, 0xFF, 0xFF,
  0x70, 0x00, 0x00, 0x00, 0x00, 0x7F, 0xFF, 0xF7, 0x00, 0x00, 0x00, 0x00, 0x07, 0xFF, 0xFF, 0x70,
  0x00, 0x00, 0x00, 0x00, 0x7F, 0xFF, 0xF7, 0x00, 0x00, 0x00, 0x00, 0x07, 0xFF, 0xFF, 0x70, 0x00,
  0x00, 0x00, 0x00, 0x7F, 0xFF, 0xF7, 0x00, 0x00, 0x00, 0x00, 0x07, 0xFF, 0xFF, 0x70, 0x00, 0x00,
  0x00, 0x00, 0x7F, 0xFF, 0xF7, 0x00, 0x00, 0x00, 0x00, 0x07, 0xFF, 0xFF, 0x70, 0x00, 0x00, 0x00,
  0x00, 0x7F, 0xFF, 0xF7, 0x00, 0x00, 0x00, 0x00, 0x07, 0xFF, 0xFF, 0x70, 0x00, 0x00, 0x00, 0x00,
  0x7F, 0xFF, 0xF7, 0x00, 0x00, 0x00, 0x00, 0x07, 0xFF, 0xFF, 0x70, 0x00, 0x00, 0x00, 0x00, 0x7F,
  0xFF, 0xF7, 0x00, 0x00, 0x00, 0x00, 0x07, 0xFF, 0xFF, 0x70, 0x00, 0x00, 0x00, 0x00, 0x7F, 0xFF,
  0xF7, 0x00, 0x00, 0x00, 0x00, 0x07, 0xFF, 0xFF, 0x70, 0x00, 0x00, 0x00, 0x00, 0x7F, 0xFF, 0xF7,
  0x00, 0x00, 0x00, 0x00, 0x07, 0xFF, 0xFF, 0x70, 0x00, 0x00, 0x00, 0x00, 0x7F, 0xFF, 0xF7, 0x00,
  0x00, 0x00, 0x00, 0x07, 0xFF, 0xFF, 0x70, 0x00, 0x00, 0x00, 0x00, 0x7F, 0xFF, 0xF7, 0x00, 0x00,
  0x00, 0x00, 0x07, 0xFF, 0xFF, 0x70, 0x00, 0x00, 0x00, 0x00, 0x7F, 0xFF, 0xF7, 0x00, 0x00, 0x00,
  0x00, 0x07, 0xFF, 0xFF, 0x70, 0x00, 0x00, 0x00, 0x00, 0x7F, 0xFF, 0xF7, 0x00, 0x00, 0x00, 0x00,
  0x07, 0xFF, 0xFF, 0x70, 0x00, 0x00, 0x00, 0x00, 0x7F, 0xFF, 0xF8, 0x11, 0x10, 0x00, 0x00, 0x07,
  0xFF, 0xFF, 0xFE, 0xEE, 0x40, 0x00, 0x00, 0x8F, 0xFF, 0xFF, 0xFF, 0xF4, 0x00, 0x00, 0x07, 0xEE,
  0xEE, 0xEE, 0xEE, 0x40, 0x00, 0x00, 0x01, 0x11, 0x11, 0x11, 0x10, 0x00, 0x00, 0x00, 0x00, 0x00,
  0x00, 0x00, 0x00, 0x00, 0x00, 0x00, 0x00, 0x00, 0x00, 0x00, 0x00, 0x2B, 0xBB, 0xB6, 0x00, 0x00,
  0x00, 0x00, 0x00, 0x00, 0x00, 0x00, 0x00, 0x00, 0x00, 0x00, 0xAF, 0xFF, 0xE1, 0x00, 0x00, 0x00,
  0x00, 0x00, 0x00, 0x00, 0x00, 0x00, 0x00, 0x00, 0x02, 0xEF, 0xFF, 0x90, 0x00, 0x00, 0x00, 0x00,
  0x00, 0x00, 0x00, 0x00, 0x00, 0x00, 0x00, 0x07, 0xFF, 0xFF, 0x30, 0x00, 0x00, 0x00, 0x00, 0x00,
  0x00, 0x00, 0x00, 0x00, 0x00, 0x00, 0x1D, 0xFF, 0xFB, 0x00, 0x00, 0x00, 0x00, 0x00, 0x00, 0x00,
  0x00, 0x00, 0x00, 0x00, 0x00, 0x5F, 0xFF, 0xF5, 0x00, 0x00, 0x00, 0x00, 0x00, 0x00, 0x00, 0x00,
  0x00, 0x00, 0x00, 0x00, 0xBF, 0xFF, 0xD1, 0x00, 0x00, 0x00, 0x00, 0x00, 0x00, 0x00, 0x00, 0x00,
  0x00, 0x00, 0x03, 0xFF, 0xFF, 0x70, 0x00, 0x00, 0x00, 0x00, 0x00, 0x00, 0x00, 0x00, 0x00, 0x00,
  0x00, 0x09, 0xFF, 0xFE, 0x20, 0x00, 0x00, 0x00, 0x00, 0x00, 0x00, 0x00, 0x00, 0x00, 0x00, 0x00,
  0x2E, 0xFF, 0xF9, 0x00, 0x00, 0x00, 0x00, 0x00, 0x00, 0x00, 0x00, 0x00, 0x00, 0x00, 0x00, 0x7F,
  0xFF, 0xF3, 0x00, 0x00, 0x00, 0x00, 0x00, 0x00, 0x00, 0x00, 0x00, 0x00, 0x00, 0x01, 0xDF, 0xFF,
  0xB0, 0x00, 0x00, 0x00, 0x00, 0x00, 0x00, 0x00, 0x00, 0x00, 0x00, 0x00, 0x05, 0xFF, 0xFF, 0x50,
  0x00, 0x00, 0x00, 0x00, 0x00, 0x00, 0x00, 0x00, 0x00, 0x00, 0x00, 0x0B, 0xFF, 0xFD, 0x10, 0x00,
  0x00, 0x00, 0x00, 0x00, 0x00, 0x00, 0x00, 0x00, 0x00, 0x00, 0x3F, 0xFF, 0xF7, 0x00, 0x00, 0x00,
  0x00, 0x00, 0x00, 0x00, 0x00, 0x00, 0x00, 0x00, 0x00, 0x9F, 0xFF, 0xE2, 0x00, 0x00, 0x00, 0x00,
  0x00, 0x00, 0x00, 0x00, 0x00, 0x00, 0x00, 0x02, 0xEF, 0xFF, 0xA0, 0x00, 0x00, 0x00, 0x00, 0x00,
  0x00, 0x00, 0x00, 0x00, 0x00, 0x00, 0x07, 0xFF, 0xFF, 0x40, 0x00, 0x00, 0x00, 0x00, 0x00, 0x00,
  0x00, 0x00, 0x00, 0x00, 0x00, 0x1D, 0xFF, 0xFC, 0x00, 0x00, 0x00, 0x00, 0x00, 0x00, 0x00, 0x00,
  0x00, 0x00, 0x00, 0x00, 0x5F, 0xFF, 0xF6, 0x00, 0x00, 0x00, 0x00, 0x00, 0x00, 0x00, 0x00, 0x00,
  0x00, 0x00, 0x00, 0xBF, 0xFF, 0xD1, 0x00, 0x00, 0x00, 0x00, 0x00, 0x00, 0x00, 0x00, 0x00, 0x00,
  0x00, 0x03, 0xFF, 0xFF, 0x80, 0x00, 0x00, 0x00, 0x00, 0x00, 0x00, 0x00, 0x00, 0x00, 0x00, 0x00,
  0x09, 0xFF, 0xFE, 0x20, 0x00, 0x00, 0x00, 0x00, 0x00, 0x00, 0x00, 0x00, 0x00, 0x00, 0x00, 0x1E,
  0xFF, 0xFA, 0x00, 0x00, 0x00, 0x00, 0x00, 0x00, 0x00, 0x00, 0x00, 0x00, 0x00, 0x00, 0x7F, 0xFF,
  0xF4, 0x00, 0x00, 0x00, 0x00, 0x00, 0x00, 0x00, 0x00, 0x00, 0x00, 0x00, 0x00, 0xCF, 0xFF, 0xC0,
  0x00, 0x00, 0x00, 0x00, 0x00, 0x00, 0x00, 0x00, 0x00, 0x00, 0x00, 0x04, 0xFF, 0xFF, 0x60, 0x00,
  0x00, 0x00, 0x00, 0x00, 0x00, 0x00, 0x00, 0x00, 0x00, 0x00, 0x0B, 0xFF, 0xFD, 0x10, 0x00, 0x00,
  0x00, 0x00, 0x00, 0x00, 0x00, 0x00, 0x00, 0x00, 0x00, 0x3F, 0xFF, 0xF8, 0x00, 0x00, 0x00, 0x00,
  0x00, 0x00, 0x00, 0x00, 0x00, 0x00, 0x00, 0x00, 0x8F, 0xFF, 0xE3, 0x00, 0x00, 0x00, 0x00, 0x00,
  0x00, 0x00, 0x00, 0x00, 0x00, 0x00, 0x01, 0xEF, 0xFF, 0xA0, 0x00, 0x00, 0x00, 0x00, 0x00, 0x00,
  0x00, 0x00, 0x00, 0x00, 0x00, 0x06, 0xFF, 0xFF, 0x40, 0x00, 0x00, 0x00, 0x00, 0x00, 0x00, 0x00,
  0x00, 0x00, 0x00, 0x00, 0x0C, 0xFF, 0xFC, 0x00, 0x00, 0x00, 0x00, 0x00, 0x00, 0x00, 0x00, 0x00,
  0x00, 0x00, 0x00, 0x4F, 0xFF, 0xF6, 0x00, 0x00, 0x00, 0x00, 0x00, 0x00, 0x00, 0x00, 0x00, 0x00,
  0x00, 0x00, 0xAF, 0xFF, 0xE2, 0x00, 0x00, 0x00, 0x00, 0x00, 0x00, 0x00, 0x00, 0x00, 0x00, 0x00,
  0x02, 0xDE, 0xEE, 0x80, 0x00, 0x00, 0x00, 0x00, 0x00, 0x00, 0x00, 0x00, 0x00, 0x00, 0x00, 0x01,
  0x11, 0x11, 0x00, 0x00, 0x11, 0x11, 0x11, 0x11, 0x10, 0x00, 0x00, 0x0A, 0xEE, 0xEE, 0xEE, 0xED,
  0x10, 0x00, 0x00, 0xBF, 0xFF, 0xFF, 0xFF, 0xE1, 0x00, 0x00, 0x0A, 0xEE, 0xEF, 0xFF, 0xFE, 0x10,
  0x00, 0x00, 0x11, 0x12, 0xEF, 0xFF, 0xE1, 0x00, 0x00, 0x00, 0x00, 0x1E, 0xFF, 0xFE, 0x10, 0x00,
  0x00, 0x00, 0x01, 0xEF, 0xFF, 0xE1, 0x00, 0x00, 0x00, 0x00, 0x1E, 0xFF, 0xFE, 0x10, 0x00, 0x00,
  0x00, 0x01, 0xEF, 0xFF, 0xE1, 0x00, 0x00, 0x00, 0x00, 0x1E, 0xFF, 0xFE, 0x10, 0x00, 0x00, 0x00,
  0x01, 0xEF, 0xFF, 0xE1, 0x00, 0x00, 0x00, 0x00, 0x1E, 0xFF, 0xFE, 0x10, 0x00, 0x00, 0x00, 0x01,
  0xEF, 0xFF, 0xE1, 0x00, 0x00, 0x00, 0x00, 0x1E, 0xFF, 0xFE, 0x10, 0x00, 0x00, 0x00, 0x01, 0xEF,
  0xFF, 0xE1, 0x00, 0x00, 0x00, 0x00, 0x1E, 0xFF, 0xFE, 0x10, 0x00, 0x00, 0x00, 0x01, 0xEF, 0xFF,
  0xE1, 0x00, 0x00, 0x00, 0x00, 0x1E, 0xFF, 0xFE, 0x10, 0x00, 0x00, 0x00, 0x01, 0xEF, 0xFF, 0xE1,
  0x00, 0x00, 0x00, 0x00, 0x1E, 0xFF, 0xFE, 0x10, 0x00, 0x00, 0x00, 0x01, 0xEF, 0xFF, 0xE1, 0x00,
  0x00, 0x00, 0x00, 0x1E, 0xFF, 0xFE, 0x10, 0x00, 0x00, 0x00, 0x01, 0xEF, 0xFF, 0xE1, 0x00, 0x00,
  0x00, 0x00, 0x1E, 0xFF, 0xFE, 0x10, 0x00, 0x00, 0x00, 0x01, 0xEF, 0xFF, 0xE1, 0x00, 0x00, 0x00,
  0x00, 0x1E, 0xFF, 0xFE, 0x10, 0x00, 0x00, 0x00, 0x01, 0xEF, 0xFF, 0xE1, 0x00, 0x00, 0x00, 0x00,
  0x1E, 0xFF, 0xFE, 0x10, 0x00, 0x00, 0x00, 0x01, 0xEF, 0xFF, 0xE1, 0x00, 0x00, 0x00, 0x00, 0x1E,
  0xFF, 0xFE, 0x10, 0x00, 0x00, 0x00, 0x01, 0xEF, 0xFF, 0xE1, 0x00, 0x00, 0x00, 0x00, 0x1E, 0xFF,
  0xFE, 0x10, 0x00, 0x00, 0x00, 0x01, 0xEF, 0xFF, 0xE1, 0x00, 0x00, 0x01, 0x11, 0x2E, 0xFF, 0xFE,
  0x10, 0x00, 0x00, 0xAE, 0xEE, 0xFF, 0xFF, 0xE1, 0x00, 0x00, 0x0B, 0xFF, 0xFF, 0xFF, 0xFE, 0x10,
  0x00, 0x00, 0xAE, 0xEE, 0xEE, 0xEE, 0xD1, 0x00, 0x00, 0x01, 0x11, 0x11, 0x11, 0x11, 0x00, 0x00,
  0x00, 0x00, 0x00, 0x00, 0x00, 0x01, 0x11, 0x11, 0x00, 0x00, 0x00, 0x00, 0x00, 0x00, 0x00, 0x00,
  0x00, 0x00, 0x04, 0xEE, 0xEE, 0xE5, 0x00, 0x00, 0x00, 0x00, 0x00, 0x00, 0x00, 0x00, 0x00, 0x00,
  0x9F, 0xFF, 0xFF, 0xB0, 0x00, 0x00, 0x00, 0x00, 0x00, 0x00, 0x00, 0x00, 0x00, 0x1E, 0xFF, 0xFF,
  0xFF, 0x30, 0x00, 0x00, 0x00, 0x00, 0x00, 0x00, 0x00, 0x00, 0x06, 0xFF, 0xFF, 0xFF, 0xF8, 0x00,
  0x00, 0x00, 0x00, 0x00, 0x00, 0x00, 0x00, 0x00, 0xBF, 0xFF, 0xFF, 0xFF, 0xD0, 0x00, 0x00, 0x00,
  0x00, 0x00, 0x00, 0x00, 0x00, 0x2F, 0xFF, 0xFE, 0xFF, 0xFF, 0x40, 0x00, 0x00, 0x00, 0x00, 0x00,
  0x00, 0x00, 0x07, 0xFF, 0xFF, 0x6E, 0xFF, 0xFA, 0x00, 0x00, 0x00, 0x00, 0x00, 0x00, 0x00, 0x00,
  0xCF, 0xFF, 0xD0, 0xAF, 0xFF, 0xE1, 0x00, 0x00, 0x00, 0x00, 0x00, 0x00, 0x00, 0x4F, 0xFF, 0xF8,
  0x05, 0xFF, 0xFF, 0x60, 0x00, 0x00, 0x00, 0x00, 0x00, 0x00, 0x09, 0xFF, 0xFF, 0x30, 0x1E, 0xFF,
  0xFB, 0x00, 0x00, 0x00, 0x00, 0x00, 0x00, 0x01, 0xEF, 0xFF, 0xC0, 0x00, 0x9F, 0xFF, 0xF3, 0x00,
  0x00, 0x00, 0x00, 0x00, 0x00, 0x6F, 0xFF, 0xF7, 0x00, 0x04, 0xFF, 0xFF, 0x80, 0x00, 0x00, 0x00,
  0x00, 0x00, 0x0B, 0xFF, 0xFE, 0x20, 0x00, 0x0D, 0xFF, 0xFD, 0x00, 0x00, 0x00, 0x00, 0x00, 0x02,
  0xFF, 0xFF, 0xB0, 0x00, 0x00, 0x8F, 0xFF, 0xF4, 0x00, 0x00, 0x00, 0x00, 0x00, 0x8F, 0xFF, 0xF5,
  0x00, 0x00, 0x03, 0xFF, 0xFF, 0xA0, 0x00, 0x00, 0x00, 0x00, 0x0D, 0xFF, 0xFE, 0x10, 0x00, 0x00,
  0x0C, 0xFF, 0xFE, 0x10, 0x00, 0x00, 0x00, 0x04, 0xFF, 0xFF, 0x90, 0x00, 0x00, 0x00, 0x7F, 0xFF,
  0xF6, 0x00, 0x00, 0x00, 0x00, 0x9F, 0xFF, 0xF4, 0x00, 0x00, 0x00, 0x02, 0xEF, 0xFF, 0xB0, 0x00,
  0x00, 0x00, 0x1E, 0xFF, 0xFD, 0x00, 0x00, 0x00, 0x00, 0x0A, 0xFF, 0xFF, 0x30, 0x00, 0x00, 0x06,
  0xFF, 0xFF, 0x80, 0x00, 0x00, 0x00, 0x00, 0x5F, 0xFF, 0xF8, 0x00, 0x00, 0x00, 0xBF, 0xFF, 0xF3,
  0x00, 0x00, 0x00, 0x00, 0x01, 0xEF, 0xFF, 0xD1, 0x00, 0x00, 0x2E, 0xEE, 0xEB, 0x00, 0x00, 0x00,
  0x00, 0x00, 0x08, 0xEE, 0xEE, 0x40, 0x00, 0x00, 0x11, 0x11, 0x00, 0x00, 0x00, 0x00, 0x00, 0x00,
  0x01, 0x11, 0x10, 0x00, 0x00, 0x00, 0x00, 0x00, 0x00, 0x00, 0x00, 0x00, 0x00, 0x00, 0x00, 0x00,
  0x00, 0x00, 0x00, 0x00, 0x00, 0x00, 0x00, 0x00, 0x00, 0x00, 0x00, 0x00, 0x00, 0x00, 0x00, 0x00,
  0x00, 0x00, 0x00, 0x00, 0x00, 0x00, 0x00, 0x00, 0x00, 0x00, 0x00, 0x00, 0x00, 0x00, 0x00, 0x00,
  0x00, 0x00, 0x00, 0x00, 0x01, 0xAB, 0xBB, 0xBB, 0xBB, 0xBB, 0xBB, 0xBB, 0xBB, 0xBB, 0xBB, 0xA1,
  0x00, 0x00, 0x00, 0x00, 0x1F, 0xFF, 0xFF, 0xFF, 0xFF, 0xFF, 0xFF, 0xFF, 0xFF, 0xFF, 0xFF, 0x10,
  0x00, 0x00, 0x00, 0x01, 0xEF, 0xFF, 0xFF, 0xFF, 0xFF, 0xFF, 0xFF, 0xFF, 0xFF, 0xFF, 0xE1, 0x00,
  0x00, 0x00, 0x00, 0x1E, 0xEE, 0xEE, 0xEE, 0xEE, 0xEE, 0xEE, 0xEE, 0xEE, 0xEE, 0xEE, 0x10, 0x00,
  0x00, 0x00, 0x00, 0x11, 0x11, 0x11, 0x11, 0x11, 0x11, 0x11, 0x11, 0x11, 0x11, 0x10, 0x00, 0x00,
  0x00, 0x00, 0x00, 0x00, 0x01, 0x11, 0x11, 0x10, 0x00, 0x00, 0x00, 0x00, 0x00, 0x00, 0x00, 0x00,
  0x00, 0x00, 0x06, 0xEE, 0xEE, 0xE4, 0x00, 0x00, 0x00, 0x00, 0x00, 0x00, 0x00, 0x00, 0x00, 0x00,
  0x00, 0xCF, 0xFF, 0xFB, 0x00, 0x00, 0x00, 0x00, 0x00, 0x00, 0x00, 0x00, 0x00, 0x00, 0x00, 0x3E,
  0xFF, 0xFF, 0x30, 0x00, 0x00, 0x00, 0x00, 0x00, 0x00, 0x00, 0x00, 0x00, 0x00, 0x07, 0xFF, 0xFF,
  0xA0, 0x00, 0x00, 0x00, 0x00, 0x00, 0x00, 0x00, 0x00, 0x00, 0x00, 0x01, 0xCF, 0xFF, 0xF3, 0x00,
  0x00, 0x00, 0x00, 0x00, 0x00, 0x00, 0x00, 0x00, 0x00, 0x00, 0x3F, 0xFE, 0xFA, 0x00, 0x00, 0x00,
  0x00, 0x00, 0x00, 0x00, 0x00, 0x00, 0x00, 0x00, 0x08, 0xFF, 0xFF, 0x40, 0x00, 0x00, 0x00, 0x00,
  0x00, 0x00, 0x00, 0x00, 0x00, 0x00, 0x01, 0x77, 0x78, 0x40, 0x00, 0x00, 0x00, 0x00, 0x00, 0x00,
  0x00, 0x00, 0x00, 0x00, 0x00, 0x00, 0x00, 0x00, 0x00, 0x00, 0x00, 0x00, 0x00, 0x00, 0x00, 0x00,
  0x00, 0x00, 0x00, 0x00, 0x00, 0x00, 0x00, 0x00, 0x00, 0x00, 0x00, 0x00, 0x00, 0x00, 0x00, 0x00,
  0x00, 0x00, 0x00, 0x00, 0x00, 0x00, 0x00, 0x00, 0x00, 0x00, 0x00, 0x00, 0x00, 0x00, 0x00, 0x00,
  0x00, 0x00, 0x00, 0x00, 0x00, 0x00, 0x00, 0x00, 0x00, 0x00, 0x00, 0x00, 0x00, 0x00, 0x00, 0x00,
  0x00, 0x00, 0x00, 0x00, 0x00, 0x00, 0x00, 0x00, 0x00, 0x00, 0x00, 0x00, 0x00, 0x00, 0x00, 0x00,
  0x00, 0x00, 0x00, 0x00, 0x00, 0x00, 0x00, 0x00, 0x00, 0x00, 0x00, 0x00, 0x00, 0x00, 0x00, 0x00,
  0x00, 0x00, 0x00, 0x00, 0x00, 0x00, 0x00, 0x00, 0x00, 0x00, 0x00, 0x00, 0x00, 0x00, 0x00, 0x00,
  0x00, 0x00, 0x00, 0x00, 0x00, 0x00, 0x00, 0x00, 0x00, 0x00, 0x00, 0x00, 0x00, 0x00, 0x00, 0x00,
  0x00, 0x00, 0x00, 0x00, 0x00, 0x00, 0x00, 0x00, 0x00, 0x00, 0x00, 0x00, 0x00, 0x00, 0x00, 0x00,
  0x00, 0x00, 0x00, 0x00, 0x00, 0x00, 0x00, 0x00, 0x00, 0x00, 0x00, 0x00, 0x00, 0x00, 0x00, 0x00,
  0x00, 0x00, 0x00, 0x00, 0x00, 0x00, 0x00, 0x00, 0x00, 0x00, 0x00, 0x00, 0x00, 0x00, 0x00, 0x00,
  0x00, 0x00, 0x00, 0x00, 0x00, 0x00, 0x00, 0x00, 0x00, 0x00, 0x00, 0x00, 0x00, 0x00, 0x00, 0x00,
  0x00, 0x00, 0x00, 0x00, 0x00, 0x00, 0x00, 0x00, 0x00, 0x00, 0x00, 0x00, 0x00, 0x00, 0x00, 0x00,
  0x00, 0x00, 0x00, 0x00, 0x00, 0x00, 0x00, 0x00, 0x00, 0x00, 0x00, 0x00, 0x00, 0x00, 0x00, 0x00,
  0x00, 0x00, 0x00, 0x00, 0x00, 0x00, 0x00, 0x00, 0x00, 0x00, 0x00, 0x00, 0x00, 0x00, 0x00, 0x00,
  0x00, 0x00, 0x00, 0x00, 0x00, 0x00, 0x00, 0x00, 0x00, 0x00, 0x00, 0x00, 0x00, 0x00, 0x00, 0x00,
  0x00, 0x00, 0x00, 0x00, 0x00, 0x00, 0x00, 0x00, 0x00, 0x00, 0x00, 0x00, 0x00, 0x00, 0x00, 0x00,
  0x00, 0x00, 0x00, 0x00, 0x00, 0x00, 0x00, 0x00, 0x00, 0x00, 0x00, 0x00, 0x00, 0x00, 0x00, 0x00,
  0x00, 0x00, 0x00, 0x00, 0x00, 0x00, 0x00, 0x00, 0x00, 0x00, 0x00, 0x00, 0x00, 0x00, 0x00, 0x00,
  0x00, 0x00, 0x00, 0x00, 0x00, 0x00, 0x00, 0x00, 0x00, 0x00, 0x00, 0x00, 0x00, 0x00, 0x00, 0x00,
  0x00, 0x00, 0x00, 0x00, 0x00, 0x00, 0x00, 0x00, 0x00, 0x00, 0x00, 0x00, 0x00, 0x00, 0x00, 0x00,
  0x00, 0x00, 0x00, 0x00, 0x00, 0x00, 0x00, 0x00, 0x00, 0x00, 0x00, 0x00, 0x00, 0x00, 0x00, 0x00,
  0x00, 0x01, 0x11, 0x11, 0x00, 0x00, 0x00, 0x00, 0x00, 0x00, 0x00, 0x00, 0x00, 0x03, 0x8B, 0xDE,
  0xEE, 0xED, 0xC9, 0x51, 0x00, 0x00, 0x00, 0x00, 0x00, 0x00, 0x03, 0xBF, 0xFF, 0xFF, 0xFF, 0xFF,
  0xFF, 0xFD, 0x50, 0x00, 0x00, 0x00, 0x00, 0x00, 0x5E, 0xFF, 0xFF, 0xFF, 0xFF, 0xFF, 0xFF, 0xFF,
  0xF7, 0x00, 0x00, 0x00, 0x00, 0x03, 0xFF, 0xFF, 0xFF, 0xFF, 0xFF, 0xFF, 0xFF, 0xFF, 0xFF, 0x30,
  0x00, 0x00, 0x00, 0x0A, 0xFF, 0xFF, 0xFF, 0xC6, 0x33, 0x5B, 0xFF, 0xFF, 0xFF, 0xA0, 0x00, 0x00,
  0x00, 0x1E, 0xFF, 0xFF, 0xFD, 0x10, 0x00, 0x00, 0xCF, 0xFF, 0xFF, 0xD0, 0x00, 0x00, 0x00, 0x1C,
  0xDD, 0xDC, 0xD7, 0x00, 0x00, 0x10, 0x8F, 0xFF, 0xFF, 0xE1, 0x00, 0x00, 0x00, 0x00, 0x00, 0x00,
  0x00, 0x00, 0x00, 0x00, 0x7F, 0xFF, 0xFF, 0xE1, 0x00, 0x00, 0x00, 0x00, 0x00, 0x00, 0x00, 0x01,
  0x22, 0x33, 0x9F, 0xFF, 0xFF, 0xE1, 0x00, 0x00, 0x00, 0x00, 0x00, 0x04, 0x8B, 0xCD, 0xEF, 0xFF,
  0xFF, 0xFF, 0xFF, 0xE1, 0x00, 0x00, 0x00, 0x00, 0x06, 0xCF, 0xFF, 0xFF, 0xFF, 0xFF, 0xFF, 0xFF,
  0xFF, 0xE1, 0x00, 0x00, 0x00, 0x00, 0xAF, 0xFF, 0xFF, 0xFF, 0xFF, 0xFF, 0xFF, 0xFF, 0xFF, 0xE1,
  0x00, 0x00, 0x00, 0x08, 0xFF, 0xFF, 0xFF, 0xFC, 0x96, 0x53, 0x9F, 0xFF, 0xFF, 0xE1, 0x00, 0x00,
  0x00, 0x2F, 0xFF, 0xFF, 0xFF, 0x70, 0x00, 0x00, 0x7F, 0xFF, 0xFF, 0xE1, 0x00, 0x00, 0x00, 0x6F,
  0xFF, 0xFF, 0xFA, 0x00, 0x00, 0x00, 0x8F, 0xFF, 0xFF, 0xE1, 0x00, 0x00, 0x00, 0x7F, 0xFF, 0xFF,
  0xF8, 0x00, 0x00, 0x00, 0xCF, 0xFF, 0xFF, 0xE1, 0x00, 0x00, 0x00, 0x7F, 0xFF, 0xFF, 0xFB, 0x00,
  0x00, 0x07, 0xFF, 0xFF, 0xFF, 0xE1, 0x00, 0x00, 0x00, 0x6F, 0xFF, 0xFF, 0xFF, 0x94, 0x34, 0x9F,
  0xFF, 0xFF, 0xFF, 0xF8, 0x35, 0x10, 0x00, 0x2F, 0xFF, 0xFF, 0xFF, 0xFF, 0xEF, 0xFF, 0xDF, 0xFF,
  0xFF, 0xFF, 0xFF, 0x10, 0x00, 0x08, 0xFF, 0xFF, 0xFF, 0xFF, 0xFF, 0xFB, 0x2C, 0xFF, 0xFF, 0xFF,
  0xFE, 0x10, 0x00, 0x00, 0x9F, 0xFF, 0xFF, 0xFF, 0xFF, 0x81, 0x04, 0xEF, 0xFF, 0xFF, 0xFF, 0x10,
  0x00, 0x00, 0x04, 0x9C, 0xEE, 0xDB, 0x83, 0x00, 0x00, 0x29, 0xCE, 0xED, 0xB6, 0x00, 0x00, 0x00,
  0x00, 0x00, 0x11, 0x10, 0x00, 0x00, 0x00, 0x00, 0x01, 0x11, 0x00, 0x00, 0x00, 0x00, 0x11, 0x11,
  0x11, 0x00, 0x00, 0x00, 0x00, 0x00, 0x00, 0x00, 0x00, 0x00, 0x00, 0x7E, 0xEE, 0xEE, 0xD1, 0x00,
  0x00, 0x00, 0x00, 0x00, 0x00, 0x00, 0x00, 0x00, 0x08, 0xFF, 0xFF, 0xFE, 0x10, 0x00, 0x00, 0x00,
  0x00, 0x00, 0x00, 0x00, 0x00, 0x00, 0x7F, 0xFF, 0xFF, 0xE1, 0x00, 0x00, 0x00, 0x00, 0x00, 0x00,
  0x00, 0x00, 0x00, 0x07, 0xFF, 0xFF, 0xFE, 0x10, 0x00, 0x00, 0x00, 0x00, 0x00, 0x00, 0x00, 0x00,
  0x00, 0x7F, 0xFF, 0xFF, 0xE1, 0x00, 0x00, 0x00, 0x00, 0x00, 0x00, 0x00, 0x00, 0x00, 0x07, 0xFF,
  0xFF, 0xFE, 0x10, 0x00, 0x00, 0x00, 0x00, 0x00, 0x00, 0x00, 0x00, 0x00, 0x7F, 0xFF, 0xFF, 0xE1,
  0x00, 0x00, 0x00, 0x00, 0x00, 0x00, 0x00, 0x00, 0x00, 0x07, 0xFF, 0xFF, 0xFE, 0x10, 0x00, 0x00,
  0x00, 0x00, 0x00, 0x00, 0x00, 0x00, 0x00, 0x7F, 0xFF, 0xFF, 0xE1, 0x00, 0x36, 0x77, 0x63, 0x00,
  0x00, 0x00, 0x00, 0x00, 0x07, 0xFF, 0xFF, 0xFE, 0x02, 0xBF, 0xFF, 0xFF, 0xFB, 0x40, 0x00, 0x00,
  0x00, 0x00, 0x7F, 0xFF, 0xFF, 0xE5, 0xEF, 0xFF, 0xFF, 0xFF, 0xFF, 0x80, 0x00, 0x00, 0x00, 0x07,
  0xFF, 0xFF, 0xFF, 0xFF, 0xFF, 0xFF, 0xFF, 0xFF, 0xFF, 0x60, 0x00, 0x00, 0x00, 0x7F, 0xFF, 0xFF,
  0xFF, 0xFE, 0xBB, 0xFF, 0xFF, 0xFF, 0xFE, 0x20, 0x00, 0x00, 0x07, 0xFF, 0xFF, 0xFF, 0xF9, 0x10,
  0x03, 0xDF, 0xFF, 0xFF, 0xF9, 0x00, 0x00, 0x00, 0x7F, 0xFF, 0xFF, 0xFB, 0x00, 0x00, 0x03, 0xFF,
  0xFF, 0xFF, 0xD1, 0x00, 0x00, 0x07, 0xFF, 0xFF, 0xFF, 0x40, 0x00, 0x00, 0x0B, 0xFF, 0xFF, 0xFF,
  0x30, 0x00, 0x00, 0x7F, 0xFF, 0xFF, 0xE2, 0x00, 0x00, 0x00, 0x9F, 0xFF, 0xFF, 0xF5, 0x00, 0x00,
  0x07, 0xFF, 0xFF, 0xFE, 0x10, 0x00, 0x00, 0x08, 0xFF, 0xFF, 0xFF, 0x70, 0x00, 0x00, 0x7F, 0xFF,
  0xFF, 0xE1, 0x00, 0x00, 0x00, 0x8F, 0xFF, 0xFF, 0xF7, 0x00, 0x00, 0x07, 0xFF, 0xFF, 0xFE, 0x10,
  0x00, 0x00, 0x08, 0xFF, 0xFF, 0xFF, 0x80, 0x00, 0x00, 0x7F, 0xFF, 0xFF, 0xE1, 0x00, 0x00, 0x00,
  0x8F, 0xFF, 0xFF, 0xF7, 0x00, 0x00, 0x07, 0xFF, 0xFF, 0xFE, 0x10, 0x00, 0x00, 0x08, 0xFF, 0xFF,
  0xFF, 0x60, 0x00, 0x00, 0x7F, 0xFF, 0xFF, 0xE1, 0x00, 0x00, 0x00, 0x8F, 0xFF, 0xFF, 0xF5, 0x00,
  0x00, 0x07, 0xFF, 0xFF, 0xFF, 0x30, 0x00, 0x00, 0x0A, 0xFF, 0xFF, 0xFF, 0x20, 0x00, 0x00, 0x7F,
  0xFF, 0xFF, 0xF7, 0x00, 0x00, 0x01, 0xEF, 0xFF, 0xFF, 0xC0, 0x00, 0x00, 0x07, 0xFF, 0xFF, 0xFF,
  0xE3, 0x00, 0x00, 0x9F, 0xFF, 0xFF, 0xF7, 0x00, 0x00, 0x00, 0x7F, 0xFF, 0xFF, 0xFF, 0xE7, 0x45,
  0xAF, 0xFF, 0xFF, 0xFE, 0x10, 0x00, 0x00, 0x07, 0xFF, 0xFD, 0xBF, 0xFF, 0xFF, 0xFF, 0xFF, 0xFF,
  0xFF, 0x50, 0x00, 0x00, 0x00, 0x7F, 0xEF, 0x41, 0xCF, 0xFF, 0xFF, 0xFF, 0xFF, 0xFF, 0x70, 0x00,
  0x00, 0x00, 0x08, 0xFF, 0x80, 0x01, 0xAF, 0xFF, 0xFF, 0xFF, 0xFD, 0x50, 0x00, 0x00, 0x00, 0x00,
  0x47, 0x71, 0x00, 0x00, 0x49, 0xCE, 0xED, 0xA6, 0x10, 0x00, 0x00, 0x00, 0x00, 0x00, 0x00, 0x00,
  0x00, 0x00, 0x00, 0x11, 0x00, 0x00, 0x00, 0x00, 0x00, 0x00, 0x00, 0x00, 0x00, 0x00, 0x00, 0x01,
  0x11, 0x11, 0x00, 0x00, 0x00, 0x00, 0x00, 0x00, 0x00, 0x00, 0x00, 0x27, 0xBD, 0xEE, 0xED, 0xB7,
  0x20, 0x00, 0x00, 0x00, 0x00, 0x00, 0x00, 0x18, 0xEF, 0xFF, 0xFF, 0xFF, 0xFF, 0xF9, 0x10, 0x00,
  0x00, 0x00, 0x00, 0x02, 0xCF, 0xFF, 0xFF, 0xFF, 0xFF, 0xFF, 0xFF, 0xC2, 0x00, 0x00, 0x00, 0x00,
  0x1D, 0xFF, 0xFF, 0xFF, 0xFF, 0xFF, 0xFF, 0xFF, 0xFB, 0x00, 0x00, 0x00, 0x00, 0xAF, 0xFF, 0xFF,
  0xFC, 0x53, 0x36, 0xDF, 0xFF, 0xFF, 0x60, 0x00, 0x00, 0x05, 0xFF, 0xFF, 0xFF, 0xA0, 0x00, 0x00,
  0x3E, 0xFF, 0xFF, 0xD0, 0x00, 0x00, 0x0B, 0xFF, 0xFF, 0xFE, 0x20, 0x00, 0x00, 0x08, 0xFF, 0xFF,
  0xF3, 0x00, 0x00, 0x2F, 0xFF, 0xFF, 0xFB, 0x00, 0x00, 0x00, 0x04, 0xFF, 0xFF, 0xF6, 0x00, 0x00,
  0x5F, 0xFF, 0xFF, 0xFB, 0x00, 0x00, 0x00, 0x02, 0xCC, 0xCC, 0xC5, 0x00, 0x00, 0x6F, 0xFF, 0xFF,
  0xFB, 0x00, 0x00, 0x00, 0x00, 0x00, 0x00, 0x00, 0x00, 0x00, 0x7F, 0xFF, 0xFF, 0xFB, 0x00, 0x00,
  0x00, 0x00, 0x00, 0x00, 0x00, 0x00, 0x00, 0x7F, 0xFF, 0xFF, 0xFB, 0x00, 0x00, 0x00, 0x00, 0x00,
  0x00, 0x00, 0x00, 0x00, 0x6F, 0xFF, 0xFF, 0xFB, 0x00, 0x00, 0x00, 0x00, 0x00, 0x00, 0x00, 0x00,
  0x00, 0x5F, 0xFF, 0xFF, 0xFB, 0x00, 0x00, 0x00, 0x02, 0xCC, 0xCC, 0xC5, 0x00, 0x00, 0x2F, 0xFF,
  0xFF, 0xFB, 0x00, 0x00, 0x00, 0x04, 0xFF, 0xFF, 0xF6, 0x00, 0x00, 0x0B, 0xFF, 0xFF, 0xFE, 0x20,
  0x00, 0x00, 0x07, 0xFF, 0xFF, 0xF3, 0x00, 0x00, 0x05, 0xFF, 0xFF, 0xFF, 0xA0, 0x00, 0x00, 0x1D,
  0xFF, 0xFF, 0xD0, 0x00, 0x00, 0x00, 0xBF, 0xFF, 0xFF, 0xFA, 0x53, 0x36, 0xDF, 0xFF, 0xFF, 0x60,
  0x00, 0x00, 0x00, 0x2D, 0xFF, 0xFF, 0xFF, 0xFF, 0xFF, 0xFF, 0xFF, 0xFB, 0x00, 0x00, 0x00, 0x00,
  0x02, 0xDF, 0xFF, 0xFF, 0xFF, 0xFF, 0xFF, 0xFF, 0xC1, 0x00, 0x00, 0x00, 0x00, 0x00, 0x19, 0xFF,
  0xFF, 0xFF, 0xFF, 0xFF, 0xE8, 0x10, 0x00, 0x00, 0x00, 0x00, 0x00, 0x00, 0x38, 0xBD, 0xEE, 0xEC,
  0xA7, 0x20, 0x00, 0x00, 0x00, 0x00, 0x00, 0x00, 0x00, 0x00, 0x01, 0x11, 0x10, 0x00, 0x00, 0x00,
  0x00, 0x00, 0x00, 0x00, 0x00, 0x00, 0x00, 0x00, 0x00, 0x00, 0x01, 0x11, 0x11, 0x10, 0x00, 0x00,
  0x00, 0x00, 0x00, 0x00, 0x00, 0x00, 0x00, 0x01, 0xDE, 0xEE, 0xEE, 0x70, 0x00, 0x00, 0x00, 0x00,
  0x00, 0x00, 0x00, 0x00, 0x00, 0x1E, 0xFF, 0xFF, 0xF8, 0x00, 0x00, 0x00, 0x00, 0x00, 0x00, 0x00,
  0x00, 0x00, 0x01, 0xEF, 0xFF, 0xFF, 0x70, 0x00, 0x00, 0x00, 0x00, 0x00, 0x00, 0x00, 0x00, 0x00,
  0x1E, 0xFF, 0xFF, 0xF7, 0x00, 0x00, 0x00, 0x00, 0x00, 0x00, 0x00, 0x00, 0x00, 0x01, 0xEF, 0xFF,
  0xFF, 0x70, 0x00, 0x00, 0x00, 0x00, 0x00, 0x00, 0x00, 0x00, 0x00, 0x1E, 0xFF, 0xFF, 0xF7, 0x00,
  0x00, 0x00, 0x00, 0x00, 0x00, 0x00, 0x00, 0x00, 0x01, 0xEF, 0xFF, 0xFF, 0x70, 0x00, 0x00, 0x00,
  0x00, 0x00, 0x00, 0x00, 0x00, 0x00, 0x1E, 0xFF, 0xFF, 0xF7, 0x00, 0x00, 0x00, 0x00, 0x00, 0x02,
  0x57, 0x76, 0x30, 0x01, 0xEF, 0xFF, 0xFF, 0x70, 0x00, 0x00, 0x00, 0x00, 0x2A, 0xEF, 0xFF, 0xFF,
  0xC4, 0x0E, 0xFF, 0xFF, 0xF7, 0x00, 0x00, 0x00, 0x00, 0x4E, 0xFF, 0xFF, 0xFF, 0xFF, 0xF6, 0xEF,
  0xFF, 0xFF, 0x70, 0x00, 0x00, 0x00, 0x3E, 0xFF, 0xFF, 0xFF, 0xFF, 0xFF, 0xFF, 0xFF, 0xFF, 0xF7,
  0x00, 0x00, 0x00, 0x0C, 0xFF, 0xFF, 0xFF, 0xFC, 0xBD, 0xFF, 0xFF, 0xFF, 0xFF, 0x70, 0x00, 0x00,
  0x06, 0xFF, 0xFF, 0xFF, 0xD4, 0x00, 0x19, 0xFF, 0xFF, 0xFF, 0xF7, 0x00, 0x00, 0x00, 0xBF, 0xFF,
  0xFF, 0xF4, 0x00, 0x00, 0x0B, 0xFF, 0xFF, 0xFF, 0x70, 0x00, 0x00, 0x2E, 0xFF, 0xFF, 0xFB, 0x00,
  0x00, 0x00, 0x4F, 0xFF, 0xFF, 0xF7, 0x00, 0x00, 0x04, 0xFF, 0xFF, 0xFF, 0x80, 0x00, 0x00, 0x02,
  0xEF, 0xFF, 0xFF, 0x70, 0x00, 0x00, 0x6F, 0xFF, 0xFF, 0xF8, 0x00, 0x00, 0x00, 0x1E, 0xFF, 0xFF,
  0xF7, 0x00, 0x00, 0x07, 0xFF, 0xFF, 0xFF, 0x80, 0x00, 0x00, 0x01, 0xEF, 0xFF, 0xFF, 0x70, 0x00,
  0x00, 0x8F, 0xFF, 0xFF, 0xF8, 0x00, 0x00, 0x00, 0x1E, 0xFF, 0xFF, 0xF7, 0x00, 0x00, 0x07, 0xFF,
  0xFF, 0xFF, 0x80, 0x00, 0x00, 0x01, 0xEF, 0xFF, 0xFF, 0x70, 0x00, 0x00, 0x7F, 0xFF, 0xFF, 0xF8,
  0x00, 0x00, 0x00, 0x1E, 0xFF, 0xFF, 0xF7, 0x00, 0x00, 0x05, 0xFF, 0xFF, 0xFF, 0x80, 0x00, 0x00,
  0x01, 0xEF, 0xFF, 0xFF, 0x70, 0x00, 0x00, 0x3F, 0xFF, 0xFF, 0xFA, 0x00, 0x00, 0x00, 0x3F, 0xFF,
  0xFF, 0xF7, 0x00, 0x00, 0x01, 0xDF, 0xFF, 0xFF, 0xE1, 0x00, 0x00, 0x07, 0xFF, 0xFF, 0xFF, 0x70,
  0x00, 0x00, 0x09, 0xFF, 0xFF, 0xFF, 0x90, 0x00, 0x03, 0xEF, 0xFF, 0xFF, 0xF7, 0x00, 0x00, 0x00,
  0x3F, 0xFF, 0xFF, 0xFF, 0xA5, 0x47, 0xEF, 0xFF, 0xFF, 0xFF, 0x70, 0x00, 0x00, 0x00, 0x9F, 0xFF,
  0xFF, 0xFF, 0xFF, 0xFF, 0xFF, 0xFF, 0xFF, 0xF7, 0x00, 0x00, 0x00, 0x01, 0xCF, 0xFF, 0xFF, 0xFF,
  0xFF, 0xFD, 0x5E, 0xFF, 0xEF, 0x70, 0x00, 0x00, 0x00, 0x01, 0xAF, 0xFF, 0xFF, 0xFF, 0xFC, 0x20,
  0xDF, 0xFF, 0xF8, 0x00, 0x00, 0x00, 0x00, 0x00, 0x49, 0xCE, 0xED, 0xA5, 0x00, 0x05, 0x77, 0x77,
  0x40, 0x00, 0x00, 0x00, 0x00, 0x00, 0x00, 0x11, 0x00, 0x00, 0x00, 0x00, 0x00, 0x00, 0x00, 0x00,
  0x00, 0x00, 0x00, 0x00, 0x00, 0x01, 0x11, 0x11, 0x00, 0x00, 0x00, 0x00, 0x00, 0x00, 0x00, 0x00,
  0x00, 0x38, 0xBD, 0xEE, 0xED, 0xB7, 0x30, 0x00, 0x00, 0x00, 0x00, 0x00, 0x00, 0x3B, 0xFF, 0xFF,
  0xFF, 0xFF, 0xFF, 0xF9, 0x10, 0x00, 0x00, 0x00, 0x00, 0x05, 0xEF, 0xFF, 0xFF, 0xFF, 0xFF, 0xFF,
  0xFF, 0xC2, 0x00, 0x00, 0x00, 0x00, 0x4F, 0xFF, 0xFF, 0xFF, 0xFE, 0xFF, 0xFF, 0xFF, 0xFB, 0x00,
  0x00, 0x00, 0x01, 0xEF, 0xFF, 0xFF, 0xF8, 0x43, 0x5B, 0xFF, 0xFF, 0xFF, 0x60, 0x00, 0x00, 0x08,
  0xFF, 0xFF, 0xFF, 0x50, 0x00, 0x00, 0xAF, 0xFF, 0xFF, 0xD1, 0x00, 0x00, 0x1D, 0xFF, 0xFF, 0xFB,
  0x00, 0x00, 0x10, 0x3F, 0xFF, 0xFF, 0xF4, 0x00, 0x00, 0x4F, 0xFF, 0xFF, 0xF6, 0x00, 0x00, 0x00,
  0x0D, 0xFF, 0xFF, 0xF6, 0x00, 0x00, 0x6F, 0xFF, 0xFF, 0xF7, 0x33, 0x33, 0x33, 0x3D, 0xFF, 0xFF,
  0xF8, 0x00, 0x00, 0x8F, 0xFF, 0xFF, 0xFF, 0xFF, 0xFF, 0xFF, 0xFF, 0xFF, 0xFF, 0xF8, 0x00, 0x00,
  0x8F, 0xFF, 0xFF, 0xFF, 0xFF, 0xFF, 0xFF, 0xFF, 0xFF, 0xFF, 0xF9, 0x00, 0x00, 0x8F, 0xFF, 0xFF,
  0xFC, 0xBB, 0xBB, 0xBB, 0xBB, 0xBB, 0xBB, 0xB6, 0x00, 0x00, 0x8F, 0xFF, 0xFF, 0xF5, 0x00, 0x00,
  0x00, 0x00, 0x00, 0x00, 0x00, 0x00, 0x00, 0x6F, 0xFF, 0xFF, 0xF7, 0x00, 0x00, 0x00, 0x02, 0x66,
  0x66, 0x63, 0x00, 0x00, 0x4F, 0xFF, 0xFF, 0xFA, 0x00, 0x00, 0x00, 0x06, 0xFF, 0xFF, 0xF8, 0x00,
  0x00, 0x1D, 0xFF, 0xFF, 0xFD, 0x10, 0x00, 0x00, 0x0A, 0xFF, 0xFF, 0xF5, 0x00, 0x00, 0x08, 0xFF,
  0xFF, 0xFF, 0x80, 0x00, 0x00, 0x5F, 0xFF, 0xFF, 0xE1, 0x00, 0x00, 0x02, 0xEF, 0xFF, 0xFF, 0xF9,
  0x43, 0x48, 0xFF, 0xFF, 0xFF, 0x80, 0x00, 0x00, 0x00, 0x5F, 0xFF, 0xFF, 0xFF, 0xFE, 0xFF, 0xFF,
  0xFF, 0xFC, 0x10, 0x00, 0x00, 0x00, 0x06, 0xEF, 0xFF, 0xFF, 0xFF, 0xFF, 0xFF, 0xFF, 0xC1, 0x00,
  0x00, 0x00, 0x00, 0x00, 0x3B, 0xFF, 0xFF, 0xFF, 0xFF, 0xFF, 0xE8, 0x00, 0x00, 0x00, 0x00, 0x00,
  0x00, 0x00, 0x48, 0xBD, 0xEE, 0xEC, 0xA6, 0x20, 0x00, 0x00, 0x00, 0x00, 0x00, 0x00, 0x00, 0x00,
  0x01, 0x11, 0x10, 0x00, 0x00, 0x00, 0x00, 0x00, 0x00, 0x00, 0x00, 0x00, 0x00, 0x00, 0x00, 0x00,
  0x00, 0x00, 0x00, 0x00, 0x00, 0x58, 0xAB, 0xA8, 0x62, 0x00, 0x00, 0x00, 0x00, 0x3C, 0xFF, 0xFF,
  0xFF, 0xFE, 0x10, 0x00, 0x00, 0x02, 0xEF, 0xFF, 0xFF, 0xFE, 0xFF, 0x10, 0x00, 0x00, 0x0A, 0xFF,
  0xFF, 0xFF, 0xFF, 0xFF, 0x10, 0x00, 0x00, 0x1D, 0xFF, 0xFF, 0xFF, 0xB8, 0xAC, 0x10, 0x00, 0x00,
  0x2F, 0xFF, 0xFF, 0xF8, 0x00, 0x00, 0x00, 0x00, 0x00, 0x2F, 0xFF, 0xFF, 0xF3, 0x00, 0x00, 0x00,
  0x00, 0x00, 0x2F, 0xFF, 0xFF, 0xF3, 0x00, 0x00, 0x00, 0x00, 0x00, 0x1F, 0xFF, 0xFF, 0xF2, 0x00,
  0x00, 0x00, 0x00, 0x47, 0x8F, 0xFF, 0xFF, 0xF9, 0x78, 0x77, 0x10, 0x00, 0x9F, 0xFF, 0xFF, 0xFF,
  0xFF, 0xFF, 0xFF, 0x10, 0x00, 0x8F, 0xFF, 0xFF, 0xFF, 0xFF, 0xFF, 0xFE, 0x10, 0x00, 0x8F, 0xFF,
  0xFF, 0xFF, 0xFF, 0xFF, 0xFE, 0x10, 0x00, 0x9F, 0xFF, 0xFF, 0xFF, 0xFF, 0xFF, 0xFF, 0x10, 0x00,
  0x47, 0x8F, 0xFF, 0xFF, 0xF9, 0x78, 0x77, 0x10, 0x00, 0x00, 0x1F, 0xFF, 0xFF, 0xF2, 0x00, 0x00,
  0x00, 0x00, 0x00, 0x2F, 0xFF, 0xFF, 0xF3, 0x00, 0x00, 0x00, 0x00, 0x00, 0x2F, 0xFF, 0xFF, 0xF3,
  0x00, 0x00, 0x00, 0x00, 0x00, 0x2F, 0xFF, 0xFF, 0xF3, 0x00, 0x00, 0x00, 0x00, 0x00, 0x2F, 0xFF,
  0xFF, 0xF3, 0x00, 0x00, 0x00, 0x00, 0x00, 0x2F, 0xFF, 0xFF, 0xF3, 0x00, 0x00, 0x00, 0x00, 0x00,
  0x2F, 0xFF, 0xFF, 0xF3, 0x00, 0x00, 0x00, 0x00, 0x00, 0x2F, 0xFF, 0xFF, 0xF3, 0x00, 0x00, 0x00,
  0x00, 0x00, 0x2F, 0xFF, 0xFF, 0xF3, 0x00, 0x00, 0x00, 0x00, 0x00, 0x2F, 0xFF, 0xFF, 0xF3, 0x00,
  0x00, 0x00, 0x00, 0x00, 0x2F, 0xFF, 0xFF, 0xF3, 0x00, 0x00, 0x00, 0x00, 0x00, 0x2F, 0xFF, 0xFF,
  0xF3, 0x00, 0x00, 0x00, 0x00, 0x00, 0x2F, 0xFF, 0xFF, 0xF3, 0x00, 0x00, 0x00, 0x00, 0x00, 0x2F,
  0xFF, 0xFF, 0xF3, 0x00, 0x00, 0x00, 0x00, 0x00, 0x2F, 0xFF, 0xFF, 0xF3, 0x00, 0x00, 0x00, 0x00,
  0x00, 0x2E, 0xEE, 0xEE, 0xE3, 0x00, 0x00, 0x00, 0x00, 0x00, 0x01, 0x11, 0x11, 0x10, 0x00, 0x00,
  0x00, 0x00, 0x00, 0x00, 0x00, 0x00, 0x00, 0x00, 0x00, 0x00, 0x1A, 0xFF, 0xFF, 0xE1, 0x00, 0x00,
  0x00, 0x00, 0x00, 0x14, 0x66, 0x66, 0x53, 0x3B, 0xFF, 0xFF, 0xF7, 0x00, 0x00, 0x00, 0x00, 0x05,
  0xBE, 0xFF, 0xFF, 0xFF, 0xFF, 0xFF, 0xFF, 0xE7, 0x00, 0x00, 0x00, 0x00, 0x1A, 0xFF, 0xFF, 0xFF,
  0xFF, 0xFF, 0xFF, 0xFF, 0x83, 0x00, 0x00, 0x00, 0x00, 0x1C, 0xFF, 0xFF, 0xFF, 0xFF, 0xFF, 0xFF,
  0xFF, 0xF7, 0x00, 0x00, 0x00, 0x00, 0x09, 0xFF, 0xFF, 0xFF, 0xA4, 0x24, 0xAF, 0xFF, 0xFF, 0xF4,
  0x00, 0x00, 0x00, 0x02, 0xEF, 0xFF, 0xFF, 0xA0, 0x00, 0x00, 0xAF, 0xFF, 0xFF, 0xA0, 0x00, 0x00,
  0x00, 0x6F, 0xFF, 0xFF, 0xF2, 0x00, 0x00, 0x03, 0xFF, 0xFF, 0xFD, 0x00, 0x00, 0x00, 0x07, 0xFF,
  0xFF, 0xFE, 0x10, 0x00, 0x00, 0x1E, 0xFF, 0xFF, 0xE1, 0x00, 0x00, 0x00, 0x7F, 0xFF, 0xFF, 0xF3,
  0x00, 0x00, 0x03, 0xFF, 0xFF, 0xFD, 0x00, 0x00, 0x00, 0x03, 0xFF, 0xFF, 0xFF, 0xB1, 0x00, 0x01,
  0xBF, 0xFF, 0xFF, 0x90, 0x00, 0x00, 0x00, 0x0A, 0xFF, 0xFF, 0xFF, 0xC6, 0x46, 0xCF, 0xFF, 0xFF,
  0xE2, 0x00, 0x00, 0x00, 0x00, 0x1B, 0xFF, 0xFF, 0xFF, 0xFF, 0xFF, 0xFF, 0xFF, 0xF6, 0x00, 0x00,
  0x00, 0x00, 0x00, 0x1B, 0xFF, 0xFF, 0xFF, 0xFF, 0xFF, 0xFF, 0xE5, 0x00, 0x00, 0x00, 0x00, 0x00,
  0x3B, 0xFF, 0xFF, 0xFF, 0xFF, 0xFF, 0xEC, 0x82, 0x00, 0x00, 0x00, 0x00, 0x00, 0x2E, 0xFF, 0xFF,
  0xD6, 0x44, 0x44, 0x32, 0x00, 0x00, 0x00, 0x00, 0x00, 0x00, 0x0A, 0xFF, 0xFF, 0xF2, 0x00, 0x00,
  0x00, 0x00, 0x00, 0x00, 0x00, 0x00, 0x00, 0x01, 0xEF, 0xFF, 0xFF, 0x20, 0x00, 0x00, 0x00, 0x00,
  0x00, 0x00, 0x00, 0x00, 0x00, 0x1E, 0xFF, 0xFF, 0xFC, 0x53, 0x33, 0x33, 0x33, 0x33, 0x20, 0x00,
  0x00, 0x00, 0x00, 0xBF, 0xFF, 0xFF, 0xFF, 0xFF, 0xFF, 0xFF, 0xFF, 0xFE, 0xB5, 0x00, 0x00, 0x00,
  0x04, 0xFF, 0xFF, 0xFF, 0xFF, 0xFF, 0xFF, 0xFF, 0xFF, 0xFF, 0xF8, 0x00, 0x00, 0x00, 0x07, 0xFF,
  0xFF, 0xFF, 0xFF, 0xFF, 0xFF, 0xFF, 0xFF, 0xFF, 0xF6, 0x00, 0x00, 0x03, 0xCF, 0xFF, 0xFF, 0xFF,
  0xFF, 0xFF, 0xFF, 0xFF, 0xFF, 0xFF, 0xE1, 0x00, 0x01, 0xDF, 0xFF, 0xFC, 0x65, 0x55, 0x55, 0x55,
  0x6B, 0xFF, 0xFF, 0xFF, 0x50, 0x00, 0x8F, 0xFF, 0xFC, 0x00, 0x00, 0x00, 0x00, 0x00, 0x0B, 0xFF,
  0xFF, 0xF7, 0x00, 0x0C, 0xFF, 0xFF, 0x70, 0x10, 0x00, 0x00, 0x00, 0x10, 0x7F, 0xFF, 0xFF, 0x70,
  0x01, 0xEF, 0xFF, 0xFB, 0x00, 0x00, 0x00, 0x00, 0x00, 0x0C, 0xFF, 0xFF, 0xF5, 0x00, 0x0D, 0xFF,
  0xFF, 0xFB, 0x65, 0x55, 0x55, 0x55, 0x6B, 0xFF, 0xFF, 0xFE, 0x20, 0x00, 0xAF, 0xFF, 0xFF, 0xFF,
  0xFF, 0xFF, 0xFF, 0xFF, 0xFF, 0xFF, 0xFF, 0x80, 0x00, 0x03, 0xEF, 0xFF, 0xFF, 0xFF, 0xFF, 0xFF,
  0xFF, 0xFF, 0xFF, 0xFF, 0xC1, 0x00, 0x00, 0x05, 0xEF, 0xFF, 0xFF, 0xFF, 0xFF, 0xFF, 0xFF, 0xFF,
  0xFF, 0xA1, 0x00, 0x00, 0x00, 0x03, 0x9D, 0xEE, 0xEE, 0xEE, 0xEE, 0xEE, 0xEE, 0xD9, 0x40, 0x00,
  0x00, 0x00, 0x00, 0x00, 0x01, 0x11, 0x11, 0x11, 0x11, 0x11, 0x10, 0x00, 0x00, 0x00, 0x00, 0x00,
  0x01, 0x11, 0x11, 0x11, 0x00, 0x00, 0x00, 0x00, 0x00, 0x00, 0x00, 0x00, 0x00, 0x00, 0x7E, 0xEE,
  0xEE, 0xD1, 0x00, 0x00, 0x00, 0x00, 0x00, 0x00, 0x00, 0x00, 0x00, 0x08, 0xFF, 0xFF, 0xFE, 0x10,
  0x00, 0x00, 0x00, 0x00, 0x00, 0x00, 0x00, 0x00, 0x00, 0x7F, 0xFF, 0xFF, 0xE1, 0x00, 0x00, 0x00,
  0x00, 0x00, 0x00, 0x00, 0x00, 0x00, 0x07, 0xFF, 0xFF, 0xFE, 0x10, 0x00, 0x00, 0x00, 0x00, 0x00,
  0x00, 0x00, 0x00, 0x00, 0x7F, 0xFF, 0xFF, 0xE1, 0x00, 0x00, 0x00, 0x00, 0x00, 0x00, 0x00, 0x00,
  0x00, 0x07, 0xFF, 0xFF, 0xFE, 0x10, 0x00, 0x00, 0x00, 0x00, 0x00, 0x00, 0x00, 0x00, 0x00, 0x7F,
  0xFF, 0xFF, 0xE1, 0x00, 0x00, 0x00, 0x00, 0x00, 0x00, 0x00, 0x00, 0x00, 0x07, 0xFF, 0xFF, 0xFE,
  0x10, 0x00, 0x00, 0x00, 0x00, 0x00, 0x00, 0x00, 0x00, 0x00, 0x7F, 0xFF, 0xFF, 0xE1, 0x00, 0x37,
  0x9A, 0x96, 0x20, 0x00, 0x00, 0x00, 0x00, 0x07, 0xFF, 0xFF, 0xFE, 0x01, 0xAF, 0xFF, 0xFF, 0xFE,
  0x80, 0x00, 0x00, 0x00, 0x00, 0x7F, 0xFF, 0xFF, 0xE3, 0xDF, 0xFF, 0xFF, 0xFF, 0xFF, 0xB1, 0x00,
  0x00, 0x00, 0x07, 0xFF, 0xFF, 0xFE, 0xEF, 0xFF, 0xFF, 0xFF, 0xFF, 0xFF, 0x80, 0x00, 0x00, 0x00,
  0x7F, 0xFF, 0xFF, 0xFF, 0xFF, 0xFF, 0xFF, 0xFF, 0xFF, 0xFE, 0x20, 0x00, 0x00, 0x07, 0xFF, 0xFF,
  0xFF, 0xFE, 0x74, 0x6B, 0xFF, 0xFF, 0xFF, 0xF5, 0x00, 0x00, 0x00, 0x7F, 0xFF, 0xFF, 0xFD, 0x20,
  0x00, 0x0A, 0xFF, 0xFF, 0xFF, 0x70, 0x00, 0x00, 0x07, 0xFF, 0xFF, 0xFF, 0x50, 0x00, 0x00, 0x3F,
  0xFF, 0xFF, 0xF7, 0x00, 0x00, 0x00, 0x7F, 0xFF, 0xFF, 0xE1, 0x00, 0x00, 0x01, 0xEF, 0xFF, 0xFF,
  0x70, 0x00, 0x00, 0x07, 0xFF, 0xFF, 0xFE, 0x10, 0x00, 0x00, 0x1E, 0xFF, 0xFF, 0xF7, 0x00, 0x00,
  0x00, 0x7F, 0xFF, 0xFF, 0xE1, 0x00, 0x00, 0x01, 0xEF, 0xFF, 0xFF, 0x70, 0x00, 0x00, 0x07, 0xFF,
  0xFF, 0xFE, 0x10, 0x00, 0x00, 0x1E, 0xFF, 0xFF, 0xF7, 0x00, 0x00, 0x00, 0x7F, 0xFF, 0xFF, 0xE1,
  0x00, 0x00, 0x01, 0xEF, 0xFF, 0xFF, 0x70, 0x00, 0x00, 0x07, 0xFF, 0xFF, 0xFE, 0x10, 0x00, 0x00,
  0x1E, 0xFF, 0xFF, 0xF7, 0x00, 0x00, 0x00, 0x7F, 0xFF, 0xFF, 0xE1, 0x00, 0x00, 0x01, 0xEF, 0xFF,
  0xFF, 0x70, 0x00, 0x00, 0x07, 0xFF, 0xFF, 0xFE, 0x10, 0x00, 0x00, 0x1E, 0xFF, 0xFF, 0xF7, 0x00,
  0x00, 0x00, 0x7F, 0xFF, 0xFF, 0xE1, 0x00, 0x00, 0x01, 0xEF, 0xFF, 0xFF, 0x70, 0x00, 0x00, 0x07,
  0xFF, 0xFF, 0xFE, 0x10, 0x00, 0x00, 0x1E, 0xFF, 0xFF, 0xF7, 0x00, 0x00, 0x00, 0x7F, 0xFF, 0xFF,
  0xE1, 0x00, 0x00, 0x01, 0xEF, 0xFF, 0xFF, 0x70, 0x00, 0x00, 0x07, 0xFF, 0xFF, 0xFE, 0x10, 0x00,
  0x00, 0x1E, 0xFF, 0xFF, 0xF7, 0x00, 0x00, 0x00, 0x8F, 0xFF, 0xFF, 0xE1, 0x00, 0x00, 0x01, 0xEF,
  0xFF, 0xFF, 0x80, 0x00, 0x00, 0x07, 0xEE, 0xEE, 0xED, 0x10, 0x00, 0x00, 0x1D, 0xEE, 0xEE, 0xE7,
  0x00, 0x00, 0x00, 0x11, 0x11, 0x11, 0x10, 0x00, 0x00, 0x00, 0x11, 0x11, 0x11, 0x10, 0x00, 0x00,
  0x00, 0x11, 0x11, 0x11, 0x10, 0x00, 0x00, 0x01, 0xDE, 0xEE, 0xEE, 0x70, 0x00, 0x00, 0x01, 0xEF,
  0xFF, 0xFF, 0x80, 0x00, 0x00, 0x01, 0xEF, 0xFF, 0xFF, 0x70, 0x00, 0x00, 0x01, 0xFF, 0xFF, 0xFF,
  0x80, 0x00, 0x00, 0x01, 0xDD, 0xDD, 0xDD, 0x70, 0x00, 0x00, 0x00, 0x00, 0x00, 0x00, 0x00, 0x00,
  0x00, 0x00, 0x00, 0x00, 0x00, 0x00, 0x00, 0x00, 0x00, 0x00, 0x00, 0x00, 0x00, 0x00, 0x00, 0x00,
  0x22, 0x22, 0x22, 0x10, 0x00, 0x00, 0x01, 0xFF, 0xFF, 0xFF, 0x80, 0x00, 0x00, 0x01, 0xEF, 0xFF,
  0xFF, 0x70, 0x00, 0x00, 0x01, 0xEF, 0xFF, 0xFF, 0x70, 0x00, 0x00, 0x01, 0xEF, 0xFF, 0xFF, 0x70,
  0x00, 0x00, 0x01, 0xEF, 0xFF, 0xFF, 0x70, 0x00, 0x00, 0x01, 0xEF, 0xFF, 0xFF, 0x70, 0x00, 0x00,
  0x01, 0xEF, 0xFF, 0xFF, 0x70, 0x00, 0x00, 0x01, 0xEF, 0xFF, 0xFF, 0x70, 0x00, 0x00, 0x01, 0xEF,
  0xFF, 0xFF, 0x70, 0x00, 0x00, 0x01, 0xEF, 0xFF, 0xFF, 0x70, 0x00, 0x00, 0x01, 0xEF, 0xFF, 0xFF,
  0x70, 0x00, 0x00, 0x01, 0xEF, 0xFF, 0xFF, 0x70, 0x00, 0x00, 0x01, 0xEF, 0xFF, 0xFF, 0x70, 0x00,
  0x00, 0x01, 0xEF, 0xFF, 0xFF, 0x70, 0x00, 0x00, 0x01, 0xEF, 0xFF, 0xFF, 0x70, 0x00, 0x00, 0x01,
  0xEF, 0xFF, 0xFF, 0x70, 0x00, 0x00, 0x01, 0xEF, 0xFF, 0xFF, 0x70, 0x00, 0x00, 0x01, 0xEF, 0xFF,
  0xFF, 0x70, 0x00, 0x00, 0x01, 0xEF, 0xFF, 0xFF, 0x70, 0x00, 0x00, 0x01, 0xEF, 0xFF, 0xFF, 0x80,
  0x00, 0x00, 0x01, 0xDE, 0xEE, 0xEE, 0x70, 0x00, 0x00, 0x00, 0x11, 0x11, 0x11, 0x10, 0x00, 0x00,
  0x00, 0x00, 0x77, 0x77, 0x77, 0x40, 0x00, 0x00, 0x00, 0x01, 0xFF, 0xFF, 0xFF, 0x80, 0x00, 0x00,
  0x00, 0x01, 0xEF, 0xFF, 0xEF, 0x70, 0x00, 0x00, 0x00, 0x01, 0xEF, 0xFF, 0xFF, 0x70, 0x00, 0x00,
  0x00, 0x01, 0xEF, 0xFF, 0xFF, 0x70, 0x00, 0x00, 0x00, 0x01, 0xEF, 0xFF, 0xFF, 0x70, 0x00, 0x00,
  0x00, 0x01, 0xEF, 0xFF, 0xFF, 0x70, 0x00, 0x00, 0x00, 0x01, 0xEF, 0xFF, 0xFF, 0x70, 0x00, 0x00,
  0x00, 0x01, 0xEF, 0xFF, 0xFF, 0x70, 0x00, 0x00, 0x00, 0x01, 0xEF, 0xFF, 0xFF, 0x70, 0x00, 0x00,
  0x00, 0x01, 0xEF, 0xFF, 0xFF, 0x70, 0x00, 0x00, 0x00, 0x01, 0xEF, 0xFF, 0xFF, 0x70, 0x00, 0x00,
  0x00, 0x01, 0xEF, 0xFF, 0xFF, 0x70, 0x00, 0x00, 0x00, 0x01, 0xEF, 0xFF, 0xFF, 0x70, 0x00, 0x00,
  0x00, 0x01, 0xEF, 0xFF, 0xFF, 0x70, 0x00, 0x00, 0x00, 0x01, 0xEF, 0xFF, 0xFF, 0x70, 0x00, 0x00,
  0x00, 0x01, 0xEF, 0xFF, 0xFF, 0x70, 0x00, 0x00, 0x00, 0x01, 0xEF, 0xFF, 0xFF, 0x70, 0x00, 0x00,
  0x00, 0x01, 0xEF, 0xFF, 0xFF, 0x70, 0x00, 0x00, 0x00, 0x01, 0xEF, 0xFF, 0xFF, 0x70, 0x00, 0x00,
  0x00, 0x01, 0xEF, 0xFF, 0xFF, 0x70, 0x00, 0x00, 0x00, 0x01, 0xEF, 0xFF, 0xFF, 0x70, 0x00, 0x00,
  0x00, 0x01, 0xEF, 0xFF, 0xFF, 0x70, 0x00, 0x00, 0x00, 0x01, 0xEF, 0xFF, 0xFF, 0x70, 0x00, 0x00,
  0x00, 0x04, 0xFF, 0xFF, 0xFF, 0x70, 0x00, 0x19, 0x64, 0x6D, 0xFF, 0xFF, 0xFF, 0x50, 0x00, 0x1F,
  0xFF, 0xFF, 0xFF, 0xFF, 0xFE, 0x10, 0x00, 0x1E, 0xFF, 0xFF, 0xFF, 0xFF, 0xF7, 0x00, 0x00, 0x1F,
  0xFF, 0xFF, 0xFF, 0xFF, 0x80, 0x00, 0x00, 0x05, 0x9B, 0xDE, 0xEC, 0x94, 0x00, 0x00, 0x00, 0x00,
  0x00, 0x11, 0x10, 0x00, 0x00, 0x00, 0x00, 0x00, 0x01, 0x11, 0x11, 0x11, 0x00, 0x00, 0x00, 0x00,
  0x00, 0x00, 0x00, 0x00, 0x00, 0x08, 0xEE, 0xEE, 0xEB, 0x00, 0x00, 0x00, 0x00, 0x00, 0x00, 0x00,
  0x00, 0x00, 0x09, 0xFF, 0xFF, 0xFC, 0x00, 0x00, 0x00, 0x00, 0x00, 0x00, 0x00, 0x00, 0x00, 0x09,
  0xFF, 0xFF, 0xFC, 0x00, 0x00, 0x00, 0x00, 0x00, 0x00, 0x00, 0x00, 0x00, 0x09, 0xFF, 0xFF, 0xFC,
  0x00, 0x00, 0x00, 0x00, 0x00, 0x00, 0x00, 0x00, 0x00, 0x09, 0xFF, 0xFF, 0xFC, 0x00, 0x00, 0x00,
  0x00, 0x00, 0x00, 0x00, 0x00, 0x00, 0x09, 0xFF, 0xFF, 0xFC, 0x00, 0x00, 0x00, 0x00, 0x00, 0x00,
  0x00, 0x00, 0x00, 0x09, 0xFF, 0xFF, 0xFC, 0x00, 0x00, 0x00, 0x00, 0x00, 0x00, 0x00, 0x00, 0x00,
  0x09, 0xFF, 0xFF, 0xFC, 0x00, 0x00, 0x00, 0x00, 0x00, 0x00, 0x00, 0x00, 0x00, 0x09, 0xFF, 0xFF,
  0xFC, 0x00, 0x00, 0x00, 0x02, 0x22, 0x22, 0x23, 0x10, 0x00, 0x09, 0xFF, 0xFF, 0xFC, 0x00, 0x00,
  0x00, 0x7F, 0xFF, 0xFF, 0xFD, 0x20, 0x00, 0x09, 0xFF, 0xFF, 0xFC, 0x00, 0x00, 0x04, 0xFF, 0xFF,
  0xFF, 0xE3, 0x00, 0x00, 0x09, 0xFF, 0xFF, 0xFC, 0x00, 0x00, 0x2D, 0xFF, 0xFF, 0xFF, 0x50, 0x00,
  0x00, 0x09, 0xFF, 0xFF, 0xFC, 0x00, 0x00, 0xBF, 0xFF, 0xFF, 0xF8, 0x00, 0x00, 0x00, 0x09, 0xFF,
  0xFF, 0xFC, 0x00, 0x08, 0xFF, 0xFF, 0xFF, 0xA0, 0x00, 0x00, 0x00, 0x09, 0xFF, 0xFF, 0xFC, 0x00,
  0x5F, 0xFF, 0xFF, 0xFC, 0x10, 0x00, 0x00, 0x00, 0x09, 0xFF, 0xFF, 0xFC, 0x02, 0xEF, 0xFF, 0xFF,
  0xE3, 0x00, 0x00, 0x00, 0x00, 0x09, 0xFF, 0xFF, 0xFC, 0x0C, 0xFF, 0xFF, 0xFF, 0x50, 0x00, 0x00,
  0x00, 0x00, 0x09, 0xFF, 0xFF, 0xFC, 0x8F, 0xFF, 0xFF, 0xF7, 0x00, 0x00, 0x00, 0x00, 0x00, 0x09,
  0xFF, 0xFF, 0xFF, 0xFF, 0xFF, 0xFF, 0xC0, 0x00, 0x00, 0x00, 0x00, 0x00, 0x09, 0xFF, 0xFF, 0xFF,
  0xFF, 0xFF, 0xFF, 0xF6, 0x00, 0x00, 0x00, 0x00, 0x00, 0x09, 0xFF, 0xFF, 0xFF, 0xFF, 0xFF, 0xFF,
  0xFE, 0x20, 0x00, 0x00, 0x00, 0x00, 0x09, 0xFF, 0xFF, 0xFF, 0xFF, 0xFF, 0xFF, 0xFF, 0xB0, 0x00,
  0x00, 0x00, 0x00, 0x09, 0xFF, 0xFF, 0xFF, 0xFF, 0xFF, 0xFF, 0xFF, 0xF7, 0x00, 0x00, 0x00, 0x00,
  0x09, 0xFF, 0xFF, 0xFF, 0xF7, 0x8F, 0xFF, 0xFF, 0xFF, 0x30, 0x00, 0x00, 0x00, 0x09, 0xFF, 0xFF,
  0xFF, 0x70, 0x0C, 0xFF, 0xFF, 0xFF, 0xC1, 0x00, 0x00, 0x00, 0x09, 0xFF, 0xFF, 0xFC, 0x00, 0x02,
  0xEF, 0xFF, 0xFF, 0xF8, 0x00, 0x00, 0x00, 0x09, 0xFF, 0xFF, 0xFC, 0x00, 0x00, 0x6F, 0xFF, 0xFF,
  0xFF, 0x40, 0x00, 0x00, 0x09, 0xFF, 0xFF, 0xFC, 0x00, 0x00, 0x0A, 0xFF, 0xFF, 0xFF, 0xD1, 0x00,
  0x00, 0x09, 0xFF, 0xFF, 0xFC, 0x00, 0x00, 0x01, 0xEF, 0xFF, 0xFF, 0xFA, 0x00, 0x00, 0x08, 0xEE,
  0xEE, 0xEB, 0x00, 0x00, 0x00, 0x5E, 0xEE, 0xEE, 0xEE, 0x50, 0x00, 0x01, 0x11, 0x11, 0x11, 0x00,
  0x00, 0x00, 0x01, 0x11, 0x11, 0x11, 0x10, 0x00, 0x00, 0x11, 0x11, 0x11, 0x00, 0x00, 0x00, 0x05,
  0xEE, 0xEE, 0xEE, 0x50, 0x00, 0x00, 0x06, 0xFF, 0xFF, 0xFF, 0x60, 0x00, 0x00, 0x05, 0xFF, 0xFF,
  0xFF, 0x50, 0x00, 0x00, 0x05, 0xFF, 0xFF, 0xFF, 0x50, 0x00, 0x00, 0x05, 0xFF, 0xFF, 0xFF, 0x50,
  0x00, 0x00, 0x05, 0xFF, 0xFF, 0xFF, 0x50, 0x00, 0x00, 0x05, 0xFF, 0xFF, 0xFF, 0x50, 0x00, 0x00,
  0x05, 0xFF, 0xFF, 0xFF, 0x50, 0x00, 0x00, 0x05, 0xFF, 0xFF, 0xFF, 0x50, 0x00, 0x00, 0x05, 0xFF,
  0xFF, 0xFF, 0x50, 0x00, 0x00, 0x05, 0xFF, 0xFF, 0xFF, 0x50, 0x00, 0x00, 0x05, 0xFF, 0xFF, 0xFF,
  0x50, 0x00, 0x00, 0x05, 0xFF, 0xFF, 0xFF, 0x50, 0x00, 0x00, 0x05, 0xFF, 0xFF, 0xFF, 0x50, 0x00,
  0x00, 0x05, 0xFF, 0xFF, 0xFF, 0x50, 0x00, 0x00, 0x05, 0xFF, 0xFF, 0xFF, 0x50, 0x00, 0x00, 0x05,
  0xFF, 0xFF, 0xFF, 0x50, 0x00, 0x00, 0x05, 0xFF, 0xFF, 0xFF, 0x50, 0x00, 0x00, 0x05, 0xFF, 0xFF,
  0xFF, 0x50, 0x00, 0x00, 0x05, 0xFF, 0xFF, 0xFF, 0x50, 0x00, 0x00, 0x05, 0xFF, 0xFF, 0xFF, 0x50,
  0x00, 0x00, 0x05, 0xFF, 0xFF, 0xFF, 0x50, 0x00, 0x00, 0x05, 0xFF, 0xFF, 0xFF, 0x50, 0x00, 0x00,
  0x05, 0xFF, 0xFF, 0xFF, 0x50, 0x00, 0x00, 0x05, 0xFF, 0xFF, 0xFF, 0x50, 0x00, 0x00, 0x05, 0xFF,
  0xFF, 0xFF, 0x50, 0x00, 0x00, 0x05, 0xFF, 0xFF, 0xFF, 0x50, 0x00, 0x00, 0x05, 0xFF, 0xFF, 0xFF,
  0x50, 0x00, 0x00, 0x06, 0xFF, 0xFF, 0xFF, 0x60, 0x00, 0x00, 0x05, 0xEE, 0xEE, 0xEE, 0x50, 0x00,
  0x00, 0x00, 0x11, 0x11, 0x11, 0x00, 0x00, 0x00, 0x00, 0x00, 0x00, 0x00, 0x00, 0x00, 0x11, 0x00,
  0x00, 0x00, 0x00, 0x00, 0x11, 0x10, 0x00, 0x00, 0x00, 0x00, 0x00, 0x04, 0x77, 0x77, 0x30, 0x01,
  0x7B, 0xDE, 0xDA, 0x60, 0x00, 0x00, 0x6A, 0xDE, 0xDB, 0x72, 0x00, 0x00, 0x00, 0x00, 0x09, 0xFF,
  0xFF, 0x90, 0x2C, 0xFF, 0xFF, 0xFF, 0xFC, 0x20, 0x2C, 0xFF, 0xFF, 0xFF, 0xFE, 0x50, 0x00, 0x00,
  0x00, 0x08, 0xFE, 0xFF, 0xB2, 0xDF, 0xFF, 0xFF, 0xFF, 0xFF, 0xB2, 0xCF, 0xFF, 0xFF, 0xFF, 0xFF,
  0xF4, 0x00, 0x00, 0x00, 0x08, 0xFF, 0xFF, 0xEC, 0xFF, 0xFF, 0xFF, 0xFF, 0xFF, 0xFD, 0xFF, 0xFF,
  0xFF, 0xFF, 0xFF, 0xFC, 0x00, 0x00, 0x00, 0x08, 0xFF, 0xFF, 0xFF, 0xFF, 0xEE, 0xFF, 0xFF, 0xFF,
  0xFF, 0xFF, 0xFE, 0xFF, 0xFF, 0xFF, 0xFF, 0x40, 0x00, 0x00, 0x08, 0xFF, 0xFF, 0xFF, 0xE7, 0x12,
  0x7F, 0xFF, 0xFF, 0xFF, 0xFA, 0x31, 0x5D, 0xFF, 0xFF, 0xFF, 0x70, 0x00, 0x00, 0x08, 0xFF, 0xFF,
  0xFF, 0x70, 0x00, 0x09, 0xFF, 0xFF, 0xFF, 0xB0, 0x00, 0x04, 0xFF, 0xFF, 0xFF, 0x80, 0x00, 0x00,
  0x08, 0xFF, 0xFF, 0xFE, 0x10, 0x00, 0x04, 0xFF, 0xFF, 0xFF, 0x50, 0x00, 0x01, 0xDF, 0xFF, 0xFF,
  0x80, 0x00, 0x00, 0x08, 0xFF, 0xFF, 0xFD, 0x00, 0x00, 0x03, 0xFF, 0xFF, 0xFF, 0x30, 0x00, 0x00,
  0xDF, 0xFF, 0xFF, 0x80, 0x00, 0x00, 0x08, 0xFF, 0xFF, 0xFD, 0x00, 0x00, 0x03, 0xFF, 0xFF, 0xFF,
  0x30, 0x00, 0x00, 0xDF, 0xFF, 0xFF, 0x80, 0x00, 0x00, 0x08, 0xFF, 0xFF, 0xFD, 0x00, 0x00, 0x03,
  0xFF, 0xFF, 0xFF, 0x30, 0x00, 0x00, 0xDF, 0xFF, 0xFF, 0x80, 0x00, 0x00, 0x08, 0xFF, 0xFF, 0xFD,
  0x00, 0x00, 0x03, 0xFF, 0xFF, 0xFF, 0x30, 0x00, 0x00, 0xDF, 0xFF, 0xFF, 0x80, 0x00, 0x00, 0x08,
  0xFF, 0xFF, 0xFD, 0x00, 0x00, 0x03, 0xFF, 0xFF, 0xFF, 0x30, 0x00, 0x00, 0xDF, 0xFF, 0xFF, 0x80,
  0x00, 0x00, 0x08, 0xFF, 0xFF, 0xFD, 0x00, 0x00, 0x03, 0xFF, 0xFF, 0xFF, 0x30, 0x00, 0x00, 0xDF,
  0xFF, 0xFF, 0x80, 0x00, 0x00, 0x08, 0xFF, 0xFF, 0xFD, 0x00, 0x00, 0x03, 0xFF, 0xFF, 0xFF, 0x30,
  0x00, 0x00, 0xDF, 0xFF, 0xFF, 0x80, 0x00, 0x00, 0x08, 0xFF, 0xFF, 0xFD, 0x00, 0x00, 0x03, 0xFF,
  0xFF, 0xFF, 0x30, 0x00, 0x00, 0xDF, 0xFF, 0xFF, 0x80, 0x00, 0x00, 0x08, 0xFF, 0xFF, 0xFD, 0x00,
  0x00, 0x03, 0xFF, 0xFF, 0xFF, 0x30, 0x00, 0x00, 0xDF, 0xFF, 0xFF, 0x80, 0x00, 0x00, 0x08, 0xFF,
  0xFF, 0xFD, 0x00, 0x00, 0x03, 0xFF, 0xFF, 0xFF, 0x30, 0x00, 0x00, 0xDF, 0xFF, 0xFF, 0x80, 0x00,
  0x00, 0x08, 0xFF, 0xFF, 0xFD, 0x00, 0x00, 0x03, 0xFF, 0xFF, 0xFF, 0x30, 0x00, 0x00, 0xDF, 0xFF,
  0xFF, 0x80, 0x00, 0x00, 0x08, 0xFF, 0xFF, 0xFD, 0x00, 0x00, 0x03, 0xFF, 0xFF, 0xFF, 0x30, 0x00,
  0x00, 0xDF, 0xFF, 0xFF, 0x80, 0x00, 0x00, 0x08, 0xFF, 0xFF, 0xFD, 0x00, 0x00, 0x03, 0xFF, 0xFF,
  0xFF, 0x30, 0x00, 0x00, 0xDF, 0xFF, 0xFF, 0x80, 0x00, 0x00, 0x08, 0xEE, 0xEE, 0xEC, 0x00, 0x00,
  0x03, 0xEE, 0xEE, 0xEE, 0x30, 0x00, 0x00, 0xCE, 0xEE, 0xEE, 0x80, 0x00, 0x00, 0x00, 0x11, 0x11,
  0x11, 0x00, 0x00, 0x00, 0x11, 0x11, 0x11, 0x00, 0x00, 0x00, 0x11, 0x11, 0x11, 0x00, 0x00, 0x00,
  0x00, 0x00, 0x00, 0x00, 0x00, 0x00, 0x01, 0x11, 0x00, 0x00, 0x00, 0x00, 0x00, 0x00, 0x47, 0x77,
  0x73, 0x00, 0x04, 0x9C, 0xEE, 0xDA, 0x61, 0x00, 0x00, 0x00, 0x00, 0x08, 0xFF, 0xFF, 0x90, 0x1A,
  0xFF, 0xFF, 0xFF, 0xFF, 0xD3, 0x00, 0x00, 0x00, 0x00, 0x7F, 0xEF, 0xFB, 0x1C, 0xFF, 0xFF, 0xFF,
  0xFF, 0xFF, 0xE3, 0x00, 0x00, 0x00, 0x07, 0xFF, 0xFF, 0xEC, 0xFF, 0xFF, 0xFF, 0xFF, 0xFF, 0xFF,
  0xB0, 0x00, 0x00, 0x00, 0x7F, 0xFF, 0xFF, 0xFF, 0xFF, 0xEF, 0xFF, 0xFF, 0xFF, 0xFF, 0x30, 0x00,
  0x00, 0x07, 0xFF, 0xFF, 0xFF, 0xFB, 0x41, 0x27, 0xFF, 0xFF, 0xFF, 0xF6, 0x00, 0x00, 0x00, 0x7F,
  0xFF, 0xFF, 0xFB, 0x00, 0x00, 0x07, 0xFF, 0xFF, 0xFF, 0x70, 0x00, 0x00, 0x07, 0xFF, 0xFF, 0xFF,
  0x40, 0x00, 0x00, 0x2F, 0xFF, 0xFF, 0xF7, 0x00, 0x00, 0x00, 0x7F, 0xFF, 0xFF, 0xE1, 0x00, 0x00,
  0x01, 0xEF, 0xFF, 0xFF, 0x70, 0x00, 0x00, 0x07, 0xFF, 0xFF, 0xFE, 0x10, 0x00, 0x00, 0x1E, 0xFF,
  0xFF, 0xF7, 0x00, 0x00, 0x00, 0x7F, 0xFF, 0xFF, 0xE1, 0x00, 0x00, 0x01, 0xEF, 0xFF, 0xFF, 0x70,
  0x00, 0x00, 0x07, 0xFF, 0xFF, 0xFE, 0x10, 0x00, 0x00, 0x1E, 0xFF, 0xFF, 0xF7, 0x00, 0x00, 0x00,
  0x7F, 0xFF, 0xFF, 0xE1, 0x00, 0x00, 0x01, 0xEF, 0xFF, 0xFF, 0x70, 0x00, 0x00, 0x07, 0xFF, 0xFF,
  0xFE, 0x10, 0x00, 0x00, 0x1E, 0xFF, 0xFF, 0xF7, 0x00, 0x00, 0x00, 0x7F, 0xFF, 0xFF, 0xE1, 0x00,
  0x00, 0x01, 0xEF, 0xFF, 0xFF, 0x70, 0x00, 0x00, 0x07, 0xFF, 0xFF, 0xFE, 0x10, 0x00, 0x00, 0x1E,
  0xFF, 0xFF, 0xF7, 0x00, 0x00, 0x00, 0x7F, 0xFF, 0xFF, 0xE1, 0x00, 0x00, 0x01, 0xEF, 0xFF, 0xFF,
  0x70, 0x00, 0x00, 0x07, 0xFF, 0xFF, 0xFE, 0x10, 0x00, 0x00, 0x1E, 0xFF, 0xFF, 0xF7, 0x00, 0x00,
  0x00, 0x7F, 0xFF, 0xFF, 0xE1, 0x00, 0x00, 0x01, 0xEF, 0xFF, 0xFF, 0x70, 0x00, 0x00, 0x07, 0xFF,
  0xFF, 0xFE, 0x10, 0x00, 0x00, 0x1E, 0xFF, 0xFF, 0xF7, 0x00, 0x00, 0x00, 0x8F, 0xFF, 0xFF, 0xE1,
  0x00, 0x00, 0x01, 0xEF, 0xFF, 0xFF, 0x80, 0x00, 0x00, 0x07, 0xEE, 0xEE, 0xED, 0x10, 0x00, 0x00,
  0x1D, 0xEE, 0xEE, 0xE7, 0x00, 0x00, 0x00, 0x01, 0x11, 0x11, 0x10, 0x00, 0x00, 0x00, 0x11, 0x11,
  0x11, 0x00, 0x00, 0x00, 0x00, 0x00, 0x00, 0x00, 0x01, 0x11, 0x11, 0x00, 0x00, 0x00, 0x00, 0x00,
  0x00, 0x00, 0x00, 0x00, 0x03, 0x7B, 0xDE, 0xEE, 0xDB, 0x73, 0x00, 0x00, 0x00, 0x00, 0x00, 0x00,
  0x00, 0x29, 0xFF, 0xFF, 0xFF, 0xFF, 0xFF, 0xF9, 0x20, 0x00, 0x00, 0x00, 0x00, 0x00, 0x3D, 0xFF,
  0xFF, 0xFF, 0xFF, 0xFF, 0xFF, 0xFD, 0x30, 0x00, 0x00, 0x00, 0x00, 0x2E, 0xFF, 0xFF, 0xFF, 0xFE,
  0xFF, 0xFF, 0xFF, 0xFE, 0x30, 0x00, 0x00, 0x00, 0x0C, 0xFF, 0xFF, 0xFF, 0xA4, 0x34, 0xAF, 0xFF,
  0xFF, 0xFC, 0x10, 0x00, 0x00, 0x06, 0xFF, 0xFF, 0xFF, 0x90, 0x00, 0x00, 0x8F, 0xFF, 0xFF, 0xF6,
  0x00, 0x00, 0x00, 0xCF, 0xFF, 0xFF, 0xD1, 0x00, 0x00, 0x00, 0xDF, 0xFF, 0xFF, 0xC0, 0x00, 0x00,
  0x2F, 0xFF, 0xFF, 0xF9, 0x00, 0x00, 0x00, 0x09, 0xFF, 0xFF, 0xFF, 0x30, 0x00, 0x05, 0xFF, 0xFF,
  0xFF, 0x80, 0x00, 0x00, 0x00, 0x8F, 0xFF, 0xFF, 0xF5, 0x00, 0x00, 0x7F, 0xFF, 0xFF, 0xF8, 0x00,
  0x00, 0x00, 0x07, 0xFF, 0xFF, 0xFF, 0x70, 0x00, 0x07, 0xFF, 0xFF, 0xFF, 0x80, 0x00, 0x00, 0x00,
  0x7F, 0xFF, 0xFF, 0xF8, 0x00, 0x00, 0x7F, 0xFF, 0xFF, 0xF8, 0x00, 0x00, 0x00, 0x07, 0xFF, 0xFF,
  0xFF, 0x80, 0x00, 0x07, 0xFF, 0xFF, 0xFF, 0x80, 0x00, 0x00, 0x00, 0x7F, 0xFF, 0xFF, 0xF7, 0x00,
  0x00, 0x5F, 0xFF, 0xFF, 0xF8, 0x00, 0x00, 0x00, 0x08, 0xFF, 0xFF, 0xFF, 0x50, 0x00, 0x02, 0xFF,
  0xFF, 0xFF, 0x90, 0x00, 0x00, 0x00, 0x9F, 0xFF, 0xFF, 0xF3, 0x00, 0x00, 0x0C, 0xFF, 0xFF, 0xFD,
  0x10, 0x00, 0x00, 0x1D, 0xFF, 0xFF, 0xFC, 0x00, 0x00, 0x00, 0x6F, 0xFF, 0xFF, 0xF9, 0x00, 0x00,
  0x09, 0xFF, 0xFF, 0xFF, 0x60, 0x00, 0x00, 0x00, 0xCF, 0xFF, 0xFF, 0xFA, 0x43, 0x4A, 0xFF, 0xFF,
  0xFF, 0xC0, 0x00, 0x00, 0x00, 0x02, 0xEF, 0xFF, 0xFF, 0xFF, 0xEF, 0xFF, 0xFF, 0xFF, 0xE3, 0x00,
  0x00, 0x00, 0x00, 0x03, 0xDF, 0xFF, 0xFF, 0xFF, 0xFF, 0xFF, 0xFF, 0xD3, 0x00, 0x00, 0x00, 0x00,
  0x00, 0x01, 0x9F, 0xFF, 0xFF, 0xFF, 0xFF, 0xFF, 0xA2, 0x00, 0x00, 0x00, 0x00, 0x00, 0x00, 0x00,
  0x27, 0xBD, 0xEE, 0xED, 0xB8, 0x30, 0x00, 0x00, 0x00, 0x00, 0x00, 0x00, 0x00, 0x00, 0x00, 0x11,
  0x11, 0x10, 0x00, 0x00, 0x00, 0x00, 0x00, 0x00, 0x00, 0x00, 0x00, 0x00, 0x00, 0x00, 0x01, 0x10,
  0x00, 0x00, 0x00, 0x00, 0x00, 0x00, 0x37, 0x77, 0x74, 0x00, 0x06, 0xAD, 0xED, 0xB8, 0x30, 0x00,
  0x00, 0x00, 0x00, 0x08, 0xFF, 0xFF, 0xD0, 0x3C, 0xFF, 0xFF, 0xFF, 0xFF, 0xA1, 0x00, 0x00, 0x00,
  0x00, 0x7F, 0xEF, 0xFE, 0x6E, 0xFF, 0xFF, 0xFF, 0xFF, 0xFF, 0xC1, 0x00, 0x00, 0x00, 0x07, 0xFF,
  0xFF, 0xFF, 0xFF, 0xFF, 0xFF, 0xFF, 0xFF, 0xFF, 0xA0, 0x00, 0x00, 0x00, 0x7F, 0xFF, 0xFF, 0xFF,
  0xE8, 0x56, 0xBF, 0xFF, 0xFF, 0xFF, 0x40, 0x00, 0x00, 0x07, 0xFF, 0xFF, 0xFF, 0xE3, 0x00, 0x00,
  0x9F, 0xFF, 0xFF, 0xFA, 0x00, 0x00, 0x00, 0x7F, 0xFF, 0xFF, 0xF7, 0x00, 0x00, 0x01, 0xEF, 0xFF,
  0xFF, 0xE1, 0x00, 0x00, 0x07, 0xFF, 0xFF, 0xFF, 0x30, 0x00, 0x00, 0x0A, 0xFF, 0xFF, 0xFF, 0x40,
  0x00, 0x00, 0x7F, 0xFF, 0xFF, 0xE1, 0x00, 0x00, 0x00, 0x8F, 0xFF, 0xFF, 0xF6, 0x00, 0x00, 0x07,
  0xFF, 0xFF, 0xFE, 0x10, 0x00, 0x00, 0x08, 0xFF, 0xFF, 0xFF, 0x70, 0x00, 0x00, 0x7F, 0xFF, 0xFF,
  0xE1, 0x00, 0x00, 0x00, 0x8F, 0xFF, 0xFF, 0xF7, 0x00, 0x00, 0x07, 0xFF, 0xFF, 0xFE, 0x10, 0x00,
  0x00, 0x08, 0xFF, 0xFF, 0xFF, 0x80, 0x00, 0x00, 0x7F, 0xFF, 0xFF, 0xE1, 0x00, 0x00, 0x00, 0x8F,
  0xFF, 0xFF, 0xF7, 0x00, 0x00, 0x07, 0xFF, 0xFF, 0xFE, 0x10, 0x00, 0x00, 0x08, 0xFF, 0xFF, 0xFF,
  0x60, 0x00, 0x00, 0x7F, 0xFF, 0xFF, 0xE2, 0x00, 0x00, 0x00, 0x9F, 0xFF, 0xFF, 0xF5, 0x00, 0x00,
  0x07, 0xFF, 0xFF, 0xFF, 0x40, 0x00, 0x00, 0x0C, 0xFF, 0xFF, 0xFF, 0x20, 0x00, 0x00, 0x7F, 0xFF,
  0xFF, 0xFA, 0x00, 0x00, 0x04, 0xFF, 0xFF, 0xFF, 0xC0, 0x00, 0x00, 0x07, 0xFF, 0xFF, 0xFF, 0xF8,
  0x10, 0x04, 0xDF, 0xFF, 0xFF, 0xF6, 0x00, 0x00, 0x00, 0x7F, 0xFF, 0xFF, 0xFF, 0xFD, 0xBB, 0xFF,
  0xFF, 0xFF, 0xFD, 0x10, 0x00, 0x00, 0x07, 0xFF, 0xFF, 0xFF, 0xFF, 0xFF, 0xFF, 0xFF, 0xFF, 0xFF,
  0x40, 0x00, 0x00, 0x00, 0x7F, 0xFF, 0xFF, 0xE6, 0xFF, 0xFF, 0xFF, 0xFF, 0xFF, 0x50, 0x00, 0x00,
  0x00, 0x07, 0xFF, 0xFF, 0xFE, 0x04, 0xCF, 0xFF, 0xFF, 0xFB, 0x30, 0x00, 0x00, 0x00, 0x00, 0x7F,
  0xFF, 0xFF, 0xE1, 0x01, 0x47, 0x88, 0x63, 0x00, 0x00, 0x00, 0x00, 0x00, 0x07, 0xFF, 0xFF, 0xFE,
  0x10, 0x00, 0x00, 0x00, 0x00, 0x00, 0x00, 0x00, 0x00, 0x00, 0x7F, 0xFF, 0xFF, 0xE1, 0x00, 0x00,
  0x00, 0x00, 0x00, 0x00, 0x00, 0x00, 0x00, 0x07, 0xFF, 0xFF, 0xFE, 0x10, 0x00, 0x00, 0x00, 0x00,
  0x00, 0x00, 0x00, 0x00, 0x00, 0x7F, 0xFF, 0xFF, 0xE1, 0x00, 0x00, 0x00, 0x00, 0x00, 0x00, 0x00,
  0x00, 0x00, 0x07, 0xFF, 0xFF, 0xFE, 0x10, 0x00, 0x00, 0x00, 0x00, 0x00, 0x00, 0x00, 0x00, 0x00,
  0x8F, 0xFF, 0xFF, 0xE1, 0x00, 0x00, 0x00, 0x00, 0x00, 0x00, 0x00, 0x00, 0x00, 0x07, 0xEE, 0xEE,
  0xED, 0x10, 0x00, 0x00, 0x00, 0x00, 0x00, 0x00, 0x00, 0x00, 0x00, 0x01, 0x11, 0x11, 0x10, 0x00,
  0x00, 0x00, 0x00, 0x00, 0x00, 0x00, 0x00, 0x00, 0x00, 0x00, 0x00, 0x00, 0x01, 0x10, 0x00, 0x00,
  0x00, 0x00, 0x00, 0x00, 0x00, 0x00, 0x00, 0x00, 0x16, 0xAD, 0xED, 0xC9, 0x40, 0x00, 0x00, 0x67,
  0x30, 0x00, 0x00, 0x00, 0x00, 0x4D, 0xFF, 0xFF, 0xFF, 0xFF, 0xA2, 0x00, 0x9F, 0xF8, 0x00, 0x00,
  0x00, 0x00, 0x6F, 0xFF, 0xFF, 0xFF, 0xFF, 0xFF, 0xC1, 0x7F, 0xEF, 0x70, 0x00, 0x00, 0x00, 0x4F,
  0xFF, 0xFF, 0xFF, 0xFF, 0xFF, 0xFF, 0xCF, 0xFF, 0xF7, 0x00, 0x00, 0x00, 0x1D, 0xFF, 0xFF, 0xFF,
  0xB6, 0x58, 0xEF, 0xFF, 0xFF, 0xFF, 0x70, 0x00, 0x00, 0x07, 0xFF, 0xFF, 0xFF, 0xA0, 0x00, 0x03,
  0xEF, 0xFF, 0xFF, 0xF7, 0x00, 0x00, 0x00, 0xCF, 0xFF, 0xFF, 0xE1, 0x00, 0x00, 0x07, 0xFF, 0xFF,
  0xFF, 0x70, 0x00, 0x00, 0x2F, 0xFF, 0xFF, 0xFA, 0x00, 0x00, 0x00, 0x3F, 0xFF, 0xFF, 0xF7, 0x00,
  0x00, 0x05, 0xFF, 0xFF, 0xFF, 0x80, 0x00, 0x00, 0x01, 0xEF, 0xFF, 0xFF, 0x70, 0x00, 0x00, 0x6F,
  0xFF, 0xFF, 0xF8, 0x00, 0x00, 0x00, 0x1E, 0xFF, 0xFF, 0xF7, 0x00, 0x00, 0x07, 0xFF, 0xFF, 0xFF,
  0x80, 0x00, 0x00, 0x01, 0xEF, 0xFF, 0xFF, 0x70, 0x00, 0x00, 0x7F, 0xFF, 0xFF, 0xF8, 0x00, 0x00,
  0x00, 0x1E, 0xFF, 0xFF, 0xF7, 0x00, 0x00, 0x07, 0xFF, 0xFF, 0xFF, 0x80, 0x00, 0x00, 0x01, 0xEF,
  0xFF, 0xFF, 0x70, 0x00, 0x00, 0x6F, 0xFF, 0xFF, 0xF8, 0x00, 0x00, 0x00, 0x1E, 0xFF, 0xFF, 0xF7,
  0x00, 0x00, 0x05, 0xFF, 0xFF, 0xFF, 0x90, 0x00, 0x00, 0x02, 0xEF, 0xFF, 0xFF, 0x70, 0x00, 0x00,
  0x2F, 0xFF, 0xFF, 0xFB, 0x00, 0x00, 0x00, 0x4F, 0xFF, 0xFF, 0xF7, 0x00, 0x00, 0x00, 0xDF, 0xFF,
  0xFF, 0xF4, 0x00, 0x00, 0x0A, 0xFF, 0xFF, 0xFF, 0x70, 0x00, 0x00, 0x08, 0xFF, 0xFF, 0xFF, 0xD4,
  0x00, 0x18, 0xFF, 0xFF, 0xFF, 0xF7, 0x00, 0x00, 0x00, 0x2E, 0xFF, 0xFF, 0xFF, 0xFB, 0xBD, 0xFF,
  0xFF, 0xFF, 0xFF, 0x70, 0x00, 0x00, 0x00, 0x6F, 0xFF, 0xFF, 0xFF, 0xFF, 0xFF, 0xFF, 0xFF, 0xFF,
  0xF7, 0x00, 0x00, 0x00, 0x00, 0x8F, 0xFF, 0xFF, 0xFF, 0xFF, 0xE5, 0xEF, 0xFF, 0xFF, 0x70, 0x00,
  0x00, 0x00, 0x00, 0x5C, 0xFF, 0xFF, 0xFF, 0xB3, 0x0E, 0xFF, 0xFF, 0xF7, 0x00, 0x00, 0x00, 0x00,
  0x00, 0x04, 0x78, 0x87, 0x40, 0x01, 0xEF, 0xFF, 0xFF, 0x70, 0x00, 0x00, 0x00, 0x00, 0x00, 0x00,
  0x00, 0x00, 0x00, 0x1E, 0xFF, 0xFF, 0xF7, 0x00, 0x00, 0x00, 0x00, 0x00, 0x00, 0x00, 0x00, 0x00,
  0x01, 0xEF, 0xFF, 0xFF, 0x70, 0x00, 0x00, 0x00, 0x00, 0x00, 0x00, 0x00, 0x00, 0x00, 0x1E, 0xFF,
  0xFF, 0xF7, 0x00, 0x00, 0x00, 0x00, 0x00, 0x00, 0x00, 0x00, 0x00, 0x01, 0xEF, 0xFF, 0xFF, 0x70,
  0x00, 0x00, 0x00, 0x00, 0x00, 0x00, 0x00, 0x00, 0x00, 0x1E, 0xFF, 0xFF, 0xF7, 0x00, 0x00, 0x00,
  0x00, 0x00, 0x00, 0x00, 0x00, 0x00, 0x01, 0xEF, 0xFF, 0xFF, 0x80, 0x00, 0x00, 0x00, 0x00, 0x00,
  0x00, 0x00, 0x00, 0x00, 0x1D, 0xEE, 0xEE, 0xE7, 0x00, 0x00, 0x00, 0x00, 0x00, 0x00, 0x00, 0x00,
  0x00, 0x00, 0x11, 0x11, 0x11, 0x00, 0x00, 0x00, 0x00, 0x00, 0x00, 0x00, 0x00, 0x00, 0x11, 0x00,
  0x00, 0x00, 0x00, 0x00, 0x47, 0x77, 0x74, 0x00, 0x17, 0xCE, 0xEC, 0x92, 0x00, 0x00, 0x00, 0x08,
  0xFF, 0xFF, 0xB0, 0x3D, 0xFF, 0xFF, 0xFF, 0xE4, 0x00, 0x00, 0x00, 0x7F, 0xEF, 0xFD, 0x2D, 0xFF,
  0xFF, 0xFF, 0xFF, 0xE2, 0x00, 0x00, 0x07, 0xFF, 0xFF, 0xED, 0xFF, 0xFF, 0xFF, 0xFF, 0xFF, 0x70,
  0x00, 0x00, 0x7F, 0xFF, 0xFF, 0xFF, 0xFE, 0xFF, 0xFF, 0xFF, 0xFB, 0x00, 0x00, 0x07, 0xFF, 0xFF,
  0xFF, 0xE5, 0x12, 0x9F, 0xFF, 0xFF, 0xD1, 0x00, 0x00, 0x7F, 0xFF, 0xFF, 0xF6, 0x00, 0x00, 0xCF,
  0xFF, 0xFE, 0x10, 0x00, 0x07, 0xFF, 0xFF, 0xFF, 0x20, 0x00, 0x08, 0xFF, 0xFF, 0xF1, 0x00, 0x00,
  0x7F, 0xFF, 0xFF, 0xE1, 0x00, 0x00, 0x7E, 0xDD, 0xEC, 0x10, 0x00, 0x07, 0xFF, 0xFF, 0xFE, 0x10,
  0x00, 0x00, 0x11, 0x11, 0x00, 0x00, 0x00, 0x7F, 0xFF, 0xFF, 0xE1, 0x00, 0x00, 0x00, 0x00, 0x00,
  0x00, 0x00, 0x07, 0xFF, 0xFF, 0xFE, 0x10, 0x00, 0x00, 0x00, 0x00, 0x00, 0x00, 0x00, 0x7F, 0xFF,
  0xFF, 0xE1, 0x00, 0x00, 0x00, 0x00, 0x00, 0x00, 0x00, 0x07, 0xFF, 0xFF, 0xFE, 0x10, 0x00, 0x00,
  0x00, 0x00, 0x00, 0x00, 0x00, 0x7F, 0xFF, 0xFF, 0xE1, 0x00, 0x00, 0x00, 0x00, 0x00, 0x00, 0x00,
  0x07, 0xFF, 0xFF, 0xFE, 0x10, 0x00, 0x00, 0x00, 0x00, 0x00, 0x00, 0x00, 0x7F, 0xFF, 0xFF, 0xE1,
  0x00, 0x00, 0x00, 0x00, 0x00, 0x00, 0x00, 0x07, 0xFF, 0xFF, 0xFE, 0x10, 0x00, 0x00, 0x00, 0x00,
  0x00, 0x00, 0x00, 0x7F, 0xFF, 0xFF, 0xE1, 0x00, 0x00, 0x00, 0x00, 0x00, 0x00, 0x00, 0x07, 0xFF,
  0xFF, 0xFE, 0x10, 0x00, 0x00, 0x00, 0x00, 0x00, 0x00, 0x00, 0x8F, 0xFF, 0xFF, 0xE1, 0x00, 0x00,
  0x00, 0x00, 0x00, 0x00, 0x00, 0x07, 0xEE, 0xEE, 0xED, 0x10, 0x00, 0x00, 0x00, 0x00, 0x00, 0x00,
  0x00, 0x01, 0x11, 0x11, 0x10, 0x00, 0x00, 0x00, 0x00, 0x00, 0x00, 0x00, 0x00, 0x00, 0x00, 0x00,
  0x01, 0x11, 0x10, 0x00, 0x00, 0x00, 0x00, 0x00, 0x00, 0x00, 0x00, 0x02, 0x6A, 0xCD, 0xEE, 0xDC,
  0x96, 0x10, 0x00, 0x00, 0x00, 0x00, 0x00, 0x02, 0x9E, 0xFF, 0xFF, 0xFF, 0xFF, 0xFF, 0xE7, 0x00,
  0x00, 0x00, 0x00, 0x00, 0x3D, 0xFF, 0xFF, 0xFF, 0xFF, 0xFF, 0xFF, 0xFF, 0xB1, 0x00, 0x00, 0x00,
  0x01, 0xDF, 0xFF, 0xFF, 0xFF, 0xFF, 0xFF, 0xFF, 0xFF, 0xFA, 0x00, 0x00, 0x00, 0x08, 0xFF, 0xFF,
  0xFF, 0x95, 0x33, 0x49, 0xFF, 0xFF, 0xFF, 0x30, 0x00, 0x00, 0x0C, 0xFF, 0xFF, 0xF5, 0x00, 0x00,
  0x00, 0x7F, 0xFF, 0xFF, 0x70, 0x00, 0x00, 0x0D, 0xFF, 0xFF, 0xF4, 0x00, 0x00, 0x00, 0x29, 0x99,
  0x99, 0x40, 0x00, 0x00, 0x0D, 0xFF, 0xFF, 0xFE, 0x83, 0x20, 0x00, 0x00, 0x00, 0x00, 0x00, 0x00,
  0x00, 0x0B, 0xFF, 0xFF, 0xFF, 0xFF, 0xEC, 0xB9, 0x64, 0x10, 0x00, 0x00, 0x00, 0x00, 0x05, 0xFF,
  0xFF, 0xFF, 0xFF, 0xFF, 0xFF, 0xFF, 0xD9, 0x30, 0x00, 0x00, 0x00, 0x00, 0x8F, 0xFF, 0xFF, 0xFF,
  0xFF, 0xFF, 0xFF, 0xFF, 0xF8, 0x00, 0x00, 0x00, 0x00, 0x06, 0xDF, 0xFF, 0xFF, 0xFF, 0xFF, 0xFF,
  0xFF, 0xFF, 0x70, 0x00, 0x00, 0x00, 0x00, 0x15, 0x9C, 0xEF, 0xFF, 0xFF, 0xFF, 0xFF, 0xFF, 0xE2,
  0x00, 0x00, 0x00, 0x00, 0x00, 0x00, 0x23, 0x68, 0xBE, 0xFF, 0xFF, 0xFF, 0xF5, 0x00, 0x00, 0x13,
  0x33, 0x33, 0x10, 0x00, 0x00, 0x01, 0x7E, 0xFF, 0xFF, 0xF7, 0x00, 0x00, 0x7F, 0xFF, 0xFF, 0x30,
  0x00, 0x00, 0x00, 0x0A, 0xFF, 0xFF, 0xF6, 0x00, 0x00, 0x6F, 0xFF, 0xFF, 0xA1, 0x00, 0x00, 0x00,
  0x2D, 0xFF, 0xFF, 0xF5, 0x00, 0x00, 0x2E, 0xFF, 0xFF, 0xFC, 0x74, 0x33, 0x48, 0xDF, 0xFF, 0xFF,
  0xE1, 0x00, 0x00, 0x08, 0xFF, 0xFF, 0xFF, 0xFF, 0xFF, 0xFF, 0xFF, 0xFF, 0xFF, 0x70, 0x00, 0x00,
  0x00, 0xAF, 0xFF, 0xFF, 0xFF, 0xFF, 0xFF, 0xFF, 0xFF, 0xF9, 0x00, 0x00, 0x00, 0x00, 0x06, 0xDF,
  0xFF, 0xFF, 0xFF, 0xFF, 0xFF, 0xFC, 0x60, 0x00, 0x00, 0x00, 0x00, 0x00, 0x15, 0x9C, 0xDE, 0xEE,
  0xED, 0xB8, 0x40, 0x00, 0x00, 0x00, 0x00, 0x00, 0x00, 0x00, 0x00, 0x11, 0x11, 0x11, 0x00, 0x00,
  0x00, 0x00, 0x00, 0x00, 0x00, 0x00, 0x00, 0x00, 0x00, 0x00, 0x00, 0x00, 0x00, 0x00, 0x00, 0x00,
  0x00, 0x00, 0x00, 0x00, 0x00, 0x00, 0x00, 0x00, 0x00, 0x00, 0x00, 0x00, 0x00, 0x00, 0x00, 0x00,
  0x00, 0x00, 0x00, 0x6B, 0xAB, 0x50, 0x00, 0x00, 0x00, 0x00, 0x00, 0x00, 0x1E, 0xFF, 0xF8, 0x00,
  0x00, 0x00, 0x00, 0x00, 0x00, 0x04, 0xFF, 0xFF, 0x70, 0x00, 0x00, 0x00, 0x00, 0x00, 0x00, 0x9F,
  0xFF, 0xF7, 0x00, 0x00, 0x00, 0x00, 0x00, 0x00, 0x1D, 0xFF, 0xFF, 0x70, 0x00, 0x00, 0x00, 0x00,
  0x00, 0x04, 0xFF, 0xFF, 0xF7, 0x00, 0x00, 0x00, 0x00, 0x00, 0x00, 0x9F, 0xFF, 0xFF, 0x70, 0x00,
  0x00, 0x00, 0x00, 0x6D, 0xDF, 0xFF, 0xFF, 0xFE, 0xDD, 0xDD, 0x60, 0x00, 0x08, 0xFF, 0xFF, 0xFF,
  0xFF, 0xFF, 0xFF, 0xF8, 0x00, 0x00, 0x7F, 0xFF, 0xFF, 0xFF, 0xFF, 0xFF, 0xFF, 0x70, 0x00, 0x07,
  0xFF, 0xFF, 0xFF, 0xFF, 0xFF, 0xFF, 0xF7, 0x00, 0x00, 0x8F, 0xFF, 0xFF, 0xFF, 0xFF, 0xFF, 0xFF,
  0x80, 0x00, 0x02, 0x34, 0xEF, 0xFF, 0xFF, 0x93, 0x33, 0x32, 0x00, 0x00, 0x00, 0x0E, 0xFF, 0xFF,
  0xF7, 0x00, 0x00, 0x00, 0x00, 0x00, 0x01, 0xEF, 0xFF, 0xFF, 0x80, 0x00, 0x00, 0x00, 0x00, 0x00,
  0x1E, 0xFF, 0xFF, 0xF7, 0x00, 0x00, 0x00, 0x00, 0x00, 0x01, 0xEF, 0xFF, 0xFF, 0x70, 0x00, 0x00,
  0x00, 0x00, 0x00, 0x1E, 0xFF, 0xFF, 0xF7, 0x00, 0x00, 0x00, 0x00, 0x00, 0x01, 0xEF, 0xFF, 0xFF,
  0x70, 0x00, 0x00, 0x00, 0x00, 0x00, 0x1E, 0xFF, 0xFF, 0xF7, 0x00, 0x00, 0x00, 0x00, 0x00, 0x01,
  0xEF, 0xFF, 0xFF, 0x70, 0x00, 0x00, 0x00, 0x00, 0x00, 0x1E, 0xFF, 0xFF, 0xF7, 0x00, 0x00, 0x00,
  0x00, 0x00, 0x01, 0xEF, 0xFF, 0xFF, 0x80, 0x00, 0x00, 0x00, 0x00, 0x00, 0x1E, 0xFF, 0xFF, 0xF9,
  0x00, 0x00, 0x00, 0x00, 0x00, 0x01, 0xEF, 0xFF, 0xFF, 0xD2, 0x00, 0x11, 0x00, 0x00, 0x00, 0x0C,
  0xFF, 0xFF, 0xFF, 0xD9, 0x9D, 0x70, 0x00, 0x00, 0x00, 0x9F, 0xFF, 0xFF, 0xFF, 0xFF, 0xF8, 0x00,
  0x00, 0x00, 0x02, 0xEF, 0xFF, 0xFF, 0xFF, 0xEF, 0x80, 0x00, 0x00, 0x00, 0x03, 0xCF, 0xFF, 0xFF,
  0xFF, 0xF7, 0x00, 0x00, 0x00, 0x00, 0x00, 0x58, 0xAA, 0xA9, 0x63, 0x00, 0x00, 0x00, 0x00, 0x00,
  0x00, 0x00, 0x00, 0x00, 0x00, 0x00, 0x00, 0x00, 0x00, 0x00, 0x00, 0x00, 0x00, 0x00, 0x00, 0x00,
  0x00, 0x00, 0x00, 0x00, 0x00, 0x00, 0x11, 0x11, 0x11, 0x00, 0x00, 0x00, 0x01, 0x11, 0x11, 0x10,
  0x00, 0x00, 0x00, 0x08, 0xEE, 0xEE, 0xEB, 0x00, 0x00, 0x00, 0x4E, 0xEE, 0xEE, 0xE2, 0x00, 0x00,
  0x00, 0x09, 0xFF, 0xFF, 0xFC, 0x00, 0x00, 0x00, 0x4F, 0xFF, 0xFF, 0xF2, 0x00, 0x00, 0x00, 0x08,
  0xFF, 0xFF, 0xFC, 0x00, 0x00, 0x00, 0x4F, 0xFF, 0xFF, 0xF2, 0x00, 0x00, 0x00, 0x08, 0xFF, 0xFF,
  0xFC, 0x00, 0x00, 0x00, 0x4F, 0xFF, 0xFF, 0xF2, 0x00, 0x00, 0x00, 0x08, 0xFF, 0xFF, 0xFC, 0x00,
  0x00, 0x00, 0x4F, 0xFF, 0xFF, 0xF2, 0x00, 0x00, 0x00, 0x08, 0xFF, 0xFF, 0xFC, 0x00, 0x00, 0x00,
  0x4F, 0xFF, 0xFF, 0xF2, 0x00, 0x00, 0x00, 0x08, 0xFF, 0xFF, 0xFC, 0x00, 0x00, 0x00, 0x4F, 0xFF,
  0xFF, 0xF2, 0x00, 0x00, 0x00, 0x08, 0xFF, 0xFF, 0xFC, 0x00, 0x00, 0x00, 0x4F, 0xFF, 0xFF, 0xF2,
  0x00, 0x00, 0x00, 0x08, 0xFF, 0xFF, 0xFC, 0x00, 0x00, 0x00, 0x4F, 0xFF, 0xFF, 0xF2, 0x00, 0x00,
  0x00, 0x08, 0xFF, 0xFF, 0xFC, 0x00, 0x00, 0x00, 0x4F, 0xFF, 0xFF, 0xF2, 0x00, 0x00, 0x00, 0x08,
  0xFF, 0xFF, 0xFC, 0x00, 0x00, 0x00, 0x4F, 0xFF, 0xFF, 0xF2, 0x00, 0x00, 0x00, 0x08, 0xFF, 0xFF,
  0xFC, 0x00, 0x00, 0x00, 0x4F, 0xFF, 0xFF, 0xF2, 0x00, 0x00, 0x00, 0x08, 0xFF, 0xFF, 0xFC, 0x00,
  0x00, 0x00, 0x4F, 0xFF, 0xFF, 0xF2, 0x00, 0x00, 0x00, 0x08, 0xFF, 0xFF, 0xFC, 0x00, 0x00, 0x00,
  0x5F, 0xFF, 0xFF, 0xF2, 0x00, 0x00, 0x00, 0x08, 0xFF, 0xFF, 0xFD, 0x00, 0x00, 0x00, 0x7F, 0xFF,
  0xFF, 0xF2, 0x00, 0x00, 0x00, 0x08, 0xFF, 0xFF, 0xFF, 0x40, 0x00, 0x02, 0xEF, 0xFF, 0xFF, 0xF2,
  0x00, 0x00, 0x00, 0x07, 0xFF, 0xFF, 0xFF, 0xD5, 0x11, 0x5D, 0xFF, 0xFF, 0xFF, 0xF2, 0x00, 0x00,
  0x00, 0x03, 0xFF, 0xFF, 0xFF, 0xFF, 0xEE, 0xFF, 0xFF, 0xFF, 0xFF, 0xFA, 0x67, 0x00, 0x00, 0x00,
  0xCF, 0xFF, 0xFF, 0xFF, 0xFF, 0xFF, 0xED, 0xFF, 0xFF, 0xFF, 0xFC, 0x00, 0x00, 0x00, 0x4F, 0xFF,
  0xFF, 0xFF, 0xFF, 0xFF, 0x55, 0xFF, 0xFF, 0xFF, 0xFB, 0x00, 0x00, 0x00, 0x05, 0xEF, 0xFF, 0xFF,
  0xFF, 0xD5, 0x00, 0xAF, 0xFF, 0xFF, 0xFC, 0x00, 0x00, 0x00, 0x00, 0x28, 0xBD, 0xED, 0xA6, 0x10,
  0x00, 0x07, 0xCE, 0xED, 0xA4, 0x00, 0x00, 0x00, 0x00, 0x00, 0x01, 0x11, 0x00, 0x00, 0x00, 0x00,
  0x01, 0x10, 0x00, 0x00, 0x00, 0x00, 0x00, 0x00, 0x00, 0x00, 0x00, 0x00, 0x00, 0x00, 0x00, 0x00,
  0x00, 0x11, 0x11, 0x11, 0x10, 0x00, 0x00, 0x00, 0x00, 0x01, 0x11, 0x11, 0x10, 0x07, 0xEE, 0xEE,
  0xEE, 0x70, 0x00, 0x00, 0x00, 0x1C, 0xEE, 0xEE, 0xE6, 0x00, 0x4F, 0xFF, 0xFF, 0xFC, 0x00, 0x00,
  0x00, 0x04, 0xFF, 0xFF, 0xFF, 0x30, 0x00, 0xDF, 0xFF, 0xFF, 0xF2, 0x00, 0x00, 0x00, 0x8F, 0xFF,
  0xFF, 0xC0, 0x00, 0x08, 0xFF, 0xFF, 0xFF, 0x60, 0x00, 0x00, 0x0C, 0xFF, 0xFF, 0xF7, 0x00, 0x00,
  0x3F, 0xFF, 0xFF, 0xFA, 0x00, 0x00, 0x03, 0xFF, 0xFF, 0xFF, 0x20, 0x00, 0x00, 0xCF, 0xFF, 0xFF,
  0xE1, 0x00, 0x00, 0x7F, 0xFF, 0xFF, 0xB0, 0x00, 0x00, 0x08, 0xFF, 0xFF, 0xFF, 0x50, 0x00, 0x0B,
  0xFF, 0xFF, 0xF7, 0x00, 0x00, 0x00, 0x3F, 0xFF, 0xFF, 0xF9, 0x00, 0x02, 0xEF, 0xFF, 0xFF, 0x20,
  0x00, 0x00, 0x00, 0xCF, 0xFF, 0xFF, 0xD0, 0x00, 0x6F, 0xFF, 0xFF, 0xB0, 0x00, 0x00, 0x00, 0x08,
  0xFF, 0xFF, 0xFF, 0x30, 0x0A, 0xFF, 0xFF, 0xF6, 0x00, 0x00, 0x00, 0x00, 0x3F, 0xFF, 0xFF, 0xF7,
  0x01, 0xEF, 0xFF, 0xFE, 0x20, 0x00, 0x00, 0x00, 0x00, 0xCF, 0xFF, 0xFF, 0xC0, 0x4F, 0xFF, 0xFF,
  0xB0, 0x00, 0x00, 0x00, 0x00, 0x08, 0xFF, 0xFF, 0xFF, 0x18, 0xFF, 0xFF, 0xF6, 0x00, 0x00, 0x00,
  0x00, 0x00, 0x3F, 0xFF, 0xFF, 0xF6, 0xCF, 0xFF, 0xFE, 0x20, 0x00, 0x00, 0x00, 0x00, 0x00, 0xCF,
  0xFF, 0xFF, 0xEF, 0xFF, 0xFF, 0xA0, 0x00, 0x00, 0x00, 0x00, 0x00, 0x07, 0xFF, 0xFF, 0xFF, 0xFF,
  0xFF, 0xF6, 0x00, 0x00, 0x00, 0x00, 0x00, 0x00, 0x3F, 0xFF, 0xFF, 0xFF, 0xFF, 0xFE, 0x10, 0x00,
  0x00, 0x00, 0x00, 0x00, 0x00, 0xCF, 0xFF, 0xFF, 0xFF, 0xFF, 0xA0, 0x00, 0x00, 0x00, 0x00, 0x00,
  0x00, 0x07, 0xFF, 0xFF, 0xFF, 0xFF, 0xF5, 0x00, 0x00, 0x00, 0x00, 0x00, 0x00, 0x00, 0x3F, 0xFF,
  0xFF, 0xFF, 0xFE, 0x10, 0x00, 0x00, 0x00, 0x00, 0x00, 0x00, 0x00, 0xCF, 0xFF, 0xFF, 0xFF, 0xA0,
  0x00, 0x00, 0x00, 0x00, 0x00, 0x00, 0x00, 0x07, 0xEE, 0xEE, 0xEE, 0xE5, 0x00, 0x00, 0x00, 0x00,
  0x00, 0x00, 0x00, 0x00, 0x01, 0x11, 0x11, 0x11, 0x00, 0x00, 0x00, 0x00, 0x00, 0x00, 0x00, 0x00,
  0x00, 0x00, 0x00, 0x00, 0x00, 0x00, 0x00, 0x00, 0x00, 0x00, 0x00, 0x00, 0x00, 0x00, 0x00, 0x00,
  0x00, 0x11, 0x11, 0x11, 0x00, 0x00, 0x00, 0x00, 0x11, 0x11, 0x11, 0x00, 0x00, 0x00, 0x00, 0x11,
  0x11, 0x11, 0x00, 0x05, 0xEE, 0xEE, 0xEE, 0x80, 0x00, 0x00, 0x05, 0xEE, 0xEE, 0xEE, 0xA0, 0x00,
  0x00, 0x03, 0xEE, 0xEE, 0xEE, 0x40, 0x02, 0xFF, 0xFF, 0xFF, 0xC0, 0x00, 0x00, 0x0A, 0xFF, 0xFF,
  0xFF, 0xE1, 0x00, 0x00, 0x07, 0xFF, 0xFF, 0xFE, 0x10, 0x00, 0xBF, 0xFF, 0xFF, 0xF2, 0x00, 0x00,
  0x1D, 0xFF, 0xFF, 0xFF, 0xF4, 0x00, 0x00, 0x0B, 0xFF, 0xFF, 0xF9, 0x00, 0x00, 0x7F, 0xFF, 0xFF,
  0xF6, 0x00, 0x00, 0x3F, 0xFF, 0xFF, 0xFF, 0xF8, 0x00, 0x00, 0x1E, 0xFF, 0xFF, 0xF5, 0x00, 0x00,
  0x3F, 0xFF, 0xFF, 0xFA, 0x00, 0x00, 0x7F, 0xFF, 0xFF, 0xFF, 0xFC, 0x00, 0x00, 0x4F, 0xFF, 0xFF,
  0xE1, 0x00, 0x00, 0x0D, 0xFF, 0xFF, 0xFD, 0x10, 0x00, 0xBF, 0xFF, 0xFF, 0xFF, 0xFE, 0x20, 0x00,
  0x8F, 0xFF, 0xFF, 0xB0, 0x00, 0x00, 0x09, 0xFF, 0xFF, 0xFF, 0x30, 0x02, 0xEF, 0xFF, 0xFF, 0xFF,
  0xFF, 0x60, 0x00, 0xCF, 0xFF, 0xFF, 0x70, 0x00, 0x00, 0x05, 0xFF, 0xFF, 0xFF, 0x70, 0x05, 0xFF,
  0xFF, 0xFF, 0xFF, 0xFF, 0xA0, 0x02, 0xEF, 0xFF, 0xFF, 0x30, 0x00, 0x00, 0x01, 0xEF, 0xFF, 0xFF,
  0xA0, 0x09, 0xFF, 0xFF, 0xFF, 0xFF, 0xFF, 0xD1, 0x05, 0xFF, 0xFF, 0xFC, 0x00, 0x00, 0x00, 0x00,
  0xAF, 0xFF, 0xFF, 0xE1, 0x0D, 0xFF, 0xFF, 0xFF, 0xFF, 0xFF, 0xF4, 0x09, 0xFF, 0xFF, 0xF8, 0x00,
  0x00, 0x00, 0x00, 0x6F, 0xFF, 0xFF, 0xF3, 0x2F, 0xFF, 0xFF, 0xBB, 0xFF, 0xFF, 0xF7, 0x0D, 0xFF,
  0xFF, 0xF4, 0x00, 0x00, 0x00, 0x00, 0x2E, 0xFF, 0xFF, 0xF7, 0x5F, 0xFF, 0xFF, 0x66, 0xFF, 0xFF,
  0xFB, 0x2F, 0xFF, 0xFF, 0xD1, 0x00, 0x00, 0x00, 0x00, 0x0C, 0xFF, 0xFF, 0xFB, 0xAF, 0xFF, 0xFF,
  0x23, 0xFF, 0xFF, 0xFD, 0x8F, 0xFF, 0xFF, 0xA0, 0x00, 0x00, 0x00, 0x00, 0x07, 0xFF, 0xFF, 0xFF,
  0xFF, 0xFF, 0xFD, 0x01, 0xDF, 0xFF, 0xFF, 0xFF, 0xFF, 0xFF, 0x60, 0x00, 0x00, 0x00, 0x00, 0x03,
  0xFF, 0xFF, 0xFF, 0xFF, 0xFF, 0xF9, 0x00, 0xAF, 0xFF, 0xFF, 0xFF, 0xFF, 0xFE, 0x20, 0x00, 0x00,
  0x00, 0x00, 0x00, 0xDF, 0xFF, 0xFF, 0xFF, 0xFF, 0xF5, 0x00, 0x5F, 0xFF, 0xFF, 0xFF, 0xFF, 0xFB,
  0x00, 0x00, 0x00, 0x00, 0x00, 0x00, 0x9F, 0xFF, 0xFF, 0xFF, 0xFF, 0xE2, 0x00, 0x2E, 0xFF, 0xFF,
  0xFF, 0xFF, 0xF7, 0x00, 0x00, 0x00, 0x00, 0x00, 0x00, 0x5F, 0xFF, 0xFF, 0xFF, 0xFF, 0xB0, 0x00,
  0x0C, 0xFF, 0xFF, 0xFF, 0xFF, 0xF3, 0x00, 0x00, 0x00, 0x00, 0x00, 0x00, 0x1E, 0xFF, 0xFF, 0xFF,
  0xFF, 0x70, 0x00, 0x08, 0xFF, 0xFF, 0xFF, 0xFF, 0xD0, 0x00, 0x00, 0x00, 0x00, 0x00, 0x00, 0x0A,
  0xFF, 0xFF, 0xFF, 0xFF, 0x30, 0x00, 0x04, 0xFF, 0xFF, 0xFF, 0xFF, 0x80, 0x00, 0x00, 0x00, 0x00,
  0x00, 0x00, 0x06, 0xFF, 0xFF, 0xFF, 0xFD, 0x10, 0x00, 0x01, 0xDF, 0xFF, 0xFF, 0xFF, 0x40, 0x00,
  0x00, 0x00, 0x00, 0x00, 0x00, 0x02, 0xDE, 0xEE, 0xEE, 0xE9, 0x00, 0x00, 0x00, 0x9E, 0xEE, 0xEE,
  0xED, 0x10, 0x00, 0x00, 0x00, 0x00, 0x00, 0x00, 0x00, 0x11, 0x11, 0x11, 0x10, 0x00, 0x00, 0x00,
  0x01, 0x11, 0x11, 0x10, 0x00, 0x00, 0x00, 0x00, 0x00, 0x00, 0x00, 0x00, 0x00, 0x00, 0x00, 0x00,
  0x00, 0x00, 0x00, 0x00, 0x00, 0x00, 0x11, 0x11, 0x11, 0x10, 0x00, 0x00, 0x00, 0x01, 0x11, 0x11,
  0x11, 0x00, 0x00, 0xAE, 0xEE, 0xEE, 0xEB, 0x00, 0x00, 0x00, 0x5E, 0xEE, 0xEE, 0xEA, 0x00, 0x00,
  0x3F, 0xFF, 0xFF, 0xFF, 0x60, 0x00, 0x01, 0xDF, 0xFF, 0xFF, 0xF3, 0x00, 0x00, 0x07, 0xFF, 0xFF,
  0xFF, 0xE1, 0x00, 0x08, 0xFF, 0xFF, 0xFF, 0x70, 0x00, 0x00, 0x00, 0xCF, 0xFF, 0xFF, 0xF9, 0x00,
  0x3F, 0xFF, 0xFF, 0xFC, 0x00, 0x00, 0x00, 0x00, 0x3F, 0xFF, 0xFF, 0xFF, 0x30, 0xBF, 0xFF, 0xFF,
  0xF3, 0x00, 0x00, 0x00, 0x00, 0x08, 0xFF, 0xFF, 0xFF, 0xA5, 0xFF, 0xFF, 0xFF, 0x80, 0x00, 0x00,
  0x00, 0x00, 0x01, 0xDF, 0xFF, 0xFF, 0xFF, 0xFF, 0xFF, 0xFC, 0x10, 0x00, 0x00, 0x00, 0x00, 0x00,
  0x4F, 0xFF, 0xFF, 0xFF, 0xFF, 0xFF, 0xF4, 0x00, 0x00, 0x00, 0x00, 0x00, 0x00, 0x09, 0xFF, 0xFF,
  0xFF, 0xFF, 0xFF, 0x90, 0x00, 0x00, 0x00, 0x00, 0x00, 0x00, 0x01, 0xDF, 0xFF, 0xFF, 0xFF, 0xFD,
  0x10, 0x00, 0x00, 0x00, 0x00, 0x00, 0x00, 0x00, 0x8F, 0xFF, 0xFF, 0xFF, 0xF6, 0x00, 0x00, 0x00,
  0x00, 0x00, 0x00, 0x00, 0x02, 0xDF, 0xFF, 0xFF, 0xFF, 0xFB, 0x00, 0x00, 0x00, 0x00, 0x00, 0x00,
  0x00, 0x0A, 0xFF, 0xFF, 0xFF, 0xFF, 0xFF, 0x60, 0x00, 0x00, 0x00, 0x00, 0x00, 0x00, 0x5F, 0xFF,
  0xFF, 0xFF, 0xFF, 0xFF, 0xE2, 0x00, 0x00, 0x00, 0x00, 0x00, 0x01, 0xDF, 0xFF, 0xFF, 0xFF, 0xFF,
  0xFF, 0xFA, 0x00, 0x00, 0x00, 0x00, 0x00, 0x09, 0xFF, 0xFF, 0xFF, 0x5C, 0xFF, 0xFF, 0xFF, 0x50,
  0x00, 0x00, 0x00, 0x00, 0x4F, 0xFF, 0xFF, 0xFA, 0x05, 0xFF, 0xFF, 0xFF, 0xD1, 0x00, 0x00, 0x00,
  0x01, 0xCF, 0xFF, 0xFF, 0xE2, 0x00, 0xBF, 0xFF, 0xFF, 0xF9, 0x00, 0x00, 0x00, 0x08, 0xFF, 0xFF,
  0xFF, 0x70, 0x00, 0x3F, 0xFF, 0xFF, 0xFF, 0x40, 0x00, 0x00, 0x3F, 0xFF, 0xFF, 0xFC, 0x00, 0x00,
  0x09, 0xFF, 0xFF, 0xFF, 0xC1, 0x00, 0x00, 0xCF, 0xFF, 0xFF, 0xF4, 0x00, 0x00, 0x01, 0xEF, 0xFF,
  0xFF, 0xF8, 0x00, 0x06, 0xEE, 0xEE, 0xEE, 0x90, 0x00, 0x00, 0x00, 0x6E, 0xEE, 0xEE, 0xED, 0x30,
  0x01, 0x11, 0x11, 0x11, 0x00, 0x00, 0x00, 0x00, 0x01, 0x11, 0x11, 0x11, 0x10, 0x01, 0x11, 0x11,
  0x11, 0x00, 0x00, 0x00, 0x00, 0x01, 0x11, 0x11, 0x10, 0x00, 0xAE, 0xEE, 0xEE, 0xE4, 0x00, 0x00,
  0x00, 0x04, 0xEE, 0xEE, 0xEE, 0x30, 0x06, 0xFF, 0xFF, 0xFF, 0x80, 0x00, 0x00, 0x00, 0x9F, 0xFF,
  0xFF, 0xC0, 0x00, 0x1E, 0xFF, 0xFF, 0xFD, 0x00, 0x00, 0x00, 0x0D, 0xFF, 0xFF, 0xF7, 0x00, 0x00,
  0xAF, 0xFF, 0xFF, 0xF4, 0x00, 0x00, 0x03, 0xFF, 0xFF, 0xFF, 0x20, 0x00, 0x04, 0xFF, 0xFF, 0xFF,
  0x80, 0x00, 0x00, 0x7F, 0xFF, 0xFF, 0xB0, 0x00, 0x00, 0x0D, 0xFF, 0xFF, 0xFD, 0x00, 0x00, 0x0B,
  0xFF, 0xFF, 0xF6, 0x00, 0x00, 0x00, 0x8F, 0xFF, 0xFF, 0xF3, 0x00, 0x02, 0xFF, 0xFF, 0xFE, 0x10,
  0x00, 0x00, 0x03, 0xFF, 0xFF, 0xFF, 0x80, 0x00, 0x6F, 0xFF, 0xFF, 0x90, 0x00, 0x00, 0x00, 0x0B,
  0xFF, 0xFF, 0xFC, 0x00, 0x0A, 0xFF, 0xFF, 0xF4, 0x00, 0x00, 0x00, 0x00, 0x6F, 0xFF, 0xFF, 0xF3,
  0x01, 0xEF, 0xFF, 0xFD, 0x00, 0x00, 0x00, 0x00, 0x01, 0xEF, 0xFF, 0xFF, 0x80, 0x5F, 0xFF, 0xFF,
  0x80, 0x00, 0x00, 0x00, 0x00, 0x09, 0xFF, 0xFF, 0xFC, 0x09, 0xFF, 0xFF, 0xF3, 0x00, 0x00, 0x00,
  0x00, 0x00, 0x4F, 0xFF, 0xFF, 0xF3, 0xCF, 0xFF, 0xFB, 0x00, 0x00, 0x00, 0x00, 0x00, 0x00, 0xDF,
  0xFF, 0xFF, 0xCE, 0xFF, 0xFF, 0x60, 0x00, 0x00, 0x00, 0x00, 0x00, 0x08, 0xFF, 0xFF, 0xFF, 0xFF,
  0xFF, 0xE2, 0x00, 0x00, 0x00, 0x00, 0x00, 0x00, 0x2F, 0xFF, 0xFF, 0xFF, 0xFF, 0xFA, 0x00, 0x00,
  0x00, 0x00, 0x00, 0x00, 0x00, 0xBF, 0xFF, 0xFF, 0xFF, 0xFF, 0x50, 0x00, 0x00, 0x00, 0x00, 0x00,
  0x00, 0x06, 0xFF, 0xFF, 0xFF, 0xFF, 0xD1, 0x00, 0x00, 0x00, 0x00, 0x00, 0x00, 0x00, 0x1E, 0xFF,
  0xFF, 0xFF, 0xF9, 0x00, 0x00, 0x00, 0x00, 0x00, 0x00, 0x00, 0x00, 0x9F, 0xFF, 0xFF, 0xFF, 0x40,
  0x00, 0x00, 0x00, 0x00, 0x00, 0x00, 0x00, 0x04, 0xFF, 0xFF, 0xFF, 0xC0, 0x00, 0x00, 0x00, 0x00,
  0x00, 0x00, 0x00, 0x00, 0x0D, 0xFF, 0xFF, 0xF7, 0x00, 0x00, 0x00, 0x00, 0x00, 0x00, 0x00, 0x00,
  0x02, 0xFF, 0xFF, 0xFE, 0x20, 0x00, 0x00, 0x00, 0x00, 0x00, 0x00, 0x00, 0x00, 0x9F, 0xFF, 0xFF,
  0x90, 0x00, 0x00, 0x00, 0x00, 0x00, 0x01, 0x10, 0x00, 0x5F, 0xFF, 0xFF, 0xE2, 0x00, 0x00, 0x00,
  0x00, 0x00, 0x00, 0x7C, 0x99, 0xBF, 0xFF, 0xFF, 0xF7, 0x00, 0x00, 0x00, 0x00, 0x00, 0x00, 0x08,
  0xFF, 0xFF, 0xFF, 0xFF, 0xFB, 0x00, 0x00, 0x00, 0x00, 0x00, 0x00, 0x00, 0x7F, 0xEF, 0xFF, 0xFF,
  0xFC, 0x10, 0x00, 0x00, 0x00, 0x00, 0x00, 0x00, 0x08, 0xFF, 0xFF, 0xFF, 0xFA, 0x10, 0x00, 0x00,
  0x00, 0x00, 0x00, 0x00, 0x00, 0x4A, 0xCE, 0xED, 0x94, 0x00, 0x00, 0x00, 0x00, 0x00, 0x00, 0x00,
  0x00, 0x00, 0x00, 0x11, 0x00, 0x00, 0x00, 0x00, 0x00, 0x00, 0x00, 0x00, 0x00, 0x00, 0x00, 0x00,
  0x00, 0x00, 0x00, 0x00, 0x00, 0x00, 0x00, 0x00, 0x00, 0x00, 0x11, 0x11, 0x11, 0x11, 0x11, 0x11,
  0x11, 0x11, 0x10, 0x00, 0x00, 0x1D, 0xEE, 0xEE, 0xEE, 0xEE, 0xEE, 0xEE, 0xEE, 0xED, 0x10, 0x00,
  0x01, 0xEF, 0xFF, 0xFF, 0xFF, 0xFF, 0xFF, 0xFF, 0xFF, 0xF1, 0x00, 0x00, 0x1E, 0xFF, 0xFF, 0xFF,
  0xFF, 0xFF, 0xFF, 0xFF, 0xFB, 0x00, 0x00, 0x01, 0xFF, 0xFF, 0xFF, 0xFF, 0xFF, 0xFF, 0xFF, 0xFF,
  0x40, 0x00, 0x00, 0x05, 0x55, 0x55, 0x55, 0x5D, 0xFF, 0xFF, 0xFF, 0xA0, 0x00, 0x00, 0x00, 0x00,
  0x00, 0x00, 0x04, 0xFF, 0xFF, 0xFF, 0xE2, 0x00, 0x00, 0x00, 0x00, 0x00, 0x00, 0x01, 0xDF, 0xFF,
  0xFF, 0xF7, 0x00, 0x00, 0x00, 0x00, 0x00, 0x00, 0x00, 0x7F, 0xFF, 0xFF, 0xFD, 0x10, 0x00, 0x00,
  0x00, 0x00, 0x00, 0x00, 0x1E, 0xFF, 0xFF, 0xFF, 0x50, 0x00, 0x00, 0x00, 0x00, 0x00, 0x00, 0x09,
  0xFF, 0xFF, 0xFF, 0xB0, 0x00, 0x00, 0x00, 0x00, 0x00, 0x00, 0x03, 0xFF, 0xFF, 0xFF, 0xF3, 0x00,
  0x00, 0x00, 0x00, 0x00, 0x00, 0x00, 0xBF, 0xFF, 0xFF, 0xF9, 0x00, 0x00, 0x00, 0x00, 0x00, 0x00,
  0x00, 0x5F, 0xFF, 0xFF, 0xFE, 0x20, 0x00, 0x00, 0x00, 0x00, 0x00, 0x00, 0x1D, 0xFF, 0xFF, 0xFF,
  0x70, 0x00, 0x00, 0x00, 0x00, 0x00, 0x00, 0x07, 0xFF, 0xFF, 0xFF, 0xC0, 0x00, 0x00, 0x00, 0x00,
  0x00, 0x00, 0x02, 0xEF, 0xFF, 0xFF, 0xF5, 0x00, 0x00, 0x00, 0x00, 0x00, 0x00, 0x00, 0x9F, 0xFF,
  0xFF, 0xFA, 0x00, 0x00, 0x00, 0x00, 0x00, 0x00, 0x00, 0x3F, 0xFF, 0xFF, 0xFF, 0x85, 0x55, 0x55,
  0x55, 0x53, 0x00, 0x00, 0x0B, 0xFF, 0xFF, 0xFF, 0xFF, 0xFF, 0xFF, 0xFF, 0xFF, 0x80, 0x00, 0x05,
  0xFF, 0xFF, 0xFF, 0xFF, 0xFF, 0xFF, 0xFF, 0xFF, 0xF7, 0x00, 0x00, 0x8F, 0xFF, 0xFF, 0xFF, 0xFF,
  0xFF, 0xFF, 0xFF, 0xFF, 0x80, 0x00, 0x07, 0xEE, 0xEE, 0xEE, 0xEE, 0xEE, 0xEE, 0xEE, 0xEE, 0xE7,
  0x00, 0x00, 0x01, 0x11, 0x11, 0x11, 0x11, 0x11, 0x11, 0x11, 0x11, 0x00, 0x00, 0x00, 0x00, 0x00,
  0x00, 0x00, 0x00, 0x00, 0x00, 0x00, 0x00, 0x00, 0x00, 0x26, 0x89, 0x96, 0x00, 0x00, 0x00, 0x00,
  0x19, 0xFF, 0xFF, 0xFC, 0x00, 0x00, 0x00, 0x00, 0xAF, 0xFF, 0xFF, 0xFA, 0x00, 0x00, 0x00, 0x04,
  0xFF, 0xFF, 0xE7, 0x31, 0x00, 0x00, 0x00, 0x07, 0xFF, 0xFF, 0x90, 0x00, 0x00, 0x00, 0x00, 0x07,
  0xFF, 0xFF, 0x70, 0x00, 0x00, 0x00, 0x00, 0x07, 0xFF, 0xFF, 0x80, 0x00, 0x00, 0x00, 0x00, 0x07,
  0xFF, 0xFF, 0x70, 0x00, 0x00, 0x00, 0x00, 0x07, 0xFF, 0xFF, 0x70, 0x00, 0x00, 0x00, 0x00, 0x07,
  0xFF, 0xFF, 0x70, 0x00, 0x00, 0x00, 0x00, 0x07, 0xFF, 0xFF, 0x70, 0x00, 0x00, 0x00, 0x00, 0x07,
  0xFF, 0xFF, 0x70, 0x00, 0x00, 0x00, 0x00, 0x07, 0xFF, 0xFF, 0x70, 0x00, 0x00, 0x00, 0x00, 0x07,
  0xFF, 0xFF, 0x70, 0x00, 0x00, 0x00, 0x00, 0x08, 0xFF, 0xFF, 0x70, 0x00, 0x00, 0x00, 0x00, 0x3D,
  0xFF, 0xFF, 0x40, 0x00, 0x00, 0x00, 0x6A, 0xFF, 0xFF, 0xFB, 0x00, 0x00, 0x00, 0x00, 0xCF, 0xFF,
  0xDC, 0x81, 0x00, 0x00, 0x00, 0x00, 0xBF, 0xFF, 0xA7, 0x10, 0x00, 0x00, 0x00, 0x00, 0xAF, 0xFF,
  0xFF, 0xE5, 0x00, 0x00, 0x00, 0x00, 0x13, 0x9F, 0xFF, 0xFE, 0x20, 0x00, 0x00, 0x00, 0x00, 0x0A,
  0xFF, 0xFF, 0x60, 0x00, 0x00, 0x00, 0x00, 0x07, 0xFF, 0xFF, 0x70, 0x00, 0x00, 0x00, 0x00, 0x08,
  0xFF, 0xFF, 0x70, 0x00, 0x00, 0x00, 0x00, 0x07, 0xFF, 0xFF, 0x70, 0x00, 0x00, 0x00, 0x00, 0x07,
  0xFF, 0xFF, 0x70, 0x00, 0x00, 0x00, 0x00, 0x07, 0xFF, 0xFF, 0x70, 0x00, 0x00, 0x00, 0x00, 0x07,
  0xFF, 0xFF, 0x70, 0x00, 0x00, 0x00, 0x00, 0x07, 0xFF, 0xFF, 0x70, 0x00, 0x00, 0x00, 0x00, 0x07,
  0xFF, 0xFF, 0x70, 0x00, 0x00, 0x00, 0x00, 0x07, 0xFF, 0xFF, 0x80, 0x00, 0x00, 0x00, 0x00, 0x07,
  0xFF, 0xFF, 0x70, 0x10, 0x00, 0x00, 0x00, 0x06, 0xFF, 0xFF, 0xA0, 0x00, 0x00, 0x00, 0x00, 0x02,
  0xFF, 0xFF, 0xFA, 0x63, 0x00, 0x00, 0x00, 0x00, 0x7F, 0xFF, 0xFF, 0xFB, 0x00, 0x00, 0x00, 0x00,
  0x06, 0xCF, 0xFF, 0xFB, 0x00, 0x00, 0x00, 0x00, 0x00, 0x03, 0x56, 0x64, 0x00, 0x00, 0x00, 0x00,
  0x00, 0x00, 0x00, 0x00, 0x00, 0x00, 0x00, 0x11, 0x11, 0x00, 0x00, 0x00, 0x01, 0xDE, 0xED, 0x10,
  0x00, 0x00, 0x01, 0xEF, 0xFE, 0x10, 0x00, 0x00, 0x01, 0xEF, 0xFE, 0x10, 0x00, 0x00, 0x01, 0xEF,
  0xFE, 0x10, 0x00, 0x00, 0x01, 0xEF, 0xFE, 0x10, 0x00, 0x00, 0x01, 0xEF, 0xFE, 0x10, 0x00, 0x00,
  0x01, 0xEF, 0xFE, 0x10, 0x00, 0x00, 0x01, 0xEF, 0xFE, 0x10, 0x00, 0x00, 0x01, 0xEF, 0xFE, 0x10,
  0x00, 0x00, 0x01, 0xEF, 0xFE, 0x10, 0x00, 0x00, 0x01, 0xEF, 0xFE, 0x10, 0x00, 0x00, 0x01, 0xEF,
  0xFE, 0x10, 0x00, 0x00, 0x01, 0xEF, 0xFE, 0x10, 0x00, 0x00, 0x01, 0xEF, 0xFE, 0x10, 0x00, 0x00,
  0x01, 0xEF, 0xFE, 0x10, 0x00, 0x00, 0x01, 0xEF, 0xFE, 0x10, 0x00, 0x00, 0x01, 0xEF, 0xFE, 0x10,
  0x00, 0x00, 0x01, 0xEF, 0xFE, 0x10, 0x00, 0x00, 0x01, 0xEF, 0xFE, 0x10, 0x00, 0x00, 0x01, 0xEF,
  0xFE, 0x10, 0x00, 0x00, 0x01, 0xEF, 0xFE, 0x10, 0x00, 0x00, 0x01, 0xEF, 0xFE, 0x10, 0x00, 0x00,
  0x01, 0xEF, 0xFE, 0x10, 0x00, 0x00, 0x01, 0xEF, 0xFE, 0x10, 0x00, 0x00, 0x01, 0xEF, 0xFE, 0x10,
  0x00, 0x00, 0x01, 0xEF, 0xFE, 0x10, 0x00, 0x00, 0x01, 0xEF, 0xFE, 0x10, 0x00, 0x00, 0x01, 0xEF,
  0xFE, 0x10, 0x00, 0x00, 0x01, 0xEF, 0xFE, 0x10, 0x00, 0x00, 0x01, 0xEF, 0xFE, 0x10, 0x00, 0x00,
  0x01, 0xEF, 0xFE, 0x10, 0x00, 0x00, 0x01, 0xEF, 0xFE, 0x10, 0x00, 0x00, 0x01, 0xEF, 0xFE, 0x10,
  0x00, 0x00, 0x01, 0xEF, 0xFE, 0x10, 0x00, 0x00, 0x01, 0xEF, 0xFE, 0x10, 0x00, 0x00, 0x01, 0xEF,
  0xFE, 0x10, 0x00, 0x00, 0x01, 0xEF, 0xFE, 0x10, 0x00, 0x00, 0x01, 0xEF, 0xFE, 0x10, 0x00, 0x00,
  0x01, 0xDE, 0xED, 0x10, 0x00, 0x00, 0x00, 0x11, 0x11, 0x00, 0x00, 0x00, 0x00, 0x00, 0x00, 0x00,
  0x00, 0x00, 0x00, 0x00, 0x79, 0x98, 0x62, 0x00, 0x00, 0x00, 0x00, 0x01, 0xFF, 0xFF, 0xFF, 0x91,
  0x00, 0x00, 0x00, 0x01, 0xDF, 0xFF, 0xFF, 0xFA, 0x00, 0x00, 0x00, 0x00, 0x13, 0x8E, 0xFF, 0xFF,
  0x40, 0x00, 0x00, 0x00, 0x00, 0x09, 0xFF, 0xFF, 0x70, 0x00, 0x00, 0x00, 0x00, 0x07, 0xFF, 0xFF,
  0x70, 0x00, 0x00, 0x00, 0x00, 0x08, 0xFF, 0xFF, 0x70, 0x00, 0x00, 0x00, 0x00, 0x07, 0xFF, 0xFF,
  0x70, 0x00, 0x00, 0x00, 0x00, 0x07, 0xFF, 0xFF, 0x70, 0x00, 0x00, 0x00, 0x00, 0x07, 0xFF, 0xFF,
  0x70, 0x00, 0x00, 0x00, 0x00, 0x07, 0xFF, 0xFF, 0x70, 0x00, 0x00, 0x00, 0x00, 0x07, 0xFF, 0xFF,
  0x70, 0x00, 0x00, 0x00, 0x00, 0x07, 0xFF, 0xFF, 0x70, 0x00, 0x00, 0x00, 0x00, 0x07, 0xFF, 0xFF,
  0x70, 0x00, 0x00, 0x00, 0x00, 0x07, 0xFF, 0xFF, 0x80, 0x00, 0x00, 0x00, 0x00, 0x04, 0xFF, 0xFF,
  0xD2, 0x00, 0x00, 0x00, 0x00, 0x00, 0xBF, 0xFF, 0xFE, 0x94, 0x00, 0x00, 0x00, 0x00, 0x19, 0xCD,
  0xFF, 0xF8, 0x00, 0x00, 0x00, 0x00, 0x02, 0x7A, 0xFE, 0xF8, 0x00, 0x00, 0x00, 0x00, 0x6E, 0xFF,
  0xFF, 0xF7, 0x00, 0x00, 0x00, 0x02, 0xEF, 0xFF, 0xF9, 0x30, 0x00, 0x00, 0x00, 0x06, 0xFF, 0xFF,
  0xA0, 0x00, 0x00, 0x00, 0x00, 0x07, 0xFF, 0xFF, 0x70, 0x00, 0x00, 0x00, 0x00, 0x07, 0xFF, 0xFF,
  0x80, 0x00, 0x00, 0x00, 0x00, 0x07, 0xFF, 0xFF, 0x70, 0x00, 0x00, 0x00, 0x00, 0x07, 0xFF, 0xFF,
  0x70, 0x00, 0x00, 0x00, 0x00, 0x07, 0xFF, 0xFF, 0x70, 0x00, 0x00, 0x00, 0x00, 0x07, 0xFF, 0xFF,
  0x70, 0x00, 0x00, 0x00, 0x00, 0x07, 0xFF, 0xFF, 0x70, 0x00, 0x00, 0x00, 0x00, 0x07, 0xFF, 0xFF,
  0x70, 0x00, 0x00, 0x00, 0x00, 0x08, 0xFF, 0xFF, 0x70, 0x00, 0x00, 0x00, 0x01, 0x07, 0xFF, 0xFF,
  0x70, 0x00, 0x00, 0x00, 0x00, 0x0A, 0xFF, 0xFF, 0x60, 0x00, 0x00, 0x00, 0x46, 0xBF, 0xFF, 0xFF,
  0x20, 0x00, 0x00, 0x01, 0xEF, 0xFF, 0xFF, 0xF7, 0x00, 0x00, 0x00, 0x01, 0xFF, 0xFF, 0xFC, 0x50,
  0x00, 0x00, 0x00, 0x00, 0x56, 0x65, 0x30, 0x00, 0x00, 0x00, 0x00, 0x00, 0x00, 0x00, 0x00, 0x00,
  0x00, 0x00, 0x00, 0x00, 0x00, 0x00, 0x00, 0x00, 0x00, 0x00, 0x00, 0x00, 0x00, 0x00, 0x00, 0x00,
  0x00, 0x00, 0x00, 0x00, 0x00, 0x00, 0x23, 0x31, 0x00, 0x00, 0x00, 0x00, 0x00, 0x00, 0x00, 0x41,
  0x00, 0x00, 0x00, 0x00, 0x6C, 0xEF, 0xFE, 0xB6, 0x10, 0x00, 0x00, 0x00, 0x00, 0x06, 0xE1, 0x00,
  0x00, 0x00, 0x3C, 0xFF, 0xFF, 0xFF, 0xFF, 0xD7, 0x20, 0x00, 0x00, 0x02, 0x9F, 0xE0, 0x00, 0x00,
  0x05, 0xEF, 0xFF, 0xFF, 0xFF, 0xFF, 0xFF, 0xEA, 0x64, 0x46, 0xAE, 0xFF, 0xE0, 0x00, 0x00, 0x0E,
  0xFF, 0xFF, 0xFE, 0xEF, 0xFF, 0xFF, 0xFF, 0xFF, 0xFF, 0xFF, 0xFF, 0xD0, 0x00, 0x00, 0x0E, 0xFF,
  0xC7, 0x31, 0x13, 0x7C, 0xFF, 0xFF, 0xFF, 0xFF, 0xFF, 0xFD, 0x30, 0x00, 0x00, 0x0E, 0xF7, 0x00,
  0x00, 0x00, 0x00, 0x4A, 0xFF, 0xFF, 0xFF, 0xFF, 0xA2, 0x00, 0x00, 0x00, 0x1C, 0x40, 0x00, 0x00,
  0x00, 0x00, 0x00, 0x38, 0xCE, 0xEC, 0x94, 0x00, 0x00, 0x00, 0x00, 0x02, 0x00, 0x00, 0x00, 0x00,
  0x00, 0x00, 0x00, 0x01, 0x10, 0x00, 0x00, 0x00, 0x00, 0x00, 0x00, 0x00, 0x00, 0x00, 0x00, 0x00,
  0x00, 0x00, 0x00, 0x00, 0x00, 0x00, 0x00, 0x00, 0x00, 0x00, 0x00, 0x00, 0x00, 0x00, 0x00, 0x00,
  0x00, 0x00, 0x00, 0x00, 0x00, 0x00, 0x00, 0x00, 0x00, 0x00, 0x00, 0x00, 0x00, 0x00, 0x00, 0x00,
  0x00, 0x00, 0x00, 0x00, 0x00, 0x00, 0x00, 0x00, 0x00, 0x00, 0x00, 0x00, 0x00, 0x00, 0x00, 0x00,
  0x00, 0x00, 0x00, 0x00, 0x00, 0x00, 0x00, 0x00, 0x00, 0x00, 0x00, 0x00, 0x00, 0x00, 0x00, 0x00,
  0x00, 0x00, 0x00, 0x00, 0x00, 0x00, 0x00, 0x00, 0x00, 0x00, 0x00, 0x00, 0x00, 0x00, 0x00, 0x00,
  0x00, 0x00, 0x00, 0x00, 0x00, 0x00, 0x00, 0x00, 0x00, 0x00, 0x00, 0x00, 0x00, 0x00, 0x00, 0x00,
  0x00, 0x00, 0x00, 0x00, 0x00, 0x00, 0x00, 0x00, 0x00, 0x00, 0x00, 0x00, 0x00, 0x00, 0x00, 0x00,
  0x00, 0x00, 0x00, 0x00, 0x00, 0x00, 0x00, 0x00, 0x00, 0x00, 0x00, 0x00, 0x00, 0x00, 0x00, 0x00,
};

static const BadgeSmoothGlyph font_chivo_42_glyphs[] PROGMEM = {
  {0, 10, 2, 8, -1, -1}, // ' '
  {10, 14, 31, 12, -1, -30}, // '!'
  {227, 20, 31, 18, -1, -30}, // '"'
  {537, 30, 32, 28, -1, -31}, // '#'
  {1017, 26, 37, 24, -1, -33}, // '$'
  {1498, 32, 31, 30, -1, -30}, // '%'
  {1994, 32, 32, 30, -1, -30}, // '&'
  {2506, 12, 31, 10, -1, -30}, // "'"
  {2692, 15, 38, 13, -1, -30}, // '('
  {2977, 15, 38, 13, -1, -30}, // ')'
  {3262, 23, 32, 21, -1, -32}, // '*'
  {3630, 28, 24, 26, -1, -22}, // '+'
  {3966, 14, 16, 12, -1, -8}, // ','
  {4078, 18, 16, 16, -1, -16}, // '-'
  {4222, 14, 16, 12, -1, -16}, // '.'
  {4334, 29, 38, 27, -1, -30}, // '/'
  {4885, 28, 32, 26, -1, -30}, // '0'
  {5333, 28, 32, 26, -1, -30}, // '1'
  {5781, 28, 32, 26, -1, -30}, // '2'
  {6229, 28, 32, 26, -1, -30}, // '3'
  {6677, 28, 32, 26, -1, -30}, // '4'
  {7125, 28, 32, 26, -1, -30}, // '5'
  {7573, 28, 32, 26, -1, -30}, // '6'
  {8021, 28, 31, 26, -1, -30}, // '7'
  {8455, 28, 32, 26, -1, -30}, // '8'
  {8903, 28, 32, 26, -1, -30}, // '9'
  {9351, 14, 18, 12, -1, -16}, // ':'
  {9477, 14, 31, 12, -1, -22}, // ';'
  {9694, 28, 24, 26, -1, -23}, // '<'
  {10030, 28, 20, 26, -1, -18}, // '='
  {10310, 28, 24, 26, -1, -23}, // '>'
  {10646, 26, 32, 24, -1, -30}, // '?'
  {11062, 40, 38, 38, -1, -30}, // '@'
  {11822, 32, 32, 29, -1, -30}, // 'A'
  {12334, 30, 31, 28, -1, -30}, // 'B'
  {12799, 30, 32, 28, -1, -30}, // 'C'
  {13279, 31, 31, 29, -1, -30}, // 'D'
  {13760, 27, 31, 25, -1, -30}, // 'E'
  {14179, 26, 32, 24, -1, -30}, // 'F'
  {14595, 32, 32, 30, -1, -30}, // 'G'
  {15107, 32, 31, 30, -1, -30}, // 'H'
  {15603, 20, 31, 18, -1, -30}, // 'I'
  {15913, 25, 32, 23, -1, -30}, // 'J'
  {16313, 30, 31, 28, -1, -30}, // 'K'
  {16778, 24, 31, 22, -1, -30}, // 'L'
  {17150, 44, 31, 42, -1, -30}, // 'M'
  {17832, 32, 31, 30, -1, -30}, // 'N'
  {18328, 32, 32, 30, -1, -30}, // 'O'
  {18840, 29, 31, 27, -1, -30}, // 'P'
  {19290, 32, 38, 30, -1, -30}, // 'Q'
  {19898, 30, 32, 28, -1, -30}, // 'R'
  {20378, 29, 32, 27, -1, -30}, // 'S'
  {20842, 27, 31, 25, -1, -30}, // 'T'
  {21261, 31, 32, 29, -1, -30}, // 'U'
  {21757, 29, 31, 27, -1, -30}, // 'V'
  {22207, 44, 31, 42, -1, -30}, // 'W'
  {22889, 30, 31, 28, -2, -30}, // 'X'
  {23354, 29, 31, 26, -2, -30}, // 'Y'
  {23804, 27, 31, 25, -1, -30}, // 'Z'
  {24223, 15, 38, 13, -1, -30}, // '['
  {24508, 29, 38, 27, -1, -30}, // '\\'
  {25059, 15, 38, 13, -1, -30}, // ']'
  {25344, 27, 24, 25, -1, -22}, // '^'
  {25668, 31, 8, 29, -1, -1}, // '_'
  {25792, 28, 34, 26, -1, -33}, // '`'
  {26268, 28, 24, 26, -1, -23}, // 'a'
  {26604, 27, 33, 25, -1, -32}, // 'b'
  {27050, 26, 24, 24, -1, -23}, // 'c'
  {27362, 27, 33, 25, -1, -32}, // 'd'
  {27808, 26, 24, 24, -1, -23}, // 'e'
  {28120, 18, 33, 16, -1, -32}, // 'f'
  {28417, 27, 33, 25, -1, -23}, // 'g'
  {28863, 27, 32, 25, -1, -32}, // 'h'
  {29295, 14, 32, 12, -1, -32}, // 'i'
  {29519, 16, 31, 12, -3, -23}, // 'j'
  {29767, 26, 32, 24, -1, -32}, // 'k'
  {30183, 14, 32, 12, -1, -32}, // 'l'
  {30407, 38, 24, 36, -1, -23}, // 'm'
  {30863, 27, 24, 25, -1, -23}, // 'n'
  {31187, 27, 24, 25, -1, -23}, // 'o'
  {31511, 27, 32, 25, -1, -23}, // 'p'
  {31943, 27, 32, 25, -1, -23}, // 'q'
  {32375, 23, 24, 21, -1, -23}, // 'r'
  {32651, 26, 24, 24, -1, -23}, // 's'
  {32963, 19, 34, 17, -1, -32}, // 't'
  {33286, 28, 25, 26, -1, -23}, // 'u'
  {33636, 25, 25, 23, -1, -23}, // 'v'
  {33949, 38, 25, 36, -1, -23}, // 'w'
  {34424, 26, 25, 24, -1, -23}, // 'x'
  {34749, 25, 32, 23, -1, -23}, // 'y'
  {35149, 23, 25, 21, -1, -23}, // 'z'
  {35437, 16, 39, 14, -1, -30}, // '{'
  {35749, 12, 41, 10, -1, -32}, // '|'
  {35995, 16, 39, 14, -1, -30}, // '}'
  {36307, 30, 19, 28, -1, -18}, // '~'
};

static const BadgeSmoothFont font_chivo_42 PROGMEM = {
  font_chivo_42_alpha,
  font_chivo_42_glyphs,
  32, 126,
  50,
  42,
  4,
};
