#pragma once
#include <stdint.h>
#include "badge_smooth_font.h"

// Auto-generated — 42px 4bpp AA (oversample×2)
static const uint8_t font_plexmono_42_alpha[] PROGMEM = {
  0x00, 0x00, 0x00, 0x00, 0x00, 0x00, 0x00, 0x00, 0x00, 0x00, 0x00, 0x00, 0x00, 0x00, 0x00, 0x00,
  0x00, 0x00, 0x00, 0x00, 0x00, 0x00, 0x00, 0x00, 0x00, 0x00, 0x00, 0x00, 0x00, 0x00, 0x00, 0x00,
  0x11, 0x11, 0x11, 0x10, 0x00, 0x00, 0x00, 0x00, 0x00, 0x00, 0x00, 0x00, 0x00, 0x1D, 0xEE, 0xEE,
  0xED, 0x10, 0x00, 0x00, 0x00, 0x00, 0x00, 0x00, 0x00, 0x00, 0x01, 0xEF, 0xFF, 0xFF, 0xE1, 0x00,
  0x00, 0x00, 0x00, 0x00, 0x00, 0x00, 0x00, 0x00, 0x1E, 0xFF, 0xFF, 0xFE, 0x10, 0x00, 0x00, 0x00,
  0x00, 0x00, 0x00, 0x00, 0x00, 0x01, 0xEF, 0xFF, 0xFF, 0xE1, 0x00, 0x00, 0x00, 0x00, 0x00, 0x00,
  0x00, 0x00, 0x00, 0x1E, 0xFF, 0xFF, 0xFE, 0x10, 0x00, 0x00, 0x00, 0x00, 0x00, 0x00, 0x00, 0x00,
  0x01, 0xEF, 0xFF, 0xFF, 0xE1, 0x00, 0x00, 0x00, 0x00, 0x00, 0x00, 0x00, 0x00, 0x00, 0x1E, 0xFF,
  0xFF, 0xFE, 0x10, 0x00, 0x00, 0x00, 0x00, 0x00, 0x00, 0x00, 0x00, 0x01, 0xEF, 0xFF, 0xFF, 0xE1,
  0x00, 0x00, 0x00, 0x00, 0x00, 0x00, 0x00, 0x00, 0x00, 0x1E, 0xFF, 0xFF, 0xFE, 0x10, 0x00, 0x00,
  0x00, 0x00, 0x00, 0x00, 0x00, 0x00, 0x00, 0xCF, 0xFF, 0xFF, 0xC0, 0x00, 0x00, 0x00, 0x00, 0x00,
  0x00, 0x00, 0x00, 0x00, 0x08, 0xFF, 0xFF, 0xF8, 0x00, 0x00, 0x00, 0x00, 0x00, 0x00, 0x00, 0x00,
  0x00, 0x00, 0x5F, 0xFF, 0xFF, 0x50, 0x00, 0x00, 0x00, 0x00, 0x00, 0x00, 0x00, 0x00, 0x00, 0x02,
  0xFF, 0xFF, 0xF2, 0x00, 0x00, 0x00, 0x00, 0x00, 0x00, 0x00, 0x00, 0x00, 0x00, 0x0D, 0xFF, 0xFD,
  0x00, 0x00, 0x00, 0x00, 0x00, 0x00, 0x00, 0x00, 0x00, 0x00, 0x00, 0x9F, 0xFF, 0x90, 0x00, 0x00,
  0x00, 0x00, 0x00, 0x00, 0x00, 0x00, 0x00, 0x00, 0x06, 0xFF, 0xF6, 0x00, 0x00, 0x00, 0x00, 0x00,
  0x00, 0x00, 0x00, 0x00, 0x00, 0x00, 0x3F, 0xFF, 0x30, 0x00, 0x00, 0x00, 0x00, 0x00, 0x00, 0x00,
  0x00, 0x00, 0x00, 0x01, 0xDF, 0xD1, 0x00, 0x00, 0x00, 0x00, 0x00, 0x00, 0x00, 0x00, 0x00, 0x00,
  0x00, 0x0B, 0xFB, 0x00, 0x00, 0x00, 0x00, 0x00, 0x00, 0x00, 0x00, 0x00, 0x00, 0x00, 0x00, 0x35,
  0x30, 0x00, 0x00, 0x00, 0x00, 0x00, 0x00, 0x00, 0x00, 0x00, 0x00, 0x00, 0x00, 0x00, 0x00, 0x00,
  0x00, 0x00, 0x00, 0x00, 0x00, 0x00, 0x00, 0x00, 0x00, 0x00, 0x22, 0x20, 0x00, 0x00, 0x00, 0x00,
  0x00, 0x00, 0x00, 0x00, 0x00, 0x00, 0x04, 0xCE, 0xFE, 0xC4, 0x00, 0x00, 0x00, 0x00, 0x00, 0x00,
  0x00, 0x00, 0x00, 0x02, 0xEF, 0xFF, 0xFF, 0xE2, 0x00, 0x00, 0x00, 0x00, 0x00, 0x00, 0x00, 0x00,
  0x00, 0x6F, 0xFF, 0xFF, 0xFF, 0x60, 0x00, 0x00, 0x00, 0x00, 0x00, 0x00, 0x00, 0x00, 0x08, 0xFF,
  0xFF, 0xFF, 0xF8, 0x00, 0x00, 0x00, 0x00, 0x00, 0x00, 0x00, 0x00, 0x00, 0x7F, 0xFF, 0xFF, 0xFF,
  0x70, 0x00, 0x00, 0x00, 0x00, 0x00, 0x00, 0x00, 0x00, 0x06, 0xFF, 0xFF, 0xFF, 0xF6, 0x00, 0x00,
  0x00, 0x00, 0x00, 0x00, 0x00, 0x00, 0x00, 0x1D, 0xFF, 0xFF, 0xFD, 0x10, 0x00, 0x00, 0x00, 0x00,
  0x00, 0x00, 0x00, 0x00, 0x00, 0x2A, 0xDE, 0xD9, 0x20, 0x00, 0x00, 0x00, 0x00, 0x00, 0x00, 0x00,
  0x00, 0x00, 0x00, 0x00, 0x10, 0x00, 0x00, 0x00, 0x00, 0x00, 0x00, 0x00, 0x00, 0x00, 0x11, 0x11,
  0x10, 0x00, 0x00, 0x11, 0x11, 0x10, 0x00, 0x00, 0x00, 0x00, 0x00, 0x1D, 0xEE, 0xEE, 0x70, 0x10,
  0x7E, 0xEE, 0xED, 0x10, 0x00, 0x00, 0x00, 0x00, 0x01, 0xEF, 0xFF, 0xF8, 0x01, 0x08, 0xFF, 0xFF,
  0xE1, 0x00, 0x00, 0x00, 0x00, 0x00, 0x1E, 0xFF, 0xFF, 0x70, 0x10, 0x7F, 0xFF, 0xFE, 0x10, 0x00,
  0x00, 0x00, 0x00, 0x01, 0xEF, 0xFF, 0xF7, 0x01, 0x07, 0xFF, 0xFF, 0xE1, 0x00, 0x00, 0x00, 0x00,
  0x00, 0x1E, 0xFF, 0xFF, 0x70, 0x10, 0x7F, 0xFF, 0xFE, 0x10, 0x00, 0x00, 0x00, 0x00, 0x01, 0xEF,
  0xFF, 0xF7, 0x01, 0x07, 0xFF, 0xFF, 0xE1, 0x00, 0x00, 0x00, 0x00, 0x00, 0x1E, 0xFF, 0xFF, 0x70,
  0x10, 0x7F, 0xFF, 0xFE, 0x10, 0x00, 0x00, 0x00, 0x00, 0x01, 0xEF, 0xFF, 0xF7, 0x01, 0x07, 0xFF,
  0xFF, 0xE1, 0x00, 0x00, 0x00, 0x00, 0x00, 0x1E, 0xFF, 0xFF, 0x70, 0x10, 0x7F, 0xFF, 0xFE, 0x10,
  0x00, 0x00, 0x00, 0x00, 0x01, 0xEF, 0xFF, 0xF7, 0x01, 0x07, 0xFF, 0xFF, 0xE1, 0x00, 0x00, 0x00,
  0x00, 0x00, 0x1E, 0xFF, 0xFF, 0x70, 0x10, 0x7F, 0xFF, 0xFE, 0x10, 0x00, 0x00, 0x00, 0x00, 0x01,
  0xEF, 0xFE, 0xF7, 0x01, 0x07, 0xFE, 0xFF, 0xE1, 0x00, 0x00, 0x00, 0x00, 0x00, 0x1F, 0xFF, 0xFF,
  0x80, 0x10, 0x8F, 0xFF, 0xFF, 0x10, 0x00, 0x00, 0x00, 0x00, 0x00, 0x77, 0x77, 0x74, 0x00, 0x04,
  0x77, 0x77, 0x70, 0x00, 0x00, 0x00, 0x00, 0x00, 0x00, 0x00, 0x00, 0x00, 0x00, 0x00, 0x00, 0x00,
  0x00, 0x00, 0x00, 0x00, 0x00, 0x00, 0x00, 0x00, 0x00, 0x00, 0x00, 0x00, 0x00, 0x00, 0x00, 0x00,
  0x00, 0x00, 0x00, 0x00, 0x00, 0x00, 0x00, 0x00, 0x00, 0x00, 0x00, 0x00, 0x00, 0x00, 0x00, 0x00,
  0x00, 0x00, 0x00, 0x00, 0x00, 0x00, 0x00, 0x00, 0x00, 0x00, 0x00, 0x00, 0x00, 0x00, 0x00, 0x00,
  0x00, 0x00, 0x00, 0x00, 0x00, 0x00, 0x00, 0x00, 0x00, 0x00, 0x00, 0x00, 0x00, 0x00, 0x00, 0x00,
  0x00, 0x00, 0x00, 0x00, 0x00, 0x00, 0x00, 0x00, 0x00, 0x00, 0x00, 0x00, 0x00, 0x00, 0x00, 0x00,
  0x00, 0x00, 0x00, 0x00, 0x00, 0x00, 0x00, 0x00, 0x00, 0x00, 0x00, 0x00, 0x00, 0x00, 0x00, 0x00,
  0x00, 0x00, 0x00, 0x00, 0x00, 0x00, 0x00, 0x00, 0x00, 0x00, 0x00, 0x00, 0x00, 0x00, 0x00, 0x00,
  0x00, 0x00, 0x00, 0x00, 0x00, 0x00, 0x00, 0x00, 0x00, 0x00, 0x00, 0x00, 0x00, 0x00, 0x00, 0x00,
  0x00, 0x00, 0x00, 0x00, 0x00, 0x00, 0x00, 0x00, 0x00, 0x00, 0x00, 0x00, 0x00, 0x00, 0x00, 0x00,
  0x00, 0x00, 0x00, 0x00, 0x00, 0x00, 0x00, 0x00, 0x00, 0x00, 0x00, 0x00, 0x00, 0x00, 0x00, 0x00,
  0x00, 0x00, 0x00, 0x00, 0x00, 0x00, 0x00, 0x00, 0x00, 0x00, 0x00, 0x00, 0x00, 0x00, 0x00, 0x00,
  0x00, 0x00, 0x00, 0x00, 0x00, 0x00, 0x00, 0x00, 0x00, 0x00, 0x00, 0x00, 0x00, 0x00, 0x00, 0x00,
  0x00, 0x00, 0x00, 0x00, 0x00, 0x00, 0x00, 0x00, 0x00, 0x00, 0x00, 0x00, 0x00, 0x00, 0x00, 0x00,
  0x00, 0x00, 0x00, 0x00, 0x00, 0x00, 0x00, 0x00, 0x00, 0x00, 0x00, 0x00, 0x00, 0x00, 0x00, 0x00,
  0x00, 0x00, 0x00, 0x00, 0x00, 0x00, 0x00, 0x00, 0x00, 0x00, 0x00, 0x00, 0x00, 0x00, 0x11, 0x11,
  0x10, 0x00, 0x11, 0x11, 0x10, 0x00, 0x00, 0x00, 0x00, 0x00, 0x00, 0x5E, 0xEE, 0xE9, 0x00, 0x2E,
  0xEE, 0xEC, 0x00, 0x00, 0x00, 0x00, 0x00, 0x00, 0x08, 0xFF, 0xFF, 0x70, 0x04, 0xFF, 0xFF, 0xA0,
  0x00, 0x00, 0x00, 0x00, 0x00, 0x00, 0xAF, 0xFF, 0xF4, 0x00, 0x7F, 0xFF, 0xF8, 0x00, 0x00, 0x00,
  0x00, 0x00, 0x00, 0x0D, 0xFF, 0xFF, 0x20, 0x09, 0xFF, 0xFF, 0x50, 0x00, 0x00, 0x00, 0x00, 0x00,
  0x02, 0xEF, 0xFF, 0xD0, 0x00, 0xCF, 0xFF, 0xF3, 0x00, 0x00, 0x00, 0x00, 0x00, 0x00, 0x4F, 0xFF,
  0xFB, 0x00, 0x1E, 0xFF, 0xFE, 0x10, 0x00, 0x00, 0x00, 0x00, 0x00, 0x06, 0xFF, 0xFF, 0x80, 0x03,
  0xFF, 0xFF, 0xB0, 0x00, 0x00, 0x00, 0x01, 0x11, 0x11, 0x9F, 0xFF, 0xF6, 0x00, 0x6F, 0xFF, 0xF9,
  0x11, 0x11, 0x00, 0x01, 0xDE, 0xEE, 0xEF, 0xFF, 0xFF, 0x30, 0x08, 0xFF, 0xFF, 0xFE, 0xEE, 0xD1,
  0x00, 0x1E, 0xFF, 0xFF, 0xFF, 0xFF, 0xE1, 0x00, 0xAF, 0xFF, 0xFF, 0xFF, 0xFE, 0x10, 0x01, 0xEF,
  0xFF, 0xFF, 0xFF, 0xFC, 0x00, 0x0D, 0xFF, 0xFF, 0xFF, 0xFF, 0xE1, 0x00, 0x1F, 0xFF, 0xFF, 0xFF,
  0xFF, 0xA0, 0x02, 0xFF, 0xFF, 0xFF, 0xFF, 0xFF, 0x10, 0x00, 0x89, 0x98, 0xCF, 0xFF, 0xF7, 0x00,
  0x4F, 0xFF, 0xFD, 0x89, 0x99, 0x80, 0x00, 0x00, 0x00, 0x0A, 0xFF, 0xFF, 0x50, 0x07, 0xFF, 0xFF,
  0x80, 0x00, 0x00, 0x00, 0x00, 0x00, 0x01, 0xCF, 0xFF, 0xF2, 0x00, 0x9F, 0xFF, 0xF6, 0x01, 0x00,
  0x00, 0x00, 0x00, 0x00, 0x1E, 0xFF, 0xFD, 0x10, 0x0B, 0xFF, 0xFF, 0x30, 0x00, 0x00, 0x00, 0x49,
  0x89, 0x8A, 0xFF, 0xFF, 0xB0, 0x01, 0xEF, 0xFF, 0xF9, 0x99, 0x94, 0x00, 0x08, 0xFF, 0xFF, 0xFF,
  0xFF, 0xF8, 0x00, 0x3F, 0xFF, 0xFF, 0xFF, 0xFF, 0x80, 0x00, 0x7F, 0xEF, 0xFF, 0xFF, 0xFF, 0x60,
  0x05, 0xFF, 0xFF, 0xFF, 0xFE, 0xF7, 0x00, 0x08, 0xFF, 0xFF, 0xFF, 0xFF, 0xF4, 0x00, 0x8F, 0xFF,
  0xFF, 0xFF, 0xFF, 0x80, 0x00, 0x7E, 0xEE, 0xEF, 0xFF, 0xFE, 0x10, 0x0A, 0xFF, 0xFF, 0xEE, 0xEE,
  0xE7, 0x00, 0x00, 0x11, 0x13, 0xFF, 0xFF, 0xC0, 0x00, 0xDF, 0xFF, 0xF3, 0x11, 0x11, 0x00, 0x00,
  0x00, 0x00, 0x5F, 0xFF, 0xFA, 0x00, 0x2E, 0xFF, 0xFD, 0x00, 0x00, 0x00, 0x00, 0x00, 0x00, 0x07,
  0xFF, 0xFF, 0x70, 0x04, 0xFF, 0xFF, 0xB0, 0x00, 0x00, 0x00, 0x00, 0x00, 0x00, 0xAF, 0xFF, 0xF5,
  0x00, 0x6F, 0xFF, 0xF8, 0x00, 0x00, 0x00, 0x00, 0x00, 0x00, 0x0C, 0xFF, 0xFF, 0x20, 0x09, 0xFF,
  0xFF, 0x60, 0x00, 0x00, 0x00, 0x00, 0x00, 0x01, 0xEF, 0xFF, 0xD1, 0x00, 0xBF, 0xFF, 0xF3, 0x00,
  0x00, 0x00, 0x00, 0x00, 0x00, 0x4F, 0xFF, 0xFB, 0x00, 0x1E, 0xFF, 0xFE, 0x10, 0x00, 0x00, 0x00,
  0x00, 0x00, 0x06, 0xEE, 0xEE, 0x80, 0x02, 0xEE, 0xEE, 0xB0, 0x00, 0x00, 0x00, 0x00, 0x00, 0x00,
  0x01, 0x11, 0x10, 0x00, 0x01, 0x11, 0x11, 0x00, 0x00, 0x00, 0x00, 0x00, 0x00, 0x00, 0x00, 0x00,
  0x00, 0x00, 0x11, 0x11, 0x00, 0x00, 0x00, 0x00, 0x00, 0x00, 0x00, 0x00, 0x00, 0x00, 0x00, 0x7E,
  0xEE, 0xE7, 0x00, 0x00, 0x00, 0x00, 0x00, 0x00, 0x00, 0x00, 0x00, 0x00, 0x08, 0xFF, 0xFF, 0x80,
  0x00, 0x00, 0x00, 0x00, 0x00, 0x00, 0x00, 0x00, 0x00, 0x00, 0x8F, 0xFF, 0xF8, 0x00, 0x00, 0x00,
  0x00, 0x00, 0x00, 0x00, 0x00, 0x00, 0x00, 0x07, 0xFF, 0xFF, 0x70, 0x00, 0x00, 0x00, 0x00, 0x00,
  0x00, 0x00, 0x00, 0x01, 0x48, 0xCF, 0xFF, 0xFC, 0x85, 0x10, 0x00, 0x00, 0x00, 0x00, 0x00, 0x00,
  0x18, 0xDF, 0xFF, 0xFF, 0xFF, 0xFF, 0xFD, 0x81, 0x00, 0x00, 0x00, 0x00, 0x00, 0x4D, 0xFF, 0xFF,
  0xFF, 0xFF, 0xFF, 0xFF, 0xFF, 0xD4, 0x00, 0x00, 0x00, 0x00, 0x4F, 0xFF, 0xFF, 0xFF, 0xFF, 0xFF,
  0xFF, 0xFF, 0xFF, 0xE4, 0x00, 0x00, 0x00, 0x1D, 0xFF, 0xFF, 0xFF, 0xFF, 0xFF, 0xFF, 0xFF, 0xFF,
  0xFF, 0x50, 0x00, 0x00, 0x06, 0xFF, 0xFF, 0xFF, 0xC7, 0xEF, 0xFE, 0xAE, 0xFF, 0xFF, 0x50, 0x00,
  0x00, 0x00, 0xBF, 0xFF, 0xFF, 0xA0, 0x0E, 0xFF, 0xE0, 0x29, 0xFF, 0x60, 0x00, 0x00, 0x00, 0x0D,
  0xFF, 0xFF, 0xF2, 0x01, 0xEF, 0xFE, 0x10, 0x07, 0x70, 0x00, 0x00, 0x00, 0x01, 0xEF, 0xFF, 0xFE,
  0x10, 0x1E, 0xFF, 0xE1, 0x00, 0x00, 0x00, 0x00, 0x00, 0x00, 0x1D, 0xFF, 0xFF, 0xF3, 0x01, 0xEF,
  0xFE, 0x10, 0x00, 0x00, 0x00, 0x00, 0x00, 0x00, 0xCF, 0xFF, 0xFF, 0xB1, 0x0E, 0xFF, 0xE1, 0x00,
  0x00, 0x00, 0x00, 0x00, 0x00, 0x08, 0xFF, 0xFF, 0xFF, 0xD9, 0xEF, 0xFE, 0x00, 0x00, 0x00, 0x00,
  0x00, 0x00, 0x00, 0x2F, 0xFF, 0xFF, 0xFF, 0xFF, 0xFF, 0xF9, 0x52, 0x00, 0x00, 0x00, 0x00, 0x00,
  0x00, 0x7F, 0xFF, 0xFF, 0xFF, 0xFF, 0xFF, 0xFF, 0xEA, 0x40, 0x00, 0x00, 0x00, 0x00, 0x00, 0x9F,
  0xFF, 0xFF, 0xFF, 0xFF, 0xFF, 0xFF, 0xFF, 0x90, 0x00, 0x00, 0x00, 0x00, 0x00, 0x6D, 0xFF, 0xFF,
  0xFF, 0xFF, 0xFF, 0xFF, 0xFF, 0xA0, 0x00, 0x00, 0x00, 0x00, 0x00, 0x15, 0xAC, 0xEF, 0xFF, 0xFF,
  0xFF, 0xFF, 0xFF, 0x60, 0x00, 0x00, 0x00, 0x00, 0x00, 0x00, 0x03, 0xEF, 0xFF, 0xEF, 0xFF, 0xFF,
  0xFD, 0x10, 0x00, 0x00, 0x00, 0x00, 0x00, 0x00, 0x0E, 0xFF, 0xE2, 0x9F, 0xFF, 0xFF, 0xF4, 0x00,
  0x00, 0x00, 0x00, 0x00, 0x00, 0x01, 0xEF, 0xFE, 0x00, 0xCF, 0xFF, 0xFF, 0x60, 0x00, 0x00, 0x00,
  0x00, 0x00, 0x00, 0x1E, 0xFF, 0xE1, 0x08, 0xFF, 0xFF, 0xF7, 0x00, 0x00, 0x00, 0x03, 0x10, 0x00,
  0x01, 0xEF, 0xFE, 0x10, 0x8F, 0xFF, 0xFF, 0x70, 0x00, 0x00, 0x04, 0xFC, 0x20, 0x00, 0x1E, 0xFF,
  0xE1, 0x0B, 0xFF, 0xFF, 0xF5, 0x00, 0x00, 0x03, 0xEF, 0xFE, 0x71, 0x00, 0xEF, 0xFE, 0x04, 0xFF,
  0xFF, 0xFE, 0x20, 0x00, 0x03, 0xDF, 0xFF, 0xFF, 0xD9, 0x6E, 0xFF, 0xE8, 0xEF, 0xFF, 0xFF, 0x90,
  0x00, 0x00, 0xAF, 0xFF, 0xFF, 0xFF, 0xFF, 0xFF, 0xFF, 0xFF, 0xFF, 0xFF, 0xE2, 0x00, 0x00, 0x02,
  0xBF, 0xFF, 0xFF, 0xFF, 0xFF, 0xFF, 0xFF, 0xFF, 0xFF, 0xF5, 0x00, 0x00, 0x00, 0x01, 0x8F, 0xFF,
  0xFF, 0xFF, 0xFF, 0xFF, 0xFF, 0xFF, 0xD5, 0x00, 0x00, 0x00, 0x00, 0x00, 0x39, 0xEF, 0xFF, 0xFF,
  0xFF, 0xFF, 0xFE, 0x82, 0x00, 0x00, 0x00, 0x00, 0x00, 0x00, 0x01, 0x48, 0x9D, 0xFF, 0xFF, 0xB5,
  0x10, 0x00, 0x00, 0x00, 0x00, 0x00, 0x00, 0x00, 0x00, 0x00, 0x7F, 0xFF, 0xF7, 0x00, 0x00, 0x00,
  0x00, 0x00, 0x00, 0x00, 0x00, 0x00, 0x01, 0x07, 0xFF, 0xFF, 0x80, 0x00, 0x00, 0x00, 0x00, 0x00,
  0x00, 0x00, 0x00, 0x00, 0x00, 0x8F, 0xFF, 0xF8, 0x00, 0x00, 0x00, 0x00, 0x00, 0x00, 0x00, 0x00,
  0x00, 0x00, 0x07, 0xEE, 0xEE, 0x70, 0x00, 0x00, 0x00, 0x00, 0x00, 0x00, 0x00, 0x00, 0x00, 0x00,
  0x01, 0x11, 0x10, 0x00, 0x00, 0x00, 0x00, 0x00, 0x00, 0x00, 0x00, 0x01, 0x10, 0x00, 0x00, 0x00,
  0x00, 0x00, 0x00, 0x00, 0x00, 0x00, 0x00, 0x00, 0x28, 0xCE, 0xED, 0x94, 0x00, 0x00, 0x00, 0x00,
  0x03, 0x88, 0x78, 0x40, 0x00, 0x04, 0xDF, 0xFF, 0xFF, 0xFF, 0x70, 0x00, 0x00, 0x00, 0x0B, 0xFF,
  0xFF, 0x40, 0x00, 0x2E, 0xFF, 0xFF, 0xFF, 0xFF, 0xF5, 0x00, 0x00, 0x00, 0x4F, 0xFF, 0xFA, 0x00,
  0x00, 0x9F, 0xFF, 0xF9, 0x8E, 0xFF, 0xFD, 0x10, 0x00, 0x00, 0xBF, 0xFF, 0xF3, 0x00, 0x01, 0xEF,
  0xFF, 0x80, 0x04, 0xFF, 0xFF, 0x50, 0x00, 0x04, 0xFF, 0xFF, 0xA0, 0x00, 0x04, 0xFF, 0xFF, 0x30,
  0x01, 0xDF, 0xFF, 0x80, 0x00, 0x0C, 0xFF, 0xFF, 0x30, 0x00, 0x06, 0xFF, 0xFF, 0x20, 0x00, 0xCF,
  0xFF, 0xA0, 0x00, 0x5F, 0xFF, 0xF9, 0x00, 0x00, 0x07, 0xFF, 0xFF, 0x20, 0x00, 0xCF, 0xFF, 0xB0,
  0x00, 0xCF, 0xFF, 0xE2, 0x00, 0x00, 0x06, 0xFF, 0xFF, 0x20, 0x00, 0xCF, 0xFF, 0xB0, 0x05, 0xFF,
  0xFF, 0x90, 0x00, 0x00, 0x05, 0xFF, 0xFF, 0x30, 0x00, 0xCF, 0xFF, 0x90, 0x1C, 0xFF, 0xFE, 0x20,
  0x00, 0x00, 0x03, 0xFF, 0xFF, 0x50, 0x02, 0xEF, 0xFF, 0x70, 0x5F, 0xFF, 0xF9, 0x00, 0x00, 0x00,
  0x00, 0xCF, 0xFF, 0xC3, 0x19, 0xFF, 0xFF, 0x20, 0xDF, 0xFF, 0xE2, 0x00, 0x00, 0x00, 0x00, 0x5F,
  0xFF, 0xFF, 0xEF, 0xFF, 0xFA, 0x05, 0xEE, 0xEF, 0x80, 0x00, 0x00, 0x00, 0x00, 0x0A, 0xFF, 0xFF,
  0xFF, 0xFF, 0xD1, 0x01, 0x11, 0x00, 0x00, 0x00, 0x00, 0x00, 0x00, 0x00, 0x8E, 0xFF, 0xFF, 0xFA,
  0x20, 0x00, 0x02, 0x67, 0x75, 0x20, 0x00, 0x00, 0x00, 0x00, 0x02, 0x57, 0x76, 0x20, 0x00, 0x02,
  0xAF, 0xFF, 0xFF, 0xE8, 0x00, 0x00, 0x00, 0x00, 0x00, 0x00, 0x00, 0x11, 0x10, 0x1D, 0xFF, 0xFF,
  0xFF, 0xFF, 0x90, 0x00, 0x00, 0x00, 0x00, 0x09, 0xFE, 0xEE, 0x50, 0xAF, 0xFF, 0xFE, 0xFF, 0xFF,
  0xF5, 0x00, 0x00, 0x00, 0x00, 0x2F, 0xFF, 0xFC, 0x03, 0xFF, 0xFF, 0x91, 0x3C, 0xFF, 0xFC, 0x00,
  0x00, 0x00, 0x00, 0x9F, 0xFF, 0xF5, 0x07, 0xFF, 0xFE, 0x20, 0x05, 0xFF, 0xFF, 0x30, 0x00, 0x00,
  0x03, 0xFF, 0xFF, 0xC0, 0x0A, 0xFF, 0xFC, 0x00, 0x03, 0xFF, 0xFF, 0x50, 0x00, 0x00, 0x0A, 0xFF,
  0xFF, 0x40, 0x0B, 0xFF, 0xFC, 0x00, 0x02, 0xFF, 0xFF, 0x60, 0x00, 0x00, 0x3F, 0xFF, 0xFB, 0x00,
  0x0B, 0xFF, 0xFC, 0x00, 0x02, 0xFF, 0xFF, 0x70, 0x00, 0x00, 0xAF, 0xFF, 0xF4, 0x00, 0x0A, 0xFF,
  0xFC, 0x00, 0x02, 0xFF, 0xFF, 0x60, 0x00, 0x03, 0xFF, 0xFF, 0xB0, 0x00, 0x08, 0xFF, 0xFD, 0x00,
  0x03, 0xFF, 0xFF, 0x40, 0x00, 0x0A, 0xFF, 0xFF, 0x40, 0x00, 0x05, 0xFF, 0xFF, 0x40, 0x08, 0xFF,
  0xFE, 0x10, 0x00, 0x3F, 0xFF, 0xFB, 0x00, 0x00, 0x01, 0xDF, 0xFF, 0xE8, 0x9F, 0xFF, 0xF9, 0x00,
  0x00, 0xAF, 0xFF, 0xF3, 0x00, 0x00, 0x00, 0x5F, 0xFF, 0xFF, 0xFF, 0xFF, 0xE2, 0x00, 0x04, 0xFF,
  0xFF, 0xB0, 0x00, 0x00, 0x00, 0x07, 0xFF, 0xFF, 0xFF, 0xFD, 0x40, 0x00, 0x04, 0x87, 0x88, 0x20,
  0x00, 0x00, 0x00, 0x00, 0x49, 0xDE, 0xEC, 0x82, 0x00, 0x00, 0x00, 0x00, 0x00, 0x00, 0x00, 0x00,
  0x00, 0x00, 0x00, 0x01, 0x10, 0x00, 0x00, 0x00, 0x00, 0x00, 0x00, 0x00, 0x00, 0x00, 0x00, 0x00,
  0x00, 0x00, 0x00, 0x00, 0x00, 0x00, 0x00, 0x00, 0x00, 0x02, 0x68, 0x98, 0x73, 0x00, 0x00, 0x00,
  0x00, 0x00, 0x00, 0x00, 0x00, 0x00, 0x29, 0xEF, 0xFF, 0xFF, 0xFC, 0x50, 0x00, 0x00, 0x00, 0x00,
  0x00, 0x00, 0x00, 0x3D, 0xFF, 0xFF, 0xFF, 0xFF, 0xFF, 0x90, 0x00, 0x00, 0x00, 0x00, 0x00, 0x00,
  0x2E, 0xFF, 0xFF, 0xFF, 0xFF, 0xFF, 0xFF, 0x80, 0x00, 0x00, 0x00, 0x00, 0x00, 0x0A, 0xFF, 0xFF,
  0xFF, 0xDE, 0xFF, 0xFF, 0xFF, 0x50, 0x00, 0x00, 0x00, 0x00, 0x03, 0xFF, 0xFF, 0xFC, 0x40, 0x16,
  0xEF, 0xFF, 0xF7, 0x00, 0x00, 0x00, 0x00, 0x00, 0x6F, 0xFF, 0xFF, 0x40, 0x00, 0x04, 0xFF, 0xA3,
  0x00, 0x00, 0x00, 0x00, 0x00, 0x07, 0xFF, 0xFF, 0xE1, 0x00, 0x00, 0x07, 0x40, 0x00, 0x00, 0x00,
  0x00, 0x00, 0x00, 0x7F, 0xFF, 0xFF, 0x20, 0x00, 0x00, 0x00, 0x00, 0x00, 0x00, 0x00, 0x00, 0x00,
  0x04, 0xFF, 0xFF, 0xF7, 0x00, 0x00, 0x00, 0x00, 0x00, 0x00, 0x00, 0x00, 0x00, 0x00, 0x1D, 0xFF,
  0xFF, 0xE2, 0x00, 0x00, 0x00, 0x00, 0x00, 0x00, 0x00, 0x00, 0x00, 0x00, 0x6F, 0xFF, 0xFF, 0xB0,
  0x00, 0x00, 0x00, 0x00, 0x00, 0x00, 0x00, 0x00, 0x00, 0x00, 0xCF, 0xFF, 0xFF, 0x80, 0x00, 0x00,
  0x00, 0x00, 0x00, 0x00, 0x00, 0x00, 0x00, 0x02, 0xEF, 0xFF, 0xFF, 0x60, 0x00, 0x06, 0xCB, 0xCC,
  0xCC, 0xB1, 0x00, 0x00, 0x00, 0x7E, 0xFF, 0xFF, 0xFE, 0x30, 0x00, 0x8F, 0xFF, 0xFF, 0xFF, 0x10,
  0x00, 0x00, 0xAF, 0xFF, 0xFF, 0xFF, 0xFD, 0x10, 0x07, 0xFF, 0xFF, 0xFF, 0xE1, 0x00, 0x00, 0xAF,
  0xFF, 0xFF, 0xFF, 0xFF, 0xFB, 0x00, 0x8F, 0xFF, 0xFF, 0xFF, 0x10, 0x00, 0x6F, 0xFF, 0xFF, 0x8C,
  0xFF, 0xFF, 0xF7, 0x09, 0xFF, 0xFF, 0xBB, 0xA1, 0x00, 0x0D, 0xFF, 0xFF, 0xA0, 0x3E, 0xFF, 0xFF,
  0xE2, 0x9F, 0xFF, 0xD0, 0x00, 0x00, 0x03, 0xFF, 0xFF, 0xF4, 0x00, 0x5F, 0xFF, 0xFF, 0xBC, 0xFF,
  0xFA, 0x00, 0x00, 0x00, 0x6F, 0xFF, 0xFF, 0x20, 0x00, 0x8F, 0xFF, 0xFF, 0xFF, 0xFF, 0x60, 0x00,
  0x00, 0x07, 0xFF, 0xFF, 0xE1, 0x00, 0x00, 0xAF, 0xFF, 0xFF, 0xFF, 0xE2, 0x00, 0x00, 0x00, 0x7F,
  0xFF, 0xFF, 0x20, 0x00, 0x01, 0xDF, 0xFF, 0xFF, 0xF9, 0x00, 0x00, 0x00, 0x06, 0xFF, 0xFF, 0xF6,
  0x00, 0x00, 0x02, 0xEF, 0xFF, 0xFF, 0xA0, 0x00, 0x00, 0x00, 0x2F, 0xFF, 0xFF, 0xE4, 0x00, 0x00,
  0x5F, 0xFF, 0xFF, 0xFF, 0x80, 0x00, 0x00, 0x00, 0xBF, 0xFF, 0xFF, 0xFB, 0x88, 0xBF, 0xFD, 0xEF,
  0xFF, 0xFF, 0x60, 0x00, 0x00, 0x04, 0xFF, 0xFF, 0xFF, 0xFF, 0xFF, 0xFF, 0x55, 0xFF, 0xFF, 0xFF,
  0x40, 0x00, 0x00, 0x07, 0xFF, 0xFF, 0xFF, 0xFF, 0xFF, 0xD1, 0x08, 0xFF, 0xFF, 0xFD, 0x20, 0x00,
  0x00, 0x06, 0xEF, 0xFF, 0xFF, 0xFF, 0xD3, 0x00, 0x0A, 0xFF, 0xFF, 0xFE, 0x20, 0x00, 0x00, 0x02,
  0x8B, 0xDE, 0xDB, 0x71, 0x00, 0x00, 0x17, 0x88, 0x88, 0x84, 0x00, 0x00, 0x00, 0x00, 0x01, 0x11,
  0x00, 0x00, 0x00, 0x00, 0x00, 0x00, 0x00, 0x00, 0x00, 0x00, 0x00, 0x00, 0x00, 0x01, 0x11, 0x11,
  0x00, 0x00, 0x00, 0x00, 0x00, 0x00, 0x00, 0x00, 0x00, 0x00, 0x01, 0xDE, 0xEE, 0xE7, 0x00, 0x00,
  0x00, 0x00, 0x00, 0x00, 0x00, 0x00, 0x00, 0x00, 0x1E, 0xFF, 0xFF, 0x80, 0x00, 0x00, 0x00, 0x00,
  0x00, 0x00, 0x00, 0x00, 0x00, 0x01, 0xEF, 0xFF, 0xF7, 0x00, 0x00, 0x00, 0x00, 0x00, 0x00, 0x00,
  0x00, 0x00, 0x00, 0x1E, 0xFF, 0xFF, 0x70, 0x00, 0x00, 0x00, 0x00, 0x00, 0x00, 0x00, 0x00, 0x00,
  0x01, 0xEF, 0xFF, 0xF7, 0x00, 0x00, 0x00, 0x00, 0x00, 0x00, 0x00, 0x00, 0x00, 0x00, 0x1E, 0xFF,
  0xFF, 0x70, 0x00, 0x00, 0x00, 0x00, 0x00, 0x00, 0x00, 0x00, 0x00, 0x01, 0xEF, 0xFF, 0xF7, 0x00,
  0x00, 0x00, 0x00, 0x00, 0x00, 0x00, 0x00, 0x00, 0x00, 0x1E, 0xFF, 0xFF, 0x70, 0x00, 0x00, 0x00,
  0x00, 0x00, 0x00, 0x00, 0x00, 0x00, 0x01, 0xEF, 0xFF, 0xF7, 0x00, 0x00, 0x00, 0x00, 0x00, 0x00,
  0x00, 0x00, 0x00, 0x00, 0x1E, 0xFF, 0xFF, 0x70, 0x00, 0x00, 0x00, 0x00, 0x00, 0x00, 0x00, 0x00,
  0x00, 0x01, 0xEF, 0xFF, 0xF7, 0x00, 0x00, 0x00, 0x00, 0x00, 0x00, 0x00, 0x00, 0x00, 0x00, 0x1E,
  0xFF, 0xEF, 0x70, 0x00, 0x00, 0x00, 0x00, 0x00, 0x00, 0x00, 0x00, 0x00, 0x01, 0xFF, 0xFF, 0xF8,
  0x00, 0x00, 0x00, 0x00, 0x00, 0x00, 0x00, 0x00, 0x00, 0x00, 0x07, 0x77, 0x77, 0x40, 0x00, 0x00,
  0x00, 0x00, 0x00, 0x00, 0x00, 0x00, 0x00, 0x00, 0x00, 0x00, 0x00, 0x00, 0x00, 0x00, 0x00, 0x00,
  0x00, 0x00, 0x00, 0x00, 0x00, 0x00, 0x00, 0x00, 0x00, 0x00, 0x00, 0x00, 0x00, 0x00, 0x00, 0x00,
  0x00, 0x00, 0x00, 0x00, 0x00, 0x00, 0x00, 0x00, 0x00, 0x00, 0x00, 0x00, 0x00, 0x00, 0x00, 0x00,
  0x00, 0x00, 0x00, 0x00, 0x00, 0x00, 0x00, 0x00, 0x00, 0x00, 0x00, 0x00, 0x00, 0x00, 0x00, 0x00,
  0x00, 0x00, 0x00, 0x00, 0x00, 0x00, 0x00, 0x00, 0x00, 0x00, 0x00, 0x00, 0x00, 0x00, 0x00, 0x00,
  0x00, 0x00, 0x00, 0x00, 0x00, 0x00, 0x00, 0x00, 0x00, 0x00, 0x00, 0x00, 0x00, 0x00, 0x00, 0x00,
  0x00, 0x00, 0x00, 0x00, 0x00, 0x00, 0x00, 0x00, 0x00, 0x00, 0x00, 0x00, 0x00, 0x00, 0x00, 0x00,
  0x00, 0x00, 0x00, 0x00, 0x00, 0x00, 0x00, 0x00, 0x00, 0x00, 0x00, 0x00, 0x00, 0x00, 0x00, 0x00,
  0x00, 0x00, 0x00, 0x00, 0x00, 0x00, 0x00, 0x00, 0x00, 0x00, 0x00, 0x00, 0x00, 0x00, 0x00, 0x00,
  0x00, 0x00, 0x00, 0x00, 0x00, 0x00, 0x00, 0x00, 0x00, 0x00, 0x00, 0x00, 0x00, 0x00, 0x00, 0x00,
  0x00, 0x00, 0x00, 0x00, 0x00, 0x00, 0x00, 0x00, 0x00, 0x00, 0x00, 0x00, 0x00, 0x00, 0x00, 0x00,
  0x00, 0x00, 0x00, 0x00, 0x00, 0x00, 0x00, 0x00, 0x00, 0x00, 0x00, 0x00, 0x00, 0x00, 0x00, 0x00,
  0x00, 0x00, 0x00, 0x00, 0x00, 0x00, 0x00, 0x00, 0x00, 0x00, 0x00, 0x00, 0x00, 0x00, 0x00, 0x00,
  0x00, 0x00, 0x00, 0x00, 0x00, 0x00, 0x00, 0x00, 0x00, 0x00, 0x00, 0x00, 0x00, 0x00, 0x00, 0x00,
  0x00, 0x00, 0x00, 0x00, 0x00, 0x00, 0x00, 0x00, 0x00, 0x00, 0x00, 0x00, 0x00, 0x00, 0x00, 0x00,
  0x00, 0x00, 0x00, 0x00, 0x00, 0x00, 0x00, 0x00, 0x00, 0x00, 0x00, 0x00, 0x00, 0x00, 0x01, 0x11,
  0x11, 0x10, 0x00, 0x00, 0x00, 0x00, 0x00, 0x00, 0x00, 0x00, 0x00, 0x08, 0xEE, 0xEE, 0xE8, 0x00,
  0x00, 0x00, 0x00, 0x00, 0x00, 0x00, 0x00, 0x00, 0x09, 0xFF, 0xFF, 0xF6, 0x00, 0x00, 0x00, 0x00,
  0x00, 0x00, 0x00, 0x00, 0x00, 0x08, 0xFF, 0xFF, 0xE4, 0x00, 0x00, 0x00, 0x00, 0x00, 0x00, 0x00,
  0x00, 0x00, 0x06, 0xFF, 0xFF, 0xF4, 0x00, 0x00, 0x00, 0x00, 0x00, 0x00, 0x00, 0x00, 0x00, 0x02,
  0xEF, 0xFF, 0xF5, 0x00, 0x00, 0x00, 0x00, 0x00, 0x00, 0x00, 0x00, 0x00, 0x00, 0xBF, 0xFF, 0xF8,
  0x00, 0x00, 0x00, 0x00, 0x00, 0x00, 0x00, 0x00, 0x00, 0x00, 0x5F, 0xFF, 0xFC, 0x00, 0x00, 0x00,
  0x00, 0x00, 0x00, 0x00, 0x00, 0x00, 0x00, 0x0C, 0xFF, 0xFF, 0x30, 0x00, 0x00, 0x00, 0x00, 0x00,
  0x00, 0x00, 0x00, 0x00, 0x04, 0xFF, 0xFF, 0xA0, 0x00, 0x00, 0x00, 0x00, 0x00, 0x00, 0x00, 0x00,
  0x00, 0x00, 0xAF, 0xFF, 0xF3, 0x00, 0x00, 0x00, 0x00, 0x00, 0x00, 0x00, 0x00, 0x00, 0x00, 0x2E,
  0xFF, 0xFB, 0x00, 0x00, 0x00, 0x00, 0x00, 0x00, 0x00, 0x00, 0x00, 0x00, 0x06, 0xFF, 0xFF, 0x60,
  0x00, 0x00, 0x00, 0x00, 0x00, 0x00, 0x00, 0x00, 0x00, 0x00, 0xAF, 0xFF, 0xE2, 0x00, 0x00, 0x00,
  0x00, 0x00, 0x00, 0x00, 0x00, 0x00, 0x00, 0x0D, 0xFF, 0xFC, 0x00, 0x00, 0x00, 0x00, 0x00, 0x00,
  0x00, 0x00, 0x00, 0x00, 0x02, 0xFF, 0xFF, 0xA0, 0x00, 0x00, 0x00, 0x00, 0x00, 0x00, 0x00, 0x00,
  0x00, 0x00, 0x4F, 0xFF, 0xF8, 0x00, 0x00, 0x00, 0x00, 0x00, 0x00, 0x00, 0x00, 0x00, 0x00, 0x06,
  0xFF, 0xFF, 0x80, 0x00, 0x00, 0x00, 0x00, 0x00, 0x00, 0x00, 0x00, 0x00, 0x00, 0x7F, 0xFF, 0xF7,
  0x00, 0x00, 0x00, 0x00, 0x00, 0x00, 0x00, 0x00, 0x00, 0x00, 0x07, 0xFF, 0xFF, 0x70, 0x00, 0x00,
  0x00, 0x00, 0x00, 0x00, 0x00, 0x00, 0x00, 0x00, 0x7F, 0xFF, 0xF7, 0x00, 0x00, 0x00, 0x00, 0x00,
  0x00, 0x00, 0x00, 0x00, 0x00, 0x07, 0xFF, 0xFF, 0x70, 0x00, 0x00, 0x00, 0x00, 0x00, 0x00, 0x00,
  0x00, 0x00, 0x00, 0x6F, 0xFF, 0xF8, 0x00, 0x00, 0x00, 0x00, 0x00, 0x00, 0x00, 0x00, 0x00, 0x00,
  0x04, 0xFF, 0xFF, 0x80, 0x00, 0x00, 0x00, 0x00, 0x00, 0x00, 0x00, 0x00, 0x00, 0x00, 0x2F, 0xFF,
  0xFA, 0x00, 0x00, 0x00, 0x00, 0x00, 0x00, 0x00, 0x00, 0x00, 0x00, 0x00, 0xDF, 0xFF, 0xC0, 0x00,
  0x00, 0x00, 0x00, 0x00, 0x00, 0x00, 0x00, 0x00, 0x00, 0x0A, 0xFF, 0xFE, 0x20, 0x00, 0x00, 0x00,
  0x00, 0x00, 0x00, 0x00, 0x00, 0x00, 0x00, 0x6F, 0xFF, 0xF6, 0x00, 0x00, 0x00, 0x00, 0x00, 0x00,
  0x00, 0x00, 0x00, 0x00, 0x02, 0xEF, 0xFF, 0xB0, 0x00, 0x00, 0x00, 0x00, 0x00, 0x00, 0x00, 0x00,
  0x00, 0x00, 0x0A, 0xFF, 0xFF, 0x30, 0x00, 0x00, 0x00, 0x00, 0x00, 0x00, 0x00, 0x00, 0x00, 0x00,
  0x4F, 0xFF, 0xFA, 0x00, 0x00, 0x00, 0x00, 0x00, 0x00, 0x00, 0x00, 0x00, 0x00, 0x00, 0xCF, 0xFF,
  0xF3, 0x00, 0x00, 0x00, 0x00, 0x00, 0x00, 0x00, 0x00, 0x00, 0x00, 0x05, 0xFF, 0xFF, 0xC0, 0x00,
  0x00, 0x00, 0x00, 0x00, 0x00, 0x00, 0x00, 0x00, 0x00, 0x0B, 0xFF, 0xFF, 0x80, 0x00, 0x00, 0x00,
  0x00, 0x00, 0x00, 0x00, 0x00, 0x00, 0x00, 0x2E, 0xFF, 0xFF, 0x50, 0x00, 0x00, 0x00, 0x00, 0x00,
  0x00, 0x00, 0x00, 0x00, 0x00, 0x6F, 0xFF, 0xFF, 0x40, 0x00, 0x00, 0x00, 0x00, 0x00, 0x00, 0x00,
  0x00, 0x00, 0x00, 0x9F, 0xFF, 0xFE, 0x40, 0x00, 0x00, 0x00, 0x00, 0x00, 0x00, 0x00, 0x00, 0x00,
  0x00, 0x9F, 0xFF, 0xFF, 0x60, 0x00, 0x00, 0x00, 0x00, 0x00, 0x00, 0x00, 0x00, 0x00, 0x00, 0x8E,
  0xEE, 0xEE, 0x80, 0x00, 0x00, 0x00, 0x00, 0x00, 0x00, 0x00, 0x00, 0x00, 0x00, 0x11, 0x11, 0x11,
  0x00, 0x00, 0x00, 0x00, 0x11, 0x11, 0x11, 0x00, 0x00, 0x00, 0x00, 0x00, 0x00, 0x00, 0x00, 0x00,
  0x00, 0x08, 0xEE, 0xEE, 0xE8, 0x00, 0x00, 0x00, 0x00, 0x00, 0x00, 0x00, 0x00, 0x00, 0x00, 0x06,
  0xFF, 0xFF, 0xF9, 0x00, 0x00, 0x00, 0x00, 0x00, 0x00, 0x00, 0x00, 0x00, 0x00, 0x05, 0xEF, 0xFF,
  0xF8, 0x00, 0x00, 0x00, 0x00, 0x00, 0x00, 0x00, 0x00, 0x00, 0x00, 0x04, 0xFF, 0xFF, 0xF5, 0x00,
  0x00, 0x00, 0x00, 0x00, 0x00, 0x00, 0x00, 0x00, 0x00, 0x06, 0xFF, 0xFF, 0xE2, 0x00, 0x00, 0x00,
  0x00, 0x00, 0x00, 0x00, 0x00, 0x00, 0x00, 0x08, 0xFF, 0xFF, 0xB0, 0x00, 0x00, 0x00, 0x00, 0x00,
  0x00, 0x00, 0x00, 0x00, 0x00, 0x1C, 0xFF, 0xFF, 0x50, 0x00, 0x00, 0x00, 0x00, 0x00, 0x00, 0x00,
  0x00, 0x00, 0x00, 0x3F, 0xFF, 0xFC, 0x00, 0x00, 0x00, 0x00, 0x00, 0x00, 0x00, 0x00, 0x00, 0x00,
  0x00, 0xAF, 0xFF, 0xF4, 0x00, 0x00, 0x00, 0x00, 0x00, 0x00, 0x00, 0x00, 0x00, 0x00, 0x03, 0xFF,
  0xFF, 0xA0, 0x00, 0x00, 0x00, 0x00, 0x00, 0x00, 0x00, 0x00, 0x00, 0x00, 0x0B, 0xFF, 0xFE, 0x20,
  0x00, 0x00, 0x00, 0x00, 0x00, 0x00, 0x00, 0x00, 0x00, 0x00, 0x6F, 0xFF, 0xF6, 0x00, 0x00, 0x00,
  0x00, 0x00, 0x00, 0x00, 0x00, 0x00, 0x00, 0x02, 0xFF, 0xFF, 0xA0, 0x00, 0x00, 0x00, 0x00, 0x00,
  0x00, 0x00, 0x00, 0x00, 0x00, 0x0C, 0xFF, 0xFD, 0x00, 0x00, 0x00, 0x00, 0x00, 0x00, 0x00, 0x00,
  0x00, 0x00, 0x00, 0xAF, 0xFF, 0xF2, 0x00, 0x00, 0x00, 0x00, 0x00, 0x00, 0x00, 0x00, 0x00, 0x00,
  0x08, 0xFF, 0xFF, 0x40, 0x00, 0x00, 0x00, 0x00, 0x00, 0x00, 0x00, 0x00, 0x00, 0x00, 0x8F, 0xFF,
  0xF6, 0x00, 0x00, 0x00, 0x00, 0x00, 0x00, 0x00, 0x00, 0x00, 0x00, 0x07, 0xFF, 0xFF, 0x70, 0x00,
  0x00, 0x00, 0x00, 0x00, 0x00, 0x00, 0x00, 0x00, 0x00, 0x7F, 0xFF, 0xF7, 0x00, 0x00, 0x00, 0x00,
  0x00, 0x00, 0x00, 0x00, 0x00, 0x00, 0x07, 0xFF, 0xFF, 0x70, 0x00, 0x00, 0x00, 0x00, 0x00, 0x00,
  0x00, 0x00, 0x00, 0x00, 0x7F, 0xFF, 0xF7, 0x00, 0x00, 0x00, 0x00, 0x00, 0x00, 0x00, 0x00, 0x00,
  0x00, 0x08, 0xFF, 0xFF, 0x60, 0x00, 0x00, 0x00, 0x00, 0x00, 0x00, 0x00, 0x00, 0x00, 0x00, 0x8F,
  0xFF, 0xF4, 0x00, 0x00, 0x00, 0x00, 0x00, 0x00, 0x00, 0x00, 0x00, 0x00, 0x0A, 0xFF, 0xFF, 0x20,
  0x00, 0x00, 0x00, 0x00, 0x00, 0x00, 0x00, 0x00, 0x00, 0x00, 0xCF, 0xFF, 0xD0, 0x00, 0x00, 0x00,
  0x00, 0x00, 0x00, 0x00, 0x00, 0x00, 0x00, 0x2F, 0xFF, 0xFA, 0x00, 0x00, 0x00, 0x00, 0x00, 0x00,
  0x00, 0x00, 0x00, 0x00, 0x06, 0xFF, 0xFF, 0x60, 0x00, 0x00, 0x00, 0x00, 0x00, 0x00, 0x00, 0x00,
  0x00, 0x00, 0xBF, 0xFF, 0xE2, 0x00, 0x00, 0x00, 0x00, 0x00, 0x00, 0x00, 0x00, 0x00, 0x00, 0x3F,
  0xFF, 0xFA, 0x00, 0x00, 0x00, 0x00, 0x00, 0x00, 0x00, 0x00, 0x00, 0x00, 0x0A, 0xFF, 0xFF, 0x40,
  0x00, 0x00, 0x00, 0x00, 0x00, 0x00, 0x00, 0x00, 0x00, 0x03, 0xFF, 0xFF, 0xC0, 0x00, 0x00, 0x00,
  0x00, 0x00, 0x00, 0x00, 0x00, 0x00, 0x01, 0xCF, 0xFF, 0xF5, 0x00, 0x00, 0x00, 0x00, 0x00, 0x00,
  0x00, 0x00, 0x00, 0x00, 0x8F, 0xFF, 0xFB, 0x00, 0x00, 0x00, 0x00, 0x00, 0x00, 0x00, 0x00, 0x00,
  0x00, 0x6F, 0xFF, 0xFE, 0x20, 0x00, 0x00, 0x00, 0x00, 0x00, 0x00, 0x00, 0x00, 0x00, 0x4F, 0xFF,
  0xFF, 0x60, 0x00, 0x00, 0x00, 0x00, 0x00, 0x00, 0x00, 0x00, 0x00, 0x5E, 0xFF, 0xFF, 0x80, 0x00,
  0x00, 0x00, 0x00, 0x00, 0x00, 0x00, 0x00, 0x00, 0x6F, 0xFF, 0xFF, 0x90, 0x00, 0x00, 0x00, 0x00,
  0x00, 0x00, 0x00, 0x00, 0x00, 0x8E, 0xEE, 0xEE, 0x80, 0x00, 0x00, 0x00, 0x00, 0x00, 0x00, 0x00,
  0x00, 0x00, 0x01, 0x11, 0x11, 0x10, 0x00, 0x00, 0x00, 0x00, 0x00, 0x00, 0x00, 0x00, 0x00, 0x00,
  0x00, 0x00, 0x00, 0x01, 0x11, 0x11, 0x00, 0x00, 0x00, 0x00, 0x00, 0x00, 0x00, 0x00, 0x00, 0x00,
  0x01, 0xDE, 0xEE, 0xE7, 0x00, 0x00, 0x00, 0x00, 0x00, 0x00, 0x00, 0x00, 0x00, 0x00, 0x1E, 0xFF,
  0xFF, 0x80, 0x00, 0x00, 0x00, 0x00, 0x00, 0x00, 0x00, 0x00, 0x00, 0x01, 0xEF, 0xFF, 0xF7, 0x00,
  0x00, 0x00, 0x00, 0x00, 0x00, 0x00, 0x00, 0x00, 0x00, 0x1E, 0xFF, 0xFF, 0x70, 0x00, 0x00, 0x00,
  0x00, 0x00, 0x00, 0x00, 0x00, 0x00, 0x01, 0xEF, 0xFF, 0xF7, 0x00, 0x00, 0x00, 0x00, 0x00, 0x00,
  0x03, 0xC7, 0x30, 0x00, 0x1E, 0xFF, 0xFF, 0x80, 0x00, 0x15, 0xA9, 0x00, 0x00, 0x00, 0x8F, 0xFE,
  0xB6, 0x10, 0xEF, 0xFF, 0xF7, 0x04, 0x8D, 0xFF, 0xE1, 0x00, 0x00, 0x0D, 0xFF, 0xFF, 0xFE, 0xAE,
  0xFF, 0xFF, 0xCB, 0xFF, 0xFF, 0xFF, 0x60, 0x00, 0x04, 0xFF, 0xFF, 0xFF, 0xFF, 0xFF, 0xFF, 0xFF,
  0xFF, 0xFF, 0xFF, 0xFB, 0x00, 0x00, 0x7F, 0xFF, 0xFF, 0xFF, 0xFF, 0xFF, 0xFF, 0xFF, 0xFF, 0xFF,
  0xFF, 0xD1, 0x00, 0x01, 0x49, 0xDF, 0xFF, 0xFF, 0xFF, 0xFF, 0xFF, 0xFF, 0xFF, 0xEB, 0x62, 0x00,
  0x00, 0x00, 0x01, 0x49, 0xDF, 0xFF, 0xFF, 0xFF, 0xFF, 0xEB, 0x62, 0x00, 0x00, 0x00, 0x00, 0x00,
  0x00, 0x01, 0xCF, 0xFF, 0xFF, 0xFF, 0xF5, 0x00, 0x00, 0x00, 0x00, 0x00, 0x00, 0x00, 0x00, 0x6F,
  0xFF, 0xFF, 0xFF, 0xFF, 0xC1, 0x00, 0x00, 0x00, 0x00, 0x00, 0x00, 0x00, 0x3E, 0xFF, 0xFF, 0xFF,
  0xFF, 0xFF, 0x90, 0x00, 0x00, 0x00, 0x00, 0x00, 0x00, 0x1C, 0xFF, 0xFF, 0xFA, 0xDF, 0xFF, 0xFF,
  0x60, 0x00, 0x00, 0x00, 0x00, 0x00, 0x09, 0xFF, 0xFF, 0xFC, 0x05, 0xFF, 0xFF, 0xFE, 0x30, 0x00,
  0x00, 0x00, 0x00, 0x06, 0xFF, 0xFF, 0xFE, 0x30, 0x09, 0xFF, 0xFF, 0xFC, 0x10, 0x00, 0x00, 0x00,
  0x01, 0xEF, 0xFF, 0xFF, 0x60, 0x00, 0x1C, 0xFF, 0xFF, 0xF7, 0x00, 0x00, 0x00, 0x00, 0x03, 0xCF,
  0xFF, 0xA0, 0x00, 0x00, 0x3E, 0xFF, 0xF8, 0x10, 0x00, 0x00, 0x00, 0x00, 0x00, 0x8F, 0xD1, 0x00,
  0x00, 0x00, 0x6F, 0xC3, 0x00, 0x00, 0x00, 0x00, 0x00, 0x00, 0x00, 0x43, 0x00, 0x00, 0x00, 0x00,
  0x51, 0x00, 0x00, 0x00, 0x00, 0x00, 0x00, 0x00, 0x00, 0x00, 0x00, 0x00, 0x00, 0x00, 0x00, 0x00,
  0x00, 0x00, 0x00, 0x00, 0x00, 0x00, 0x00, 0x00, 0x00, 0x00, 0x00, 0x00, 0x00, 0x00, 0x00, 0x00,
  0x00, 0x00, 0x00, 0x00, 0x00, 0x00, 0x00, 0x00, 0x00, 0x00, 0x00, 0x00, 0x00, 0x00, 0x00, 0x00,
  0x00, 0x00, 0x11, 0x11, 0x11, 0x00, 0x00, 0x00, 0x00, 0x00, 0x00, 0x00, 0x00, 0x00, 0x00, 0x07,
  0xEE, 0xEE, 0xD1, 0x00, 0x00, 0x00, 0x00, 0x00, 0x00, 0x00, 0x00, 0x00, 0x00, 0x8F, 0xFF, 0xFE,
  0x10, 0x00, 0x00, 0x00, 0x00, 0x00, 0x00, 0x00, 0x00, 0x00, 0x07, 0xFF, 0xFF, 0xE1, 0x00, 0x00,
  0x00, 0x00, 0x00, 0x00, 0x00, 0x00, 0x00, 0x00, 0x7F, 0xFF, 0xFE, 0x10, 0x00, 0x00, 0x00, 0x00,
  0x00, 0x00, 0x00, 0x00, 0x00, 0x07, 0xFF, 0xFF, 0xE1, 0x00, 0x00, 0x00, 0x00, 0x00, 0x00, 0x00,
  0x00, 0x00, 0x10, 0x8F, 0xFF, 0xFE, 0x10, 0x00, 0x00, 0x00, 0x00, 0x00, 0x00, 0x00, 0x00, 0x00,
  0x07, 0xFF, 0xFF, 0xE0, 0x00, 0x00, 0x00, 0x00, 0x00, 0x00, 0x05, 0xAA, 0xAA, 0xAA, 0xDF, 0xFF,
  0xFF, 0xAA, 0xAA, 0xAA, 0xA5, 0x00, 0x00, 0x00, 0x8F, 0xFF, 0xFF, 0xFF, 0xFF, 0xFF, 0xFF, 0xFF,
  0xFF, 0xFF, 0x80, 0x00, 0x00, 0x07, 0xFE, 0xFF, 0xFF, 0xFF, 0xFF, 0xFF, 0xFF, 0xFF, 0xFE, 0xF7,
  0x00, 0x00, 0x00, 0x7F, 0xFF, 0xFF, 0xFF, 0xFF, 0xFF, 0xFF, 0xFF, 0xFF, 0xFF, 0x70, 0x00, 0x00,
  0x08, 0xFF, 0xFF, 0xFF, 0xFF, 0xFF, 0xFF, 0xFF, 0xFF, 0xFF, 0xF8, 0x00, 0x00, 0x00, 0x23, 0x33,
  0x34, 0x39, 0xFF, 0xFF, 0xE4, 0x33, 0x33, 0x33, 0x20, 0x00, 0x00, 0x00, 0x00, 0x00, 0x00, 0x7F,
  0xFF, 0xFE, 0x00, 0x00, 0x00, 0x00, 0x00, 0x00, 0x00, 0x00, 0x00, 0x00, 0x08, 0xFF, 0xFF, 0xE1,
  0x00, 0x00, 0x00, 0x00, 0x00, 0x00, 0x00, 0x00, 0x00, 0x00, 0x7F, 0xFF, 0xFE, 0x10, 0x00, 0x00,
  0x00, 0x00, 0x00, 0x00, 0x00, 0x00, 0x00, 0x07, 0xFF, 0xFF, 0xE1, 0x00, 0x00, 0x00, 0x00, 0x00,
  0x00, 0x00, 0x00, 0x00, 0x00, 0x7F, 0xEF, 0xFE, 0x10, 0x00, 0x00, 0x00, 0x00, 0x00, 0x00, 0x00,
  0x00, 0x00, 0x08, 0xFF, 0xFF, 0xF1, 0x00, 0x00, 0x00, 0x00, 0x00, 0x00, 0x00, 0x00, 0x00, 0x00,
  0x49, 0x89, 0x98, 0x00, 0x00, 0x00, 0x00, 0x00, 0x00, 0x00, 0x00, 0x00, 0x00, 0x00, 0x00, 0x00,
  0x00, 0x00, 0x00, 0x00, 0x00, 0x00, 0x00, 0x00, 0x00, 0x00, 0x00, 0x00, 0x00, 0x00, 0x00, 0x00,
  0x00, 0x00, 0x00, 0x00, 0x00, 0x00, 0x00, 0x00, 0x00, 0x00, 0x00, 0x00, 0x00, 0x00, 0x00, 0x00,
  0x00, 0x00, 0x00, 0x00, 0x00, 0x00, 0x01, 0x11, 0x11, 0x10, 0x00, 0x00, 0x00, 0x00, 0x00, 0x00,
  0x00, 0x00, 0x00, 0x08, 0xED, 0xEE, 0xEE, 0xE4, 0x00, 0x00, 0x00, 0x00, 0x00, 0x00, 0x00, 0x00,
  0x00, 0xBF, 0xFF, 0xFF, 0xFD, 0x10, 0x00, 0x00, 0x00, 0x00, 0x00, 0x00, 0x00, 0x00, 0x0D, 0xFF,
  0xFF, 0xFF, 0x70, 0x00, 0x00, 0x00, 0x00, 0x00, 0x00, 0x00, 0x00, 0x02, 0xEF, 0xFF, 0xFF, 0xE2,
  0x00, 0x00, 0x00, 0x00, 0x00, 0x00, 0x00, 0x00, 0x00, 0x4F, 0xFF, 0xFF, 0xFA, 0x00, 0x00, 0x00,
  0x00, 0x00, 0x00, 0x00, 0x00, 0x00, 0x06, 0xFF, 0xFF, 0xFF, 0x40, 0x00, 0x00, 0x00, 0x00, 0x00,
  0x00, 0x00, 0x00, 0x00, 0x9F, 0xFF, 0xFF, 0xC0, 0x00, 0x00, 0x00, 0x00, 0x00, 0x00, 0x00, 0x00,
  0x00, 0x0B, 0xFF, 0xFF, 0xF6, 0x00, 0x00, 0x00, 0x00, 0x00, 0x00, 0x00, 0x00, 0x00, 0x00, 0xDF,
  0xFF, 0xFE, 0x10, 0x00, 0x00, 0x00, 0x00, 0x00, 0x00, 0x00, 0x00, 0x00, 0x2F, 0xFF, 0xFF, 0x90,
  0x00, 0x00, 0x00, 0x00, 0x00, 0x00, 0x00, 0x00, 0x00, 0x04, 0xFF, 0xFF, 0xF3, 0x00, 0x00, 0x00,
  0x00, 0x00, 0x00, 0x00, 0x00, 0x00, 0x00, 0x7F, 0xFF, 0xFB, 0x00, 0x00, 0x00, 0x00, 0x00, 0x00,
  0x00, 0x00, 0x00, 0x00, 0x09, 0xFF, 0xFF, 0x60, 0x00, 0x00, 0x00, 0x00, 0x00, 0x00, 0x00, 0x00,
  0x00, 0x00, 0xAE, 0xDE, 0xC1, 0x00, 0x00, 0x00, 0x00, 0x00, 0x00, 0x00, 0x00, 0x00, 0x00, 0x00,
  0x11, 0x10, 0x00, 0x00, 0x00, 0x00, 0x00, 0x00, 0x00, 0x00, 0x00, 0x00, 0x01, 0x11, 0x11, 0x11,
  0x11, 0x11, 0x11, 0x00, 0x00, 0x00, 0x00, 0x00, 0x00, 0x01, 0xDE, 0xEE, 0xEE, 0xEE, 0xEE, 0xEE,
  0xE7, 0x00, 0x00, 0x00, 0x00, 0x00, 0x00, 0x1E, 0xFF, 0xFF, 0xFF, 0xFF, 0xFF, 0xFF, 0x80, 0x00,
  0x00, 0x00, 0x00, 0x00, 0x01, 0xEF, 0xFF, 0xFF, 0xFF, 0xFF, 0xFF, 0xF7, 0x00, 0x00, 0x00, 0x00,
  0x00, 0x00, 0x1E, 0xFF, 0xFF, 0xFF, 0xFF, 0xFF, 0xFF, 0x70, 0x00, 0x00, 0x00, 0x00, 0x00, 0x01,
  0xEF, 0xFF, 0xFF, 0xFF, 0xFF, 0xFF, 0xF8, 0x00, 0x00, 0x00, 0x00, 0x00, 0x00, 0x1D, 0xEE, 0xEE,
  0xEE, 0xEE, 0xEE, 0xEE, 0x70, 0x00, 0x00, 0x00, 0x00, 0x00, 0x00, 0x11, 0x11, 0x11, 0x11, 0x11,
  0x11, 0x10, 0x00, 0x00, 0x00, 0x00, 0x00, 0x00, 0x00, 0x00, 0x00, 0x00, 0x00, 0x00, 0x00, 0x00,
  0x00, 0x00, 0x00, 0x00, 0x00, 0x00, 0x00, 0x00, 0x00, 0x00, 0x00, 0x00, 0x00, 0x00, 0x00, 0x00,
  0x00, 0x00, 0x00, 0x00, 0x00, 0x00, 0x00, 0x00, 0x00, 0x00, 0x00, 0x00, 0x00, 0x00, 0x00, 0x00,
  0x00, 0x00, 0x00, 0x00, 0x00, 0x00, 0x00, 0x00, 0x00, 0x00, 0x00, 0x00, 0x00, 0x00, 0x00, 0x00,
  0x00, 0x00, 0x00, 0x00, 0x00, 0x00, 0x00, 0x00, 0x00, 0x00, 0x00, 0x00, 0x00, 0x00, 0x00, 0x00,
  0x00, 0x00, 0x00, 0x00, 0x00, 0x00, 0x00, 0x00, 0x00, 0x00, 0x00, 0x00, 0x00, 0x00, 0x00, 0x00,
  0x00, 0x00, 0x00, 0x00, 0x00, 0x00, 0x00, 0x00, 0x00, 0x00, 0x00, 0x00, 0x00, 0x00, 0x00, 0x00,
  0x00, 0x00, 0x00, 0x00, 0x00, 0x00, 0x00, 0x00, 0x00, 0x00, 0x00, 0x00, 0x00, 0x00, 0x00, 0x00,
  0x00, 0x00, 0x00, 0x00, 0x00, 0x00, 0x00, 0x00, 0x00, 0x00, 0x00, 0x00, 0x00, 0x00, 0x00, 0x00,
  0x00, 0x00, 0x00, 0x00, 0x00, 0x00, 0x00, 0x00, 0x00, 0x00, 0x00, 0x00, 0x00, 0x00, 0x00, 0x00,
  0x00, 0x00, 0x00, 0x00, 0x00, 0x00, 0x00, 0x00, 0x00, 0x00, 0x00, 0x00, 0x00, 0x00, 0x00, 0x00,
  0x00, 0x00, 0x00, 0x00, 0x00, 0x00, 0x00, 0x00, 0x00, 0x00, 0x00, 0x00, 0x00, 0x00, 0x00, 0x00,
  0x00, 0x00, 0x00, 0x00, 0x00, 0x00, 0x00, 0x00, 0x00, 0x00, 0x00, 0x00, 0x00, 0x00, 0x00, 0x00,
  0x00, 0x00, 0x00, 0x00, 0x00, 0x00, 0x00, 0x00, 0x00, 0x00, 0x00, 0x00, 0x00, 0x00, 0x00, 0x00,
  0x00, 0x00, 0x00, 0x00, 0x00, 0x00, 0x00, 0x00, 0x00, 0x00, 0x00, 0x00, 0x00, 0x00, 0x00, 0x00,
  0x00, 0x00, 0x00, 0x00, 0x00, 0x00, 0x00, 0x00, 0x00, 0x00, 0x00, 0x00, 0x00, 0x00, 0x11, 0x10,
  0x00, 0x00, 0x00, 0x00, 0x00, 0x00, 0x00, 0x00, 0x00, 0x00, 0x05, 0xBE, 0xEE, 0xB5, 0x00, 0x00,
  0x00, 0x00, 0x00, 0x00, 0x00, 0x00, 0x00, 0x06, 0xFF, 0xFF, 0xFF, 0xF6, 0x00, 0x00, 0x00, 0x00,
  0x00, 0x00, 0x00, 0x00, 0x00, 0xDF, 0xFF, 0xFF, 0xFF, 0xD0, 0x00, 0x00, 0x00, 0x00, 0x00, 0x00,
  0x00, 0x00, 0x1E, 0xFF, 0xFF, 0xFF, 0xFE, 0x10, 0x00, 0x00, 0x00, 0x00, 0x00, 0x00, 0x00, 0x01,
  0xEF, 0xFF, 0xFF, 0xFF, 0xE1, 0x00, 0x00, 0x00, 0x00, 0x00, 0x00, 0x00, 0x00, 0x0D, 0xFF, 0xFF,
  0xFF, 0xFD, 0x00, 0x00, 0x00, 0x00, 0x00, 0x00, 0x00, 0x00, 0x00, 0x6F, 0xFF, 0xFF, 0xFF, 0x60,
  0x00, 0x00, 0x00, 0x00, 0x00, 0x00, 0x00, 0x00, 0x00, 0x5B, 0xEE, 0xEB, 0x50, 0x00, 0x00, 0x00,
  0x00, 0x00, 0x00, 0x00, 0x00, 0x00, 0x00, 0x01, 0x11, 0x00, 0x00, 0x00, 0x00, 0x00, 0x00, 0x00,
  0x00, 0x00, 0x00, 0x00, 0x00, 0x00, 0x00, 0x00, 0x11, 0x11, 0x10, 0x00, 0x00, 0x00, 0x00, 0x00,
  0x00, 0x00, 0x00, 0x00, 0x00, 0x9E, 0xEE, 0xEC, 0x10, 0x00, 0x00, 0x00, 0x00, 0x00, 0x00, 0x00,
  0x00, 0x00, 0x1E, 0xFF, 0xFF, 0x90, 0x00, 0x00, 0x00, 0x00, 0x00, 0x00, 0x00, 0x00, 0x00, 0x05,
  0xFF, 0xFF, 0xF4, 0x00, 0x00, 0x00, 0x00, 0x00, 0x00, 0x00, 0x00, 0x00, 0x00, 0xAF, 0xFF, 0xFD,
  0x00, 0x00, 0x00, 0x00, 0x00, 0x00, 0x00, 0x00, 0x00, 0x00, 0x2E, 0xFF, 0xFF, 0x80, 0x00, 0x00,
  0x00, 0x00, 0x00, 0x00, 0x00, 0x00, 0x00, 0x06, 0xFF, 0xFF, 0xF3, 0x00, 0x00, 0x00, 0x00, 0x00,
  0x00, 0x00, 0x00, 0x00, 0x00, 0xBF, 0xFF, 0xFC, 0x00, 0x00, 0x00, 0x00, 0x00, 0x00, 0x00, 0x00,
  0x00, 0x00, 0x2F, 0xFF, 0xFF, 0x70, 0x00, 0x00, 0x00, 0x00, 0x00, 0x00, 0x00, 0x00, 0x00, 0x07,
  0xFF, 0xFF, 0xF2, 0x00, 0x00, 0x00, 0x00, 0x00, 0x00, 0x00, 0x00, 0x00, 0x00, 0xCF, 0xFF, 0xFB,
  0x00, 0x00, 0x00, 0x00, 0x00, 0x00, 0x00, 0x00, 0x00, 0x00, 0x3F, 0xFF, 0xFF, 0x60, 0x00, 0x00,
  0x00, 0x00, 0x00, 0x00, 0x00, 0x00, 0x00, 0x08, 0xFF, 0xFF, 0xE2, 0x00, 0x00, 0x00, 0x00, 0x00,
  0x00, 0x00, 0x00, 0x00, 0x00, 0xDF, 0xFF, 0xFA, 0x00, 0x00, 0x00, 0x00, 0x00, 0x00, 0x00, 0x00,
  0x00, 0x00, 0x4F, 0xFF, 0xFF, 0x50, 0x00, 0x00, 0x00, 0x00, 0x00, 0x00, 0x00, 0x00, 0x00, 0x09,
  0xFF, 0xFF, 0xE1, 0x00, 0x00, 0x00, 0x00, 0x00, 0x00, 0x00, 0x00, 0x00, 0x01, 0xDF, 0xFF, 0xF9,
  0x00, 0x00, 0x00, 0x00, 0x00, 0x00, 0x00, 0x00, 0x00, 0x00, 0x5F, 0xFF, 0xFF, 0x40, 0x00, 0x00,
  0x00, 0x00, 0x00, 0x00, 0x00, 0x00, 0x00, 0x0A, 0xFF, 0xFF, 0xD1, 0x00, 0x00, 0x00, 0x00, 0x00,
  0x00, 0x00, 0x00, 0x00, 0x01, 0xEF, 0xFF, 0xF8, 0x00, 0x00, 0x00, 0x00, 0x00, 0x00, 0x00, 0x00,
  0x00, 0x00, 0x6F, 0xFF, 0xFF, 0x40, 0x00, 0x00, 0x00, 0x00, 0x00, 0x00, 0x00, 0x00, 0x00, 0x0B,
  0xFF, 0xFF, 0xC0, 0x00, 0x00, 0x00, 0x00, 0x00, 0x00, 0x00, 0x00, 0x00, 0x02, 0xEF, 0xFF, 0xF8,
  0x00, 0x00, 0x00, 0x00, 0x00, 0x00, 0x00, 0x00, 0x00, 0x00, 0x7F, 0xFF, 0xFF, 0x30, 0x00, 0x00,
  0x00, 0x00, 0x00, 0x00, 0x00, 0x00, 0x00, 0x0C, 0xFF, 0xFF, 0xC0, 0x00, 0x00, 0x00, 0x00, 0x00,
  0x00, 0x00, 0x00, 0x00, 0x03, 0xFF, 0xFF, 0xF7, 0x00, 0x00, 0x00, 0x00, 0x00, 0x00, 0x00, 0x00,
  0x00, 0x00, 0x8F, 0xFF, 0xFE, 0x20, 0x00, 0x00, 0x00, 0x00, 0x00, 0x00, 0x00, 0x00, 0x00, 0x0C,
  0xFF, 0xFF, 0xB0, 0x00, 0x00, 0x00, 0x00, 0x00, 0x00, 0x00, 0x00, 0x00, 0x04, 0xFF, 0xFF, 0xF6,
  0x00, 0x00, 0x00, 0x00, 0x00, 0x00, 0x00, 0x00, 0x00, 0x00, 0x8F, 0xFF, 0xFE, 0x10, 0x00, 0x00,
  0x00, 0x00, 0x00, 0x00, 0x00, 0x00, 0x00, 0x1D, 0xFF, 0xFF, 0xA0, 0x00, 0x00, 0x00, 0x00, 0x00,
  0x00, 0x00, 0x00, 0x00, 0x04, 0xFF, 0xFF, 0xF5, 0x00, 0x00, 0x00, 0x00, 0x00, 0x00, 0x00, 0x00,
  0x00, 0x00, 0x9F, 0xFF, 0xFD, 0x10, 0x00, 0x00, 0x00, 0x00, 0x00, 0x00, 0x00, 0x00, 0x00, 0x1E,
  0xFF, 0xFF, 0x90, 0x00, 0x00, 0x00, 0x00, 0x00, 0x00, 0x00, 0x00, 0x00, 0x05, 0xFF, 0xFF, 0xF4,
  0x00, 0x00, 0x00, 0x00, 0x00, 0x00, 0x00, 0x00, 0x00, 0x00, 0xAF, 0xFF, 0xFD, 0x00, 0x00, 0x00,
  0x00, 0x00, 0x00, 0x00, 0x00, 0x00, 0x00, 0x2E, 0xFF, 0xFF, 0x80, 0x00, 0x00, 0x00, 0x00, 0x00,
  0x00, 0x00, 0x00, 0x00, 0x07, 0xFF, 0xFF, 0xF3, 0x00, 0x00, 0x00, 0x00, 0x00, 0x00, 0x00, 0x00,
  0x00, 0x00, 0xAE, 0xEE, 0xEB, 0x00, 0x00, 0x00, 0x00, 0x00, 0x00, 0x00, 0x00, 0x00, 0x00, 0x01,
  0x11, 0x11, 0x00, 0x00, 0x00, 0x00, 0x00, 0x00, 0x00, 0x00, 0x00, 0x00, 0x00, 0x00, 0x00, 0x00,
  0x00, 0x11, 0x10, 0x00, 0x00, 0x00, 0x00, 0x00, 0x00, 0x00, 0x00, 0x00, 0x02, 0x6A, 0xCD, 0xED,
  0xCA, 0x61, 0x00, 0x00, 0x00, 0x00, 0x00, 0x00, 0x00, 0x18, 0xEF, 0xFF, 0xFF, 0xFF, 0xFF, 0xE7,
  0x00, 0x00, 0x00, 0x00, 0x00, 0x00, 0x2C, 0xFF, 0xFF, 0xFF, 0xFF, 0xFF, 0xFF, 0xFB, 0x10, 0x00,
  0x00, 0x00, 0x00, 0x1C, 0xFF, 0xFF, 0xFF, 0xFF, 0xFF, 0xFF, 0xFF, 0xFB, 0x00, 0x00, 0x00, 0x00,
  0x08, 0xFF, 0xFF, 0xFF, 0xFF, 0xEF, 0xFF, 0xFF, 0xFF, 0xF7, 0x00, 0x00, 0x00, 0x03, 0xFF, 0xFF,
  0xFF, 0xC5, 0x21, 0x26, 0xDF, 0xFF, 0xFF, 0xE2, 0x00, 0x00, 0x00, 0x9F, 0xFF, 0xFF, 0xC1, 0x00,
  0x00, 0x02, 0xDF, 0xFF, 0xFF, 0x80, 0x00, 0x00, 0x1D, 0xFF, 0xFF, 0xF4, 0x00, 0x00, 0x00, 0x05,
  0xFF, 0xFF, 0xFD, 0x00, 0x00, 0x04, 0xFF, 0xFF, 0xFD, 0x00, 0x00, 0x00, 0x00, 0x1E, 0xFF, 0xFF,
  0xF3, 0x00, 0x00, 0x7F, 0xFF, 0xFF, 0xA0, 0x00, 0x00, 0x00, 0x00, 0xBF, 0xFF, 0xFF, 0x60, 0x00,
  0x0A, 0xFF, 0xFF, 0xF8, 0x00, 0x00, 0x00, 0x00, 0x09, 0xFF, 0xFF, 0xF9, 0x00, 0x00, 0xCF, 0xFF,
  0xFF, 0x70, 0x00, 0x00, 0x00, 0x00, 0x8F, 0xFF, 0xFF, 0xB0, 0x00, 0x0D, 0xFF, 0xFF, 0xF7, 0x00,
  0x16, 0x76, 0x10, 0x08, 0xFF, 0xFF, 0xFC, 0x00, 0x01, 0xEF, 0xFF, 0xFF, 0x70, 0x0A, 0xFF, 0xFA,
  0x00, 0x8F, 0xFF, 0xFF, 0xD0, 0x00, 0x1E, 0xFF, 0xFF, 0xF7, 0x01, 0xEF, 0xFF, 0xE1, 0x08, 0xFF,
  0xFF, 0xFD, 0x00, 0x01, 0xEF, 0xFF, 0xFF, 0x70, 0x1E, 0xFF, 0xFE, 0x10, 0x8F, 0xFF, 0xFF, 0xD0,
  0x00, 0x1E, 0xFF, 0xFF, 0xF7, 0x00, 0xAF, 0xFF, 0xA0, 0x08, 0xFF, 0xFF, 0xFD, 0x00, 0x00, 0xDF,
  0xFF, 0xFF, 0x70, 0x01, 0x67, 0x61, 0x00, 0x8F, 0xFF, 0xFF, 0xC0, 0x00, 0x0C, 0xFF, 0xFF, 0xF7,
  0x00, 0x00, 0x00, 0x00, 0x08, 0xFF, 0xFF, 0xFB, 0x00, 0x00, 0xAF, 0xFF, 0xFF, 0x80, 0x00, 0x00,
  0x00, 0x00, 0x9F, 0xFF, 0xFF, 0x90, 0x00, 0x07, 0xFF, 0xFF, 0xFA, 0x00, 0x00, 0x00, 0x00, 0x0B,
  0xFF, 0xFF, 0xF6, 0x00, 0x00, 0x4F, 0xFF, 0xFF, 0xD0, 0x00, 0x00, 0x00, 0x01, 0xEF, 0xFF, 0xFF,
  0x30, 0x00, 0x01, 0xDF, 0xFF, 0xFF, 0x40, 0x00, 0x00, 0x00, 0x5F, 0xFF, 0xFF, 0xD0, 0x00, 0x00,
  0x09, 0xFF, 0xFF, 0xFC, 0x10, 0x00, 0x00, 0x2D, 0xFF, 0xFF, 0xF8, 0x00, 0x00, 0x00, 0x3F, 0xFF,
  0xFF, 0xFC, 0x52, 0x12, 0x6D, 0xFF, 0xFF, 0xFE, 0x20, 0x00, 0x00, 0x00, 0x8F, 0xFF, 0xFF, 0xFF,
  0xFE, 0xFF, 0xFF, 0xFF, 0xFF, 0x70, 0x00, 0x00, 0x00, 0x01, 0xCF, 0xFF, 0xFF, 0xFF, 0xFF, 0xFF,
  0xFF, 0xFF, 0xB0, 0x00, 0x00, 0x00, 0x00, 0x02, 0xCF, 0xFF, 0xFF, 0xFF, 0xFF, 0xFF, 0xFF, 0xB1,
  0x00, 0x00, 0x00, 0x00, 0x00, 0x01, 0x8E, 0xFF, 0xFF, 0xFF, 0xFF, 0xFE, 0x70, 0x00, 0x00, 0x00,
  0x00, 0x00, 0x00, 0x00, 0x27, 0xAC, 0xDE, 0xDC, 0xA6, 0x20, 0x00, 0x00, 0x00, 0x00, 0x00, 0x00,
  0x00, 0x00, 0x00, 0x01, 0x11, 0x00, 0x00, 0x00, 0x00, 0x00, 0x00, 0x00, 0x00, 0x00, 0x00, 0x00,
  0x00, 0x00, 0x00, 0x00, 0x00, 0x00, 0x00, 0x00, 0x00, 0x00, 0x00, 0x00, 0x00, 0x58, 0x88, 0x88,
  0x88, 0x88, 0x40, 0x00, 0x00, 0x00, 0x00, 0x00, 0x00, 0x00, 0x4F, 0xFF, 0xFF, 0xFF, 0xFF, 0xF7,
  0x00, 0x00, 0x00, 0x00, 0x00, 0x00, 0x00, 0x1D, 0xFF, 0xFF, 0xFF, 0xFF, 0xFF, 0x60, 0x00, 0x00,
  0x00, 0x00, 0x00, 0x00, 0x0A, 0xFF, 0xFF, 0xFF, 0xFF, 0xFF, 0xF7, 0x00, 0x00, 0x00, 0x00, 0x00,
  0x00, 0x07, 0xFF, 0xFF, 0xFF, 0xFF, 0xFF, 0xFF, 0x70, 0x00, 0x00, 0x00, 0x00, 0x00, 0x04, 0xFF,
  0xFF, 0xFF, 0x6E, 0xFF, 0xFF, 0xF7, 0x00, 0x00, 0x00, 0x00, 0x00, 0x01, 0xDF, 0xFF, 0xFF, 0x80,
  0xEF, 0xFF, 0xFF, 0x70, 0x00, 0x00, 0x00, 0x00, 0x00, 0xBF, 0xFF, 0xFF, 0xB0, 0x1E, 0xFF, 0xFF,
  0xF7, 0x00, 0x00, 0x00, 0x00, 0x00, 0x7F, 0xFF, 0xFF, 0xD2, 0x01, 0xEF, 0xFF, 0xFF, 0x70, 0x00,
  0x00, 0x00, 0x00, 0x3F, 0xFF, 0xFF, 0xF4, 0x00, 0x1E, 0xFF, 0xFF, 0xF7, 0x00, 0x00, 0x00, 0x00,
  0x01, 0x8F, 0xFF, 0xF7, 0x00, 0x01, 0xEF, 0xFF, 0xFF, 0x70, 0x00, 0x00, 0x00, 0x00, 0x00, 0x5E,
  0xFA, 0x00, 0x00, 0x1E, 0xFF, 0xFF, 0xF7, 0x00, 0x00, 0x00, 0x00, 0x00, 0x00, 0x3A, 0x10, 0x00,
  0x01, 0xEF, 0xFF, 0xFF, 0x70, 0x00, 0x00, 0x00, 0x00, 0x00, 0x00, 0x00, 0x00, 0x00, 0x1E, 0xFF,
  0xFF, 0xF7, 0x00, 0x00, 0x00, 0x00, 0x00, 0x00, 0x00, 0x00, 0x00, 0x01, 0xEF, 0xFF, 0xFF, 0x70,
  0x00, 0x00, 0x00, 0x00, 0x00, 0x00, 0x00, 0x00, 0x00, 0x1E, 0xFF, 0xFF, 0xF7, 0x00, 0x00, 0x00,
  0x00, 0x00, 0x00, 0x00, 0x00, 0x00, 0x01, 0xEF, 0xFF, 0xFF, 0x70, 0x00, 0x00, 0x00, 0x00, 0x00,
  0x00, 0x00, 0x00, 0x00, 0x1E, 0xFF, 0xFF, 0xF7, 0x00, 0x00, 0x00, 0x00, 0x00, 0x00, 0x00, 0x00,
  0x00, 0x01, 0xEF, 0xFF, 0xFF, 0x70, 0x00, 0x00, 0x00, 0x00, 0x00, 0x00, 0x00, 0x00, 0x00, 0x1E,
  0xFF, 0xFF, 0xF7, 0x00, 0x00, 0x00, 0x00, 0x00, 0x00, 0x00, 0x00, 0x00, 0x01, 0xEF, 0xFF, 0xFF,
  0x70, 0x00, 0x00, 0x00, 0x00, 0x00, 0x00, 0x00, 0x00, 0x00, 0x1E, 0xFF, 0xFF, 0xF7, 0x00, 0x00,
  0x00, 0x00, 0x00, 0x00, 0x00, 0x00, 0x00, 0x01, 0xEF, 0xFF, 0xFF, 0x70, 0x00, 0x00, 0x00, 0x00,
  0x00, 0x00, 0x00, 0x00, 0x00, 0x0E, 0xFF, 0xFF, 0xF6, 0x00, 0x00, 0x00, 0x00, 0x00, 0x00, 0x22,
  0x22, 0x22, 0x23, 0xEF, 0xFF, 0xFF, 0x82, 0x22, 0x22, 0x10, 0x00, 0x00, 0x1E, 0xFF, 0xFF, 0xFF,
  0xFF, 0xFF, 0xFF, 0xFF, 0xFF, 0xFF, 0xF7, 0x00, 0x00, 0x01, 0xEF, 0xFF, 0xFF, 0xFF, 0xFF, 0xFF,
  0xFF, 0xFF, 0xFF, 0xFF, 0x70, 0x00, 0x00, 0x1E, 0xFF, 0xFF, 0xFF, 0xFF, 0xFF, 0xFF, 0xFF, 0xFF,
  0xFF, 0xF7, 0x00, 0x00, 0x01, 0xEF, 0xFF, 0xFF, 0xFF, 0xFF, 0xFF, 0xFF, 0xFF, 0xFF, 0xFF, 0x80,
  0x00, 0x00, 0x1D, 0xEE, 0xEE, 0xEE, 0xEE, 0xEE, 0xEE, 0xEE, 0xEE, 0xEE, 0xE7, 0x00, 0x00, 0x00,
  0x11, 0x11, 0x11, 0x11, 0x11, 0x11, 0x11, 0x11, 0x11, 0x11, 0x00, 0x00, 0x00, 0x00, 0x00, 0x00,
  0x00, 0x11, 0x00, 0x00, 0x00, 0x00, 0x00, 0x00, 0x00, 0x00, 0x00, 0x00, 0x02, 0x7A, 0xCD, 0xED,
  0xC9, 0x51, 0x00, 0x00, 0x00, 0x00, 0x00, 0x00, 0x00, 0x29, 0xEF, 0xFF, 0xFF, 0xFF, 0xFF, 0xD7,
  0x00, 0x00, 0x00, 0x00, 0x00, 0x00, 0x5E, 0xFF, 0xFF, 0xFF, 0xFF, 0xFF, 0xFF, 0xFB, 0x10, 0x00,
  0x00, 0x00, 0x00, 0x5F, 0xFF, 0xFF, 0xFF, 0xFF, 0xFF, 0xFF, 0xFF, 0xFB, 0x00, 0x00, 0x00, 0x00,
  0x2E, 0xFF, 0xFF, 0xFF, 0xFF, 0xFF, 0xFF, 0xFF, 0xFF, 0xF6, 0x00, 0x00, 0x00, 0x0A, 0xFF, 0xFF,
  0xFF, 0xFB, 0x99, 0xCF, 0xFF, 0xFF, 0xFF, 0xD0, 0x00, 0x00, 0x04, 0xFF, 0xFF, 0xFF, 0xD3, 0x00,
  0x00, 0x4E, 0xFF, 0xFF, 0xFF, 0x40, 0x00, 0x00, 0x6E, 0xFF, 0xFF, 0xE2, 0x00, 0x00, 0x00, 0x5F,
  0xFF, 0xFF, 0xF6, 0x00, 0x00, 0x00, 0x16, 0xBF, 0xF7, 0x00, 0x00, 0x00, 0x01, 0xEF, 0xFF, 0xFF,
  0x70, 0x00, 0x00, 0x00, 0x00, 0x27, 0x10, 0x00, 0x00, 0x00, 0x1D, 0xFF, 0xFF, 0xF7, 0x00, 0x00,
  0x00, 0x00, 0x00, 0x00, 0x00, 0x00, 0x00, 0x01, 0xEF, 0xFF, 0xFF, 0x50, 0x00, 0x00, 0x00, 0x00,
  0x00, 0x00, 0x00, 0x00, 0x00, 0x4F, 0xFF, 0xFF, 0xF2, 0x00, 0x00, 0x00, 0x00, 0x00, 0x00, 0x00,
  0x00, 0x00, 0x0B, 0xFF, 0xFF, 0xFB, 0x00, 0x00, 0x00, 0x00, 0x00, 0x00, 0x00, 0x00, 0x00, 0x08,
  0xFF, 0xFF, 0xFF, 0x40, 0x00, 0x00, 0x00, 0x00, 0x00, 0x00, 0x00, 0x00, 0x07, 0xFF, 0xFF, 0xFF,
  0x90, 0x00, 0x00, 0x00, 0x00, 0x00, 0x00, 0x00, 0x00, 0x08, 0xFF, 0xFF, 0xFF, 0xB0, 0x00, 0x00,
  0x00, 0x00, 0x00, 0x00, 0x00, 0x00, 0x19, 0xFF, 0xFF, 0xFF, 0xC1, 0x00, 0x00, 0x00, 0x00, 0x00,
  0x00, 0x00, 0x00, 0x2C, 0xFF, 0xFF, 0xFF, 0xB1, 0x00, 0x00, 0x00, 0x00, 0x00, 0x00, 0x00, 0x00,
  0x4E, 0xFF, 0xFF, 0xFF, 0x90, 0x00, 0x00, 0x00, 0x00, 0x00, 0x00, 0x00, 0x00, 0x7F, 0xFF, 0xFF,
  0xFF, 0x70, 0x00, 0x00, 0x00, 0x00, 0x00, 0x00, 0x00, 0x01, 0x9F, 0xFF, 0xFF, 0xFD, 0x40, 0x00,
  0x00, 0x00, 0x00, 0x00, 0x00, 0x00, 0x02, 0xCF, 0xFF, 0xFF, 0xFB, 0x20, 0x00, 0x00, 0x00, 0x00,
  0x00, 0x00, 0x00, 0x04, 0xEF, 0xFF, 0xFF, 0xF9, 0x10, 0x00, 0x00, 0x00, 0x00, 0x00, 0x00, 0x00,
  0x07, 0xFF, 0xFF, 0xFF, 0xD4, 0x00, 0x00, 0x00, 0x00, 0x00, 0x00, 0x00, 0x00, 0x01, 0xFF, 0xFF,
  0xFF, 0xFC, 0x89, 0x99, 0x99, 0x99, 0x99, 0x99, 0x91, 0x00, 0x00, 0x1E, 0xFF, 0xFF, 0xFF, 0xFF,
  0xFF, 0xFF, 0xFF, 0xFF, 0xFF, 0xFF, 0x10, 0x00, 0x01, 0xEF, 0xFF, 0xFF, 0xFF, 0xFF, 0xFF, 0xFF,
  0xFF, 0xFF, 0xFF, 0xE1, 0x00, 0x00, 0x1E, 0xFF, 0xFF, 0xFF, 0xFF, 0xFF, 0xFF, 0xFF, 0xFF, 0xFF,
  0xFE, 0x10, 0x00, 0x01, 0xEF, 0xFF, 0xFF, 0xFF, 0xFF, 0xFF, 0xFF, 0xFF, 0xFF, 0xFF, 0xE1, 0x00,
  0x00, 0x1D, 0xEE, 0xEE, 0xEE, 0xEE, 0xEE, 0xEE, 0xEE, 0xEE, 0xEE, 0xED, 0x10, 0x00, 0x00, 0x11,
  0x11, 0x11, 0x11, 0x11, 0x11, 0x11, 0x11, 0x11, 0x11, 0x10, 0x00, 0x00, 0x00, 0x00, 0x00, 0x00,
  0x01, 0x11, 0x10, 0x00, 0x00, 0x00, 0x00, 0x00, 0x00, 0x00, 0x00, 0x00, 0x15, 0x9B, 0xDE, 0xED,
  0xC9, 0x62, 0x00, 0x00, 0x00, 0x00, 0x00, 0x00, 0x00, 0x7D, 0xFF, 0xFF, 0xFF, 0xFF, 0xFF, 0xE9,
  0x10, 0x00, 0x00, 0x00, 0x00, 0x02, 0xCF, 0xFF, 0xFF, 0xFF, 0xFF, 0xFF, 0xFF, 0xFD, 0x30, 0x00,
  0x00, 0x00, 0x02, 0xDF, 0xFF, 0xFF, 0xFF, 0xFF, 0xFF, 0xFF, 0xFF, 0xFD, 0x20, 0x00, 0x00, 0x01,
  0xDF, 0xFF, 0xFF, 0xFF, 0xFE, 0xEF, 0xFF, 0xFF, 0xFF, 0xFA, 0x00, 0x00, 0x00, 0x07, 0xFF, 0xFF,
  0xFD, 0x73, 0x11, 0x4A, 0xFF, 0xFF, 0xFF, 0xF2, 0x00, 0x00, 0x00, 0x06, 0xFF, 0xF9, 0x10, 0x00,
  0x00, 0x09, 0xFF, 0xFF, 0xFF, 0x50, 0x00, 0x00, 0x00, 0x05, 0xF8, 0x00, 0x00, 0x00, 0x00, 0x3F,
  0xFF, 0xFF, 0xF6, 0x00, 0x00, 0x00, 0x00, 0x03, 0x10, 0x00, 0x00, 0x00, 0x01, 0xEF, 0xFF, 0xFF,
  0x60, 0x00, 0x00, 0x00, 0x00, 0x00, 0x00, 0x00, 0x00, 0x00, 0x2F, 0xFF, 0xFF, 0xF3, 0x00, 0x00,
  0x00, 0x00, 0x00, 0x00, 0x00, 0x00, 0x00, 0x09, 0xFF, 0xFF, 0xFC, 0x00, 0x00, 0x00, 0x00, 0x00,
  0x00, 0x00, 0x11, 0x12, 0x5A, 0xFF, 0xFF, 0xFF, 0x40, 0x00, 0x00, 0x00, 0x00, 0x00, 0x00, 0x7E,
  0xEE, 0xEF, 0xFF, 0xFF, 0xFF, 0x60, 0x00, 0x00, 0x00, 0x00, 0x00, 0x00, 0x08, 0xFF, 0xFF, 0xFF,
  0xFF, 0xD9, 0x30, 0x00, 0x00, 0x00, 0x00, 0x00, 0x00, 0x00, 0x7F, 0xFF, 0xFF, 0xFF, 0xF8, 0x20,
  0x00, 0x00, 0x00, 0x00, 0x00, 0x00, 0x00, 0x08, 0xFF, 0xFF, 0xFF, 0xFF, 0xFF, 0xA2, 0x00, 0x00,
  0x00, 0x00, 0x00, 0x00, 0x00, 0x7E, 0xEE, 0xEF, 0xFF, 0xFF, 0xFF, 0xD3, 0x00, 0x00, 0x00, 0x00,
  0x00, 0x00, 0x00, 0x11, 0x12, 0x49, 0xFF, 0xFF, 0xFF, 0xD1, 0x00, 0x00, 0x00, 0x00, 0x00, 0x00,
  0x00, 0x00, 0x00, 0x04, 0xEF, 0xFF, 0xFF, 0x70, 0x00, 0x00, 0x00, 0x00, 0x00, 0x00, 0x00, 0x00,
  0x00, 0x09, 0xFF, 0xFF, 0xFB, 0x00, 0x00, 0x00, 0x00, 0x01, 0x00, 0x00, 0x00, 0x00, 0x00, 0x7F,
  0xFF, 0xFF, 0xD1, 0x00, 0x00, 0x00, 0x07, 0xC0, 0x00, 0x00, 0x00, 0x00, 0x07, 0xFF, 0xFF, 0xFE,
  0x10, 0x00, 0x00, 0x19, 0xFF, 0x90, 0x00, 0x00, 0x00, 0x00, 0xAF, 0xFF, 0xFF, 0xD0, 0x00, 0x00,
  0x2C, 0xFF, 0xFF, 0x80, 0x00, 0x00, 0x00, 0x5F, 0xFF, 0xFF, 0xFB, 0x00, 0x00, 0x1D, 0xFF, 0xFF,
  0xFF, 0xB6, 0x21, 0x13, 0x8F, 0xFF, 0xFF, 0xFF, 0x60, 0x00, 0x00, 0x7F, 0xFF, 0xFF, 0xFF, 0xFF,
  0xEE, 0xFF, 0xFF, 0xFF, 0xFF, 0xC1, 0x00, 0x00, 0x00, 0x8F, 0xFF, 0xFF, 0xFF, 0xFF, 0xFF, 0xFF,
  0xFF, 0xFF, 0xE3, 0x00, 0x00, 0x00, 0x00, 0x7F, 0xFF, 0xFF, 0xFF, 0xFF, 0xFF, 0xFF, 0xFF, 0xD3,
  0x00, 0x00, 0x00, 0x00, 0x00, 0x4B, 0xFF, 0xFF, 0xFF, 0xFF, 0xFF, 0xFE, 0x81, 0x00, 0x00, 0x00,
  0x00, 0x00, 0x00, 0x03, 0x7A, 0xCE, 0xEE, 0xDB, 0x95, 0x10, 0x00, 0x00, 0x00, 0x00, 0x00, 0x00,
  0x00, 0x00, 0x00, 0x11, 0x10, 0x00, 0x00, 0x00, 0x00, 0x00, 0x00, 0x00, 0x00, 0x00, 0x00, 0x00,
  0x00, 0x00, 0x11, 0x11, 0x11, 0x10, 0x00, 0x00, 0x00, 0x00, 0x00, 0x00, 0x00, 0x00, 0x00, 0x5E,
  0xEE, 0xEE, 0xEE, 0x70, 0x00, 0x00, 0x00, 0x00, 0x00, 0x00, 0x00, 0x00, 0x1D, 0xFF, 0xFF, 0xFF,
  0xF8, 0x00, 0x00, 0x00, 0x00, 0x00, 0x00, 0x00, 0x00, 0x09, 0xFF, 0xFF, 0xFF, 0xFF, 0x70, 0x00,
  0x00, 0x00, 0x00, 0x00, 0x00, 0x00, 0x04, 0xFF, 0xFF, 0xFF, 0xFF, 0xF7, 0x00, 0x00, 0x00, 0x00,
  0x00, 0x00, 0x00, 0x01, 0xDF, 0xFF, 0xFF, 0xFF, 0xFF, 0x70, 0x00, 0x00, 0x00, 0x00, 0x00, 0x00,
  0x00, 0x8F, 0xFF, 0xFF, 0xFF, 0xFF, 0xF7, 0x00, 0x00, 0x00, 0x00, 0x00, 0x00, 0x00, 0x3F, 0xFF,
  0xFE, 0xCF, 0xFF, 0xFF, 0x70, 0x00, 0x00, 0x00, 0x00, 0x00, 0x00, 0x0C, 0xFF, 0xFF, 0x66, 0xFF,
  0xFF, 0xF7, 0x00, 0x00, 0x00, 0x00, 0x00, 0x00, 0x07, 0xFF, 0xFF, 0xD0, 0x7F, 0xFF, 0xFF, 0x70,
  0x00, 0x00, 0x00, 0x00, 0x00, 0x02, 0xEF, 0xFF, 0xF4, 0x08, 0xFF, 0xFF, 0xF7, 0x00, 0x00, 0x00,
  0x00, 0x00, 0x00, 0xAF, 0xFF, 0xF9, 0x00, 0x8F, 0xFF, 0xFF, 0x70, 0x00, 0x00, 0x00, 0x00, 0x00,
  0x5F, 0xFF, 0xFE, 0x10, 0x07, 0xFF, 0xFF, 0xF7, 0x00, 0x00, 0x00, 0x00, 0x00, 0x1D, 0xFF, 0xFF,
  0x60, 0x00, 0x7F, 0xFF, 0xFF, 0x70, 0x00, 0x00, 0x00, 0x00, 0x09, 0xFF, 0xFF, 0xB0, 0x00, 0x07,
  0xFF, 0xFF, 0xF7, 0x00, 0x00, 0x00, 0x00, 0x04, 0xFF, 0xFF, 0xE2, 0x00, 0x00, 0x7F, 0xFF, 0xFF,
  0x70, 0x00, 0x00, 0x00, 0x01, 0xDF, 0xFF, 0xF7, 0x00, 0x00, 0x07, 0xFF, 0xFF, 0xF7, 0x00, 0x00,
  0x00, 0x00, 0x8F, 0xFF, 0xFC, 0x10, 0x00, 0x00, 0x8F, 0xFF, 0xFF, 0x80, 0x00, 0x00, 0x00, 0x3F,
  0xFF, 0xFF, 0x40, 0x00, 0x00, 0x07, 0xFF, 0xFF, 0xF7, 0x00, 0x00, 0x00, 0x0A, 0xFF, 0xFF, 0xA1,
  0x22, 0x22, 0x22, 0x8F, 0xFF, 0xFF, 0x82, 0x22, 0x10, 0x00, 0xBF, 0xFF, 0xFE, 0xEF, 0xFF, 0xFF,
  0xEF, 0xFF, 0xFF, 0xFF, 0xEF, 0xF4, 0x00, 0x0B, 0xFF, 0xFF, 0xFF, 0xFF, 0xFF, 0xFF, 0xFF, 0xFF,
  0xFF, 0xFF, 0xFF, 0x40, 0x00, 0xBF, 0xFF, 0xFF, 0xFF, 0xFF, 0xFF, 0xFF, 0xFF, 0xFF, 0xFF, 0xFF,
  0xF4, 0x00, 0x0C, 0xFF, 0xFF, 0xFF, 0xFF, 0xFF, 0xFF, 0xFF, 0xFF, 0xFF, 0xFF, 0xFF, 0x40, 0x00,
  0x57, 0x77, 0x77, 0x77, 0x77, 0x78, 0x7B, 0xFF, 0xFF, 0xFB, 0x78, 0x72, 0x00, 0x00, 0x00, 0x00,
  0x00, 0x00, 0x00, 0x00, 0x7F, 0xFF, 0xFF, 0x70, 0x00, 0x00, 0x00, 0x00, 0x00, 0x00, 0x00, 0x00,
  0x01, 0x08, 0xFF, 0xFF, 0xF8, 0x01, 0x00, 0x00, 0x00, 0x00, 0x00, 0x00, 0x00, 0x00, 0x00, 0x7F,
  0xFF, 0xFF, 0x70, 0x00, 0x00, 0x00, 0x00, 0x00, 0x00, 0x00, 0x00, 0x00, 0x08, 0xFF, 0xFF, 0xF8,
  0x00, 0x00, 0x00, 0x00, 0x00, 0x00, 0x00, 0x00, 0x00, 0x00, 0x7E, 0xEE, 0xEE, 0x70, 0x00, 0x00,
  0x00, 0x00, 0x00, 0x00, 0x00, 0x00, 0x00, 0x00, 0x11, 0x11, 0x10, 0x00, 0x00, 0x00, 0x00, 0x00,
  0x01, 0x11, 0x11, 0x11, 0x11, 0x11, 0x11, 0x11, 0x11, 0x00, 0x00, 0x00, 0x00, 0x05, 0xEE, 0xEE,
  0xEE, 0xEE, 0xEE, 0xEE, 0xEE, 0xEE, 0xEA, 0x00, 0x00, 0x00, 0x00, 0x6F, 0xFF, 0xFF, 0xFF, 0xFF,
  0xFF, 0xFF, 0xFF, 0xFF, 0xB0, 0x00, 0x00, 0x00, 0x07, 0xFF, 0xFF, 0xFF, 0xFF, 0xFF, 0xFF, 0xFF,
  0xFF, 0xFA, 0x00, 0x00, 0x00, 0x00, 0x8F, 0xFF, 0xFF, 0xFF, 0xFF, 0xFF, 0xFF, 0xFF, 0xFF, 0xA0,
  0x00, 0x00, 0x00, 0x09, 0xFF, 0xFF, 0xFF, 0xFF, 0xFF, 0xFF, 0xFF, 0xFF, 0xFB, 0x00, 0x00, 0x00,
  0x00, 0xAF, 0xFF, 0xFB, 0x99, 0x99, 0x99, 0x99, 0x99, 0x99, 0x60, 0x00, 0x00, 0x00, 0x0B, 0xFF,
  0xFF, 0x30, 0x00, 0x00, 0x00, 0x00, 0x00, 0x00, 0x00, 0x00, 0x00, 0x00, 0xCF, 0xFF, 0xF3, 0x00,
  0x00, 0x00, 0x00, 0x00, 0x00, 0x00, 0x00, 0x00, 0x00, 0x0D, 0xFF, 0xFF, 0x20, 0x00, 0x00, 0x00,
  0x00, 0x00, 0x00, 0x00, 0x00, 0x00, 0x01, 0xDF, 0xFF, 0xE1, 0x00, 0x00, 0x00, 0x00, 0x00, 0x00,
  0x00, 0x00, 0x00, 0x00, 0x1E, 0xFF, 0xFD, 0x10, 0x03, 0x8B, 0xCC, 0x95, 0x10, 0x00, 0x00, 0x00,
  0x00, 0x02, 0xEF, 0xFF, 0xD0, 0x08, 0xFF, 0xFF, 0xFF, 0xFD, 0x60, 0x00, 0x00, 0x00, 0x00, 0x3F,
  0xFF, 0xFC, 0x09, 0xFF, 0xFF, 0xFF, 0xFF, 0xFF, 0x90, 0x00, 0x00, 0x00, 0x04, 0xFF, 0xFF, 0x94,
  0xFF, 0xFF, 0xFF, 0xFF, 0xFF, 0xFF, 0x80, 0x00, 0x00, 0x00, 0x4F, 0xFF, 0xFB, 0xCF, 0xFF, 0xFF,
  0xFF, 0xFF, 0xFF, 0xFF, 0x30, 0x00, 0x00, 0x06, 0xFF, 0xFF, 0xFF, 0xD8, 0x54, 0x5A, 0xFF, 0xFF,
  0xFF, 0xFA, 0x00, 0x00, 0x00, 0x4C, 0xDE, 0xFF, 0xA1, 0x00, 0x00, 0x04, 0xEF, 0xFF, 0xFF, 0xE1,
  0x00, 0x00, 0x00, 0x00, 0x23, 0x40, 0x00, 0x00, 0x00, 0x08, 0xFF, 0xFF, 0xFF, 0x40, 0x00, 0x00,
  0x00, 0x00, 0x00, 0x00, 0x00, 0x00, 0x00, 0x3F, 0xFF, 0xFF, 0xF6, 0x00, 0x00, 0x00, 0x00, 0x00,
  0x00, 0x00, 0x00, 0x00, 0x01, 0xEF, 0xFF, 0xFF, 0x60, 0x00, 0x00, 0x00, 0x00, 0x10, 0x00, 0x00,
  0x00, 0x00, 0x1E, 0xFF, 0xFF, 0xF6, 0x00, 0x00, 0x00, 0x01, 0xCA, 0x00, 0x00, 0x00, 0x00, 0x03,
  0xFF, 0xFF, 0xFF, 0x40, 0x00, 0x00, 0x03, 0xDF, 0xF6, 0x00, 0x00, 0x00, 0x00, 0x8F, 0xFF, 0xFF,
  0xE2, 0x00, 0x00, 0x05, 0xEF, 0xFF, 0xF6, 0x00, 0x00, 0x00, 0x4E, 0xFF, 0xFF, 0xFB, 0x00, 0x00,
  0x03, 0xFF, 0xFF, 0xFF, 0xFB, 0x52, 0x24, 0x8E, 0xFF, 0xFF, 0xFF, 0x50, 0x00, 0x00, 0x09, 0xFF,
  0xFF, 0xFF, 0xFF, 0xFF, 0xFF, 0xFF, 0xFF, 0xFF, 0xB0, 0x00, 0x00, 0x00, 0x1B, 0xFF, 0xFF, 0xFF,
  0xFF, 0xFF, 0xFF, 0xFF, 0xFF, 0xD2, 0x00, 0x00, 0x00, 0x00, 0x1A, 0xFF, 0xFF, 0xFF, 0xFF, 0xFF,
  0xFF, 0xFF, 0xC2, 0x00, 0x00, 0x00, 0x00, 0x00, 0x05, 0xCF, 0xFF, 0xFF, 0xFF, 0xFF, 0xFD, 0x70,
  0x00, 0x00, 0x00, 0x00, 0x00, 0x00, 0x00, 0x48, 0xBD, 0xDE, 0xDB, 0x95, 0x10, 0x00, 0x00, 0x00,
  0x00, 0x00, 0x00, 0x00, 0x00, 0x00, 0x01, 0x10, 0x00, 0x00, 0x00, 0x00, 0x00, 0x00, 0x00, 0x00,
  0x00, 0x00, 0x00, 0x00, 0x01, 0x11, 0x11, 0x11, 0x11, 0x00, 0x00, 0x00, 0x00, 0x00, 0x00, 0x00,
  0x00, 0x07, 0xDE, 0xEE, 0xEE, 0xED, 0x50, 0x00, 0x00, 0x00, 0x00, 0x00, 0x00, 0x00, 0x1A, 0xFF,
  0xFF, 0xFF, 0xFC, 0x30, 0x00, 0x00, 0x00, 0x00, 0x00, 0x00, 0x00, 0x1C, 0xFF, 0xFF, 0xFF, 0xF8,
  0x00, 0x00, 0x00, 0x00, 0x00, 0x00, 0x00, 0x00, 0x1C, 0xFF, 0xFF, 0xFF, 0xE5, 0x00, 0x00, 0x00,
  0x00, 0x00, 0x00, 0x00, 0x00, 0x1B, 0xFF, 0xFF, 0xFF, 0xD3, 0x00, 0x00, 0x00, 0x00, 0x00, 0x00,
  0x00, 0x00, 0x0A, 0xFF, 0xFF, 0xFF, 0xC2, 0x00, 0x00, 0x00, 0x00, 0x00, 0x00, 0x00, 0x00, 0x06,
  0xFF, 0xFF, 0xFF, 0xB1, 0x00, 0x00, 0x00, 0x00, 0x00, 0x00, 0x00, 0x00, 0x02, 0xEF, 0xFF, 0xFF,
  0xC1, 0x00, 0x00, 0x00, 0x00, 0x00, 0x00, 0x00, 0x00, 0x00, 0xBF, 0xFF, 0xFF, 0xE2, 0x00, 0x00,
  0x00, 0x00, 0x00, 0x00, 0x00, 0x00, 0x00, 0x4F, 0xFF, 0xFF, 0xF5, 0x00, 0x00, 0x00, 0x00, 0x00,
  0x00, 0x00, 0x00, 0x00, 0x0B, 0xFF, 0xFF, 0xFA, 0x00, 0x14, 0x56, 0x52, 0x00, 0x00, 0x00, 0x00,
  0x00, 0x03, 0xFF, 0xFF, 0xFF, 0x21, 0x9D, 0xFF, 0xFF, 0xEB, 0x50, 0x00, 0x00, 0x00, 0x00, 0x8F,
  0xFF, 0xFF, 0x91, 0xDF, 0xFF, 0xFF, 0xFF, 0xFF, 0x91, 0x00, 0x00, 0x00, 0x0C, 0xFF, 0xFF, 0xF5,
  0xBF, 0xEF, 0xFF, 0xFF, 0xFF, 0xFF, 0xA0, 0x00, 0x00, 0x02, 0xFF, 0xFF, 0xFE, 0x9F, 0xFF, 0xFF,
  0xFF, 0xFF, 0xFF, 0xFF, 0x70, 0x00, 0x00, 0x5F, 0xFF, 0xFF, 0xFF, 0xFA, 0x54, 0x58, 0xDF, 0xFF,
  0xFF, 0xFE, 0x10, 0x00, 0x06, 0xFF, 0xFF, 0xFF, 0xE4, 0x00, 0x00, 0x01, 0xBF, 0xFF, 0xFF, 0xF7,
  0x00, 0x00, 0x7F, 0xFF, 0xFF, 0xF7, 0x00, 0x00, 0x00, 0x01, 0xEF, 0xFF, 0xFF, 0xA0, 0x00, 0x07,
  0xFF, 0xFF, 0xFF, 0x20, 0x00, 0x00, 0x00, 0x0A, 0xFF, 0xFF, 0xFC, 0x00, 0x00, 0x7F, 0xFF, 0xFF,
  0xE1, 0x00, 0x00, 0x00, 0x00, 0x8F, 0xFF, 0xFF, 0xD0, 0x00, 0x06, 0xFF, 0xFF, 0xFD, 0x10, 0x00,
  0x00, 0x00, 0x08, 0xFF, 0xFF, 0xFD, 0x00, 0x00, 0x3F, 0xFF, 0xFF, 0xE1, 0x00, 0x00, 0x00, 0x00,
  0x8F, 0xFF, 0xFF, 0xB0, 0x00, 0x01, 0xDF, 0xFF, 0xFF, 0x40, 0x00, 0x00, 0x00, 0x0C, 0xFF, 0xFF,
  0xF9, 0x00, 0x00, 0x09, 0xFF, 0xFF, 0xFB, 0x00, 0x00, 0x00, 0x05, 0xFF, 0xFF, 0xFF, 0x40, 0x00,
  0x00, 0x3F, 0xFF, 0xFF, 0xF9, 0x20, 0x00, 0x16, 0xEF, 0xFF, 0xFF, 0xC0, 0x00, 0x00, 0x00, 0x8F,
  0xFF, 0xFF, 0xFE, 0xBA, 0xBD, 0xFF, 0xFF, 0xFF, 0xF4, 0x00, 0x00, 0x00, 0x01, 0xBF, 0xFF, 0xFF,
  0xFF, 0xFF, 0xFF, 0xFF, 0xFF, 0xF7, 0x00, 0x00, 0x00, 0x00, 0x01, 0xBF, 0xFF, 0xFF, 0xFF, 0xFF,
  0xFF, 0xFF, 0xF6, 0x00, 0x00, 0x00, 0x00, 0x00, 0x00, 0x6D, 0xFF, 0xFF, 0xFF, 0xFF, 0xFF, 0xB3,
  0x00, 0x00, 0x00, 0x00, 0x00, 0x00, 0x00, 0x15, 0x9C, 0xDE, 0xEC, 0xA7, 0x30, 0x00, 0x00, 0x00,
  0x00, 0x00, 0x00, 0x00, 0x00, 0x00, 0x00, 0x11, 0x00, 0x00, 0x00, 0x00, 0x00, 0x00, 0x00, 0x01,
  0x11, 0x11, 0x11, 0x11, 0x11, 0x11, 0x11, 0x11, 0x11, 0x11, 0x00, 0x00, 0x01, 0xDE, 0xEE, 0xEE,
  0xEE, 0xEE, 0xEE, 0xEE, 0xEE, 0xEE, 0xEE, 0xD1, 0x00, 0x00, 0x1E, 0xFF, 0xFF, 0xFF, 0xFF, 0xFF,
  0xFF, 0xFF, 0xFF, 0xFF, 0xFE, 0x10, 0x00, 0x01, 0xEF, 0xFF, 0xFF, 0xFF, 0xFF, 0xFF, 0xFF, 0xFF,
  0xFF, 0xFF, 0xE1, 0x00, 0x00, 0x1E, 0xFF, 0xFF, 0xFF, 0xFF, 0xFF, 0xFF, 0xFF, 0xFF, 0xFF, 0xFE,
  0x10, 0x00, 0x01, 0xEF, 0xFF, 0xFF, 0xEE, 0xEE, 0xEE, 0xEE, 0xEF, 0xFF, 0xFF, 0xE1, 0x00, 0x00,
  0x1E, 0xFF, 0xFF, 0x81, 0x11, 0x11, 0x11, 0x16, 0xFF, 0xFF, 0xFD, 0x00, 0x00, 0x01, 0xEF, 0xFF,
  0xF7, 0x00, 0x00, 0x00, 0x00, 0xBF, 0xFF, 0xFF, 0x80, 0x00, 0x00, 0x1E, 0xFF, 0xFF, 0x70, 0x00,
  0x00, 0x00, 0x3F, 0xFF, 0xFF, 0xF2, 0x00, 0x00, 0x01, 0xEF, 0xFF, 0xF7, 0x00, 0x00, 0x00, 0x09,
  0xFF, 0xFF, 0xFB, 0x00, 0x00, 0x00, 0x1F, 0xFF, 0xFF, 0x80, 0x00, 0x00, 0x01, 0xEF, 0xFF, 0xFF,
  0x50, 0x00, 0x00, 0x00, 0x45, 0x55, 0x52, 0x00, 0x00, 0x00, 0x7F, 0xFF, 0xFF, 0xD1, 0x00, 0x00,
  0x00, 0x00, 0x00, 0x00, 0x00, 0x00, 0x00, 0x0C, 0xFF, 0xFF, 0xF8, 0x00, 0x00, 0x00, 0x00, 0x00,
  0x00, 0x00, 0x00, 0x00, 0x04, 0xFF, 0xFF, 0xFF, 0x20, 0x00, 0x00, 0x00, 0x00, 0x00, 0x00, 0x00,
  0x00, 0x00, 0xAF, 0xFF, 0xFF, 0xA0, 0x00, 0x00, 0x00, 0x00, 0x00, 0x00, 0x00, 0x00, 0x00, 0x2F,
  0xFF, 0xFF, 0xF5, 0x00, 0x00, 0x00, 0x00, 0x00, 0x00, 0x00, 0x00, 0x00, 0x08, 0xFF, 0xFF, 0xFD,
  0x00, 0x00, 0x00, 0x00, 0x00, 0x00, 0x00, 0x00, 0x00, 0x01, 0xDF, 0xFF, 0xFF, 0x70, 0x00, 0x00,
  0x00, 0x00, 0x00, 0x00, 0x00, 0x00, 0x00, 0x5F, 0xFF, 0xFF, 0xF2, 0x00, 0x00, 0x00, 0x00, 0x00,
  0x00, 0x00, 0x00, 0x00, 0x0B, 0xFF, 0xFF, 0xFA, 0x00, 0x00, 0x00, 0x00, 0x00, 0x00, 0x00, 0x00,
  0x00, 0x03, 0xFF, 0xFF, 0xFF, 0x40, 0x00, 0x00, 0x00, 0x00, 0x00, 0x00, 0x00, 0x00, 0x00, 0x9F,
  0xFF, 0xFF, 0xD0, 0x00, 0x00, 0x00, 0x00, 0x00, 0x00, 0x00, 0x00, 0x00, 0x1E, 0xFF, 0xFF, 0xF7,
  0x00, 0x00, 0x00, 0x00, 0x00, 0x00, 0x00, 0x00, 0x00, 0x06, 0xFF, 0xFF, 0xFE, 0x20, 0x00, 0x00,
  0x00, 0x00, 0x00, 0x00, 0x00, 0x00, 0x00, 0xCF, 0xFF, 0xFF, 0xA0, 0x00, 0x00, 0x00, 0x00, 0x00,
  0x00, 0x00, 0x00, 0x00, 0x4F, 0xFF, 0xFF, 0xF4, 0x00, 0x00, 0x00, 0x00, 0x00, 0x00, 0x00, 0x00,
  0x00, 0x0A, 0xFF, 0xFF, 0xFC, 0x00, 0x00, 0x00, 0x00, 0x00, 0x00, 0x00, 0x00, 0x00, 0x02, 0xEF,
  0xFF, 0xFF, 0x70, 0x00, 0x00, 0x00, 0x00, 0x00, 0x00, 0x00, 0x00, 0x00, 0x8F, 0xFF, 0xFF, 0xE2,
  0x00, 0x00, 0x00, 0x00, 0x00, 0x00, 0x00, 0x00, 0x00, 0x0C, 0xEE, 0xEE, 0xE9, 0x00, 0x00, 0x00,
  0x00, 0x00, 0x00, 0x00, 0x00, 0x00, 0x00, 0x11, 0x11, 0x11, 0x00, 0x00, 0x00, 0x00, 0x00, 0x00,
  0x00, 0x00, 0x00, 0x00, 0x00, 0x00, 0x00, 0x11, 0x10, 0x00, 0x00, 0x00, 0x00, 0x00, 0x00, 0x00,
  0x00, 0x00, 0x03, 0x7A, 0xCD, 0xEE, 0xDB, 0x95, 0x10, 0x00, 0x00, 0x00, 0x00, 0x00, 0x00, 0x3A,
  0xFF, 0xFF, 0xFF, 0xFF, 0xFF, 0xFD, 0x60, 0x00, 0x00, 0x00, 0x00, 0x00, 0x5E, 0xFF, 0xFF, 0xFF,
  0xFF, 0xFF, 0xFF, 0xFF, 0xA1, 0x00, 0x00, 0x00, 0x00, 0x3F, 0xFF, 0xFF, 0xFF, 0xFF, 0xFF, 0xFF,
  0xFF, 0xFF, 0xA0, 0x00, 0x00, 0x00, 0x0B, 0xFF, 0xFF, 0xFF, 0xEA, 0x99, 0xCF, 0xFF, 0xFF, 0xFF,
  0x40, 0x00, 0x00, 0x03, 0xFF, 0xFF, 0xFF, 0xA2, 0x00, 0x00, 0x5E, 0xFF, 0xFF, 0xFA, 0x00, 0x00,
  0x00, 0x6F, 0xFF, 0xFF, 0xD0, 0x00, 0x00, 0x00, 0x6F, 0xFF, 0xFF, 0xD0, 0x00, 0x00, 0x07, 0xFF,
  0xFF, 0xF8, 0x00, 0x00, 0x00, 0x02, 0xFF, 0xFF, 0xFE, 0x10, 0x00, 0x00, 0x7F, 0xFF, 0xFF, 0x70,
  0x00, 0x00, 0x00, 0x1E, 0xFF, 0xFF, 0xD1, 0x00, 0x00, 0x04, 0xFF, 0xFF, 0xF8, 0x00, 0x00, 0x00,
  0x02, 0xFF, 0xFF, 0xFB, 0x00, 0x00, 0x00, 0x1D, 0xFF, 0xFF, 0xD0, 0x00, 0x00, 0x00, 0x6F, 0xFF,
  0xFF, 0x60, 0x00, 0x00, 0x00, 0x6F, 0xFF, 0xFF, 0xA2, 0x00, 0x00, 0x5E, 0xFF, 0xFF, 0xB0, 0x00,
  0x00, 0x00, 0x00, 0x8F, 0xFF, 0xFF, 0xEA, 0x99, 0xCF, 0xFF, 0xFF, 0xB1, 0x00, 0x00, 0x00, 0x00,
  0x00, 0x5C, 0xFF, 0xFF, 0xFF, 0xFF, 0xFF, 0xFC, 0x60, 0x00, 0x00, 0x00, 0x00, 0x00, 0x00, 0x4E,
  0xFF, 0xFF, 0xFF, 0xFF, 0xFE, 0x50, 0x00, 0x00, 0x00, 0x00, 0x00, 0x04, 0xBF, 0xFF, 0xFF, 0xFF,
  0xFF, 0xFF, 0xFF, 0xC4, 0x00, 0x00, 0x00, 0x00, 0x06, 0xFF, 0xFF, 0xFF, 0xFE, 0xEE, 0xFF, 0xFF,
  0xFF, 0xF6, 0x00, 0x00, 0x00, 0x05, 0xFF, 0xFF, 0xFF, 0xB5, 0x21, 0x25, 0xBF, 0xFF, 0xFF, 0xF5,
  0x00, 0x00, 0x00, 0xDF, 0xFF, 0xFF, 0xA0, 0x00, 0x00, 0x00, 0xAF, 0xFF, 0xFF, 0xD1, 0x00, 0x00,
  0x4F, 0xFF, 0xFF, 0xF2, 0x00, 0x00, 0x00, 0x02, 0xFF, 0xFF, 0xFF, 0x40, 0x00, 0x07, 0xFF, 0xFF,
  0xFE, 0x10, 0x00, 0x00, 0x00, 0x1E, 0xFF, 0xFF, 0xF7, 0x00, 0x00, 0x7F, 0xFF, 0xFF, 0xD1, 0x00,
  0x00, 0x00, 0x01, 0xDF, 0xFF, 0xFF, 0x70, 0x00, 0x07, 0xFF, 0xFF, 0xFE, 0x10, 0x00, 0x00, 0x00,
  0x1E, 0xFF, 0xFF, 0xF7, 0x00, 0x00, 0x4F, 0xFF, 0xFF, 0xF6, 0x00, 0x00, 0x00, 0x06, 0xFF, 0xFF,
  0xFF, 0x40, 0x00, 0x01, 0xDF, 0xFF, 0xFF, 0xE5, 0x00, 0x00, 0x06, 0xEF, 0xFF, 0xFF, 0xD1, 0x00,
  0x00, 0x07, 0xFF, 0xFF, 0xFF, 0xFD, 0xA9, 0xAD, 0xFF, 0xFF, 0xFF, 0xF7, 0x00, 0x00, 0x00, 0x0A,
  0xFF, 0xFF, 0xFF, 0xFF, 0xFF, 0xFF, 0xFF, 0xFF, 0xFA, 0x00, 0x00, 0x00, 0x00, 0x1A, 0xFF, 0xFF,
  0xFF, 0xFF, 0xFF, 0xFF, 0xFF, 0xFA, 0x10, 0x00, 0x00, 0x00, 0x00, 0x05, 0xCF, 0xFF, 0xFF, 0xFF,
  0xFF, 0xFF, 0xC5, 0x00, 0x00, 0x00, 0x00, 0x00, 0x00, 0x00, 0x48, 0xBD, 0xEE, 0xED, 0xB8, 0x40,
  0x00, 0x00, 0x00, 0x00, 0x00, 0x00, 0x00, 0x00, 0x00, 0x01, 0x11, 0x00, 0x00, 0x00, 0x00, 0x00,
  0x00, 0x00, 0x00, 0x00, 0x00, 0x01, 0x46, 0x88, 0x87, 0x52, 0x00, 0x00, 0x00, 0x00, 0x00, 0x00,
  0x00, 0x00, 0x39, 0xEF, 0xFF, 0xFF, 0xFF, 0xFB, 0x50, 0x00, 0x00, 0x00, 0x00, 0x00, 0x00, 0x7F,
  0xFF, 0xFF, 0xFF, 0xFF, 0xFF, 0xFF, 0xA1, 0x00, 0x00, 0x00, 0x00, 0x00, 0xAF, 0xFF, 0xFF, 0xFF,
  0xFF, 0xFF, 0xFF, 0xFF, 0xC1, 0x00, 0x00, 0x00, 0x00, 0x8F, 0xFF, 0xFF, 0xFF, 0xFE, 0xEF, 0xFF,
  0xFF, 0xFF, 0xB0, 0x00, 0x00, 0x00, 0x4F, 0xFF, 0xFF, 0xFD, 0x62, 0x12, 0x4A, 0xFF, 0xFF, 0xFF,
  0x60, 0x00, 0x00, 0x0B, 0xFF, 0xFF, 0xFD, 0x20, 0x00, 0x00, 0x08, 0xFF, 0xFF, 0xFD, 0x00, 0x00,
  0x02, 0xEF, 0xFF, 0xFF, 0x50, 0x00, 0x00, 0x00, 0x0D, 0xFF, 0xFF, 0xF4, 0x00, 0x00, 0x5F, 0xFF,
  0xFF, 0xE1, 0x00, 0x00, 0x00, 0x00, 0x9F, 0xFF, 0xFF, 0x80, 0x00, 0x07, 0xFF, 0xFF, 0xFD, 0x10,
  0x00, 0x00, 0x00, 0x08, 0xFF, 0xFF, 0xFB, 0x00, 0x00, 0x7F, 0xFF, 0xFF, 0xD1, 0x00, 0x00, 0x00,
  0x00, 0x8F, 0xFF, 0xFF, 0xC0, 0x00, 0x07, 0xFF, 0xFF, 0xFE, 0x10, 0x00, 0x00, 0x00, 0x09, 0xFF,
  0xFF, 0xFD, 0x00, 0x00, 0x5F, 0xFF, 0xFF, 0xF5, 0x00, 0x00, 0x00, 0x00, 0xDF, 0xFF, 0xFF, 0xD0,
  0x00, 0x02, 0xEF, 0xFF, 0xFF, 0xD2, 0x00, 0x00, 0x00, 0x9F, 0xFF, 0xFF, 0xFC, 0x00, 0x00, 0x0A,
  0xFF, 0xFF, 0xFF, 0xE7, 0x42, 0x35, 0xBF, 0xFF, 0xFF, 0xFF, 0xB0, 0x00, 0x00, 0x3F, 0xFF, 0xFF,
  0xFF, 0xFF, 0xFF, 0xFF, 0xDB, 0xFF, 0xFF, 0xF8, 0x00, 0x00, 0x00, 0x6F, 0xFF, 0xFF, 0xFF, 0xFF,
  0xFF, 0xF5, 0xBF, 0xFF, 0xFF, 0x50, 0x00, 0x00, 0x00, 0x7F, 0xFF, 0xFF, 0xFF, 0xFF, 0xF7, 0x3F,
  0xFF, 0xFF, 0xE1, 0x00, 0x00, 0x00, 0x00, 0x3A, 0xFF, 0xFF, 0xFF, 0xC5, 0x0A, 0xFF, 0xFF, 0xF9,
  0x00, 0x00, 0x00, 0x00, 0x00, 0x02, 0x57, 0x76, 0x40, 0x03, 0xFF, 0xFF, 0xFF, 0x30, 0x00, 0x00,
  0x00, 0x00, 0x00, 0x00, 0x00, 0x00, 0x01, 0xCF, 0xFF, 0xFF, 0xA0, 0x00, 0x00, 0x00, 0x00, 0x00,
  0x00, 0x00, 0x00, 0x00, 0x9F, 0xFF, 0xFF, 0xF3, 0x00, 0x00, 0x00, 0x00, 0x00, 0x00, 0x00, 0x00,
  0x00, 0x7F, 0xFF, 0xFF, 0xF7, 0x00, 0x00, 0x00, 0x00, 0x00, 0x00, 0x00, 0x00, 0x00, 0x7F, 0xFF,
  0xFF, 0xFB, 0x00, 0x00, 0x00, 0x00, 0x00, 0x00, 0x00, 0x00, 0x00, 0x8F, 0xFF, 0xFF, 0xFD, 0x20,
  0x00, 0x00, 0x00, 0x00, 0x00, 0x00, 0x00, 0x01, 0xAF, 0xFF, 0xFF, 0xFE, 0x30, 0x00, 0x00, 0x00,
  0x00, 0x00, 0x00, 0x00, 0x03, 0xCF, 0xFF, 0xFF, 0xFE, 0x40, 0x00, 0x00, 0x00, 0x00, 0x00, 0x00,
  0x00, 0x06, 0xEF, 0xFF, 0xFF, 0xFD, 0x30, 0x00, 0x00, 0x00, 0x00, 0x00, 0x00, 0x00, 0x3B, 0xFF,
  0xFF, 0xFF, 0xFB, 0x20, 0x00, 0x00, 0x00, 0x00, 0x00, 0x00, 0x00, 0x29, 0xBB, 0xBB, 0xBB, 0xB7,
  0x00, 0x00, 0x00, 0x00, 0x00, 0x00, 0x00, 0x00, 0x00, 0x00, 0x00, 0x00, 0x00, 0x00, 0x00, 0x00,
  0x00, 0x00, 0x00, 0x00, 0x00, 0x00, 0x00, 0x00, 0x0D, 0xFF, 0xFF, 0xFF, 0xFD, 0x00, 0x00, 0x00,
  0x00, 0x00, 0x00, 0x00, 0x00, 0x00, 0x8F, 0xFF, 0xFF, 0xFF, 0x80, 0x00, 0x00, 0x00, 0x00, 0x00,
  0x00, 0x00, 0x00, 0x01, 0x9E, 0xFF, 0xFE, 0x91, 0x00, 0x00, 0x00, 0x00, 0x00, 0x00, 0x00, 0x00,
  0x00, 0x00, 0x24, 0x44, 0x20, 0x00, 0x00, 0x00, 0x00, 0x00, 0x00, 0x00, 0x00, 0x00, 0x00, 0x00,
  0x00, 0x00, 0x00, 0x00, 0x00, 0x00, 0x00, 0x00, 0x00, 0x00, 0x00, 0x00, 0x00, 0x00, 0x00, 0x00,
  0x00, 0x00, 0x00, 0x00, 0x00, 0x00, 0x00, 0x00, 0x00, 0x00, 0x00, 0x00, 0x00, 0x00, 0x00, 0x00,
  0x00, 0x00, 0x00, 0x00, 0x00, 0x00, 0x00, 0x00, 0x00, 0x00, 0x00, 0x00, 0x00, 0x00, 0x00, 0x00,
  0x00, 0x00, 0x00, 0x00, 0x00, 0x02, 0x44, 0x42, 0x00, 0x00, 0x00, 0x00, 0x00, 0x00, 0x00, 0x00,
  0x00, 0x00, 0x19, 0xEF, 0xFF, 0xE9, 0x00, 0x00, 0x00, 0x00, 0x00, 0x00, 0x00, 0x00, 0x00, 0x08,
  0xFF, 0xFF, 0xFF, 0xF8, 0x00, 0x00, 0x00, 0x00, 0x00, 0x00, 0x00, 0x00, 0x00, 0xDF, 0xFF, 0xFF,
  0xFF, 0xD0, 0x00, 0x00, 0x00, 0x00, 0x00, 0x00, 0x00, 0x00, 0x1E, 0xFF, 0xFF, 0xFF, 0xFE, 0x10,
  0x00, 0x00, 0x00, 0x00, 0x00, 0x00, 0x00, 0x01, 0xEF, 0xFF, 0xFF, 0xFF, 0xE1, 0x00, 0x00, 0x00,
  0x00, 0x00, 0x00, 0x00, 0x00, 0x0D, 0xFF, 0xFF, 0xFF, 0xFC, 0x00, 0x00, 0x00, 0x00, 0x00, 0x00,
  0x00, 0x00, 0x00, 0x5F, 0xFF, 0xFF, 0xFF, 0x50, 0x00, 0x00, 0x00, 0x00, 0x00, 0x00, 0x00, 0x00,
  0x00, 0x5B, 0xDE, 0xDB, 0x50, 0x00, 0x00, 0x00, 0x00, 0x00, 0x00, 0x00, 0x00, 0x00, 0x00, 0x01,
  0x11, 0x00, 0x00, 0x00, 0x00, 0x00, 0x00, 0x00, 0x00, 0x00, 0x00, 0x00, 0x00, 0x11, 0x10, 0x00,
  0x00, 0x00, 0x00, 0x00, 0x00, 0x00, 0x00, 0x00, 0x00, 0x05, 0xBD, 0xED, 0xB5, 0x00, 0x00, 0x00,
  0x00, 0x00, 0x00, 0x00, 0x00, 0x00, 0x05, 0xFF, 0xFF, 0xFF, 0xF5, 0x00, 0x00, 0x00, 0x00, 0x00,
  0x00, 0x00, 0x00, 0x00, 0xCF, 0xFF, 0xFF, 0xFF, 0xC0, 0x00, 0x00, 0x00, 0x00, 0x00, 0x00, 0x00,
  0x00, 0x1E, 0xFF, 0xFF, 0xFF, 0xFE, 0x10, 0x00, 0x00, 0x00, 0x00, 0x00, 0x00, 0x00, 0x01, 0xEF,
  0xFF, 0xFF, 0xFF, 0xE1, 0x00, 0x00, 0x00, 0x00, 0x00, 0x00, 0x00, 0x00, 0x0D, 0xFF, 0xFF, 0xFF,
  0xFD, 0x00, 0x00, 0x00, 0x00, 0x00, 0x00, 0x00, 0x00, 0x00, 0x8F, 0xFF, 0xFF, 0xFF, 0x80, 0x00,
  0x00, 0x00, 0x00, 0x00, 0x00, 0x00, 0x00, 0x01, 0x9E, 0xFF, 0xFE, 0x91, 0x00, 0x00, 0x00, 0x00,
  0x00, 0x00, 0x00, 0x00, 0x00, 0x00, 0x24, 0x54, 0x20, 0x00, 0x00, 0x00, 0x00, 0x00, 0x00, 0x00,
  0x00, 0x00, 0x00, 0x00, 0x00, 0x00, 0x00, 0x00, 0x00, 0x00, 0x00, 0x00, 0x00, 0x00, 0x00, 0x00,
  0x00, 0x00, 0x00, 0x00, 0x00, 0x00, 0x00, 0x00, 0x00, 0x00, 0x00, 0x00, 0x00, 0x00, 0x00, 0x00,
  0x00, 0x00, 0x00, 0x00, 0x00, 0x00, 0x00, 0x00, 0x00, 0x00, 0x00, 0x00, 0x00, 0x00, 0x00, 0x00,
  0x00, 0x00, 0x00, 0x00, 0x00, 0x00, 0x00, 0x00, 0x00, 0x00, 0x00, 0x00, 0x00, 0x00, 0x00, 0x00,
  0x00, 0x00, 0x00, 0x00, 0x00, 0x00, 0x02, 0x44, 0x44, 0x44, 0x42, 0x00, 0x00, 0x00, 0x00, 0x00,
  0x00, 0x00, 0x00, 0x00, 0xCF, 0xFF, 0xFF, 0xFF, 0x40, 0x00, 0x00, 0x00, 0x00, 0x00, 0x00, 0x00,
  0x00, 0x1D, 0xFF, 0xFF, 0xFF, 0xB0, 0x00, 0x00, 0x00, 0x00, 0x00, 0x00, 0x00, 0x00, 0x02, 0xFF,
  0xFF, 0xFF, 0xF4, 0x00, 0x00, 0x00, 0x00, 0x00, 0x00, 0x00, 0x00, 0x00, 0x5F, 0xFF, 0xFF, 0xFC,
  0x00, 0x00, 0x00, 0x00, 0x00, 0x00, 0x00, 0x00, 0x00, 0x07, 0xFF, 0xFF, 0xFF, 0x60, 0x00, 0x00,
  0x00, 0x00, 0x00, 0x00, 0x00, 0x00, 0x00, 0xAF, 0xFF, 0xFF, 0xD1, 0x00, 0x00, 0x00, 0x00, 0x00,
  0x00, 0x00, 0x00, 0x00, 0x0C, 0xFF, 0xFF, 0xF8, 0x00, 0x00, 0x00, 0x00, 0x00, 0x00, 0x00, 0x00,
  0x00, 0x01, 0xEF, 0xFF, 0xFE, 0x20, 0x00, 0x00, 0x00, 0x00, 0x00, 0x00, 0x00, 0x00, 0x00, 0x4F,
  0xFF, 0xFF, 0x90, 0x00, 0x00, 0x00, 0x00, 0x00, 0x00, 0x00, 0x00, 0x00, 0x06, 0xFF, 0xFF, 0xF3,
  0x00, 0x00, 0x00, 0x00, 0x00, 0x00, 0x00, 0x00, 0x00, 0x00, 0x9F, 0xFF, 0xFB, 0x00, 0x00, 0x00,
  0x00, 0x00, 0x00, 0x00, 0x00, 0x00, 0x00, 0x0B, 0xFF, 0xFF, 0x50, 0x00, 0x00, 0x00, 0x00, 0x00,
  0x00, 0x00, 0x00, 0x00, 0x01, 0xDE, 0xEE, 0xC0, 0x00, 0x00, 0x00, 0x00, 0x00, 0x00, 0x00, 0x00,
  0x00, 0x00, 0x01, 0x11, 0x10, 0x00, 0x00, 0x00, 0x00, 0x00, 0x00, 0x00, 0x00, 0x00, 0x00, 0x00,
  0x00, 0x00, 0x00, 0x00, 0x00, 0x00, 0x00, 0x00, 0x00, 0x00, 0x00, 0x00, 0x00, 0x00, 0x00, 0x00,
  0x00, 0x00, 0x00, 0x00, 0x34, 0x00, 0x00, 0x00, 0x00, 0x00, 0x00, 0x00, 0x00, 0x00, 0x00, 0x00,
  0x02, 0x8F, 0x80, 0x00, 0x00, 0x00, 0x00, 0x00, 0x00, 0x00, 0x00, 0x00, 0x00, 0x17, 0xEF, 0xF7,
  0x00, 0x00, 0x00, 0x00, 0x00, 0x00, 0x00, 0x00, 0x00, 0x00, 0x6D, 0xFF, 0xEF, 0x70, 0x00, 0x00,
  0x00, 0x00, 0x00, 0x00, 0x00, 0x00, 0x05, 0xCF, 0xFF, 0xFF, 0xF7, 0x00, 0x00, 0x00, 0x00, 0x00,
  0x00, 0x00, 0x00, 0x4B, 0xFF, 0xFF, 0xFF, 0xFF, 0x80, 0x00, 0x00, 0x00, 0x00, 0x00, 0x00, 0x03,
  0xAF, 0xFF, 0xFF, 0xFF, 0xFF, 0xB3, 0x00, 0x00, 0x00, 0x00, 0x00, 0x00, 0x29, 0xEF, 0xFF, 0xFF,
  0xFF, 0xFC, 0x50, 0x00, 0x00, 0x00, 0x00, 0x00, 0x01, 0x8E, 0xFF, 0xFF, 0xFF, 0xFF, 0xD6, 0x00,
  0x00, 0x00, 0x00, 0x00, 0x00, 0x17, 0xDF, 0xFF, 0xFF, 0xFF, 0xFD, 0x71, 0x00, 0x00, 0x00, 0x00,
  0x00, 0x00, 0x07, 0xFF, 0xFF, 0xFF, 0xFF, 0xE7, 0x10, 0x00, 0x00, 0x00, 0x00, 0x00, 0x00, 0x00,
  0x8F, 0xFF, 0xFF, 0xFE, 0x82, 0x00, 0x00, 0x00, 0x00, 0x00, 0x00, 0x00, 0x00, 0x07, 0xFF, 0xFF,
  0xF9, 0x20, 0x00, 0x00, 0x00, 0x00, 0x00, 0x00, 0x00, 0x00, 0x00, 0x7F, 0xFF, 0xFF, 0x81, 0x00,
  0x00, 0x00, 0x00, 0x00, 0x00, 0x00, 0x00, 0x00, 0x08, 0xFF, 0xFF, 0xFF, 0xE7, 0x10, 0x00, 0x00,
  0x00, 0x00, 0x00, 0x00, 0x00, 0x00, 0x7F, 0xFF, 0xFF, 0xFF, 0xFD, 0x61, 0x00, 0x00, 0x00, 0x00,
  0x00, 0x00, 0x00, 0x01, 0x8E, 0xFF, 0xFF, 0xFF, 0xFF, 0xC5, 0x00, 0x00, 0x00, 0x00, 0x00, 0x00,
  0x00, 0x00, 0x29, 0xFF, 0xFF, 0xFF, 0xFF, 0xFC, 0x50, 0x00, 0x00, 0x00, 0x00, 0x00, 0x00, 0x00,
  0x03, 0xAF, 0xFF, 0xFF, 0xFF, 0xFF, 0xB4, 0x00, 0x00, 0x00, 0x00, 0x00, 0x00, 0x00, 0x00, 0x4B,
  0xFF, 0xFF, 0xFF, 0xFF, 0xFA, 0x20, 0x00, 0x00, 0x00, 0x00, 0x00, 0x00, 0x00, 0x05, 0xCF, 0xFF,
  0xFF, 0xFF, 0xF8, 0x00, 0x00, 0x00, 0x00, 0x00, 0x00, 0x00, 0x00, 0x00, 0x6D, 0xFF, 0xFF, 0xFF,
  0x70, 0x00, 0x00, 0x00, 0x00, 0x00, 0x00, 0x00, 0x00, 0x00, 0x17, 0xEF, 0xFE, 0xF7, 0x00, 0x00,
  0x00, 0x00, 0x00, 0x00, 0x00, 0x00, 0x00, 0x00, 0x02, 0x8E, 0xFF, 0x70, 0x00, 0x00, 0x00, 0x00,
  0x00, 0x00, 0x00, 0x00, 0x00, 0x00, 0x00, 0x39, 0xF8, 0x00, 0x00, 0x00, 0x00, 0x00, 0x00, 0x00,
  0x00, 0x00, 0x00, 0x00, 0x00, 0x04, 0x40, 0x00, 0x00, 0x00, 0x00, 0x00, 0x00, 0x00, 0x00, 0x00,
  0x00, 0x00, 0x00, 0x00, 0x00, 0x00, 0x00, 0x00, 0x11, 0x11, 0x11, 0x11, 0x11, 0x11, 0x11, 0x11,
  0x11, 0x10, 0x00, 0x00, 0x00, 0x7E, 0xEE, 0xEE, 0xEE, 0xEE, 0xEE, 0xEE, 0xEE, 0xEE, 0xEE, 0x70,
  0x00, 0x00, 0x08, 0xFF, 0xFF, 0xFF, 0xFF, 0xFF, 0xFF, 0xFF, 0xFF, 0xFF, 0xF8, 0x00, 0x00, 0x00,
  0x7F, 0xFF, 0xFF, 0xFF, 0xFF, 0xFF, 0xFF, 0xFF, 0xFF, 0xFF, 0x70, 0x00, 0x00, 0x08, 0xFF, 0xFF,
  0xFF, 0xFF, 0xFF, 0xFF, 0xFF, 0xFF, 0xFF, 0xF8, 0x00, 0x00, 0x00, 0x7E, 0xEE, 0xEE, 0xEE, 0xEE,
  0xEE, 0xEE, 0xEE, 0xEE, 0xEE, 0x70, 0x00, 0x00, 0x00, 0x11, 0x11, 0x11, 0x11, 0x11, 0x11, 0x11,
  0x11, 0x11, 0x10, 0x00, 0x00, 0x00, 0x00, 0x00, 0x00, 0x00, 0x00, 0x00, 0x00, 0x00, 0x00, 0x00,
  0x00, 0x00, 0x00, 0x00, 0x00, 0x00, 0x00, 0x00, 0x00, 0x00, 0x00, 0x00, 0x00, 0x00, 0x00, 0x00,
  0x00, 0x00, 0x00, 0x00, 0x00, 0x00, 0x00, 0x00, 0x00, 0x00, 0x00, 0x00, 0x00, 0x00, 0x04, 0x77,
  0x77, 0x77, 0x77, 0x77, 0x77, 0x77, 0x77, 0x77, 0x74, 0x00, 0x00, 0x00, 0x8F, 0xFF, 0xFF, 0xFF,
  0xFF, 0xFF, 0xFF, 0xFF, 0xFF, 0xFF, 0x80, 0x00, 0x00, 0x07, 0xFE, 0xFF, 0xFF, 0xFF, 0xFF, 0xFF,
  0xFF, 0xFF, 0xFE, 0xF7, 0x00, 0x00, 0x00, 0x7F, 0xEF, 0xFF, 0xFF, 0xFF, 0xFF, 0xFF, 0xFF, 0xFF,
  0xEF, 0x70, 0x00, 0x00, 0x08, 0xFF, 0xFF, 0xFF, 0xFF, 0xFF, 0xFF, 0xFF, 0xFF, 0xFF, 0xF8, 0x00,
  0x00, 0x00, 0x47, 0x77, 0x77, 0x77, 0x77, 0x77, 0x77, 0x77, 0x77, 0x77, 0x40, 0x00, 0x00, 0x00,
  0x00, 0x00, 0x00, 0x00, 0x00, 0x00, 0x00, 0x00, 0x00, 0x00, 0x00, 0x00, 0x00, 0x00, 0x00, 0x00,
  0x00, 0x00, 0x00, 0x00, 0x00, 0x00, 0x00, 0x00, 0x00, 0x00, 0x00, 0x00, 0x00, 0x00, 0x00, 0x00,
  0x00, 0x00, 0x00, 0x00, 0x00, 0x00, 0x00, 0x00, 0x00, 0x00, 0x00, 0x00, 0x00, 0x00, 0x00, 0x00,
  0x00, 0x00, 0x00, 0x00, 0x00, 0x00, 0x00, 0x00, 0x00, 0x00, 0x00, 0x00, 0x00, 0x00, 0x00, 0x00,
  0x00, 0x00, 0x00, 0x00, 0x00, 0x00, 0x00, 0x00, 0x00, 0x00, 0x00, 0x00, 0x00, 0x00, 0x00, 0x00,
  0x00, 0x00, 0x00, 0x00, 0x00, 0x00, 0x00, 0x00, 0x00, 0x00, 0x00, 0x00, 0x00, 0x00, 0x04, 0x30,
  0x00, 0x00, 0x00, 0x00, 0x00, 0x00, 0x00, 0x00, 0x00, 0x00, 0x00, 0x00, 0x8F, 0x82, 0x00, 0x00,
  0x00, 0x00, 0x00, 0x00, 0x00, 0x00, 0x00, 0x00, 0x00, 0x07, 0xFF, 0xE7, 0x10, 0x00, 0x00, 0x00,
  0x00, 0x00, 0x00, 0x00, 0x00, 0x00, 0x00, 0x7F, 0xEF, 0xFD, 0x60, 0x00, 0x00, 0x00, 0x00, 0x00,
  0x00, 0x00, 0x00, 0x00, 0x07, 0xFF, 0xFF, 0xFF, 0xC5, 0x00, 0x00, 0x00, 0x00, 0x00, 0x00, 0x00,
  0x00, 0x00, 0x8F, 0xFF, 0xFF, 0xFF, 0xFB, 0x40, 0x00, 0x00, 0x00, 0x00, 0x00, 0x00, 0x00, 0x03,
  0xBF, 0xFF, 0xFF, 0xFF, 0xFF, 0xA3, 0x00, 0x00, 0x00, 0x00, 0x00, 0x00, 0x00, 0x00, 0x5C, 0xFF,
  0xFF, 0xFF, 0xFF, 0xE9, 0x20, 0x00, 0x00, 0x00, 0x00, 0x00, 0x00, 0x00, 0x06, 0xDF, 0xFF, 0xFF,
  0xFF, 0xFE, 0x81, 0x00, 0x00, 0x00, 0x00, 0x00, 0x00, 0x00, 0x01, 0x7D, 0xFF, 0xFF, 0xFF, 0xFF,
  0xD7, 0x10, 0x00, 0x00, 0x00, 0x00, 0x00, 0x00, 0x00, 0x17, 0xEF, 0xFF, 0xFF, 0xFF, 0xF7, 0x00,
  0x00, 0x00, 0x00, 0x00, 0x00, 0x00, 0x00, 0x02, 0x8E, 0xFF, 0xFF, 0xFF, 0x80, 0x00, 0x00, 0x00,
  0x00, 0x00, 0x00, 0x00, 0x00, 0x00, 0x29, 0xFF, 0xFF, 0xF7, 0x00, 0x00, 0x00, 0x00, 0x00, 0x00,
  0x00, 0x00, 0x00, 0x01, 0x8F, 0xFF, 0xFF, 0x70, 0x00, 0x00, 0x00, 0x00, 0x00, 0x00, 0x00, 0x00,
  0x17, 0xEF, 0xFF, 0xFF, 0xF8, 0x00, 0x00, 0x00, 0x00, 0x00, 0x00, 0x00, 0x01, 0x6D, 0xFF, 0xFF,
  0xFF, 0xFF, 0x70, 0x00, 0x00, 0x00, 0x00, 0x00, 0x00, 0x05, 0xCF, 0xFF, 0xFF, 0xFF, 0xFE, 0x81,
  0x00, 0x00, 0x00, 0x00, 0x00, 0x00, 0x5C, 0xFF, 0xFF, 0xFF, 0xFF, 0xF9, 0x20, 0x00, 0x00, 0x00,
  0x00, 0x00, 0x04, 0xBF, 0xFF, 0xFF, 0xFF, 0xFF, 0xA3, 0x00, 0x00, 0x00, 0x00, 0x00, 0x00, 0x2A,
  0xFF, 0xFF, 0xFF, 0xFF, 0xFB, 0x40, 0x00, 0x00, 0x00, 0x00, 0x00, 0x00, 0x08, 0xFF, 0xFF, 0xFF,
  0xFF, 0xC5, 0x00, 0x00, 0x00, 0x00, 0x00, 0x00, 0x00, 0x00, 0x7F, 0xFF, 0xFF, 0xFD, 0x60, 0x00,
  0x00, 0x00, 0x00, 0x00, 0x00, 0x00, 0x00, 0x07, 0xFE, 0xFF, 0xE7, 0x10, 0x00, 0x00, 0x00, 0x00,
  0x00, 0x00, 0x00, 0x00, 0x00, 0x7F, 0xFE, 0x82, 0x00, 0x00, 0x00, 0x00, 0x00, 0x00, 0x00, 0x00,
  0x00, 0x00, 0x08, 0xF9, 0x30, 0x00, 0x00, 0x00, 0x00, 0x00, 0x00, 0x00, 0x00, 0x00, 0x00, 0x00,
  0x44, 0x00, 0x00, 0x00, 0x00, 0x00, 0x00, 0x00, 0x00, 0x00, 0x00, 0x00, 0x00, 0x00, 0x00, 0x00,
  0x00, 0x00, 0x00, 0x00, 0x00, 0x00, 0x00, 0x00, 0x00, 0x00, 0x00, 0x00, 0x00, 0x00, 0x00, 0x11,
  0x10, 0x00, 0x00, 0x00, 0x00, 0x00, 0x00, 0x00, 0x00, 0x00, 0x02, 0x7B, 0xDE, 0xED, 0xB8, 0x30,
  0x00, 0x00, 0x00, 0x00, 0x00, 0x00, 0x00, 0x18, 0xEF, 0xFF, 0xFF, 0xFF, 0xFF, 0xB3, 0x00, 0x00,
  0x00, 0x00, 0x00, 0x00, 0x2C, 0xFF, 0xFF, 0xFF, 0xFF, 0xFF, 0xFF, 0xE5, 0x00, 0x00, 0x00, 0x00,
  0x00, 0x1C, 0xFF, 0xFF, 0xFF, 0xFF, 0xFF, 0xFF, 0xFF, 0xF4, 0x00, 0x00, 0x00, 0x00, 0x08, 0xFF,
  0xFF, 0xFF, 0xFF, 0xFF, 0xFF, 0xFF, 0xFF, 0xD1, 0x00, 0x00, 0x00, 0x02, 0xEF, 0xFF, 0xFF, 0xFA,
  0x88, 0xBF, 0xFF, 0xFF, 0xFF, 0x60, 0x00, 0x00, 0x00, 0x6F, 0xFF, 0xFF, 0xD3, 0x00, 0x00, 0x5F,
  0xFF, 0xFF, 0xFA, 0x00, 0x00, 0x00, 0x01, 0x5B, 0xFF, 0xF3, 0x00, 0x00, 0x00, 0xAF, 0xFF, 0xFF,
  0xC0, 0x00, 0x00, 0x00, 0x00, 0x03, 0x99, 0x00, 0x00, 0x00, 0x08, 0xFF, 0xFF, 0xFD, 0x10, 0x00,
  0x00, 0x00, 0x00, 0x00, 0x00, 0x00, 0x00, 0x00, 0x8F, 0xFF, 0xFF, 0xD0, 0x00, 0x00, 0x00, 0x00,
  0x00, 0x00, 0x00, 0x00, 0x00, 0x0A, 0xFF, 0xFF, 0xFB, 0x00, 0x00, 0x00, 0x00, 0x00, 0x00, 0x00,
  0x00, 0x00, 0x04, 0xEF, 0xFF, 0xFF, 0x60, 0x00, 0x00, 0x00, 0x00, 0x00, 0x00, 0x00, 0x00, 0x17,
  0xEF, 0xFF, 0xFF, 0xD1, 0x00, 0x00, 0x00, 0x00, 0x00, 0x00, 0x04, 0x89, 0xBE, 0xFF, 0xFF, 0xFF,
  0xF5, 0x00, 0x00, 0x00, 0x00, 0x00, 0x00, 0x00, 0x8F, 0xFF, 0xFF, 0xFF, 0xFF, 0xF7, 0x00, 0x00,
  0x00, 0x00, 0x00, 0x00, 0x00, 0x07, 0xFE, 0xFF, 0xFF, 0xFF, 0xD5, 0x00, 0x00, 0x00, 0x00, 0x00,
  0x00, 0x00, 0x00, 0x7F, 0xFF, 0xFF, 0xEA, 0x61, 0x00, 0x00, 0x00, 0x00, 0x00, 0x00, 0x00, 0x00,
  0x07, 0xFF, 0xFF, 0xF8, 0x00, 0x00, 0x00, 0x00, 0x00, 0x00, 0x00, 0x00, 0x00, 0x00, 0x8F, 0xFF,
  0xFF, 0x80, 0x10, 0x00, 0x00, 0x00, 0x00, 0x00, 0x00, 0x00, 0x00, 0x07, 0xEE, 0xEE, 0xE7, 0x00,
  0x00, 0x00, 0x00, 0x00, 0x00, 0x00, 0x00, 0x00, 0x00, 0x11, 0x11, 0x11, 0x10, 0x00, 0x00, 0x00,
  0x00, 0x00, 0x00, 0x00, 0x00, 0x00, 0x00, 0x00, 0x10, 0x00, 0x00, 0x00, 0x00, 0x00, 0x00, 0x00,
  0x00, 0x00, 0x00, 0x00, 0x29, 0xDE, 0xEB, 0x60, 0x00, 0x00, 0x00, 0x00, 0x00, 0x00, 0x00, 0x00,
  0x00, 0x1D, 0xFF, 0xFF, 0xFF, 0x60, 0x00, 0x00, 0x00, 0x00, 0x00, 0x00, 0x00, 0x00, 0x06, 0xFF,
  0xFF, 0xFF, 0xFD, 0x00, 0x00, 0x00, 0x00, 0x00, 0x00, 0x00, 0x00, 0x00, 0x8F, 0xFF, 0xFF, 0xFF,
  0xE1, 0x00, 0x00, 0x00, 0x00, 0x00, 0x00, 0x00, 0x00, 0x07, 0xFF, 0xFF, 0xFF, 0xFE, 0x10, 0x00,
  0x00, 0x00, 0x00, 0x00, 0x00, 0x00, 0x00, 0x6F, 0xFF, 0xFF, 0xFF, 0xD0, 0x00, 0x00, 0x00, 0x00,
  0x00, 0x00, 0x00, 0x00, 0x01, 0xDF, 0xFF, 0xFF, 0xF6, 0x00, 0x00, 0x00, 0x00, 0x00, 0x00, 0x00,
  0x00, 0x00, 0x02, 0x9D, 0xED, 0xB6, 0x00, 0x00, 0x00, 0x00, 0x00, 0x00, 0x00, 0x00, 0x00, 0x00,
  0x00, 0x01, 0x10, 0x00, 0x00, 0x00, 0x00, 0x00, 0x00, 0x00, 0x00, 0x00, 0x00, 0x00, 0x00, 0x11,
  0x10, 0x00, 0x00, 0x00, 0x00, 0x00, 0x00, 0x00, 0x00, 0x00, 0x01, 0x6A, 0xCE, 0xEE, 0xCA, 0x72,
  0x00, 0x00, 0x00, 0x00, 0x00, 0x00, 0x00, 0x07, 0xEF, 0xFF, 0xFF, 0xFF, 0xFF, 0xE8, 0x10, 0x00,
  0x00, 0x00, 0x00, 0x00, 0x09, 0xFF, 0xFF, 0xFF, 0xFF, 0xFF, 0xFF, 0xFC, 0x20, 0x00, 0x00, 0x00,
  0x00, 0x08, 0xFF, 0xFF, 0xFF, 0xEE, 0xEE, 0xFF, 0xFF, 0xFC, 0x10, 0x00, 0x00, 0x00, 0x03, 0xFF,
  0xFF, 0xF9, 0x41, 0x01, 0x26, 0xDF, 0xFF, 0xF9, 0x00, 0x00, 0x00, 0x00, 0xAF, 0xFF, 0xF6, 0x00,
  0x00, 0x00, 0x01, 0xBF, 0xFF, 0xF2, 0x00, 0x00, 0x00, 0x2F, 0xFF, 0xF8, 0x00, 0x00, 0x00, 0x01,
  0x02, 0xEF, 0xFF, 0x70, 0x00, 0x00, 0x06, 0xFF, 0xFE, 0x10, 0x00, 0x00, 0x00, 0x00, 0x0A, 0xFF,
  0xFA, 0x00, 0x00, 0x00, 0xAF, 0xFF, 0xA0, 0x00, 0x00, 0x28, 0x98, 0x40, 0x6F, 0xFF, 0xD0, 0x00,
  0x00, 0x0D, 0xFF, 0xF7, 0x00, 0x00, 0x5E, 0xFF, 0xFF, 0x54, 0xFF, 0xFE, 0x10, 0x00, 0x02, 0xFF,
  0xFF, 0x40, 0x00, 0x3F, 0xFF, 0xFF, 0xFE, 0x6F, 0xFF, 0xE1, 0x00, 0x00, 0x4F, 0xFF, 0xF3, 0x00,
  0x0A, 0xFF, 0xFF, 0xEC, 0xEE, 0xFF, 0xFE, 0x10, 0x00, 0x05, 0xFF, 0xFE, 0x20, 0x01, 0xEF, 0xFF,
  0xB2, 0x02, 0xDF, 0xFF, 0xE1, 0x00, 0x00, 0x6F, 0xFF, 0xE1, 0x00, 0x4F, 0xFF, 0xF4, 0x00, 0x06,
  0xFF, 0xFE, 0x10, 0x00, 0x07, 0xFF, 0xFE, 0x10, 0x06, 0xFF, 0xFE, 0x20, 0x00, 0x4F, 0xFF, 0xE1,
  0x00, 0x00, 0x7F, 0xFF, 0xE1, 0x00, 0x7F, 0xFF, 0xE1, 0x00, 0x04, 0xFF, 0xFE, 0x10, 0x00, 0x07,
  0xFF, 0xFE, 0x10, 0x07, 0xFF, 0xFE, 0x10, 0x00, 0x4F, 0xFF, 0xE1, 0x00, 0x00, 0x7F, 0xFF, 0xE1,
  0x00, 0x7F, 0xFF, 0xE1, 0x00, 0x04, 0xFF, 0xFE, 0x10, 0x00, 0x07, 0xFF, 0xFE, 0x10, 0x07, 0xFF,
  0xFE, 0x10, 0x00, 0x4F, 0xFF, 0xE1, 0x00, 0x00, 0x6F, 0xFF, 0xE1, 0x00, 0x6F, 0xFF, 0xE1, 0x00,
  0x04, 0xFF, 0xFE, 0x10, 0x00, 0x06, 0xFF, 0xFE, 0x10, 0x05, 0xFF, 0xFF, 0x30, 0x10, 0x5F, 0xFF,
  0xE1, 0x00, 0x00, 0x4F, 0xFF, 0xF2, 0x00, 0x2F, 0xFF, 0xF7, 0x00, 0x09, 0xFF, 0xFE, 0x10, 0x00,
  0x03, 0xFF, 0xFF, 0x30, 0x00, 0xCF, 0xFF, 0xE8, 0x59, 0xFF, 0xFF, 0xE1, 0x00, 0x00, 0x1E, 0xFF,
  0xF5, 0x00, 0x06, 0xFF, 0xFF, 0xFF, 0xFA, 0xEF, 0xFE, 0x10, 0x00, 0x00, 0xBF, 0xFF, 0x80, 0x00,
  0x0B, 0xFF, 0xFF, 0xFB, 0x5F, 0xFF, 0xF1, 0x00, 0x00, 0x08, 0xFF, 0xFC, 0x00, 0x00, 0x19, 0xEF,
  0xEA, 0x12, 0xAA, 0xA9, 0x10, 0x00, 0x00, 0x4F, 0xFF, 0xF5, 0x00, 0x00, 0x01, 0x22, 0x00, 0x00,
  0x00, 0x00, 0x00, 0x00, 0x00, 0xCF, 0xFF, 0xD2, 0x00, 0x00, 0x00, 0x00, 0x00, 0x00, 0x00, 0x00,
  0x00, 0x00, 0x05, 0xFF, 0xFF, 0xC3, 0x00, 0x00, 0x00, 0x00, 0x00, 0x00, 0x00, 0x00, 0x00, 0x00,
  0x0B, 0xFF, 0xFF, 0xF9, 0x42, 0x10, 0x00, 0x00, 0x00, 0x00, 0x00, 0x00, 0x00, 0x00, 0x2D, 0xFF,
  0xFF, 0xFF, 0xEE, 0xEE, 0xDE, 0xA0, 0x00, 0x00, 0x00, 0x00, 0x00, 0x00, 0x2C, 0xFF, 0xFF, 0xFF,
  0xFF, 0xFF, 0xFB, 0x00, 0x00, 0x00, 0x00, 0x00, 0x00, 0x00, 0x07, 0xEF, 0xFF, 0xFF, 0xFF, 0xFF,
  0xB0, 0x00, 0x00, 0x00, 0x00, 0x00, 0x00, 0x00, 0x01, 0x59, 0xBD, 0xEE, 0xEE, 0xEA, 0x00, 0x00,
  0x00, 0x00, 0x00, 0x00, 0x00, 0x00, 0x00, 0x00, 0x11, 0x11, 0x11, 0x10, 0x00, 0x00, 0x00, 0x00,
  0x00, 0x00, 0x00, 0x01, 0x11, 0x11, 0x11, 0x11, 0x00, 0x00, 0x00, 0x00, 0x00, 0x00, 0x00, 0x00,
  0x01, 0xDE, 0xEE, 0xEE, 0xEE, 0xE3, 0x00, 0x00, 0x00, 0x00, 0x00, 0x00, 0x00, 0x00, 0x4F, 0xFF,
  0xFF, 0xFF, 0xFF, 0x70, 0x00, 0x00, 0x00, 0x00, 0x00, 0x00, 0x00, 0x08, 0xFF, 0xFF, 0xFF, 0xFF,
  0xFB, 0x00, 0x00, 0x00, 0x00, 0x00, 0x00, 0x00, 0x00, 0xCF, 0xFF, 0xFF, 0xFF, 0xFF, 0xE1, 0x00,
  0x00, 0x00, 0x00, 0x00, 0x00, 0x00, 0x2F, 0xFF, 0xFF, 0xFF, 0xFF, 0xFF, 0x50, 0x00, 0x00, 0x00,
  0x00, 0x00, 0x00, 0x06, 0xFF, 0xFF, 0xFF, 0xFF, 0xFF, 0xF8, 0x00, 0x00, 0x00, 0x00, 0x00, 0x00,
  0x00, 0x9F, 0xFF, 0xFE, 0x7F, 0xFF, 0xFF, 0xC0, 0x00, 0x00, 0x00, 0x00, 0x00, 0x00, 0x0D, 0xFF,
  0xFF, 0xC1, 0xEF, 0xFF, 0xFF, 0x20, 0x00, 0x00, 0x00, 0x00, 0x00, 0x03, 0xFF, 0xFF, 0xF9, 0x0B,
  0xFF, 0xFF, 0xF6, 0x00, 0x00, 0x00, 0x00, 0x00, 0x00, 0x7F, 0xFF, 0xFF, 0x60, 0x8F, 0xFF, 0xFF,
  0xA0, 0x00, 0x00, 0x00, 0x00, 0x00, 0x0B, 0xFF, 0xFF, 0xF2, 0x04, 0xFF, 0xFF, 0xFD, 0x10, 0x00,
  0x00, 0x00, 0x00, 0x01, 0xEF, 0xFF, 0xFC, 0x00, 0x1E, 0xFF, 0xFF, 0xF3, 0x00, 0x00, 0x00, 0x00,
  0x00, 0x4F, 0xFF, 0xFF, 0x80, 0x00, 0xAF, 0xFF, 0xFF, 0x70, 0x00, 0x00, 0x00, 0x00, 0x08, 0xFF,
  0xFF, 0xF5, 0x00, 0x07, 0xFF, 0xFF, 0xFB, 0x00, 0x00, 0x00, 0x00, 0x00, 0xCF, 0xFF, 0xFE, 0x20,
  0x00, 0x3F, 0xFF, 0xFF, 0xE1, 0x00, 0x00, 0x00, 0x00, 0x2F, 0xFF, 0xFF, 0xB0, 0x00, 0x00, 0xDF,
  0xFF, 0xFF, 0x50, 0x00, 0x00, 0x00, 0x06, 0xFF, 0xFF, 0xF8, 0x11, 0x11, 0x1A, 0xFF, 0xFF, 0xF8,
  0x00, 0x00, 0x00, 0x00, 0x9F, 0xFF, 0xFF, 0xEE, 0xEE, 0xEE, 0xFF, 0xFF, 0xFF, 0xC0, 0x00, 0x00,
  0x00, 0x0D, 0xFF, 0xFF, 0xFF, 0xFF, 0xFF, 0xFF, 0xFF, 0xFF, 0xFF, 0x20, 0x00, 0x00, 0x03, 0xFF,
  0xFF, 0xFF, 0xFF, 0xFF, 0xFF, 0xFF, 0xFF, 0xFF, 0xF6, 0x00, 0x00, 0x00, 0x7F, 0xFF, 0xFF, 0xFF,
  0xFF, 0xFF, 0xFF, 0xFF, 0xFF, 0xFF, 0xA0, 0x00, 0x00, 0x0B, 0xFF, 0xFF, 0xFF, 0xEE, 0xEE, 0xEE,
  0xEF, 0xFF, 0xFF, 0xFD, 0x10, 0x00, 0x01, 0xEF, 0xFF, 0xFF, 0x51, 0x11, 0x11, 0x11, 0x7F, 0xFF,
  0xFF, 0xF4, 0x00, 0x00, 0x5F, 0xFF, 0xFF, 0xE1, 0x00, 0x00, 0x00, 0x03, 0xFF, 0xFF, 0xFF, 0x70,
  0x00, 0x08, 0xFF, 0xFF, 0xFB, 0x00, 0x00, 0x00, 0x00, 0x0D, 0xFF, 0xFF, 0xFB, 0x00, 0x00, 0xCF,
  0xFF, 0xFF, 0x70, 0x00, 0x00, 0x00, 0x00, 0xAF, 0xFF, 0xFF, 0xE1, 0x00, 0x2F, 0xFF, 0xFF, 0xF4,
  0x00, 0x00, 0x00, 0x00, 0x06, 0xFF, 0xFF, 0xFF, 0x50, 0x06, 0xFF, 0xFF, 0xFE, 0x10, 0x00, 0x00,
  0x00, 0x00, 0x2F, 0xFF, 0xFF, 0xF9, 0x00, 0x9E, 0xEE, 0xEE, 0xA0, 0x00, 0x00, 0x00, 0x00, 0x00,
  0xCE, 0xEE, 0xEE, 0xB0, 0x01, 0x11, 0x11, 0x10, 0x00, 0x00, 0x00, 0x00, 0x00, 0x00, 0x11, 0x11,
  0x11, 0x00, 0x00, 0x00, 0x00, 0x00, 0x00, 0x00, 0x00, 0x00, 0x00, 0x00, 0x00, 0x00, 0x00, 0x00,
  0x00, 0x08, 0x88, 0x88, 0x88, 0x88, 0x88, 0x76, 0x30, 0x00, 0x00, 0x00, 0x00, 0x00, 0x01, 0xFF,
  0xFF, 0xFF, 0xFF, 0xFF, 0xFF, 0xFF, 0xC5, 0x00, 0x00, 0x00, 0x00, 0x00, 0x1E, 0xFF, 0xFF, 0xFF,
  0xFF, 0xFF, 0xFF, 0xFF, 0xF9, 0x00, 0x00, 0x00, 0x00, 0x01, 0xEF, 0xFF, 0xFF, 0xFF, 0xFF, 0xFF,
  0xFF, 0xFF, 0xF8, 0x00, 0x00, 0x00, 0x00, 0x1E, 0xFF, 0xFF, 0xFF, 0xFF, 0xFF, 0xFF, 0xFF, 0xFF,
  0xF3, 0x00, 0x00, 0x00, 0x01, 0xEF, 0xFF, 0xFF, 0x82, 0x22, 0x5B, 0xFF, 0xFF, 0xFF, 0x80, 0x00,
  0x00, 0x00, 0x1E, 0xFF, 0xFF, 0xF6, 0x00, 0x00, 0x0C, 0xFF, 0xFF, 0xFC, 0x00, 0x00, 0x00, 0x01,
  0xEF, 0xFF, 0xFF, 0x70, 0x00, 0x00, 0x8F, 0xFF, 0xFF, 0xE1, 0x00, 0x00, 0x00, 0x1E, 0xFF, 0xFF,
  0xF7, 0x00, 0x00, 0x07, 0xFF, 0xFF, 0xFE, 0x10, 0x00, 0x00, 0x01, 0xEF, 0xFF, 0xFF, 0x70, 0x00,
  0x00, 0x7F, 0xFF, 0xFF, 0xD0, 0x00, 0x00, 0x00, 0x1E, 0xFF, 0xFF, 0xF7, 0x00, 0x00, 0x07, 0xFF,
  0xFF, 0xFB, 0x00, 0x00, 0x00, 0x01, 0xEF, 0xFF, 0xFF, 0x70, 0x00, 0x00, 0xBF, 0xFF, 0xFF, 0x60,
  0x00, 0x00, 0x00, 0x1E, 0xFF, 0xFF, 0xF6, 0x00, 0x02, 0x7F, 0xFF, 0xFF, 0xB0, 0x00, 0x00, 0x00,
  0x01, 0xEF, 0xFF, 0xFF, 0xDC, 0xCC, 0xEF, 0xFF, 0xFF, 0xA1, 0x00, 0x00, 0x00, 0x00, 0x1E, 0xFF,
  0xFF, 0xFF, 0xFF, 0xFF, 0xFF, 0xFB, 0x30, 0x00, 0x00, 0x00, 0x00, 0x01, 0xEF, 0xFF, 0xFF, 0xFF,
  0xFF, 0xFF, 0xFF, 0xD9, 0x30, 0x00, 0x00, 0x00, 0x00, 0x1E, 0xFF, 0xFF, 0xFF, 0xFF, 0xFF, 0xFF,
  0xFF, 0xFF, 0x80, 0x00, 0x00, 0x00, 0x01, 0xEF, 0xFF, 0xFF, 0x94, 0x44, 0x58, 0xEF, 0xFF, 0xFF,
  0x90, 0x00, 0x00, 0x00, 0x1E, 0xFF, 0xFF, 0xF6, 0x00, 0x00, 0x02, 0xDF, 0xFF, 0xFF, 0x40, 0x00,
  0x00, 0x01, 0xEF, 0xFF, 0xFF, 0x70, 0x00, 0x00, 0x08, 0xFF, 0xFF, 0xFA, 0x00, 0x00, 0x00, 0x1E,
  0xFF, 0xFF, 0xF7, 0x00, 0x00, 0x00, 0x7F, 0xFF, 0xFF, 0xD0, 0x00, 0x00, 0x01, 0xEF, 0xFF, 0xFF,
  0x70, 0x00, 0x00, 0x07, 0xFF, 0xFF, 0xFE, 0x10, 0x00, 0x00, 0x1E, 0xFF, 0xFF, 0xF7, 0x00, 0x00,
  0x00, 0x7F, 0xFF, 0xFF, 0xE1, 0x00, 0x00, 0x01, 0xEF, 0xFF, 0xFF, 0x70, 0x00, 0x00, 0x0A, 0xFF,
  0xFF, 0xFD, 0x00, 0x00, 0x00, 0x1E, 0xFF, 0xFF, 0xF6, 0x00, 0x00, 0x16, 0xFF, 0xFF, 0xFF, 0xA0,
  0x00, 0x00, 0x01, 0xEF, 0xFF, 0xFF, 0xCA, 0xAA, 0xBD, 0xFF, 0xFF, 0xFF, 0xF5, 0x00, 0x00, 0x00,
  0x1E, 0xFF, 0xFF, 0xFF, 0xFF, 0xFF, 0xFF, 0xFF, 0xFF, 0xFB, 0x00, 0x00, 0x00, 0x01, 0xEF, 0xFF,
  0xFF, 0xFF, 0xFF, 0xFF, 0xFF, 0xFF, 0xFD, 0x20, 0x00, 0x00, 0x00, 0x1E, 0xFF, 0xFF, 0xFF, 0xFF,
  0xFF, 0xFF, 0xFF, 0xFA, 0x20, 0x00, 0x00, 0x00, 0x01, 0xDE, 0xEE, 0xEE, 0xEE, 0xEE, 0xEE, 0xDB,
  0x83, 0x00, 0x00, 0x00, 0x00, 0x00, 0x01, 0x11, 0x11, 0x11, 0x11, 0x11, 0x10, 0x00, 0x00, 0x00,
  0x00, 0x00, 0x00, 0x00, 0x00, 0x00, 0x00, 0x00, 0x11, 0x10, 0x00, 0x00, 0x00, 0x00, 0x00, 0x00,
  0x00, 0x00, 0x00, 0x00, 0x48, 0xBD, 0xEE, 0xDB, 0x72, 0x00, 0x00, 0x00, 0x00, 0x00, 0x00, 0x00,
  0x04, 0xCF, 0xFF, 0xFF, 0xFF, 0xFF, 0xF9, 0x10, 0x00, 0x00, 0x00, 0x00, 0x00, 0x07, 0xFF, 0xFF,
  0xFF, 0xFF, 0xFF, 0xFF, 0xFD, 0x20, 0x00, 0x00, 0x00, 0x00, 0x05, 0xFF, 0xFF, 0xFF, 0xFF, 0xFF,
  0xFF, 0xFF, 0xFD, 0x10, 0x00, 0x00, 0x00, 0x02, 0xEF, 0xFF, 0xFF, 0xFF, 0xEF, 0xFF, 0xFF, 0xFF,
  0xF9, 0x00, 0x00, 0x00, 0x00, 0x9F, 0xFF, 0xFF, 0xF8, 0x31, 0x26, 0xEF, 0xFF, 0xFF, 0xF3, 0x00,
  0x00, 0x00, 0x2E, 0xFF, 0xFF, 0xF6, 0x00, 0x00, 0x03, 0xEF, 0xFF, 0xFF, 0x80, 0x00, 0x00, 0x07,
  0xFF, 0xFF, 0xFB, 0x00, 0x00, 0x00, 0x08, 0xFF, 0xFF, 0xFE, 0x00, 0x00, 0x00, 0xBF, 0xFF, 0xFF,
  0x60, 0x00, 0x00, 0x00, 0x2F, 0xFF, 0xEB, 0x71, 0x00, 0x00, 0x1E, 0xFF, 0xFF, 0xF3, 0x00, 0x00,
  0x00, 0x00, 0x87, 0x41, 0x00, 0x00, 0x00, 0x03, 0xFF, 0xFF, 0xFE, 0x10, 0x00, 0x00, 0x00, 0x00,
  0x00, 0x00, 0x00, 0x00, 0x00, 0x5F, 0xFF, 0xFF, 0xE1, 0x00, 0x00, 0x00, 0x00, 0x00, 0x00, 0x00,
  0x00, 0x00, 0x06, 0xFF, 0xFF, 0xFD, 0x10, 0x00, 0x00, 0x00, 0x00, 0x00, 0x00, 0x00, 0x00, 0x00,
  0x7F, 0xFF, 0xFF, 0xD1, 0x00, 0x00, 0x00, 0x00, 0x00, 0x00, 0x00, 0x00, 0x00, 0x07, 0xFF, 0xFF,
  0xFD, 0x10, 0x00, 0x00, 0x00, 0x00, 0x00, 0x00, 0x00, 0x00, 0x00, 0x7F, 0xFF, 0xFF, 0xD1, 0x00,
  0x00, 0x00, 0x00, 0x00, 0x00, 0x00, 0x00, 0x00, 0x07, 0xFF, 0xFF, 0xFD, 0x10, 0x00, 0x00, 0x00,
  0x00, 0x00, 0x00, 0x00, 0x00, 0x00, 0x6F, 0xFF, 0xFF, 0xD1, 0x00, 0x00, 0x00, 0x00, 0x00, 0x00,
  0x00, 0x00, 0x00, 0x05, 0xFF, 0xFF, 0xFE, 0x10, 0x00, 0x00, 0x00, 0x00, 0x00, 0x00, 0x00, 0x00,
  0x00, 0x3F, 0xFF, 0xFF, 0xE1, 0x00, 0x00, 0x00, 0x00, 0x00, 0x00, 0x00, 0x00, 0x00, 0x01, 0xEF,
  0xFF, 0xFF, 0x30, 0x00, 0x00, 0x00, 0x08, 0x73, 0x10, 0x00, 0x00, 0x00, 0x0B, 0xFF, 0xFF, 0xF6,
  0x00, 0x00, 0x00, 0x02, 0xFF, 0xFE, 0xA7, 0x10, 0x00, 0x00, 0x7F, 0xFF, 0xFF, 0xB0, 0x00, 0x00,
  0x00, 0x8F, 0xFF, 0xFF, 0xE0, 0x00, 0x00, 0x02, 0xFF, 0xFF, 0xFF, 0x60, 0x00, 0x00, 0x3E, 0xFF,
  0xFF, 0xF8, 0x00, 0x00, 0x00, 0x09, 0xFF, 0xFF, 0xFF, 0x83, 0x12, 0x6D, 0xFF, 0xFF, 0xFF, 0x30,
  0x00, 0x00, 0x00, 0x2E, 0xFF, 0xFF, 0xFF, 0xFE, 0xEF, 0xFF, 0xFF, 0xFF, 0x90, 0x00, 0x00, 0x00,
  0x00, 0x6F, 0xFF, 0xFF, 0xFF, 0xFF, 0xFF, 0xFF, 0xFF, 0xD1, 0x00, 0x00, 0x00, 0x00, 0x00, 0x7F,
  0xFF, 0xFF, 0xFF, 0xFF, 0xFF, 0xFF, 0xD2, 0x00, 0x00, 0x00, 0x00, 0x00, 0x00, 0x4C, 0xFF, 0xFF,
  0xFF, 0xFF, 0xFF, 0xA2, 0x00, 0x00, 0x00, 0x00, 0x00, 0x00, 0x00, 0x04, 0x9B, 0xDE, 0xED, 0xB8,
  0x30, 0x00, 0x00, 0x00, 0x00, 0x00, 0x00, 0x00, 0x00, 0x00, 0x01, 0x11, 0x00, 0x00, 0x00, 0x00,
  0x00, 0x00, 0x00, 0x00, 0x11, 0x11, 0x11, 0x11, 0x11, 0x00, 0x00, 0x00, 0x00, 0x00, 0x00, 0x00,
  0x00, 0x7E, 0xEE, 0xEE, 0xEE, 0xEE, 0xED, 0xB8, 0x40, 0x00, 0x00, 0x00, 0x00, 0x00, 0x08, 0xFF,
  0xFF, 0xFF, 0xFF, 0xFF, 0xFF, 0xFF, 0xC4, 0x00, 0x00, 0x00, 0x00, 0x00, 0x7F, 0xFF, 0xFF, 0xFF,
  0xFF, 0xFF, 0xFF, 0xFF, 0xF7, 0x00, 0x00, 0x00, 0x00, 0x07, 0xFF, 0xFF, 0xFF, 0xFF, 0xFF, 0xFF,
  0xFF, 0xFF, 0xF7, 0x00, 0x00, 0x00, 0x00, 0x7F, 0xFF, 0xFF, 0xFE, 0xEE, 0xEF, 0xFF, 0xFF, 0xFF,
  0xF3, 0x00, 0x00, 0x00, 0x07, 0xFF, 0xFF, 0xFD, 0x11, 0x12, 0x4A, 0xFF, 0xFF, 0xFF, 0xB0, 0x00,
  0x00, 0x00, 0x7F, 0xFF, 0xFF, 0xD0, 0x00, 0x00, 0x07, 0xFF, 0xFF, 0xFF, 0x30, 0x00, 0x00, 0x07,
  0xFF, 0xFF, 0xFD, 0x10, 0x00, 0x00, 0x0C, 0xFF, 0xFF, 0xF8, 0x00, 0x00, 0x00, 0x7F, 0xFF, 0xFF,
  0xD1, 0x00, 0x00, 0x00, 0x6F, 0xFF, 0xFF, 0xC0, 0x00, 0x00, 0x07, 0xFF, 0xFF, 0xFD, 0x10, 0x00,
  0x00, 0x03, 0xFF, 0xFF, 0xFE, 0x20, 0x00, 0x00, 0x7F, 0xFF, 0xFF, 0xD1, 0x00, 0x00, 0x00, 0x1E,
  0xFF, 0xFF, 0xF4, 0x00, 0x00, 0x07, 0xFF, 0xFF, 0xFD, 0x10, 0x00, 0x00, 0x01, 0xEF, 0xFF, 0xFF,
  0x50, 0x00, 0x00, 0x7F, 0xFF, 0xFF, 0xD1, 0x00, 0x00, 0x00, 0x1D, 0xFF, 0xFF, 0xF7, 0x00, 0x00,
  0x07, 0xFF, 0xFF, 0xFD, 0x10, 0x00, 0x00, 0x01, 0xDF, 0xFF, 0xFF, 0x70, 0x00, 0x00, 0x7F, 0xFF,
  0xFF, 0xD1, 0x00, 0x00, 0x00, 0x1D, 0xFF, 0xFF, 0xF7, 0x00, 0x00, 0x07, 0xFF, 0xFF, 0xFD, 0x10,
  0x00, 0x00, 0x01, 0xDF, 0xFF, 0xFF, 0x70, 0x00, 0x00, 0x7F, 0xFF, 0xFF, 0xD1, 0x00, 0x00, 0x00,
  0x1D, 0xFF, 0xFF, 0xF7, 0x00, 0x00, 0x07, 0xFF, 0xFF, 0xFD, 0x10, 0x00, 0x00, 0x01, 0xEF, 0xFF,
  0xFF, 0x50, 0x00, 0x00, 0x7F, 0xFF, 0xFF, 0xD1, 0x00, 0x00, 0x00, 0x1E, 0xFF, 0xFF, 0xF4, 0x00,
  0x00, 0x07, 0xFF, 0xFF, 0xFD, 0x10, 0x00, 0x00, 0x03, 0xFF, 0xFF, 0xFE, 0x20, 0x00, 0x00, 0x7F,
  0xFF, 0xFF, 0xD1, 0x00, 0x00, 0x00, 0x6F, 0xFF, 0xFF, 0xC0, 0x00, 0x00, 0x07, 0xFF, 0xFF, 0xFD,
  0x10, 0x00, 0x00, 0x0C, 0xFF, 0xFF, 0xF8, 0x00, 0x00, 0x00, 0x7F, 0xFF, 0xFF, 0xD0, 0x00, 0x00,
  0x07, 0xFF, 0xFF, 0xFF, 0x30, 0x00, 0x00, 0x07, 0xFF, 0xFF, 0xFD, 0x11, 0x12, 0x4A, 0xFF, 0xFF,
  0xFF, 0xB0, 0x00, 0x00, 0x00, 0x7F, 0xFF, 0xFF, 0xFE, 0xEE, 0xEF, 0xFF, 0xFF, 0xFF, 0xF3, 0x00,
  0x00, 0x00, 0x07, 0xFF, 0xFF, 0xFF, 0xFF, 0xFF, 0xFF, 0xFF, 0xFF, 0xF7, 0x00, 0x00, 0x00, 0x00,
  0x7F, 0xFF, 0xFF, 0xFF, 0xFF, 0xFF, 0xFF, 0xFF, 0xF7, 0x00, 0x00, 0x00, 0x00, 0x08, 0xFF, 0xFF,
  0xFF, 0xFF, 0xFF, 0xFF, 0xFF, 0xC4, 0x00, 0x00, 0x00, 0x00, 0x00, 0x7E, 0xEE, 0xEE, 0xEE, 0xEE,
  0xED, 0xB8, 0x40, 0x00, 0x00, 0x00, 0x00, 0x00, 0x00, 0x11, 0x11, 0x11, 0x11, 0x11, 0x10, 0x00,
  0x00, 0x00, 0x00, 0x00, 0x00, 0x00, 0x00, 0x01, 0x11, 0x11, 0x11, 0x11, 0x11, 0x11, 0x11, 0x11,
  0x10, 0x00, 0x00, 0x00, 0x07, 0xEE, 0xEE, 0xEE, 0xEE, 0xEE, 0xEE, 0xEE, 0xEE, 0xEE, 0x40, 0x00,
  0x00, 0x00, 0x8F, 0xFF, 0xFF, 0xFF, 0xFF, 0xFF, 0xFF, 0xFF, 0xFF, 0xF4, 0x00, 0x00, 0x00, 0x07,
  0xFF, 0xFF, 0xFF, 0xFF, 0xFF, 0xFF, 0xFF, 0xFF, 0xFF, 0x40, 0x00, 0x00, 0x00, 0x7F, 0xFF, 0xFF,
  0xFF, 0xFF, 0xFF, 0xFF, 0xFF, 0xFF, 0xF4, 0x00, 0x00, 0x00, 0x07, 0xFF, 0xFF, 0xFF, 0xEE, 0xEE,
  0xEE, 0xEE, 0xEE, 0xEE, 0x40, 0x00, 0x00, 0x00, 0x7F, 0xFF, 0xFF, 0xD1, 0x11, 0x11, 0x11, 0x11,
  0x11, 0x10, 0x00, 0x00, 0x00, 0x07, 0xFF, 0xFF, 0xFD, 0x00, 0x00, 0x00, 0x00, 0x00, 0x00, 0x00,
  0x00, 0x00, 0x00, 0x7F, 0xFF, 0xFF, 0xD1, 0x00, 0x00, 0x00, 0x00, 0x00, 0x00, 0x00, 0x00, 0x00,
  0x07, 0xFF, 0xFF, 0xFD, 0x10, 0x00, 0x00, 0x00, 0x00, 0x00, 0x00, 0x00, 0x00, 0x00, 0x7F, 0xFF,
  0xFF, 0xD1, 0x00, 0x00, 0x00, 0x00, 0x00, 0x00, 0x00, 0x00, 0x00, 0x07, 0xFF, 0xFF, 0xFD, 0x00,
  0x00, 0x00, 0x00, 0x00, 0x00, 0x00, 0x00, 0x00, 0x00, 0x7F, 0xFF, 0xFF, 0xD1, 0x11, 0x11, 0x11,
  0x11, 0x11, 0x10, 0x00, 0x00, 0x00, 0x07, 0xFF, 0xFF, 0xFF, 0xEE, 0xEE, 0xEE, 0xEE, 0xEE, 0xEA,
  0x00, 0x00, 0x00, 0x00, 0x7F, 0xFF, 0xFF, 0xFF, 0xFF, 0xFF, 0xFF, 0xFF, 0xFF, 0xB0, 0x00, 0x00,
  0x00, 0x07, 0xFF, 0xFF, 0xFF, 0xFF, 0xFF, 0xFF, 0xFF, 0xFF, 0xFB, 0x00, 0x00, 0x00, 0x00, 0x7F,
  0xFF, 0xFF, 0xFF, 0xFF, 0xFF, 0xFF, 0xFF, 0xFF, 0xB0, 0x00, 0x00, 0x00, 0x07, 0xFF, 0xFF, 0xFF,
  0xEE, 0xEE, 0xEE, 0xEE, 0xEE, 0xEA, 0x00, 0x00, 0x00, 0x00, 0x7F, 0xFF, 0xFF, 0xD1, 0x11, 0x11,
  0x11, 0x11, 0x11, 0x10, 0x00, 0x00, 0x00, 0x07, 0xFF, 0xFF, 0xFD, 0x00, 0x00, 0x00, 0x00, 0x00,
  0x00, 0x00, 0x00, 0x00, 0x00, 0x7F, 0xFF, 0xFF, 0xD1, 0x00, 0x00, 0x00, 0x00, 0x00, 0x00, 0x00,
  0x00, 0x00, 0x07, 0xFF, 0xFF, 0xFD, 0x10, 0x00, 0x00, 0x00, 0x00, 0x00, 0x00, 0x00, 0x00, 0x00,
  0x7F, 0xFF, 0xFF, 0xD1, 0x00, 0x00, 0x00, 0x00, 0x00, 0x00, 0x00, 0x00, 0x00, 0x07, 0xFF, 0xFF,
  0xFD, 0x00, 0x00, 0x00, 0x00, 0x00, 0x00, 0x00, 0x00, 0x00, 0x00, 0x7F, 0xFF, 0xFF, 0xD1, 0x11,
  0x11, 0x11, 0x11, 0x11, 0x10, 0x00, 0x00, 0x00, 0x07, 0xFF, 0xFF, 0xFF, 0xEE, 0xEE, 0xEE, 0xEE,
  0xEE, 0xEE, 0x40, 0x00, 0x00, 0x00, 0x7F, 0xFF, 0xFF, 0xFF, 0xFF, 0xFF, 0xFF, 0xFF, 0xFF, 0xF4,
  0x00, 0x00, 0x00, 0x07, 0xFF, 0xFF, 0xFF, 0xFF, 0xFF, 0xFF, 0xFF, 0xFF, 0xFF, 0x40, 0x00, 0x00,
  0x00, 0x8F, 0xFF, 0xFF, 0xFF, 0xFF, 0xFF, 0xFF, 0xFF, 0xFF, 0xF4, 0x00, 0x00, 0x00, 0x07, 0xEE,
  0xEE, 0xEE, 0xEE, 0xEE, 0xEE, 0xEE, 0xEE, 0xEE, 0x40, 0x00, 0x00, 0x00, 0x01, 0x11, 0x11, 0x11,
  0x11, 0x11, 0x11, 0x11, 0x11, 0x10, 0x00, 0x00, 0x00, 0x00, 0x01, 0x11, 0x11, 0x11, 0x11, 0x11,
  0x11, 0x11, 0x11, 0x11, 0x00, 0x00, 0x00, 0x07, 0xEE, 0xEE, 0xEE, 0xEE, 0xEE, 0xEE, 0xEE, 0xEE,
  0xEE, 0xD1, 0x00, 0x00, 0x00, 0x8F, 0xFF, 0xFF, 0xFF, 0xFF, 0xFF, 0xFF, 0xFF, 0xFF, 0xFE, 0x10,
  0x00, 0x00, 0x07, 0xFF, 0xFF, 0xFF, 0xFF, 0xFF, 0xFF, 0xFF, 0xFF, 0xFF, 0xE1, 0x00, 0x00, 0x00,
  0x7F, 0xFF, 0xFF, 0xFF, 0xFF, 0xFF, 0xFF, 0xFF, 0xFF, 0xFE, 0x10, 0x00, 0x00, 0x07, 0xFF, 0xFF,
  0xFF, 0xFF, 0xFF, 0xFF, 0xFF, 0xFF, 0xFF, 0xE1, 0x00, 0x00, 0x00, 0x7F, 0xFF, 0xFF, 0xD2, 0x22,
  0x22, 0x22, 0x22, 0x22, 0x22, 0x00, 0x00, 0x00, 0x07, 0xFF, 0xFF, 0xFD, 0x00, 0x00, 0x00, 0x00,
  0x00, 0x00, 0x00, 0x00, 0x00, 0x00, 0x7F, 0xFF, 0xFF, 0xD1, 0x00, 0x00, 0x00, 0x00, 0x00, 0x00,
  0x00, 0x00, 0x00, 0x07, 0xFF, 0xFF, 0xFD, 0x10, 0x00, 0x00, 0x00, 0x00, 0x00, 0x00, 0x00, 0x00,
  0x00, 0x7F, 0xFF, 0xFF, 0xD1, 0x00, 0x00, 0x00, 0x00, 0x00, 0x00, 0x00, 0x00, 0x00, 0x07, 0xFF,
  0xFF, 0xFD, 0x10, 0x00, 0x00, 0x00, 0x00, 0x00, 0x00, 0x00, 0x00, 0x00, 0x7F, 0xFF, 0xFF, 0xD0,
  0x00, 0x00, 0x00, 0x00, 0x00, 0x00, 0x00, 0x00, 0x00, 0x07, 0xFF, 0xFF, 0xFF, 0xCC, 0xCC, 0xCC,
  0xCC, 0xCC, 0xC6, 0x00, 0x00, 0x00, 0x00, 0x7F, 0xFF, 0xFF, 0xFF, 0xFF, 0xFF, 0xFF, 0xFF, 0xFF,
  0x80, 0x00, 0x00, 0x00, 0x07, 0xFF, 0xFF, 0xFF, 0xFF, 0xFF, 0xFF, 0xFF, 0xFF, 0xF7, 0x00, 0x00,
  0x00, 0x00, 0x7F, 0xFF, 0xFF, 0xFF, 0xFF, 0xFF, 0xFF, 0xFF, 0xEF, 0x70, 0x00, 0x00, 0x00, 0x07,
  0xFF, 0xFF, 0xFF, 0xFF, 0xFF, 0xFF, 0xFF, 0xFF, 0xF8, 0x00, 0x00, 0x00, 0x00, 0x7F, 0xFF, 0xFF,
  0xE5, 0x44, 0x44, 0x44, 0x44, 0x44, 0x20, 0x00, 0x00, 0x00, 0x07, 0xFF, 0xFF, 0xFD, 0x00, 0x00,
  0x00, 0x00, 0x00, 0x00, 0x00, 0x00, 0x00, 0x00, 0x7F, 0xFF, 0xFF, 0xD1, 0x00, 0x00, 0x00, 0x00,
  0x00, 0x00, 0x00, 0x00, 0x00, 0x07, 0xFF, 0xFF, 0xFD, 0x10, 0x00, 0x00, 0x00, 0x00, 0x00, 0x00,
  0x00, 0x00, 0x00, 0x7F, 0xFF, 0xFF, 0xD1, 0x00, 0x00, 0x00, 0x00, 0x00, 0x00, 0x00, 0x00, 0x00,
  0x07, 0xFF, 0xFF, 0xFD, 0x10, 0x00, 0x00, 0x00, 0x00, 0x00, 0x00, 0x00, 0x00, 0x00, 0x7F, 0xFF,
  0xFF, 0xD1, 0x00, 0x00, 0x00, 0x00, 0x00, 0x00, 0x00, 0x00, 0x00, 0x07, 0xFF, 0xFF, 0xFD, 0x10,
  0x00, 0x00, 0x00, 0x00, 0x00, 0x00, 0x00, 0x00, 0x00, 0x7F, 0xFF, 0xFF, 0xD1, 0x00, 0x00, 0x00,
  0x00, 0x00, 0x00, 0x00, 0x00, 0x00, 0x07, 0xFF, 0xFF, 0xFD, 0x10, 0x00, 0x00, 0x00, 0x00, 0x00,
  0x00, 0x00, 0x00, 0x00, 0x7F, 0xFF, 0xFF, 0xD1, 0x00, 0x00, 0x00, 0x00, 0x00, 0x00, 0x00, 0x00,
  0x00, 0x08, 0xFF, 0xFF, 0xFE, 0x10, 0x00, 0x00, 0x00, 0x00, 0x00, 0x00, 0x00, 0x00, 0x00, 0x5B,
  0xAA, 0xAB, 0x90, 0x00, 0x00, 0x00, 0x00, 0x00, 0x00, 0x00, 0x00, 0x00, 0x00, 0x00, 0x00, 0x00,
  0x00, 0x00, 0x00, 0x00, 0x00, 0x00, 0x00, 0x00, 0x00, 0x00, 0x00, 0x00, 0x00, 0x00, 0x11, 0x10,
  0x00, 0x00, 0x00, 0x00, 0x00, 0x00, 0x00, 0x00, 0x00, 0x00, 0x59, 0xCD, 0xEE, 0xDA, 0x72, 0x00,
  0x00, 0x00, 0x00, 0x00, 0x00, 0x00, 0x05, 0xCF, 0xFF, 0xFF, 0xFF, 0xFF, 0xE8, 0x00, 0x00, 0x00,
  0x00, 0x00, 0x00, 0x07, 0xFF, 0xFF, 0xFF, 0xFF, 0xFF, 0xFF, 0xFB, 0x10, 0x00, 0x00, 0x00, 0x00,
  0x06, 0xFF, 0xFF, 0xFF, 0xFF, 0xFF, 0xFF, 0xFF, 0xFB, 0x00, 0x00, 0x00, 0x00, 0x02, 0xEF, 0xFF,
  0xFF, 0xFF, 0xEF, 0xFF, 0xFF, 0xFF, 0xF7, 0x00, 0x00, 0x00, 0x00, 0xAF, 0xFF, 0xFF, 0xE7, 0x21,
  0x27, 0xEF, 0xFF, 0xFF, 0xE1, 0x00, 0x00, 0x00, 0x2F, 0xFF, 0xFF, 0xF5, 0x00, 0x00, 0x04, 0xFF,
  0xFF, 0xFF, 0x60, 0x00, 0x00, 0x07, 0xFF, 0xFF, 0xFB, 0x00, 0x00, 0x00, 0x09, 0xFF, 0xFF, 0xFC,
  0x00, 0x00, 0x00, 0xBF, 0xFF, 0xFF, 0x60, 0x00, 0x00, 0x00, 0x3F, 0xFF, 0xDA, 0x60, 0x00, 0x00,
  0x1E, 0xFF, 0xFF, 0xF3, 0x00, 0x00, 0x00, 0x00, 0x86, 0x30, 0x00, 0x00, 0x00, 0x03, 0xFF, 0xFF,
  0xFE, 0x10, 0x00, 0x00, 0x00, 0x00, 0x00, 0x00, 0x00, 0x00, 0x00, 0x5F, 0xFF, 0xFF, 0xE1, 0x00,
  0x00, 0x00, 0x00, 0x00, 0x00, 0x00, 0x00, 0x00, 0x06, 0xFF, 0xFF, 0xFD, 0x10, 0x00, 0x00, 0x00,
  0x00, 0x00, 0x00, 0x00, 0x00, 0x00, 0x7F, 0xFF, 0xFF, 0xD1, 0x00, 0x01, 0x22, 0x22, 0x22, 0x22,
  0x22, 0x00, 0x00, 0x07, 0xFF, 0xFF, 0xFD, 0x10, 0x00, 0xBF, 0xEF, 0xFF, 0xFF, 0xEF, 0xE1, 0x00,
  0x00, 0x7F, 0xFF, 0xFF, 0xD1, 0x00, 0x0B, 0xFF, 0xFF, 0xFF, 0xFF, 0xFE, 0x10, 0x00, 0x07, 0xFF,
  0xFF, 0xFD, 0x10, 0x00, 0xBF, 0xFF, 0xFF, 0xFF, 0xFF, 0xE1, 0x00, 0x00, 0x7F, 0xFF, 0xFF, 0xD1,
  0x00, 0x0C, 0xFF, 0xFF, 0xFF, 0xFF, 0xFE, 0x10, 0x00, 0x06, 0xFF, 0xFF, 0xFE, 0x10, 0x00, 0x57,
  0x78, 0x7B, 0xFF, 0xFF, 0xE1, 0x00, 0x00, 0x4F, 0xFF, 0xFF, 0xF2, 0x00, 0x00, 0x00, 0x00, 0x7F,
  0xFF, 0xFE, 0x10, 0x00, 0x02, 0xFF, 0xFF, 0xFF, 0x40, 0x00, 0x00, 0x01, 0x08, 0xFF, 0xFF, 0xE1,
  0x00, 0x00, 0x0D, 0xFF, 0xFF, 0xF8, 0x00, 0x00, 0x00, 0x00, 0x9F, 0xFF, 0xFE, 0x10, 0x00, 0x00,
  0xAF, 0xFF, 0xFF, 0xD0, 0x00, 0x00, 0x00, 0x0C, 0xFF, 0xFF, 0xE1, 0x00, 0x00, 0x06, 0xFF, 0xFF,
  0xFF, 0x80, 0x00, 0x00, 0x07, 0xFF, 0xFF, 0xFE, 0x10, 0x00, 0x00, 0x1E, 0xFF, 0xFF, 0xFF, 0x94,
  0x11, 0x39, 0xFF, 0xFF, 0xFF, 0xE1, 0x00, 0x00, 0x00, 0x8F, 0xFF, 0xFF, 0xFF, 0xFE, 0xEF, 0xFE,
  0xBF, 0xFF, 0xFE, 0x10, 0x00, 0x00, 0x01, 0xDF, 0xFF, 0xFF, 0xFF, 0xFF, 0xFF, 0x76, 0xFF, 0xFF,
  0xE1, 0x00, 0x00, 0x00, 0x03, 0xEF, 0xFF, 0xFF, 0xFF, 0xFF, 0xC0, 0x7F, 0xEF, 0xFE, 0x10, 0x00,
  0x00, 0x00, 0x03, 0xDF, 0xFF, 0xFF, 0xFF, 0xC2, 0x08, 0xFF, 0xFF, 0xF1, 0x00, 0x00, 0x00, 0x00,
  0x01, 0x6B, 0xDE, 0xDA, 0x60, 0x00, 0x47, 0x77, 0x77, 0x00, 0x00, 0x00, 0x00, 0x00, 0x00, 0x01,
  0x11, 0x00, 0x00, 0x00, 0x00, 0x00, 0x00, 0x00, 0x00, 0x00, 0x11, 0x11, 0x11, 0x00, 0x00, 0x00,
  0x01, 0x11, 0x11, 0x10, 0x00, 0x00, 0x00, 0x7E, 0xEE, 0xEE, 0xC0, 0x00, 0x00, 0x00, 0xCE, 0xEE,
  0xEE, 0x70, 0x00, 0x00, 0x08, 0xFF, 0xFF, 0xFE, 0x10, 0x00, 0x00, 0x1E, 0xFF, 0xFF, 0xF8, 0x00,
  0x00, 0x00, 0x7F, 0xFF, 0xFF, 0xD1, 0x00, 0x00, 0x01, 0xDF, 0xFF, 0xFF, 0x70, 0x00, 0x00, 0x07,
  0xFF, 0xFF, 0xFD, 0x10, 0x00, 0x00, 0x1D, 0xFF, 0xFF, 0xF7, 0x00, 0x00, 0x00, 0x7F, 0xFF, 0xFF,
  0xD1, 0x00, 0x00, 0x01, 0xDF, 0xFF, 0xFF, 0x70, 0x00, 0x00, 0x07, 0xFF, 0xFF, 0xFD, 0x10, 0x00,
  0x00, 0x1D, 0xFF, 0xFF, 0xF7, 0x00, 0x00, 0x00, 0x7F, 0xFF, 0xFF, 0xD1, 0x00, 0x00, 0x01, 0xDF,
  0xFF, 0xFF, 0x70, 0x00, 0x00, 0x07, 0xFF, 0xFF, 0xFD, 0x10, 0x00, 0x00, 0x1D, 0xFF, 0xFF, 0xF7,
  0x00, 0x00, 0x00, 0x7F, 0xFF, 0xFF, 0xD1, 0x00, 0x00, 0x01, 0xDF, 0xFF, 0xFF, 0x70, 0x00, 0x00,
  0x07, 0xFF, 0xFF, 0xFD, 0x10, 0x00, 0x00, 0x1D, 0xFF, 0xFF, 0xF7, 0x00, 0x00, 0x00, 0x7F, 0xFF,
  0xFF, 0xD0, 0x00, 0x00, 0x00, 0xDF, 0xFF, 0xFF, 0x70, 0x00, 0x00, 0x07, 0xFF, 0xFF, 0xFD, 0x11,
  0x11, 0x11, 0x1D, 0xFF, 0xFF, 0xF7, 0x00, 0x00, 0x00, 0x7F, 0xFF, 0xFF, 0xFE, 0xEE, 0xEE, 0xEE,
  0xFF, 0xFF, 0xFF, 0x70, 0x00, 0x00, 0x07, 0xFF, 0xFF, 0xFF, 0xFF, 0xFF, 0xFF, 0xFF, 0xFF, 0xFF,
  0xF7, 0x00, 0x00, 0x00, 0x7F, 0xFF, 0xFF, 0xFF, 0xFF, 0xFF, 0xFF, 0xFF, 0xFF, 0xFF, 0x70, 0x00,
  0x00, 0x07, 0xFF, 0xFF, 0xFF, 0xFF, 0xFF, 0xFF, 0xFF, 0xFF, 0xFF, 0xF7, 0x00, 0x00, 0x00, 0x7F,
  0xFF, 0xFF, 0xFE, 0xEE, 0xEE, 0xEE, 0xFF, 0xFF, 0xFF, 0x70, 0x00, 0x00, 0x07, 0xFF, 0xFF, 0xFD,
  0x11, 0x11, 0x11, 0x1D, 0xFF, 0xFF, 0xF7, 0x00, 0x00, 0x00, 0x7F, 0xFF, 0xFF, 0xD0, 0x00, 0x00,
  0x00, 0xDF, 0xFF, 0xFF, 0x70, 0x00, 0x00, 0x07, 0xFF, 0xFF, 0xFD, 0x10, 0x00, 0x00, 0x1D, 0xFF,
  0xFF, 0xF7, 0x00, 0x00, 0x00, 0x7F, 0xFF, 0xFF, 0xD1, 0x00, 0x00, 0x01, 0xDF, 0xFF, 0xFF, 0x70,
  0x00, 0x00, 0x07, 0xFF, 0xFF, 0xFD, 0x10, 0x00, 0x00, 0x1D, 0xFF, 0xFF, 0xF7, 0x00, 0x00, 0x00,
  0x7F, 0xFF, 0xFF, 0xD1, 0x00, 0x00, 0x01, 0xDF, 0xFF, 0xFF, 0x70, 0x00, 0x00, 0x07, 0xFF, 0xFF,
  0xFD, 0x10, 0x00, 0x00, 0x1D, 0xFF, 0xFF, 0xF7, 0x00, 0x00, 0x00, 0x7F, 0xFF, 0xFF, 0xD1, 0x00,
  0x00, 0x01, 0xDF, 0xFF, 0xFF, 0x70, 0x00, 0x00, 0x07, 0xFF, 0xFF, 0xFD, 0x10, 0x00, 0x00, 0x1D,
  0xFF, 0xFF, 0xF7, 0x00, 0x00, 0x00, 0x7F, 0xFF, 0xFF, 0xD1, 0x00, 0x00, 0x01, 0xDF, 0xFF, 0xFF,
  0x70, 0x00, 0x00, 0x08, 0xFF, 0xFF, 0xFE, 0x10, 0x00, 0x00, 0x1E, 0xFF, 0xFF, 0xF8, 0x00, 0x00,
  0x00, 0x7E, 0xEE, 0xEE, 0xC0, 0x00, 0x00, 0x00, 0xCE, 0xEE, 0xEE, 0x70, 0x00, 0x00, 0x00, 0x11,
  0x11, 0x11, 0x00, 0x00, 0x00, 0x01, 0x11, 0x11, 0x10, 0x00, 0x00, 0x00, 0x00, 0x00, 0x00, 0x00,
  0x00, 0x00, 0x00, 0x00, 0x00, 0x00, 0x00, 0x00, 0x00, 0x00, 0x08, 0x88, 0x88, 0x88, 0x88, 0x88,
  0x88, 0x88, 0x88, 0x88, 0x00, 0x00, 0x00, 0x01, 0xFF, 0xFF, 0xFF, 0xFF, 0xFF, 0xFF, 0xFF, 0xFF,
  0xFF, 0xF1, 0x00, 0x00, 0x00, 0x1E, 0xFF, 0xFF, 0xFF, 0xFF, 0xFF, 0xFF, 0xFF, 0xFF, 0xFE, 0x10,
  0x00, 0x00, 0x01, 0xEF, 0xFF, 0xFF, 0xFF, 0xFF, 0xFF, 0xFF, 0xFF, 0xFF, 0xE1, 0x00, 0x00, 0x00,
  0x1E, 0xFF, 0xFF, 0xFF, 0xFF, 0xFF, 0xFF, 0xFF, 0xFF, 0xFE, 0x10, 0x00, 0x00, 0x00, 0x22, 0x22,
  0x22, 0xDF, 0xFF, 0xFF, 0x82, 0x22, 0x22, 0x20, 0x00, 0x00, 0x00, 0x00, 0x00, 0x00, 0x0D, 0xFF,
  0xFF, 0xF7, 0x00, 0x00, 0x00, 0x00, 0x00, 0x00, 0x00, 0x00, 0x00, 0x01, 0xDF, 0xFF, 0xFF, 0x80,
  0x00, 0x00, 0x00, 0x00, 0x00, 0x00, 0x00, 0x00, 0x00, 0x1D, 0xFF, 0xFF, 0xF7, 0x00, 0x00, 0x00,
  0x00, 0x00, 0x00, 0x00, 0x00, 0x00, 0x01, 0xDF, 0xFF, 0xFF, 0x70, 0x00, 0x00, 0x00, 0x00, 0x00,
  0x00, 0x00, 0x00, 0x00, 0x1D, 0xFF, 0xFF, 0xF7, 0x00, 0x00, 0x00, 0x00, 0x00, 0x00, 0x00, 0x00,
  0x00, 0x01, 0xDF, 0xFF, 0xFF, 0x70, 0x00, 0x00, 0x00, 0x00, 0x00, 0x00, 0x00, 0x00, 0x00, 0x1D,
  0xFF, 0xFF, 0xF7, 0x00, 0x00, 0x00, 0x00, 0x00, 0x00, 0x00, 0x00, 0x00, 0x01, 0xDF, 0xFF, 0xFF,
  0x70, 0x00, 0x00, 0x00, 0x00, 0x00, 0x00, 0x00, 0x00, 0x00, 0x1D, 0xFF, 0xFF, 0xF7, 0x00, 0x00,
  0x00, 0x00, 0x00, 0x00, 0x00, 0x00, 0x00, 0x01, 0xDF, 0xFF, 0xFF, 0x70, 0x00, 0x00, 0x00, 0x00,
  0x00, 0x00, 0x00, 0x00, 0x00, 0x1D, 0xFF, 0xFF, 0xF7, 0x00, 0x00, 0x00, 0x00, 0x00, 0x00, 0x00,
  0x00, 0x00, 0x01, 0xDF, 0xFF, 0xFF, 0x70, 0x00, 0x00, 0x00, 0x00, 0x00, 0x00, 0x00, 0x00, 0x00,
  0x1D, 0xFF, 0xFF, 0xF7, 0x00, 0x00, 0x00, 0x00, 0x00, 0x00, 0x00, 0x00, 0x00, 0x01, 0xDF, 0xFF,
  0xFF, 0x70, 0x00, 0x00, 0x00, 0x00, 0x00, 0x00, 0x00, 0x00, 0x00, 0x1D, 0xFF, 0xFF, 0xF7, 0x00,
  0x00, 0x00, 0x00, 0x00, 0x00, 0x00, 0x00, 0x00, 0x01, 0xDF, 0xFF, 0xFF, 0x70, 0x00, 0x00, 0x00,
  0x00, 0x00, 0x00, 0x00, 0x00, 0x00, 0x1D, 0xFF, 0xFF, 0xF7, 0x00, 0x00, 0x00, 0x00, 0x00, 0x00,
  0x00, 0x00, 0x00, 0x01, 0xDF, 0xFF, 0xFF, 0x80, 0x00, 0x00, 0x00, 0x00, 0x00, 0x00, 0x00, 0x00,
  0x00, 0x0D, 0xFF, 0xFF, 0xF7, 0x00, 0x00, 0x00, 0x00, 0x00, 0x00, 0x01, 0x9A, 0xAA, 0xAA, 0xEF,
  0xFF, 0xFF, 0xCA, 0xAA, 0xAA, 0x91, 0x00, 0x00, 0x00, 0x1F, 0xFF, 0xFF, 0xFF, 0xFF, 0xFF, 0xFF,
  0xFF, 0xFF, 0xFF, 0x10, 0x00, 0x00, 0x01, 0xEF, 0xFF, 0xFF, 0xFF, 0xFF, 0xFF, 0xFF, 0xFF, 0xFF,
  0xE1, 0x00, 0x00, 0x00, 0x1E, 0xFF, 0xFF, 0xFF, 0xFF, 0xFF, 0xFF, 0xFF, 0xFF, 0xFE, 0x10, 0x00,
  0x00, 0x01, 0xDE, 0xEE, 0xEE, 0xEE, 0xEE, 0xEE, 0xEE, 0xEE, 0xEE, 0xD1, 0x00, 0x00, 0x00, 0x01,
  0x11, 0x11, 0x11, 0x11, 0x11, 0x11, 0x11, 0x11, 0x11, 0x00, 0x00, 0x00, 0x00, 0x00, 0x01, 0x11,
  0x11, 0x11, 0x11, 0x11, 0x11, 0x11, 0x00, 0x00, 0x00, 0x00, 0x00, 0x0A, 0xEE, 0xEE, 0xEE, 0xEE,
  0xEE, 0xEE, 0xEE, 0xE6, 0x00, 0x00, 0x00, 0x00, 0x00, 0xBF, 0xFF, 0xFF, 0xFF, 0xFF, 0xFF, 0xFF,
  0xFF, 0x70, 0x00, 0x00, 0x00, 0x00, 0x0B, 0xFF, 0xFF, 0xFF, 0xFF, 0xFF, 0xFF, 0xFF, 0xF7, 0x00,
  0x00, 0x00, 0x00, 0x00, 0xBF, 0xFF, 0xFF, 0xFF, 0xFF, 0xFF, 0xFF, 0xFF, 0x70, 0x00, 0x00, 0x00,
  0x00, 0x0B, 0xFF, 0xFF, 0xFF, 0xFF, 0xFF, 0xFF, 0xFF, 0xF7, 0x00, 0x00, 0x00, 0x00, 0x00, 0x12,
  0x22, 0x22, 0x22, 0x23, 0xEF, 0xFF, 0xFF, 0x70, 0x00, 0x00, 0x00, 0x00, 0x00, 0x00, 0x00, 0x00,
  0x00, 0x0E, 0xFF, 0xFF, 0xF7, 0x00, 0x00, 0x00, 0x00, 0x00, 0x00, 0x00, 0x00, 0x00, 0x01, 0xEF,
  0xFF, 0xFF, 0x70, 0x00, 0x00, 0x00, 0x00, 0x00, 0x00, 0x00, 0x00, 0x00, 0x1E, 0xFF, 0xFF, 0xF7,
  0x00, 0x00, 0x00, 0x00, 0x00, 0x00, 0x00, 0x00, 0x00, 0x01, 0xEF, 0xFF, 0xFF, 0x70, 0x00, 0x00,
  0x00, 0x00, 0x00, 0x00, 0x00, 0x00, 0x00, 0x1E, 0xFF, 0xFF, 0xF7, 0x00, 0x00, 0x00, 0x00, 0x00,
  0x00, 0x00, 0x00, 0x00, 0x01, 0xEF, 0xFF, 0xFF, 0x70, 0x00, 0x00, 0x00, 0x00, 0x00, 0x00, 0x00,
  0x00, 0x00, 0x1E, 0xFF, 0xFF, 0xF7, 0x00, 0x00, 0x00, 0x00, 0x00, 0x00, 0x00, 0x00, 0x00, 0x01,
  0xEF, 0xFF, 0xFF, 0x70, 0x00, 0x00, 0x00, 0x00, 0x00, 0x00, 0x00, 0x00, 0x00, 0x1E, 0xFF, 0xFF,
  0xF7, 0x00, 0x00, 0x00, 0x00, 0x00, 0x00, 0x00, 0x00, 0x00, 0x01, 0xEF, 0xFF, 0xFF, 0x70, 0x00,
  0x00, 0x00, 0x00, 0x00, 0x00, 0x00, 0x00, 0x00, 0x1E, 0xFF, 0xFF, 0xF7, 0x00, 0x00, 0x00, 0x00,
  0x00, 0x00, 0x00, 0x00, 0x00, 0x01, 0xEF, 0xFF, 0xFF, 0x70, 0x00, 0x00, 0x00, 0x00, 0x00, 0x00,
  0x00, 0x00, 0x00, 0x1E, 0xFF, 0xFF, 0xF7, 0x00, 0x00, 0x00, 0x00, 0x00, 0x00, 0x00, 0x00, 0x00,
  0x01, 0xEF, 0xFF, 0xFF, 0x70, 0x00, 0x00, 0x00, 0x00, 0x01, 0x42, 0x00, 0x00, 0x00, 0x1E, 0xFF,
  0xFF, 0xF7, 0x00, 0x00, 0x00, 0x26, 0x9B, 0xDF, 0x90, 0x00, 0x00, 0x02, 0xEF, 0xFF, 0xFF, 0x60,
  0x00, 0x00, 0x07, 0xFF, 0xFF, 0xFE, 0x10, 0x00, 0x00, 0x4F, 0xFF, 0xFF, 0xF6, 0x00, 0x00, 0x00,
  0x2F, 0xFF, 0xFF, 0xF9, 0x00, 0x00, 0x0A, 0xFF, 0xFF, 0xFF, 0x30, 0x00, 0x00, 0x00, 0xBF, 0xFF,
  0xFF, 0xF9, 0x42, 0x4A, 0xFF, 0xFF, 0xFF, 0xD0, 0x00, 0x00, 0x00, 0x04, 0xFF, 0xFF, 0xFF, 0xFF,
  0xFF, 0xFF, 0xFF, 0xFF, 0xF6, 0x00, 0x00, 0x00, 0x00, 0x08, 0xFF, 0xFF, 0xFF, 0xFF, 0xFF, 0xFF,
  0xFF, 0xFB, 0x00, 0x00, 0x00, 0x00, 0x00, 0x09, 0xFF, 0xFF, 0xFF, 0xFF, 0xFF, 0xFF, 0xFB, 0x10,
  0x00, 0x00, 0x00, 0x00, 0x00, 0x07, 0xEF, 0xFF, 0xFF, 0xFF, 0xFF, 0xE8, 0x00, 0x00, 0x00, 0x00,
  0x00, 0x00, 0x00, 0x01, 0x69, 0xCD, 0xED, 0xCA, 0x62, 0x00, 0x00, 0x00, 0x00, 0x00, 0x00, 0x00,
  0x00, 0x00, 0x00, 0x11, 0x10, 0x00, 0x00, 0x00, 0x00, 0x00, 0x00, 0x00, 0x00, 0x11, 0x11, 0x11,
  0x00, 0x00, 0x00, 0x00, 0x01, 0x11, 0x11, 0x11, 0x00, 0x00, 0x01, 0xDE, 0xEE, 0xEE, 0x60, 0x00,
  0x00, 0x00, 0x4E, 0xEE, 0xEE, 0xEB, 0x10, 0x00, 0x01, 0xEF, 0xFF, 0xFF, 0x70, 0x00, 0x00, 0x01,
  0xDF, 0xFF, 0xFF, 0xF3, 0x00, 0x00, 0x01, 0xEF, 0xFF, 0xFF, 0x70, 0x00, 0x00, 0x09, 0xFF, 0xFF,
  0xFF, 0x60, 0x00, 0x00, 0x01, 0xEF, 0xFF, 0xFF, 0x70, 0x00, 0x00, 0x5F, 0xFF, 0xFF, 0xFA, 0x00,
  0x00, 0x00, 0x01, 0xEF, 0xFF, 0xFF, 0x70, 0x00, 0x02, 0xEF, 0xFF, 0xFF, 0xD1, 0x00, 0x00, 0x00,
  0x01, 0xEF, 0xFF, 0xFF, 0x70, 0x00, 0x0B, 0xFF, 0xFF, 0xFF, 0x40, 0x00, 0x00, 0x00, 0x01, 0xEF,
  0xFF, 0xFF, 0x70, 0x00, 0x7F, 0xFF, 0xFF, 0xF8, 0x00, 0x00, 0x00, 0x00, 0x01, 0xEF, 0xFF, 0xFF,
  0x70, 0x03, 0xFF, 0xFF, 0xFF, 0xC0, 0x00, 0x00, 0x00, 0x00, 0x01, 0xEF, 0xFF, 0xFF, 0x70, 0x0C,
  0xFF, 0xFF, 0xFE, 0x20, 0x00, 0x00, 0x00, 0x00, 0x01, 0xEF, 0xFF, 0xFF, 0x70, 0x8F, 0xFF, 0xFF,
  0xF6, 0x00, 0x00, 0x00, 0x00, 0x00, 0x01, 0xEF, 0xFF, 0xFF, 0x62, 0xFF, 0xFF, 0xFF, 0xA0, 0x00,
  0x00, 0x00, 0x00, 0x00, 0x01, 0xEF, 0xFF, 0xFF, 0x7B, 0xFF, 0xFF, 0xFC, 0x10, 0x00, 0x00, 0x00,
  0x00, 0x00, 0x01, 0xEF, 0xFF, 0xFF, 0xEF, 0xFF, 0xFF, 0xF8, 0x00, 0x00, 0x00, 0x00, 0x00, 0x00,
  0x01, 0xEF, 0xFF, 0xFF, 0xFF, 0xFF, 0xFF, 0xFE, 0x20, 0x00, 0x00, 0x00, 0x00, 0x00, 0x01, 0xEF,
  0xFF, 0xFF, 0xFF, 0xFF, 0xFF, 0xFF, 0x90, 0x00, 0x00, 0x00, 0x00, 0x00, 0x01, 0xEF, 0xFF, 0xFF,
  0xFF, 0xFF, 0xFF, 0xFF, 0xF3, 0x00, 0x00, 0x00, 0x00, 0x00, 0x01, 0xEF, 0xFF, 0xFF, 0xFF, 0xFF,
  0xFF, 0xFF, 0xFB, 0x00, 0x00, 0x00, 0x00, 0x00, 0x01, 0xEF, 0xFF, 0xFF, 0xFF, 0x89, 0xFF, 0xFF,
  0xFF, 0x40, 0x00, 0x00, 0x00, 0x00, 0x01, 0xEF, 0xFF, 0xFF, 0xFC, 0x02, 0xEF, 0xFF, 0xFF, 0xC0,
  0x00, 0x00, 0x00, 0x00, 0x01, 0xEF, 0xFF, 0xFF, 0xE3, 0x00, 0x9F, 0xFF, 0xFF, 0xF6, 0x00, 0x00,
  0x00, 0x00, 0x01, 0xEF, 0xFF, 0xFF, 0x80, 0x00, 0x2E, 0xFF, 0xFF, 0xFD, 0x10, 0x00, 0x00, 0x00,
  0x01, 0xEF, 0xFF, 0xFF, 0x60, 0x00, 0x08, 0xFF, 0xFF, 0xFF, 0x70, 0x00, 0x00, 0x00, 0x01, 0xEF,
  0xFF, 0xFF, 0x70, 0x00, 0x01, 0xEF, 0xFF, 0xFF, 0xE2, 0x00, 0x00, 0x00, 0x01, 0xEF, 0xFF, 0xFF,
  0x70, 0x00, 0x00, 0x7F, 0xFF, 0xFF, 0xF9, 0x00, 0x00, 0x00, 0x01, 0xEF, 0xFF, 0xFF, 0x70, 0x00,
  0x00, 0x1D, 0xFF, 0xFF, 0xFF, 0x30, 0x00, 0x00, 0x01, 0xEF, 0xFF, 0xFF, 0x70, 0x00, 0x00, 0x06,
  0xFF, 0xFF, 0xFF, 0xA0, 0x00, 0x00, 0x01, 0xEF, 0xFF, 0xFF, 0x70, 0x00, 0x00, 0x00, 0xCF, 0xFF,
  0xFF, 0xF4, 0x00, 0x00, 0x01, 0xEF, 0xFF, 0xFF, 0x70, 0x00, 0x00, 0x00, 0x5F, 0xFF, 0xFF, 0xFC,
  0x00, 0x00, 0x01, 0xDE, 0xEE, 0xEE, 0x60, 0x00, 0x00, 0x00, 0x0B, 0xEE, 0xEE, 0xEE, 0x50, 0x00,
  0x00, 0x11, 0x11, 0x11, 0x00, 0x00, 0x00, 0x00, 0x00, 0x11, 0x11, 0x11, 0x10, 0x00, 0x00, 0x01,
  0x11, 0x11, 0x10, 0x00, 0x00, 0x00, 0x00, 0x00, 0x00, 0x00, 0x00, 0x00, 0x01, 0xDE, 0xEE, 0xEE,
  0x60, 0x00, 0x00, 0x00, 0x00, 0x00, 0x00, 0x00, 0x00, 0x00, 0x1E, 0xFF, 0xFF, 0xF7, 0x00, 0x00,
  0x00, 0x00, 0x00, 0x00, 0x00, 0x00, 0x00, 0x01, 0xEF, 0xFF, 0xFF, 0x70, 0x00, 0x00, 0x00, 0x00,
  0x00, 0x00, 0x00, 0x00, 0x00, 0x1E, 0xFF, 0xFF, 0xF7, 0x00, 0x00, 0x00, 0x00, 0x00, 0x00, 0x00,
  0x00, 0x00, 0x01, 0xEF, 0xFF, 0xFF, 0x70, 0x00, 0x00, 0x00, 0x00, 0x00, 0x00, 0x00, 0x00, 0x00,
  0x1E, 0xFF, 0xFF, 0xF7, 0x00, 0x00, 0x00, 0x00, 0x00, 0x00, 0x00, 0x00, 0x00, 0x01, 0xEF, 0xFF,
  0xFF, 0x70, 0x00, 0x00, 0x00, 0x00, 0x00, 0x00, 0x00, 0x00, 0x00, 0x1E, 0xFF, 0xFF, 0xF7, 0x00,
  0x00, 0x00, 0x00, 0x00, 0x00, 0x00, 0x00, 0x00, 0x01, 0xEF, 0xFF, 0xFF, 0x70, 0x00, 0x00, 0x00,
  0x00, 0x00, 0x00, 0x00, 0x00, 0x00, 0x1E, 0xFF, 0xFF, 0xF7, 0x00, 0x00, 0x00, 0x00, 0x00, 0x00,
  0x00, 0x00, 0x00, 0x01, 0xEF, 0xFF, 0xFF, 0x70, 0x00, 0x00, 0x00, 0x00, 0x00, 0x00, 0x00, 0x00,
  0x00, 0x1E, 0xFF, 0xFF, 0xF7, 0x00, 0x00, 0x00, 0x00, 0x00, 0x00, 0x00, 0x00, 0x00, 0x01, 0xEF,
  0xFF, 0xFF, 0x70, 0x00, 0x00, 0x00, 0x00, 0x00, 0x00, 0x00, 0x00, 0x00, 0x1E, 0xFF, 0xFF, 0xF7,
  0x00, 0x00, 0x00, 0x00, 0x00, 0x00, 0x00, 0x00, 0x00, 0x01, 0xEF, 0xFF, 0xFF, 0x70, 0x00, 0x00,
  0x00, 0x00, 0x00, 0x00, 0x00, 0x00, 0x00, 0x1E, 0xFF, 0xFF, 0xF7, 0x00, 0x00, 0x00, 0x00, 0x00,
  0x00, 0x00, 0x00, 0x00, 0x01, 0xEF, 0xFF, 0xFF, 0x70, 0x00, 0x00, 0x00, 0x00, 0x00, 0x00, 0x00,
  0x00, 0x00, 0x1E, 0xFF, 0xFF, 0xF7, 0x00, 0x00, 0x00, 0x00, 0x00, 0x00, 0x00, 0x00, 0x00, 0x01,
  0xEF, 0xFF, 0xFF, 0x70, 0x00, 0x00, 0x00, 0x00, 0x00, 0x00, 0x00, 0x00, 0x00, 0x1E, 0xFF, 0xFF,
  0xF7, 0x00, 0x00, 0x00, 0x00, 0x00, 0x00, 0x00, 0x00, 0x00, 0x01, 0xEF, 0xFF, 0xFF, 0x70, 0x00,
  0x00, 0x00, 0x00, 0x00, 0x00, 0x00, 0x00, 0x00, 0x1E, 0xFF, 0xFF, 0xF7, 0x00, 0x00, 0x00, 0x00,
  0x00, 0x00, 0x00, 0x00, 0x00, 0x01, 0xEF, 0xFF, 0xFF, 0x60, 0x00, 0x00, 0x00, 0x00, 0x00, 0x00,
  0x00, 0x00, 0x00, 0x1E, 0xFF, 0xFF, 0xF7, 0x11, 0x11, 0x11, 0x11, 0x11, 0x11, 0x00, 0x00, 0x00,
  0x01, 0xEF, 0xFF, 0xFF, 0xFE, 0xEE, 0xEE, 0xEE, 0xEE, 0xEE, 0xD1, 0x00, 0x00, 0x00, 0x1E, 0xFF,
  0xFF, 0xFF, 0xFF, 0xFF, 0xFF, 0xFF, 0xFF, 0xFE, 0x10, 0x00, 0x00, 0x01, 0xEF, 0xFF, 0xFF, 0xFF,
  0xFF, 0xFF, 0xFF, 0xFF, 0xFF, 0xE1, 0x00, 0x00, 0x00, 0x1E, 0xFF, 0xFF, 0xFF, 0xFF, 0xFF, 0xFF,
  0xFF, 0xFF, 0xFE, 0x10, 0x00, 0x00, 0x01, 0xDE, 0xEE, 0xEE, 0xEE, 0xEE, 0xEE, 0xEE, 0xEE, 0xEE,
  0xD1, 0x00, 0x00, 0x00, 0x01, 0x11, 0x11, 0x11, 0x11, 0x11, 0x11, 0x11, 0x11, 0x11, 0x00, 0x00,
  0x00, 0x01, 0x11, 0x11, 0x11, 0x00, 0x00, 0x00, 0x00, 0x11, 0x11, 0x11, 0x00, 0x00, 0x07, 0xEE,
  0xEE, 0xEE, 0xE4, 0x00, 0x00, 0x00, 0xAE, 0xEE, 0xEE, 0xE7, 0x00, 0x00, 0x8F, 0xFF, 0xFF, 0xFF,
  0x90, 0x00, 0x00, 0x2F, 0xFF, 0xFF, 0xFF, 0x80, 0x00, 0x08, 0xFF, 0xFF, 0xFF, 0xFE, 0x10, 0x00,
  0x07, 0xFF, 0xFF, 0xFF, 0xF8, 0x00, 0x00, 0x8F, 0xFF, 0xFF, 0xFF, 0xF5, 0x00, 0x00, 0xCF, 0xFF,
  0xFF, 0xFF, 0x80, 0x00, 0x08, 0xFF, 0xFF, 0xFF, 0xFF, 0xA0, 0x00, 0x3F, 0xFF, 0xFF, 0xFF, 0xF8,
  0x00, 0x00, 0x8F, 0xFF, 0xFF, 0xFF, 0xFE, 0x20, 0x08, 0xFF, 0xFF, 0xFF, 0xFF, 0x80, 0x00, 0x08,
  0xFF, 0xFF, 0xFF, 0xFF, 0xF6, 0x01, 0xDF, 0xFF, 0xFF, 0xFF, 0xF8, 0x00, 0x00, 0x8F, 0xFF, 0xFF,
  0xFF, 0xFF, 0xB0, 0x4F, 0xFF, 0xFF, 0xFF, 0xFF, 0x80, 0x00, 0x08, 0xFF, 0xFF, 0xEA, 0xFF, 0xFF,
  0x19, 0xFF, 0xFA, 0xEF, 0xFF, 0xF8, 0x00, 0x00, 0x8F, 0xFF, 0xFD, 0x5F, 0xFF, 0xF9, 0xDF, 0xFF,
  0x5D, 0xFF, 0xFF, 0x80, 0x00, 0x08, 0xFF, 0xFF, 0xE1, 0xDF, 0xFF, 0xFF, 0xFF, 0xD1, 0xEF, 0xFF,
  0xF8, 0x00, 0x00, 0x8F, 0xFF, 0xFE, 0x08, 0xFF, 0xFF, 0xFF, 0xF8, 0x0E, 0xFF, 0xFF, 0x80, 0x00,
  0x08, 0xFF, 0xFF, 0xE0, 0x3F, 0xFF, 0xFF, 0xFF, 0x30, 0xEF, 0xFF, 0xF8, 0x00, 0x00, 0x8F, 0xFF,
  0xFE, 0x10, 0xCF, 0xFF, 0xFF, 0xC0, 0x1E, 0xFF, 0xFF, 0x80, 0x00, 0x08, 0xFF, 0xFF, 0xE1, 0x07,
  0xFF, 0xFF, 0xF7, 0x01, 0xEF, 0xFF, 0xF8, 0x00, 0x00, 0x8F, 0xFF, 0xFE, 0x10, 0x3F, 0xFF, 0xFF,
  0x30, 0x1E, 0xFF, 0xFF, 0x80, 0x00, 0x08, 0xFF, 0xFF, 0xE1, 0x00, 0xBF, 0xFF, 0xB0, 0x01, 0xEF,
  0xFF, 0xF8, 0x00, 0x00, 0x8F, 0xFF, 0xFE, 0x10, 0x06, 0xFF, 0xF6, 0x00, 0x1E, 0xFF, 0xFF, 0x80,
  0x00, 0x08, 0xFF, 0xFF, 0xE1, 0x00, 0x2E, 0xFE, 0x20, 0x01, 0xEF, 0xFF, 0xF8, 0x00, 0x00, 0x8F,
  0xFF, 0xFE, 0x10, 0x00, 0xAF, 0xA0, 0x00, 0x1E, 0xFF, 0xFF, 0x80, 0x00, 0x08, 0xFF, 0xFF, 0xE1,
  0x00, 0x05, 0xF5, 0x00, 0x01, 0xEF, 0xFF, 0xF8, 0x00, 0x00, 0x8F, 0xFF, 0xFE, 0x10, 0x00, 0x1D,
  0x10, 0x00, 0x1E, 0xFF, 0xFF, 0x80, 0x00, 0x08, 0xFF, 0xFF, 0xE1, 0x00, 0x00, 0x40, 0x00, 0x01,
  0xEF, 0xFF, 0xF8, 0x00, 0x00, 0x8F, 0xFF, 0xFE, 0x10, 0x00, 0x00, 0x00, 0x00, 0x1E, 0xFF, 0xFF,
  0x80, 0x00, 0x08, 0xFF, 0xFF, 0xE1, 0x00, 0x00, 0x00, 0x00, 0x01, 0xEF, 0xFF, 0xF8, 0x00, 0x00,
  0x8F, 0xFF, 0xFE, 0x10, 0x00, 0x00, 0x00, 0x00, 0x1E, 0xFF, 0xFF, 0x80, 0x00, 0x08, 0xFF, 0xFF,
  0xE1, 0x00, 0x00, 0x00, 0x00, 0x01, 0xEF, 0xFF, 0xF8, 0x00, 0x00, 0x8F, 0xFF, 0xFE, 0x10, 0x00,
  0x00, 0x00, 0x00, 0x1E, 0xFF, 0xFF, 0x80, 0x00, 0x07, 0xEE, 0xEE, 0xD1, 0x00, 0x00, 0x00, 0x00,
  0x01, 0xDE, 0xEE, 0xE7, 0x00, 0x00, 0x01, 0x11, 0x11, 0x00, 0x00, 0x00, 0x00, 0x00, 0x01, 0x11,
  0x11, 0x00, 0x00, 0x00, 0x00, 0x11, 0x11, 0x11, 0x10, 0x00, 0x00, 0x00, 0x11, 0x11, 0x10, 0x00,
  0x00, 0x00, 0x7E, 0xEE, 0xEE, 0xEE, 0x40, 0x00, 0x00, 0x1D, 0xEE, 0xEE, 0x70, 0x00, 0x00, 0x08,
  0xFF, 0xFF, 0xFF, 0xF9, 0x00, 0x00, 0x01, 0xEF, 0xFF, 0xF8, 0x00, 0x00, 0x00, 0x7F, 0xFF, 0xFF,
  0xFF, 0xD1, 0x00, 0x00, 0x1E, 0xFF, 0xFF, 0x70, 0x00, 0x00, 0x07, 0xFF, 0xFF, 0xFF, 0xFF, 0x50,
  0x00, 0x01, 0xEF, 0xFF, 0xF7, 0x00, 0x00, 0x00, 0x7F, 0xFF, 0xFF, 0xFF, 0xF9, 0x00, 0x00, 0x1E,
  0xFF, 0xFF, 0x70, 0x00, 0x00, 0x07, 0xFF, 0xFF, 0xFF, 0xFF, 0xE1, 0x00, 0x01, 0xEF, 0xFF, 0xF7,
  0x00, 0x00, 0x00, 0x7F, 0xFF, 0xFF, 0xFF, 0xFF, 0x50, 0x00, 0x1E, 0xFF, 0xFF, 0x70, 0x00, 0x00,
  0x07, 0xFF, 0xFF, 0xFF, 0xFF, 0xFA, 0x00, 0x01, 0xEF, 0xFF, 0xF7, 0x00, 0x00, 0x00, 0x7F, 0xFF,
  0xFF, 0xFF, 0xFF, 0xE1, 0x00, 0x1E, 0xFF, 0xFF, 0x70, 0x00, 0x00, 0x07, 0xFF, 0xFF, 0xFF, 0xFF,
  0xFF, 0x50, 0x01, 0xEF, 0xFF, 0xF7, 0x00, 0x00, 0x00, 0x7F, 0xFF, 0xFD, 0x7F, 0xFF, 0xFA, 0x00,
  0x1E, 0xFF, 0xFF, 0x70, 0x00, 0x00, 0x07, 0xFF, 0xFF, 0xE2, 0xEF, 0xFF, 0xE1, 0x01, 0xEF, 0xFF,
  0xF7, 0x00, 0x00, 0x00, 0x7F, 0xFF, 0xFE, 0x0A, 0xFF, 0xFF, 0x50, 0x1E, 0xFF, 0xFF, 0x70, 0x00,
  0x00, 0x07, 0xFF, 0xFF, 0xE0, 0x5F, 0xFF, 0xFA, 0x01, 0xEF, 0xFF, 0xF7, 0x00, 0x00, 0x00, 0x7F,
  0xFF, 0xFE, 0x01, 0xEF, 0xFF, 0xE1, 0x0E, 0xFF, 0xFF, 0x70, 0x00, 0x00, 0x07, 0xFF, 0xFF, 0xE1,
  0x0A, 0xFF, 0xFF, 0x50, 0xEF, 0xFF, 0xF7, 0x00, 0x00, 0x00, 0x7F, 0xFF, 0xFE, 0x10, 0x5F, 0xFF,
  0xFA, 0x0E, 0xFF, 0xFF, 0x70, 0x00, 0x00, 0x07, 0xFF, 0xFF, 0xE1, 0x01, 0xEF, 0xFF, 0xE2, 0xEF,
  0xFF, 0xF7, 0x00, 0x00, 0x00, 0x7F, 0xFF, 0xFE, 0x10, 0x0A, 0xFF, 0xFF, 0x7D, 0xFF, 0xFF, 0x70,
  0x00, 0x00, 0x07, 0xFF, 0xFF, 0xE1, 0x00, 0x5F, 0xFF, 0xFF, 0xFF, 0xFF, 0xF7, 0x00, 0x00, 0x00,
  0x7F, 0xFF, 0xFE, 0x10, 0x01, 0xEF, 0xFF, 0xFF, 0xFF, 0xFF, 0x70, 0x00, 0x00, 0x07, 0xFF, 0xFF,
  0xE1, 0x00, 0x0A, 0xFF, 0xFF, 0xFF, 0xFF, 0xF7, 0x00, 0x00, 0x00, 0x7F, 0xFF, 0xFE, 0x10, 0x00,
  0x5F, 0xFF, 0xFF, 0xFF, 0xFF, 0x70, 0x00, 0x00, 0x07, 0xFF, 0xFF, 0xE1, 0x00, 0x01, 0xEF, 0xFF,
  0xFF, 0xFF, 0xF7, 0x00, 0x00, 0x00, 0x7F, 0xFF, 0xFE, 0x10, 0x00, 0x09, 0xFF, 0xFF, 0xFF, 0xFF,
  0x70, 0x00, 0x00, 0x07, 0xFF, 0xFF, 0xE1, 0x00, 0x00, 0x5F, 0xFF, 0xFF, 0xFF, 0xF7, 0x00, 0x00,
  0x00, 0x7F, 0xFF, 0xFE, 0x10, 0x00, 0x01, 0xEF, 0xFF, 0xFF, 0xFF, 0x70, 0x00, 0x00, 0x08, 0xFF,
  0xFF, 0xE1, 0x00, 0x00, 0x09, 0xFF, 0xFF, 0xFF, 0xF8, 0x00, 0x00, 0x00, 0x7E, 0xEE, 0xED, 0x10,
  0x00, 0x00, 0x4E, 0xEE, 0xEE, 0xEE, 0x70, 0x00, 0x00, 0x00, 0x11, 0x11, 0x10, 0x00, 0x00, 0x00,
  0x11, 0x11, 0x11, 0x10, 0x00, 0x00, 0x00, 0x00, 0x00, 0x00, 0x00, 0x00, 0x11, 0x10, 0x00, 0x00,
  0x00, 0x00, 0x00, 0x00, 0x00, 0x00, 0x00, 0x02, 0x6A, 0xCD, 0xED, 0xCA, 0x62, 0x00, 0x00, 0x00,
  0x00, 0x00, 0x00, 0x00, 0x18, 0xEF, 0xFF, 0xFF, 0xFF, 0xFF, 0xE8, 0x10, 0x00, 0x00, 0x00, 0x00,
  0x00, 0x1C, 0xFF, 0xFF, 0xFF, 0xFF, 0xFF, 0xFF, 0xFC, 0x10, 0x00, 0x00, 0x00, 0x00, 0x1C, 0xFF,
  0xFF, 0xFF, 0xFF, 0xFF, 0xFF, 0xFF, 0xFC, 0x10, 0x00, 0x00, 0x00, 0x08, 0xFF, 0xFF, 0xFF, 0xFF,
  0xEF, 0xFF, 0xFF, 0xFF, 0xF8, 0x00, 0x00, 0x00, 0x02, 0xFF, 0xFF, 0xFF, 0xC6, 0x21, 0x26, 0xCF,
  0xFF, 0xFF, 0xF2, 0x00, 0x00, 0x00, 0x9F, 0xFF, 0xFF, 0xC1, 0x00, 0x00, 0x01, 0xCF, 0xFF, 0xFF,
  0x90, 0x00, 0x00, 0x1D, 0xFF, 0xFF, 0xF5, 0x00, 0x00, 0x00, 0x05, 0xFF, 0xFF, 0xFD, 0x10, 0x00,
  0x04, 0xFF, 0xFF, 0xFD, 0x00, 0x00, 0x00, 0x00, 0x1D, 0xFF, 0xFF, 0xF4, 0x00, 0x00, 0x7F, 0xFF,
  0xFF, 0xA0, 0x00, 0x00, 0x00, 0x00, 0xAF, 0xFF, 0xFF, 0x70, 0x00, 0x0A, 0xFF, 0xFF, 0xF8, 0x00,
  0x00, 0x00, 0x00, 0x08, 0xFF, 0xFF, 0xFA, 0x00, 0x00, 0xCF, 0xFF, 0xFF, 0x70, 0x00, 0x00, 0x00,
  0x00, 0x7F, 0xFF, 0xFF, 0xC0, 0x00, 0x0D, 0xFF, 0xFF, 0xF7, 0x00, 0x00, 0x00, 0x00, 0x07, 0xFF,
  0xFF, 0xFD, 0x00, 0x01, 0xEF, 0xFF, 0xFF, 0x70, 0x00, 0x00, 0x00, 0x00, 0x7F, 0xFF, 0xFF, 0xE1,
  0x00, 0x1E, 0xFF, 0xFF, 0xF7, 0x00, 0x00, 0x00, 0x00, 0x07, 0xFF, 0xFF, 0xFE, 0x10, 0x01, 0xEF,
  0xFF, 0xFF, 0x70, 0x00, 0x00, 0x00, 0x00, 0x7F, 0xFF, 0xFF, 0xE1, 0x00, 0x1E, 0xFF, 0xFF, 0xF7,
  0x00, 0x00, 0x00, 0x00, 0x07, 0xFF, 0xFF, 0xFE, 0x10, 0x00, 0xDF, 0xFF, 0xFF, 0x70, 0x00, 0x00,
  0x00, 0x00, 0x7F, 0xFF, 0xFF, 0xD0, 0x00, 0x0C, 0xFF, 0xFF, 0xF7, 0x00, 0x00, 0x00, 0x00, 0x07,
  0xFF, 0xFF, 0xFC, 0x00, 0x00, 0xAF, 0xFF, 0xFF, 0x80, 0x00, 0x00, 0x00, 0x00, 0x8F, 0xFF, 0xFF,
  0xA0, 0x00, 0x07, 0xFF, 0xFF, 0xFA, 0x00, 0x00, 0x00, 0x00, 0x0A, 0xFF, 0xFF, 0xF7, 0x00, 0x00,
  0x4F, 0xFF, 0xFF, 0xD0, 0x00, 0x00, 0x00, 0x01, 0xDF, 0xFF, 0xFF, 0x40, 0x00, 0x01, 0xDF, 0xFF,
  0xFF, 0x50, 0x00, 0x00, 0x00, 0x5F, 0xFF, 0xFF, 0xD1, 0x00, 0x00, 0x09, 0xFF, 0xFF, 0xFC, 0x10,
  0x00, 0x00, 0x1C, 0xFF, 0xFF, 0xF9, 0x00, 0x00, 0x00, 0x2F, 0xFF, 0xFF, 0xFC, 0x62, 0x12, 0x5C,
  0xFF, 0xFF, 0xFF, 0x20, 0x00, 0x00, 0x00, 0x8F, 0xFF, 0xFF, 0xFF, 0xFE, 0xFF, 0xFF, 0xFF, 0xFF,
  0x80, 0x00, 0x00, 0x00, 0x01, 0xCF, 0xFF, 0xFF, 0xFF, 0xFF, 0xFF, 0xFF, 0xFF, 0xC1, 0x00, 0x00,
  0x00, 0x00, 0x02, 0xCF, 0xFF, 0xFF, 0xFF, 0xFF, 0xFF, 0xFF, 0xC1, 0x00, 0x00, 0x00, 0x00, 0x00,
  0x01, 0x8E, 0xFF, 0xFF, 0xFF, 0xFF, 0xFE, 0x81, 0x00, 0x00, 0x00, 0x00, 0x00, 0x00, 0x00, 0x26,
  0xAC, 0xDE, 0xDC, 0xA6, 0x20, 0x00, 0x00, 0x00, 0x00, 0x00, 0x00, 0x00, 0x00, 0x00, 0x01, 0x11,
  0x00, 0x00, 0x00, 0x00, 0x00, 0x00, 0x00, 0x00, 0x11, 0x11, 0x11, 0x11, 0x11, 0x11, 0x10, 0x00,
  0x00, 0x00, 0x00, 0x00, 0x00, 0x1D, 0xEE, 0xEE, 0xEE, 0xEE, 0xEE, 0xED, 0xC9, 0x40, 0x00, 0x00,
  0x00, 0x00, 0x01, 0xEF, 0xFF, 0xFF, 0xFF, 0xFF, 0xFF, 0xFF, 0xFF, 0xB2, 0x00, 0x00, 0x00, 0x00,
  0x1E, 0xFF, 0xFF, 0xFF, 0xFF, 0xFF, 0xFF, 0xFF, 0xFF, 0xE3, 0x00, 0x00, 0x00, 0x01, 0xEF, 0xFF,
  0xFF, 0xFF, 0xFF, 0xFF, 0xFF, 0xFF, 0xFF, 0xD1, 0x00, 0x00, 0x00, 0x1E, 0xFF, 0xFF, 0xFF, 0xEE,
  0xEE, 0xFF, 0xFF, 0xFF, 0xFF, 0x80, 0x00, 0x00, 0x01, 0xEF, 0xFF, 0xFF, 0x71, 0x11, 0x13, 0x7E,
  0xFF, 0xFF, 0xFD, 0x10, 0x00, 0x00, 0x1E, 0xFF, 0xFF, 0xF6, 0x00, 0x00, 0x00, 0x6F, 0xFF, 0xFF,
  0xF3, 0x00, 0x00, 0x01, 0xEF, 0xFF, 0xFF, 0x70, 0x00, 0x00, 0x01, 0xEF, 0xFF, 0xFF, 0x60, 0x00,
  0x00, 0x1E, 0xFF, 0xFF, 0xF7, 0x00, 0x00, 0x00, 0x1D, 0xFF, 0xFF, 0xF7, 0x00, 0x00, 0x01, 0xEF,
  0xFF, 0xFF, 0x70, 0x00, 0x00, 0x01, 0xDF, 0xFF, 0xFF, 0x70, 0x00, 0x00, 0x1E, 0xFF, 0xFF, 0xF7,
  0x00, 0x00, 0x00, 0x1E, 0xFF, 0xFF, 0xF7, 0x00, 0x00, 0x01, 0xEF, 0xFF, 0xFF, 0x70, 0x10, 0x00,
  0x03, 0xFF, 0xFF, 0xFF, 0x50, 0x00, 0x00, 0x1E, 0xFF, 0xFF, 0xF6, 0x00, 0x00, 0x01, 0xAF, 0xFF,
  0xFF, 0xF2, 0x00, 0x00, 0x01, 0xEF, 0xFF, 0xFF, 0xB7, 0x87, 0x89, 0xDF, 0xFF, 0xFF, 0xFB, 0x00,
  0x00, 0x00, 0x1E, 0xFF, 0xFF, 0xFF, 0xFF, 0xFF, 0xFF, 0xFF, 0xFF, 0xFF, 0x40, 0x00, 0x00, 0x01,
  0xEF, 0xFF, 0xFF, 0xFF, 0xFF, 0xFF, 0xFF, 0xFF, 0xFF, 0x80, 0x00, 0x00, 0x00, 0x1E, 0xFF, 0xFF,
  0xFF, 0xFF, 0xFF, 0xFF, 0xFF, 0xFF, 0x80, 0x00, 0x00, 0x00, 0x01, 0xEF, 0xFF, 0xFF, 0xFF, 0xFF,
  0xFF, 0xFF, 0xFB, 0x40, 0x00, 0x00, 0x00, 0x00, 0x1E, 0xFF, 0xFF, 0xFB, 0x78, 0x77, 0x77, 0x52,
  0x00, 0x00, 0x00, 0x00, 0x00, 0x01, 0xEF, 0xFF, 0xFF, 0x60, 0x00, 0x00, 0x00, 0x00, 0x00, 0x00,
  0x00, 0x00, 0x00, 0x1E, 0xFF, 0xFF, 0xF7, 0x01, 0x00, 0x00, 0x00, 0x00, 0x00, 0x00, 0x00, 0x00,
  0x01, 0xEF, 0xFF, 0xFF, 0x70, 0x00, 0x00, 0x00, 0x00, 0x00, 0x00, 0x00, 0x00, 0x00, 0x1E, 0xFF,
  0xFF, 0xF7, 0x00, 0x00, 0x00, 0x00, 0x00, 0x00, 0x00, 0x00, 0x00, 0x01, 0xEF, 0xFF, 0xFF, 0x70,
  0x00, 0x00, 0x00, 0x00, 0x00, 0x00, 0x00, 0x00, 0x00, 0x1E, 0xFF, 0xFF, 0xF7, 0x00, 0x00, 0x00,
  0x00, 0x00, 0x00, 0x00, 0x00, 0x00, 0x01, 0xEF, 0xFF, 0xFF, 0x70, 0x00, 0x00, 0x00, 0x00, 0x00,
  0x00, 0x00, 0x00, 0x00, 0x1E, 0xFF, 0xFF, 0xF7, 0x00, 0x00, 0x00, 0x00, 0x00, 0x00, 0x00, 0x00,
  0x00, 0x01, 0xEF, 0xFF, 0xFF, 0x70, 0x00, 0x00, 0x00, 0x00, 0x00, 0x00, 0x00, 0x00, 0x00, 0x1D,
  0xEE, 0xEE, 0xE6, 0x00, 0x00, 0x00, 0x00, 0x00, 0x00, 0x00, 0x00, 0x00, 0x00, 0x11, 0x11, 0x11,
  0x00, 0x00, 0x00, 0x00, 0x00, 0x00, 0x00, 0x00, 0x00, 0x00, 0x00, 0x00, 0x00, 0x00, 0x00, 0x11,
  0x10, 0x00, 0x00, 0x00, 0x00, 0x00, 0x00, 0x00, 0x00, 0x00, 0x02, 0x6A, 0xCD, 0xED, 0xCA, 0x62,
  0x00, 0x00, 0x00, 0x00, 0x00, 0x00, 0x00, 0x08, 0xEF, 0xFF, 0xFF, 0xFF, 0xFF, 0xE8, 0x00, 0x00,
  0x00, 0x00, 0x00, 0x00, 0x1B, 0xFF, 0xFF, 0xFF, 0xFF, 0xFF, 0xFF, 0xFB, 0x10, 0x00, 0x00, 0x00,
  0x00, 0x1B, 0xFF, 0xFF, 0xFF, 0xFF, 0xFF, 0xFF, 0xFF, 0xFB, 0x00, 0x00, 0x00, 0x00, 0x08, 0xFF,
  0xFF, 0xFF, 0xFF, 0xFF, 0xFF, 0xFF, 0xFF, 0xF8, 0x00, 0x00, 0x00, 0x02, 0xEF, 0xFF, 0xFF, 0xD7,
  0x32, 0x37, 0xDF, 0xFF, 0xFF, 0xE2, 0x00, 0x00, 0x00, 0x8F, 0xFF, 0xFF, 0xD2, 0x00, 0x00, 0x02,
  0xDF, 0xFF, 0xFF, 0x80, 0x00, 0x00, 0x1D, 0xFF, 0xFF, 0xF5, 0x00, 0x00, 0x00, 0x05, 0xFF, 0xFF,
  0xFD, 0x00, 0x00, 0x04, 0xFF, 0xFF, 0xFE, 0x10, 0x00, 0x00, 0x00, 0x1E, 0xFF, 0xFF, 0xF4, 0x00,
  0x00, 0x7F, 0xFF, 0xFF, 0xA0, 0x00, 0x00, 0x00, 0x00, 0xAF, 0xFF, 0xFF, 0x70, 0x00, 0x09, 0xFF,
  0xFF, 0xF8, 0x00, 0x00, 0x00, 0x00, 0x08, 0xFF, 0xFF, 0xF9, 0x00, 0x00, 0xBF, 0xFF, 0xFF, 0x70,
  0x00, 0x00, 0x00, 0x00, 0x7F, 0xFF, 0xFF, 0xB0, 0x00, 0x0D, 0xFF, 0xFF, 0xF7, 0x00, 0x00, 0x00,
  0x00, 0x07, 0xFF, 0xFF, 0xFD, 0x00, 0x01, 0xEF, 0xFF, 0xFF, 0x70, 0x00, 0x00, 0x00, 0x00, 0x7F,
  0xFF, 0xFF, 0xE1, 0x00, 0x1E, 0xFF, 0xFF, 0xF7, 0x00, 0x00, 0x00, 0x00, 0x07, 0xFF, 0xFF, 0xFE,
  0x10, 0x01, 0xEF, 0xFF, 0xFF, 0x70, 0x00, 0x00, 0x00, 0x00, 0x7F, 0xFF, 0xFF, 0xE1, 0x00, 0x1E,
  0xFF, 0xFF, 0xF7, 0x00, 0x00, 0x00, 0x00, 0x07, 0xFF, 0xFF, 0xFE, 0x10, 0x00, 0xDF, 0xFF, 0xFF,
  0x70, 0x00, 0x00, 0x00, 0x00, 0x7F, 0xFF, 0xFF, 0xD0, 0x00, 0x0C, 0xFF, 0xFF, 0xF7, 0x00, 0x00,
  0x00, 0x00, 0x07, 0xFF, 0xFF, 0xFC, 0x00, 0x00, 0xAF, 0xFF, 0xFF, 0x80, 0x00, 0x00, 0x00, 0x00,
  0x8F, 0xFF, 0xFF, 0xA0, 0x00, 0x08, 0xFF, 0xFF, 0xFA, 0x00, 0x00, 0x00, 0x00, 0x0A, 0xFF, 0xFF,
  0xF8, 0x00, 0x00, 0x5F, 0xFF, 0xFF, 0xD0, 0x00, 0x00, 0x00, 0x00, 0xDF, 0xFF, 0xFF, 0x50, 0x00,
  0x02, 0xFF, 0xFF, 0xFF, 0x30, 0x00, 0x00, 0x00, 0x3F, 0xFF, 0xFF, 0xE1, 0x00, 0x00, 0x0B, 0xFF,
  0xFF, 0xFB, 0x00, 0x00, 0x00, 0x0B, 0xFF, 0xFF, 0xFA, 0x00, 0x00, 0x00, 0x5F, 0xFF, 0xFF, 0xFA,
  0x20, 0x00, 0x2A, 0xFF, 0xFF, 0xFF, 0x40, 0x00, 0x00, 0x00, 0xCF, 0xFF, 0xFF, 0xFF, 0xCB, 0xCF,
  0xFF, 0xFF, 0xFF, 0xA0, 0x00, 0x00, 0x00, 0x03, 0xFF, 0xFF, 0xFF, 0xFF, 0xFF, 0xFF, 0xFF, 0xFF,
  0xE2, 0x00, 0x00, 0x00, 0x00, 0x06, 0xFF, 0xFF, 0xFF, 0xFF, 0xFF, 0xFF, 0xFF, 0xE3, 0x00, 0x00,
  0x00, 0x00, 0x00, 0x05, 0xDF, 0xFF, 0xFF, 0xFF, 0xFF, 0xFF, 0xB2, 0x00, 0x00, 0x00, 0x00, 0x00,
  0x00, 0x01, 0x7C, 0xEF, 0xFF, 0xFF, 0xDA, 0x40, 0x00, 0x00, 0x00, 0x00, 0x00, 0x00, 0x00, 0x00,
  0x08, 0xFF, 0xFF, 0xE1, 0x00, 0x00, 0x00, 0x00, 0x00, 0x00, 0x00, 0x00, 0x00, 0x10, 0x7F, 0xFF,
  0xFE, 0x10, 0x00, 0x00, 0x00, 0x00, 0x00, 0x00, 0x00, 0x00, 0x00, 0x07, 0xFF, 0xFF, 0xE0, 0x00,
  0x00, 0x00, 0x00, 0x00, 0x00, 0x00, 0x00, 0x00, 0x00, 0x5F, 0xFF, 0xFF, 0xAA, 0xAA, 0xAA, 0x92,
  0x00, 0x00, 0x00, 0x00, 0x00, 0x00, 0x02, 0xEF, 0xFF, 0xFF, 0xFF, 0xFF, 0xFF, 0x30, 0x00, 0x00,
  0x00, 0x00, 0x00, 0x00, 0x09, 0xFF, 0xFF, 0xFF, 0xFF, 0xFF, 0xE2, 0x00, 0x00, 0x00, 0x00, 0x00,
  0x00, 0x00, 0x1B, 0xFF, 0xFF, 0xFF, 0xFF, 0xFF, 0x20, 0x00, 0x00, 0x00, 0x00, 0x00, 0x00, 0x00,
  0x06, 0xAD, 0xEE, 0xEE, 0xEE, 0xE2, 0x00, 0x00, 0x00, 0x00, 0x00, 0x00, 0x00, 0x00, 0x00, 0x01,
  0x11, 0x11, 0x11, 0x00, 0x00, 0x00, 0x00, 0x11, 0x11, 0x11, 0x11, 0x11, 0x11, 0x00, 0x00, 0x00,
  0x00, 0x00, 0x00, 0x00, 0x1D, 0xEE, 0xEE, 0xEE, 0xEE, 0xEE, 0xED, 0xB8, 0x30, 0x00, 0x00, 0x00,
  0x00, 0x01, 0xEF, 0xFF, 0xFF, 0xFF, 0xFF, 0xFF, 0xFF, 0xFF, 0xA1, 0x00, 0x00, 0x00, 0x00, 0x1E,
  0xFF, 0xFF, 0xFF, 0xFF, 0xFF, 0xFF, 0xFF, 0xFF, 0xC2, 0x00, 0x00, 0x00, 0x01, 0xEF, 0xFF, 0xFF,
  0xFF, 0xFF, 0xFF, 0xFF, 0xFF, 0xFF, 0xB0, 0x00, 0x00, 0x00, 0x1E, 0xFF, 0xFF, 0xFF, 0xFF, 0xFF,
  0xFF, 0xFF, 0xFF, 0xFF, 0x60, 0x00, 0x00, 0x01, 0xEF, 0xFF, 0xFF, 0x82, 0x22, 0x24, 0x9F, 0xFF,
  0xFF, 0xFC, 0x00, 0x00, 0x00, 0x1E, 0xFF, 0xFF, 0xF6, 0x00, 0x00, 0x00, 0x8F, 0xFF, 0xFF, 0xF2,
  0x00, 0x00, 0x01, 0xEF, 0xFF, 0xFF, 0x70, 0x00, 0x00, 0x03, 0xFF, 0xFF, 0xFF, 0x50, 0x00, 0x00,
  0x1E, 0xFF, 0xFF, 0xF7, 0x00, 0x00, 0x00, 0x1E, 0xFF, 0xFF, 0xF6, 0x00, 0x00, 0x01, 0xEF, 0xFF,
  0xFF, 0x70, 0x00, 0x00, 0x01, 0xEF, 0xFF, 0xFF, 0x60, 0x00, 0x00, 0x1E, 0xFF, 0xFF, 0xF7, 0x00,
  0x00, 0x00, 0x1E, 0xFF, 0xFF, 0xF6, 0x00, 0x00, 0x01, 0xEF, 0xFF, 0xFF, 0x70, 0x00, 0x00, 0x02,
  0xFF, 0xFF, 0xFF, 0x50, 0x00, 0x00, 0x1E, 0xFF, 0xFF, 0xF7, 0x00, 0x00, 0x00, 0x6F, 0xFF, 0xFF,
  0xF2, 0x00, 0x00, 0x01, 0xEF, 0xFF, 0xFF, 0x70, 0x00, 0x01, 0x5E, 0xFF, 0xFF, 0xFB, 0x00, 0x00,
  0x00, 0x1E, 0xFF, 0xFF, 0xFD, 0xCC, 0xCC, 0xDF, 0xFF, 0xFF, 0xFF, 0x50, 0x00, 0x00, 0x01, 0xEF,
  0xFF, 0xFF, 0xFF, 0xFF, 0xFF, 0xFF, 0xFF, 0xFF, 0xB0, 0x00, 0x00, 0x00, 0x1E, 0xFF, 0xFF, 0xFF,
  0xFF, 0xFF, 0xFF, 0xFF, 0xFF, 0xC1, 0x00, 0x00, 0x00, 0x01, 0xEF, 0xFF, 0xFF, 0xFF, 0xFF, 0xFF,
  0xFF, 0xFD, 0x81, 0x00, 0x00, 0x00, 0x00, 0x1E, 0xFF, 0xFF, 0xFD, 0xCC, 0xEF, 0xFF, 0xFF, 0x90,
  0x00, 0x00, 0x00, 0x00, 0x01, 0xEF, 0xFF, 0xFF, 0x60, 0x06, 0xFF, 0xFF, 0xFE, 0x20, 0x00, 0x00,
  0x00, 0x00, 0x1E, 0xFF, 0xFF, 0xF7, 0x00, 0x1D, 0xFF, 0xFF, 0xF8, 0x00, 0x00, 0x00, 0x00, 0x01,
  0xEF, 0xFF, 0xFF, 0x70, 0x00, 0x7F, 0xFF, 0xFF, 0xE2, 0x00, 0x00, 0x00, 0x00, 0x1E, 0xFF, 0xFF,
  0xF7, 0x00, 0x01, 0xEF, 0xFF, 0xFF, 0x80, 0x00, 0x00, 0x00, 0x01, 0xEF, 0xFF, 0xFF, 0x70, 0x00,
  0x08, 0xFF, 0xFF, 0xFE, 0x10, 0x00, 0x00, 0x00, 0x1E, 0xFF, 0xFF, 0xF7, 0x00, 0x00, 0x2E, 0xFF,
  0xFF, 0xF7, 0x00, 0x00, 0x00, 0x01, 0xEF, 0xFF, 0xFF, 0x70, 0x00, 0x00, 0xAF, 0xFF, 0xFF, 0xE1,
  0x00, 0x00, 0x00, 0x1E, 0xFF, 0xFF, 0xF7, 0x00, 0x00, 0x03, 0xFF, 0xFF, 0xFF, 0x70, 0x00, 0x00,
  0x01, 0xEF, 0xFF, 0xFF, 0x70, 0x00, 0x00, 0x0B, 0xFF, 0xFF, 0xFD, 0x10, 0x00, 0x00, 0x1F, 0xFF,
  0xFF, 0xF7, 0x00, 0x00, 0x00, 0x5F, 0xFF, 0xFF, 0xF7, 0x00, 0x00, 0x01, 0xAA, 0xAA, 0xAB, 0x50,
  0x00, 0x00, 0x00, 0x9B, 0xAA, 0xAA, 0x80, 0x00, 0x00, 0x00, 0x00, 0x00, 0x00, 0x00, 0x00, 0x00,
  0x00, 0x00, 0x00, 0x00, 0x00, 0x00, 0x00, 0x00, 0x00, 0x00, 0x00, 0x11, 0x11, 0x00, 0x00, 0x00,
  0x00, 0x00, 0x00, 0x00, 0x00, 0x00, 0x01, 0x69, 0xCD, 0xEE, 0xDC, 0xA7, 0x30, 0x00, 0x00, 0x00,
  0x00, 0x00, 0x00, 0x18, 0xEF, 0xFF, 0xFF, 0xFF, 0xFF, 0xFF, 0xB4, 0x00, 0x00, 0x00, 0x00, 0x00,
  0x2C, 0xFF, 0xFF, 0xFF, 0xFF, 0xFF, 0xFF, 0xFF, 0xF9, 0x00, 0x00, 0x00, 0x00, 0x1C, 0xFF, 0xFF,
  0xFF, 0xFF, 0xFF, 0xFF, 0xFF, 0xFF, 0xFB, 0x00, 0x00, 0x00, 0x07, 0xFF, 0xFF, 0xFF, 0xFF, 0xEE,
  0xFF, 0xFF, 0xFF, 0xFF, 0x80, 0x00, 0x00, 0x01, 0xDF, 0xFF, 0xFF, 0xF8, 0x31, 0x12, 0x5A, 0xFF,
  0xFF, 0x80, 0x00, 0x00, 0x00, 0x4F, 0xFF, 0xFF, 0xF7, 0x00, 0x00, 0x00, 0x03, 0xCF, 0x90, 0x00,
  0x00, 0x00, 0x06, 0xFF, 0xFF, 0xFE, 0x10, 0x00, 0x00, 0x00, 0x01, 0x70, 0x00, 0x00, 0x00, 0x00,
  0x7F, 0xFF, 0xFF, 0xD1, 0x00, 0x00, 0x00, 0x00, 0x00, 0x00, 0x00, 0x00, 0x00, 0x07, 0xFF, 0xFF,
  0xFF, 0x20, 0x00, 0x00, 0x00, 0x00, 0x00, 0x00, 0x00, 0x00, 0x00, 0x6F, 0xFF, 0xFF, 0xFA, 0x10,
  0x00, 0x00, 0x00, 0x00, 0x00, 0x00, 0x00, 0x00, 0x02, 0xFF, 0xFF, 0xFF, 0xFD, 0x84, 0x20, 0x00,
  0x00, 0x00, 0x00, 0x00, 0x00, 0x00, 0x0B, 0xFF, 0xFF, 0xFF, 0xFF, 0xFE, 0xDA, 0x84, 0x10, 0x00,
  0x00, 0x00, 0x00, 0x00, 0x4F, 0xFF, 0xFF, 0xFF, 0xFF, 0xFF, 0xFF, 0xFD, 0x70, 0x00, 0x00, 0x00,
  0x00, 0x00, 0x8F, 0xFF, 0xFF, 0xFF, 0xFF, 0xFF, 0xFF, 0xFF, 0xB2, 0x00, 0x00, 0x00, 0x00, 0x00,
  0x7E, 0xFF, 0xFF, 0xFF, 0xFF, 0xFF, 0xFF, 0xFF, 0xC1, 0x00, 0x00, 0x00, 0x00, 0x00, 0x28, 0xCE,
  0xFF, 0xFF, 0xFF, 0xFF, 0xFF, 0xFF, 0x70, 0x00, 0x00, 0x00, 0x00, 0x00, 0x00, 0x24, 0x69, 0xBE,
  0xFF, 0xFF, 0xFF, 0xFD, 0x10, 0x00, 0x00, 0x00, 0x00, 0x00, 0x00, 0x00, 0x00, 0x17, 0xEF, 0xFF,
  0xFF, 0xF4, 0x00, 0x00, 0x00, 0x00, 0x00, 0x00, 0x00, 0x00, 0x00, 0x06, 0xFF, 0xFF, 0xFF, 0x60,
  0x00, 0x00, 0x00, 0x00, 0x00, 0x00, 0x00, 0x00, 0x00, 0x1E, 0xFF, 0xFF, 0xF6, 0x00, 0x00, 0x00,
  0x01, 0x20, 0x00, 0x00, 0x00, 0x00, 0x01, 0xEF, 0xFF, 0xFF, 0x60, 0x00, 0x00, 0x01, 0xCD, 0x20,
  0x00, 0x00, 0x00, 0x00, 0x3F, 0xFF, 0xFF, 0xF4, 0x00, 0x00, 0x00, 0xBF, 0xFE, 0x60, 0x00, 0x00,
  0x00, 0x0B, 0xFF, 0xFF, 0xFE, 0x10, 0x00, 0x01, 0xAF, 0xFF, 0xFF, 0xC7, 0x41, 0x12, 0x5B, 0xFF,
  0xFF, 0xFF, 0x90, 0x00, 0x00, 0x6F, 0xFF, 0xFF, 0xFF, 0xFF, 0xEE, 0xEF, 0xFF, 0xFF, 0xFF, 0xE2,
  0x00, 0x00, 0x01, 0xAF, 0xFF, 0xFF, 0xFF, 0xFF, 0xFF, 0xFF, 0xFF, 0xFF, 0xF5, 0x00, 0x00, 0x00,
  0x00, 0x8F, 0xFF, 0xFF, 0xFF, 0xFF, 0xFF, 0xFF, 0xFF, 0xE6, 0x00, 0x00, 0x00, 0x00, 0x00, 0x3A,
  0xFF, 0xFF, 0xFF, 0xFF, 0xFF, 0xFF, 0xA3, 0x00, 0x00, 0x00, 0x00, 0x00, 0x00, 0x02, 0x69, 0xCD,
  0xEE, 0xDC, 0xA7, 0x20, 0x00, 0x00, 0x00, 0x00, 0x00, 0x00, 0x00, 0x00, 0x00, 0x11, 0x11, 0x00,
  0x00, 0x00, 0x00, 0x00, 0x00, 0x00, 0x11, 0x11, 0x11, 0x11, 0x11, 0x11, 0x11, 0x11, 0x11, 0x11,
  0x11, 0x10, 0x00, 0x1D, 0xEE, 0xEE, 0xEE, 0xEE, 0xEE, 0xEE, 0xEE, 0xEE, 0xEE, 0xEE, 0xED, 0x10,
  0x01, 0xFF, 0xFF, 0xFF, 0xFF, 0xFF, 0xFF, 0xFF, 0xFF, 0xFF, 0xFF, 0xFF, 0xF1, 0x00, 0x1E, 0xFF,
  0xFF, 0xFF, 0xFF, 0xFF, 0xFF, 0xFF, 0xFF, 0xFF, 0xFF, 0xFE, 0x10, 0x01, 0xEF, 0xFF, 0xFF, 0xFF,
  0xFF, 0xFF, 0xFF, 0xFF, 0xFF, 0xFF, 0xFF, 0xE1, 0x00, 0x1D, 0xEE, 0xEE, 0xEE, 0xEF, 0xFF, 0xFF,
  0xFF, 0xEE, 0xEE, 0xEE, 0xED, 0x10, 0x00, 0x11, 0x11, 0x11, 0x11, 0x8F, 0xFF, 0xFF, 0xD1, 0x11,
  0x11, 0x11, 0x10, 0x00, 0x00, 0x00, 0x00, 0x00, 0x07, 0xFF, 0xFF, 0xFD, 0x00, 0x00, 0x00, 0x00,
  0x00, 0x00, 0x00, 0x00, 0x00, 0x00, 0x7F, 0xFF, 0xFF, 0xD1, 0x00, 0x00, 0x00, 0x00, 0x00, 0x00,
  0x00, 0x00, 0x00, 0x07, 0xFF, 0xFF, 0xFD, 0x10, 0x00, 0x00, 0x00, 0x00, 0x00, 0x00, 0x00, 0x00,
  0x00, 0x7F, 0xFF, 0xFF, 0xD1, 0x00, 0x00, 0x00, 0x00, 0x00, 0x00, 0x00, 0x00, 0x00, 0x07, 0xFF,
  0xFF, 0xFD, 0x10, 0x00, 0x00, 0x00, 0x00, 0x00, 0x00, 0x00, 0x00, 0x00, 0x7F, 0xFF, 0xFF, 0xD1,
  0x00, 0x00, 0x00, 0x00, 0x00, 0x00, 0x00, 0x00, 0x00, 0x07, 0xFF, 0xFF, 0xFD, 0x10, 0x00, 0x00,
  0x00, 0x00, 0x00, 0x00, 0x00, 0x00, 0x00, 0x7F, 0xFF, 0xFF, 0xD1, 0x00, 0x00, 0x00, 0x00, 0x00,
  0x00, 0x00, 0x00, 0x00, 0x07, 0xFF, 0xFF, 0xFD, 0x10, 0x00, 0x00, 0x00, 0x00, 0x00, 0x00, 0x00,
  0x00, 0x00, 0x7F, 0xFF, 0xFF, 0xD1, 0x00, 0x00, 0x00, 0x00, 0x00, 0x00, 0x00, 0x00, 0x00, 0x07,
  0xFF, 0xFF, 0xFD, 0x10, 0x00, 0x00, 0x00, 0x00, 0x00, 0x00, 0x00, 0x00, 0x00, 0x7F, 0xFF, 0xFF,
  0xD1, 0x00, 0x00, 0x00, 0x00, 0x00, 0x00, 0x00, 0x00, 0x00, 0x07, 0xFF, 0xFF, 0xFD, 0x10, 0x00,
  0x00, 0x00, 0x00, 0x00, 0x00, 0x00, 0x00, 0x00, 0x7F, 0xFF, 0xFF, 0xD1, 0x00, 0x00, 0x00, 0x00,
  0x00, 0x00, 0x00, 0x00, 0x00, 0x07, 0xFF, 0xFF, 0xFD, 0x10, 0x00, 0x00, 0x00, 0x00, 0x00, 0x00,
  0x00, 0x00, 0x00, 0x7F, 0xFF, 0xFF, 0xD1, 0x00, 0x00, 0x00, 0x00, 0x00, 0x00, 0x00, 0x00, 0x00,
  0x07, 0xFF, 0xFF, 0xFD, 0x10, 0x00, 0x00, 0x00, 0x00, 0x00, 0x00, 0x00, 0x00, 0x00, 0x7F, 0xFF,
  0xFF, 0xD1, 0x00, 0x00, 0x00, 0x00, 0x00, 0x00, 0x00, 0x00, 0x00, 0x07, 0xFF, 0xFF, 0xFD, 0x10,
  0x00, 0x00, 0x00, 0x00, 0x00, 0x00, 0x00, 0x00, 0x00, 0x7F, 0xFF, 0xFF, 0xD1, 0x00, 0x00, 0x00,
  0x00, 0x00, 0x00, 0x00, 0x00, 0x00, 0x07, 0xFF, 0xFF, 0xFD, 0x10, 0x00, 0x00, 0x00, 0x00, 0x00,
  0x00, 0x00, 0x00, 0x00, 0x8F, 0xFF, 0xFF, 0xE1, 0x00, 0x00, 0x00, 0x00, 0x00, 0x00, 0x00, 0x00,
  0x00, 0x07, 0xEE, 0xEE, 0xEC, 0x00, 0x00, 0x00, 0x00, 0x00, 0x00, 0x00, 0x00, 0x00, 0x00, 0x01,
  0x11, 0x11, 0x10, 0x00, 0x00, 0x00, 0x00, 0x00, 0x00, 0x00, 0x11, 0x11, 0x11, 0x00, 0x00, 0x00,
  0x00, 0x11, 0x11, 0x11, 0x00, 0x00, 0x00, 0x7E, 0xEE, 0xEE, 0xC0, 0x00, 0x00, 0x00, 0x6E, 0xEE,
  0xEE, 0xD1, 0x00, 0x00, 0x08, 0xFF, 0xFF, 0xFE, 0x10, 0x00, 0x00, 0x07, 0xFF, 0xFF, 0xFE, 0x10,
  0x00, 0x00, 0x7F, 0xFF, 0xFF, 0xD1, 0x00, 0x00, 0x00, 0x7F, 0xFF, 0xFF, 0xE1, 0x00, 0x00, 0x07,
  0xFF, 0xFF, 0xFD, 0x10, 0x00, 0x00, 0x07, 0xFF, 0xFF, 0xFE, 0x10, 0x00, 0x00, 0x7F, 0xFF, 0xFF,
  0xD1, 0x00, 0x00, 0x00, 0x7F, 0xFF, 0xFF, 0xE1, 0x00, 0x00, 0x07, 0xFF, 0xFF, 0xFD, 0x10, 0x00,
  0x00, 0x07, 0xFF, 0xFF, 0xFE, 0x10, 0x00, 0x00, 0x7F, 0xFF, 0xFF, 0xD1, 0x00, 0x00, 0x00, 0x7F,
  0xFF, 0xFF, 0xE1, 0x00, 0x00, 0x07, 0xFF, 0xFF, 0xFD, 0x10, 0x00, 0x00, 0x07, 0xFF, 0xFF, 0xFE,
  0x10, 0x00, 0x00, 0x7F, 0xFF, 0xFF, 0xD1, 0x00, 0x00, 0x00, 0x7F, 0xFF, 0xFF, 0xE1, 0x00, 0x00,
  0x07, 0xFF, 0xFF, 0xFD, 0x10, 0x00, 0x00, 0x07, 0xFF, 0xFF, 0xFE, 0x10, 0x00, 0x00, 0x7F, 0xFF,
  0xFF, 0xD1, 0x00, 0x00, 0x00, 0x7F, 0xFF, 0xFF, 0xE1, 0x00, 0x00, 0x07, 0xFF, 0xFF, 0xFD, 0x10,
  0x00, 0x00, 0x07, 0xFF, 0xFF, 0xFE, 0x10, 0x00, 0x00, 0x7F, 0xFF, 0xFF, 0xD1, 0x00, 0x00, 0x00,
  0x7F, 0xFF, 0xFF, 0xE1, 0x00, 0x00, 0x07, 0xFF, 0xFF, 0xFD, 0x10, 0x00, 0x00, 0x07, 0xFF, 0xFF,
  0xFE, 0x10, 0x00, 0x00, 0x7F, 0xFF, 0xFF, 0xD1, 0x00, 0x00, 0x00, 0x7F, 0xFF, 0xFF, 0xE1, 0x00,
  0x00, 0x07, 0xFF, 0xFF, 0xFD, 0x10, 0x00, 0x00, 0x07, 0xFF, 0xFF, 0xFE, 0x10, 0x00, 0x00, 0x7F,
  0xFF, 0xFF, 0xD1, 0x00, 0x00, 0x00, 0x7F, 0xFF, 0xFF, 0xE1, 0x00, 0x00, 0x07, 0xFF, 0xFF, 0xFD,
  0x10, 0x00, 0x00, 0x07, 0xFF, 0xFF, 0xFE, 0x10, 0x00, 0x00, 0x7F, 0xFF, 0xFF, 0xD1, 0x00, 0x00,
  0x00, 0x7F, 0xFF, 0xFF, 0xE1, 0x00, 0x00, 0x07, 0xFF, 0xFF, 0xFD, 0x10, 0x00, 0x00, 0x07, 0xFF,
  0xFF, 0xFE, 0x10, 0x00, 0x00, 0x6F, 0xFF, 0xFF, 0xE1, 0x00, 0x00, 0x00, 0x7F, 0xFF, 0xFF, 0xD0,
  0x00, 0x00, 0x05, 0xFF, 0xFF, 0xFF, 0x20, 0x00, 0x00, 0x08, 0xFF, 0xFF, 0xFC, 0x00, 0x00, 0x00,
  0x4F, 0xFF, 0xFF, 0xF4, 0x00, 0x00, 0x00, 0xBF, 0xFF, 0xFF, 0xA0, 0x00, 0x00, 0x01, 0xEF, 0xFF,
  0xFF, 0xA0, 0x00, 0x00, 0x4F, 0xFF, 0xFF, 0xF8, 0x00, 0x00, 0x00, 0x0B, 0xFF, 0xFF, 0xFF, 0xA4,
  0x22, 0x6E, 0xFF, 0xFF, 0xFF, 0x40, 0x00, 0x00, 0x00, 0x6F, 0xFF, 0xFF, 0xFF, 0xFF, 0xFF, 0xFF,
  0xFF, 0xFF, 0xD0, 0x00, 0x00, 0x00, 0x01, 0xCF, 0xFF, 0xFF, 0xFF, 0xFF, 0xFF, 0xFF, 0xFF, 0xF5,
  0x00, 0x00, 0x00, 0x00, 0x03, 0xDF, 0xFF, 0xFF, 0xFF, 0xFF, 0xFF, 0xFF, 0xF8, 0x00, 0x00, 0x00,
  0x00, 0x00, 0x02, 0xBF, 0xFF, 0xFF, 0xFF, 0xFF, 0xFF, 0xD6, 0x00, 0x00, 0x00, 0x00, 0x00, 0x00,
  0x00, 0x38, 0xAC, 0xDE, 0xED, 0xB9, 0x61, 0x00, 0x00, 0x00, 0x00, 0x00, 0x00, 0x00, 0x00, 0x00,
  0x01, 0x11, 0x00, 0x00, 0x00, 0x00, 0x00, 0x00, 0x01, 0x11, 0x11, 0x11, 0x00, 0x00, 0x00, 0x00,
  0x00, 0x01, 0x11, 0x11, 0x11, 0x00, 0x7E, 0xEE, 0xEE, 0xE7, 0x00, 0x00, 0x00, 0x00, 0x01, 0xDE,
  0xEE, 0xEE, 0x90, 0x04, 0xFF, 0xFF, 0xFF, 0xB0, 0x00, 0x00, 0x00, 0x00, 0x4F, 0xFF, 0xFF, 0xF7,
  0x00, 0x1E, 0xFF, 0xFF, 0xFE, 0x10, 0x00, 0x00, 0x00, 0x07, 0xFF, 0xFF, 0xFF, 0x30, 0x00, 0xAF,
  0xFF, 0xFF, 0xF4, 0x00, 0x00, 0x00, 0x00, 0xAF, 0xFF, 0xFF, 0xD0, 0x00, 0x06, 0xFF, 0xFF, 0xFF,
  0x70, 0x00, 0x00, 0x00, 0x0D, 0xFF, 0xFF, 0xF9, 0x00, 0x00, 0x3F, 0xFF, 0xFF, 0xFA, 0x00, 0x00,
  0x00, 0x03, 0xFF, 0xFF, 0xFF, 0x50, 0x00, 0x00, 0xDF, 0xFF, 0xFF, 0xD0, 0x00, 0x00, 0x00, 0x6F,
  0xFF, 0xFF, 0xF2, 0x00, 0x00, 0x09, 0xFF, 0xFF, 0xFF, 0x30, 0x00, 0x00, 0x09, 0xFF, 0xFF, 0xFC,
  0x00, 0x00, 0x00, 0x5F, 0xFF, 0xFF, 0xF6, 0x00, 0x00, 0x00, 0xCF, 0xFF, 0xFF, 0x80, 0x00, 0x00,
  0x02, 0xFF, 0xFF, 0xFF, 0x90, 0x00, 0x00, 0x2F, 0xFF, 0xFF, 0xF4, 0x00, 0x00, 0x00, 0x0C, 0xFF,
  0xFF, 0xFC, 0x00, 0x00, 0x05, 0xFF, 0xFF, 0xFE, 0x10, 0x00, 0x00, 0x00, 0x8F, 0xFF, 0xFF, 0xF2,
  0x00, 0x00, 0x9F, 0xFF, 0xFF, 0xB0, 0x00, 0x00, 0x00, 0x04, 0xFF, 0xFF, 0xFF, 0x50, 0x00, 0x0C,
  0xFF, 0xFF, 0xF7, 0x00, 0x00, 0x00, 0x00, 0x1E, 0xFF, 0xFF, 0xF8, 0x00, 0x02, 0xEF, 0xFF, 0xFF,
  0x30, 0x00, 0x00, 0x00, 0x00, 0xBF, 0xFF, 0xFF, 0xB0, 0x00, 0x5F, 0xFF, 0xFF, 0xD1, 0x00, 0x00,
  0x00, 0x00, 0x07, 0xFF, 0xFF, 0xFE, 0x10, 0x08, 0xFF, 0xFF, 0xFA, 0x00, 0x00, 0x00, 0x00, 0x00,
  0x3F, 0xFF, 0xFF, 0xF3, 0x00, 0xAF, 0xFF, 0xFF, 0x60, 0x00, 0x00, 0x00, 0x00, 0x01, 0xDF, 0xFF,
  0xFF, 0x60, 0x1D, 0xFF, 0xFF, 0xF3, 0x00, 0x00, 0x00, 0x00, 0x00, 0x0A, 0xFF, 0xFF, 0xF9, 0x03,
  0xFF, 0xFF, 0xFC, 0x00, 0x00, 0x00, 0x00, 0x00, 0x00, 0x6F, 0xFF, 0xFF, 0xC0, 0x5F, 0xFF, 0xFF,
  0x90, 0x00, 0x00, 0x00, 0x00, 0x00, 0x03, 0xFF, 0xFF, 0xFE, 0x08, 0xFF, 0xFF, 0xF5, 0x00, 0x00,
  0x00, 0x00, 0x00, 0x00, 0x0C, 0xFF, 0xFF, 0xF4, 0xAF, 0xFF, 0xFE, 0x20, 0x00, 0x00, 0x00, 0x00,
  0x00, 0x00, 0x9F, 0xFF, 0xFF, 0x8D, 0xFF, 0xFF, 0xC0, 0x00, 0x00, 0x00, 0x00, 0x00, 0x00, 0x05,
  0xFF, 0xFF, 0xFE, 0xFF, 0xFF, 0xF8, 0x00, 0x00, 0x00, 0x00, 0x00, 0x00, 0x00, 0x2E, 0xFF, 0xFF,
  0xFF, 0xFF, 0xFF, 0x40, 0x00, 0x00, 0x00, 0x00, 0x00, 0x00, 0x00, 0xBF, 0xFF, 0xFF, 0xFF, 0xFF,
  0xE1, 0x00, 0x00, 0x00, 0x00, 0x00, 0x00, 0x00, 0x08, 0xFF, 0xFF, 0xFF, 0xFF, 0xFB, 0x00, 0x00,
  0x00, 0x00, 0x00, 0x00, 0x00, 0x00, 0x4F, 0xFF, 0xFF, 0xFF, 0xFF, 0x70, 0x00, 0x00, 0x00, 0x00,
  0x00, 0x00, 0x00, 0x01, 0xDE, 0xEE, 0xEE, 0xEE, 0xE3, 0x00, 0x00, 0x00, 0x00, 0x00, 0x00, 0x00,
  0x00, 0x01, 0x11, 0x11, 0x11, 0x11, 0x00, 0x00, 0x00, 0x00, 0x00, 0x00, 0x11, 0x11, 0x10, 0x00,
  0x00, 0x00, 0x00, 0x00, 0x00, 0x01, 0x11, 0x11, 0x00, 0x7E, 0xEE, 0xEC, 0x00, 0x00, 0x00, 0x00,
  0x00, 0x00, 0x07, 0xEE, 0xEE, 0x90, 0x07, 0xFF, 0xFF, 0xE1, 0x00, 0x00, 0x00, 0x00, 0x00, 0x00,
  0x8F, 0xFF, 0xF9, 0x00, 0x6F, 0xFF, 0xFE, 0x10, 0x00, 0x00, 0x00, 0x00, 0x00, 0x09, 0xFF, 0xFF,
  0x80, 0x05, 0xFF, 0xFF, 0xE1, 0x00, 0x00, 0x00, 0x00, 0x00, 0x00, 0x9F, 0xFF, 0xF8, 0x00, 0x4F,
  0xFF, 0xFF, 0x20, 0x00, 0x00, 0x00, 0x00, 0x00, 0x0A, 0xFF, 0xFF, 0x70, 0x03, 0xFF, 0xFF, 0xF3,
  0x00, 0x00, 0x00, 0x00, 0x00, 0x00, 0xBF, 0xFF, 0xF6, 0x00, 0x3F, 0xFF, 0xFF, 0x30, 0x02, 0x78,
  0x77, 0x74, 0x00, 0x0B, 0xFF, 0xFF, 0x50, 0x02, 0xFF, 0xFF, 0xF4, 0x00, 0x5F, 0xFF, 0xFF, 0xB0,
  0x00, 0xCF, 0xFF, 0xF4, 0x00, 0x1E, 0xFF, 0xFF, 0x50, 0x07, 0xFF, 0xFF, 0xFC, 0x00, 0x0D, 0xFF,
  0xFF, 0x30, 0x01, 0xEF, 0xFF, 0xF5, 0x00, 0x9F, 0xFF, 0xFF, 0xE1, 0x01, 0xDF, 0xFF, 0xF3, 0x00,
  0x0D, 0xFF, 0xFF, 0x60, 0x0B, 0xFF, 0xFF, 0xFF, 0x30, 0x1E, 0xFF, 0xFF, 0x20, 0x00, 0xCF, 0xFF,
  0xF7, 0x01, 0xDF, 0xFF, 0xFF, 0xF5, 0x01, 0xEF, 0xFF, 0xE1, 0x00, 0x0B, 0xFF, 0xFF, 0x70, 0x2E,
  0xFF, 0xFF, 0xFF, 0x70, 0x2E, 0xFF, 0xFE, 0x10, 0x00, 0xAF, 0xFF, 0xF8, 0x04, 0xFF, 0xF8, 0xEF,
  0xF9, 0x03, 0xFF, 0xFF, 0xD0, 0x00, 0x09, 0xFF, 0xFF, 0x90, 0x6F, 0xFF, 0x4D, 0xFF, 0xB0, 0x3F,
  0xFF, 0xFC, 0x00, 0x00, 0x9F, 0xFF, 0xF9, 0x08, 0xFF, 0xE2, 0xCF, 0xFD, 0x03, 0xFF, 0xFF, 0xB0,
  0x00, 0x08, 0xFF, 0xFF, 0xA0, 0xAF, 0xFD, 0x0A, 0xFF, 0xF1, 0x4F, 0xFF, 0xFA, 0x00, 0x00, 0x7F,
  0xFF, 0xFA, 0x0C, 0xFF, 0xC0, 0x9F, 0xFF, 0x34, 0xFF, 0xFF, 0x90, 0x00, 0x06, 0xFF, 0xFF, 0xB1,
  0xEF, 0xFA, 0x07, 0xFF, 0xF5, 0x5F, 0xFF, 0xF9, 0x00, 0x00, 0x5F, 0xFF, 0xFB, 0x2F, 0xFF, 0x80,
  0x5F, 0xFF, 0x75, 0xFF, 0xFF, 0x80, 0x00, 0x04, 0xFF, 0xFF, 0xC5, 0xFF, 0xF6, 0x04, 0xFF, 0xF9,
  0x6F, 0xFF, 0xF7, 0x00, 0x00, 0x4F, 0xFF, 0xFC, 0x7F, 0xFF, 0x40, 0x2E, 0xFF, 0xB7, 0xFF, 0xFF,
  0x60, 0x00, 0x03, 0xFF, 0xFF, 0xD9, 0xFF, 0xF2, 0x01, 0xDF, 0xFD, 0x9F, 0xFF, 0xF5, 0x00, 0x00,
  0x2F, 0xFF, 0xFF, 0xFF, 0xFE, 0x10, 0x0B, 0xFF, 0xFF, 0xFF, 0xFF, 0x40, 0x00, 0x01, 0xEF, 0xFF,
  0xFF, 0xFF, 0xC0, 0x00, 0xAF, 0xFF, 0xFF, 0xFF, 0xF4, 0x00, 0x00, 0x1E, 0xFF, 0xFF, 0xFF, 0xFA,
  0x00, 0x08, 0xFF, 0xFF, 0xFF, 0xFF, 0x30, 0x00, 0x00, 0xDF, 0xFF, 0xFF, 0xFF, 0x90, 0x00, 0x6F,
  0xFF, 0xFF, 0xFF, 0xE2, 0x00, 0x00, 0x0C, 0xFF, 0xFF, 0xFF, 0xF7, 0x00, 0x04, 0xFF, 0xFF, 0xFF,
  0xFF, 0x10, 0x00, 0x00, 0xAE, 0xEE, 0xEE, 0xEE, 0x50, 0x00, 0x2E, 0xEE, 0xEE, 0xEE, 0xD1, 0x00,
  0x00, 0x01, 0x11, 0x11, 0x11, 0x10, 0x00, 0x00, 0x11, 0x11, 0x11, 0x11, 0x00, 0x00, 0x00, 0x11,
  0x11, 0x11, 0x10, 0x00, 0x00, 0x00, 0x00, 0x01, 0x11, 0x11, 0x10, 0x00, 0x0B, 0xEE, 0xEE, 0xEE,
  0x50, 0x00, 0x00, 0x00, 0x08, 0xEE, 0xEE, 0xED, 0x10, 0x00, 0x4F, 0xFF, 0xFF, 0xFD, 0x10, 0x00,
  0x00, 0x03, 0xFF, 0xFF, 0xFF, 0x70, 0x00, 0x00, 0xAF, 0xFF, 0xFF, 0xF6, 0x00, 0x00, 0x00, 0xAF,
  0xFF, 0xFF, 0xD1, 0x00, 0x00, 0x03, 0xFF, 0xFF, 0xFF, 0xD1, 0x00, 0x00, 0x4F, 0xFF, 0xFF, 0xF5,
  0x00, 0x00, 0x00, 0x09, 0xFF, 0xFF, 0xFF, 0x70, 0x00, 0x0B, 0xFF, 0xFF, 0xFC, 0x00, 0x00, 0x00,
  0x00, 0x2E, 0xFF, 0xFF, 0xFD, 0x10, 0x04, 0xFF, 0xFF, 0xFF, 0x40, 0x00, 0x00, 0x00, 0x00, 0x8F,
  0xFF, 0xFF, 0xF6, 0x00, 0xBF, 0xFF, 0xFF, 0xB0, 0x00, 0x00, 0x00, 0x00, 0x01, 0xDF, 0xFF, 0xFF,
  0xC0, 0x3F, 0xFF, 0xFF, 0xF3, 0x00, 0x00, 0x00, 0x00, 0x00, 0x06, 0xFF, 0xFF, 0xFF, 0x49, 0xFF,
  0xFF, 0xFA, 0x00, 0x00, 0x00, 0x00, 0x00, 0x00, 0x0C, 0xFF, 0xFF, 0xFE, 0xEF, 0xFF, 0xFE, 0x20,
  0x00, 0x00, 0x00, 0x00, 0x00, 0x00, 0x5F, 0xFF, 0xFF, 0xFF, 0xFF, 0xFF, 0x80, 0x00, 0x00, 0x00,
  0x00, 0x00, 0x00, 0x00, 0xBF, 0xFF, 0xFF, 0xFF, 0xFF, 0xE1, 0x00, 0x00, 0x00, 0x00, 0x00, 0x00,
  0x00, 0x03, 0xFF, 0xFF, 0xFF, 0xFF, 0xF7, 0x00, 0x00, 0x00, 0x00, 0x00, 0x00, 0x00, 0x00, 0x0A,
  0xFF, 0xFF, 0xFF, 0xFC, 0x10, 0x00, 0x00, 0x00, 0x00, 0x00, 0x00, 0x00, 0x00, 0xAF, 0xFF, 0xFF,
  0xFF, 0xC0, 0x00, 0x00, 0x00, 0x00, 0x00, 0x00, 0x00, 0x00, 0x3F, 0xFF, 0xFF, 0xFF, 0xFF, 0x60,
  0x00, 0x00, 0x00, 0x00, 0x00, 0x00, 0x00, 0x0B, 0xFF, 0xFF, 0xFF, 0xFF, 0xFD, 0x10, 0x00, 0x00,
  0x00, 0x00, 0x00, 0x00, 0x05, 0xFF, 0xFF, 0xFF, 0xFF, 0xFF, 0xF7, 0x00, 0x00, 0x00, 0x00, 0x00,
  0x00, 0x00, 0xCF, 0xFF, 0xFF, 0xCF, 0xFF, 0xFF, 0xE2, 0x00, 0x00, 0x00, 0x00, 0x00, 0x00, 0x6F,
  0xFF, 0xFF, 0xB2, 0xEF, 0xFF, 0xFF, 0x90, 0x00, 0x00, 0x00, 0x00, 0x00, 0x1D, 0xFF, 0xFF, 0xF5,
  0x09, 0xFF, 0xFF, 0xFF, 0x30, 0x00, 0x00, 0x00, 0x00, 0x08, 0xFF, 0xFF, 0xFD, 0x00, 0x3F, 0xFF,
  0xFF, 0xFA, 0x00, 0x00, 0x00, 0x00, 0x02, 0xEF, 0xFF, 0xFF, 0x60, 0x00, 0xBF, 0xFF, 0xFF, 0xF4,
  0x00, 0x00, 0x00, 0x00, 0x9F, 0xFF, 0xFF, 0xD1, 0x00, 0x04, 0xFF, 0xFF, 0xFF, 0xC0, 0x00, 0x00,
  0x00, 0x3F, 0xFF, 0xFF, 0xF6, 0x00, 0x00, 0x0B, 0xFF, 0xFF, 0xFF, 0x50, 0x00, 0x00, 0x0A, 0xFF,
  0xFF, 0xFC, 0x00, 0x00, 0x00, 0x3F, 0xFF, 0xFF, 0xFD, 0x10, 0x00, 0x04, 0xFF, 0xFF, 0xFF, 0x50,
  0x00, 0x00, 0x00, 0xAF, 0xFF, 0xFF, 0xF7, 0x00, 0x00, 0xCF, 0xFF, 0xFF, 0xB0, 0x00, 0x00, 0x00,
  0x03, 0xFF, 0xFF, 0xFF, 0xE1, 0x00, 0x5E, 0xEE, 0xEE, 0xE4, 0x00, 0x00, 0x00, 0x00, 0x09, 0xEE,
  0xEE, 0xEE, 0x70, 0x01, 0x11, 0x11, 0x11, 0x00, 0x00, 0x00, 0x00, 0x00, 0x01, 0x11, 0x11, 0x11,
  0x00, 0x01, 0x11, 0x11, 0x11, 0x00, 0x00, 0x00, 0x00, 0x00, 0x00, 0x11, 0x11, 0x11, 0x10, 0x07,
  0xEE, 0xEE, 0xEE, 0x90, 0x00, 0x00, 0x00, 0x00, 0x06, 0xEE, 0xEE, 0xEE, 0x60, 0x01, 0xEF, 0xFF,
  0xFF, 0xE2, 0x00, 0x00, 0x00, 0x00, 0x1D, 0xFF, 0xFF, 0xFD, 0x10, 0x00, 0x7F, 0xFF, 0xFF, 0xF8,
  0x00, 0x00, 0x00, 0x00, 0x6F, 0xFF, 0xFF, 0xF6, 0x00, 0x00, 0x1E, 0xFF, 0xFF, 0xFE, 0x20, 0x00,
  0x00, 0x00, 0xCF, 0xFF, 0xFF, 0xD1, 0x00, 0x00, 0x07, 0xFF, 0xFF, 0xFF, 0x80, 0x00, 0x00, 0x05,
  0xFF, 0xFF, 0xFF, 0x60, 0x00, 0x00, 0x01, 0xEF, 0xFF, 0xFF, 0xE1, 0x00, 0x00, 0x0C, 0xFF, 0xFF,
  0xFD, 0x10, 0x00, 0x00, 0x00, 0x7F, 0xFF, 0xFF, 0xF7, 0x00, 0x00, 0x4F, 0xFF, 0xFF, 0xF6, 0x00,
  0x00, 0x00, 0x00, 0x1E, 0xFF, 0xFF, 0xFD, 0x10, 0x00, 0xAF, 0xFF, 0xFF, 0xD1, 0x00, 0x00, 0x00,
  0x00, 0x07, 0xFF, 0xFF, 0xFF, 0x50, 0x02, 0xEF, 0xFF, 0xFF, 0x60, 0x00, 0x00, 0x00, 0x00, 0x01,
  0xDF, 0xFF, 0xFF, 0xB0, 0x08, 0xFF, 0xFF, 0xFD, 0x10, 0x00, 0x00, 0x00, 0x00, 0x00, 0x7F, 0xFF,
  0xFF, 0xE2, 0x0D, 0xFF, 0xFF, 0xF6, 0x00, 0x00, 0x00, 0x00, 0x00, 0x00, 0x1D, 0xFF, 0xFF, 0xF7,
  0x4F, 0xFF, 0xFF, 0xD1, 0x00, 0x00, 0x00, 0x00, 0x00, 0x00, 0x07, 0xFF, 0xFF, 0xFD, 0xDF, 0xFF,
  0xFF, 0x60, 0x00, 0x00, 0x00, 0x00, 0x00, 0x00, 0x01, 0xDF, 0xFF, 0xFF, 0xFF, 0xFF, 0xFD, 0x10,
  0x00, 0x00, 0x00, 0x00, 0x00, 0x00, 0x00, 0x7F, 0xFF, 0xFF, 0xFF, 0xFF, 0xF6, 0x00, 0x00, 0x00,
  0x00, 0x00, 0x00, 0x00, 0x00, 0x1D, 0xFF, 0xFF, 0xFF, 0xFF, 0xC1, 0x00, 0x00, 0x00, 0x00, 0x00,
  0x00, 0x00, 0x00, 0x07, 0xFF, 0xFF, 0xFF, 0xFF, 0x50, 0x00, 0x00, 0x00, 0x00, 0x00, 0x00, 0x00,
  0x00, 0x01, 0xDF, 0xFF, 0xFF, 0xFC, 0x00, 0x00, 0x00, 0x00, 0x00, 0x00, 0x00, 0x00, 0x00, 0x00,
  0x7F, 0xFF, 0xFF, 0xF6, 0x00, 0x00, 0x00, 0x00, 0x00, 0x00, 0x00, 0x00, 0x00, 0x00, 0x4F, 0xFF,
  0xFF, 0xF4, 0x00, 0x00, 0x00, 0x00, 0x00, 0x00, 0x00, 0x00, 0x00, 0x00, 0x5F, 0xFF, 0xFF, 0xF4,
  0x00, 0x00, 0x00, 0x00, 0x00, 0x00, 0x00, 0x00, 0x00, 0x00, 0x5F, 0xFF, 0xFF, 0xF4, 0x00, 0x00,
  0x00, 0x00, 0x00, 0x00, 0x00, 0x00, 0x00, 0x00, 0x5F, 0xFF, 0xFF, 0xF4, 0x00, 0x00, 0x00, 0x00,
  0x00, 0x00, 0x00, 0x00, 0x00, 0x00, 0x5F, 0xFF, 0xFF, 0xF4, 0x00, 0x00, 0x00, 0x00, 0x00, 0x00,
  0x00, 0x00, 0x00, 0x00, 0x5F, 0xFF, 0xFF, 0xF4, 0x00, 0x00, 0x00, 0x00, 0x00, 0x00, 0x00, 0x00,
  0x00, 0x00, 0x5F, 0xFF, 0xFF, 0xF4, 0x00, 0x00, 0x00, 0x00, 0x00, 0x00, 0x00, 0x00, 0x00, 0x00,
  0x5F, 0xFF, 0xFF, 0xF4, 0x00, 0x00, 0x00, 0x00, 0x00, 0x00, 0x00, 0x00, 0x00, 0x00, 0x5F, 0xFF,
  0xFF, 0xF4, 0x00, 0x00, 0x00, 0x00, 0x00, 0x00, 0x00, 0x00, 0x00, 0x00, 0x4E, 0xEE, 0xEE, 0xE4,
  0x00, 0x00, 0x00, 0x00, 0x00, 0x00, 0x00, 0x00, 0x00, 0x00, 0x01, 0x11, 0x11, 0x10, 0x00, 0x00,
  0x00, 0x00, 0x00, 0x00, 0x00, 0x11, 0x11, 0x11, 0x11, 0x11, 0x11, 0x11, 0x11, 0x11, 0x11, 0x00,
  0x00, 0x00, 0x7E, 0xEE, 0xEE, 0xEE, 0xEE, 0xEE, 0xEE, 0xEE, 0xEE, 0xEE, 0xD1, 0x00, 0x00, 0x08,
  0xFF, 0xFF, 0xFF, 0xFF, 0xFF, 0xFF, 0xFF, 0xFF, 0xFF, 0xFE, 0x10, 0x00, 0x00, 0x7F, 0xFF, 0xFF,
  0xFF, 0xFF, 0xFF, 0xFF, 0xFF, 0xFF, 0xFF, 0xE1, 0x00, 0x00, 0x08, 0xFF, 0xFF, 0xFF, 0xFF, 0xFF,
  0xFF, 0xFF, 0xFF, 0xFF, 0xFE, 0x10, 0x00, 0x00, 0x7E, 0xEE, 0xEE, 0xEE, 0xEE, 0xEE, 0xEE, 0xFF,
  0xFF, 0xFF, 0xE1, 0x00, 0x00, 0x00, 0x11, 0x11, 0x11, 0x11, 0x11, 0x10, 0x8F, 0xFF, 0xFF, 0xFC,
  0x00, 0x00, 0x00, 0x00, 0x00, 0x00, 0x00, 0x00, 0x00, 0x4F, 0xFF, 0xFF, 0xFE, 0x30, 0x00, 0x00,
  0x00, 0x00, 0x00, 0x00, 0x00, 0x00, 0x1D, 0xFF, 0xFF, 0xFF, 0x60, 0x00, 0x00, 0x00, 0x00, 0x00,
  0x00, 0x00, 0x00, 0x0B, 0xFF, 0xFF, 0xFF, 0xA0, 0x00, 0x00, 0x00, 0x00, 0x00, 0x00, 0x00, 0x00,
  0x07, 0xFF, 0xFF, 0xFF, 0xD1, 0x00, 0x00, 0x00, 0x00, 0x00, 0x00, 0x00, 0x00, 0x04, 0xFF, 0xFF,
  0xFF, 0xF3, 0x00, 0x00, 0x00, 0x00, 0x00, 0x00, 0x00, 0x00, 0x01, 0xDF, 0xFF, 0xFF, 0xF7, 0x00,
  0x00, 0x00, 0x00, 0x00, 0x00, 0x00, 0x00, 0x00, 0xAF, 0xFF, 0xFF, 0xFA, 0x00, 0x00, 0x00, 0x00,
  0x00, 0x00, 0x00, 0x00, 0x00, 0x7F, 0xFF, 0xFF, 0xFD, 0x10, 0x00, 0x00, 0x00, 0x00, 0x00, 0x00,
  0x00, 0x00, 0x3F, 0xFF, 0xFF, 0xFF, 0x40, 0x00, 0x00, 0x00, 0x00, 0x00, 0x00, 0x00, 0x00, 0x1D,
  0xFF, 0xFF, 0xFF, 0x70, 0x00, 0x00, 0x00, 0x00, 0x00, 0x00, 0x00, 0x00, 0x0A, 0xFF, 0xFF, 0xFF,
  0xB0, 0x00, 0x00, 0x00, 0x00, 0x00, 0x00, 0x00, 0x00, 0x06, 0xFF, 0xFF, 0xFF, 0xE2, 0x00, 0x00,
  0x00, 0x00, 0x00, 0x00, 0x00, 0x00, 0x03, 0xFF, 0xFF, 0xFF, 0xF4, 0x00, 0x00, 0x00, 0x00, 0x00,
  0x00, 0x00, 0x00, 0x01, 0xDF, 0xFF, 0xFF, 0xF8, 0x00, 0x00, 0x00, 0x00, 0x00, 0x00, 0x00, 0x00,
  0x00, 0xAF, 0xFF, 0xFF, 0xFB, 0x00, 0x00, 0x00, 0x00, 0x00, 0x00, 0x00, 0x00, 0x00, 0x6F, 0xFF,
  0xFF, 0xFE, 0x20, 0x00, 0x00, 0x00, 0x00, 0x00, 0x00, 0x00, 0x00, 0x3E, 0xFF, 0xFF, 0xFF, 0x50,
  0x00, 0x00, 0x00, 0x00, 0x00, 0x00, 0x00, 0x00, 0x0C, 0xFF, 0xFF, 0xFF, 0x91, 0x11, 0x11, 0x11,
  0x11, 0x11, 0x11, 0x00, 0x00, 0x01, 0xEF, 0xFF, 0xFF, 0xFE, 0xEE, 0xEE, 0xEE, 0xEE, 0xEE, 0xEE,
  0xD1, 0x00, 0x00, 0x1E, 0xFF, 0xFF, 0xFF, 0xFF, 0xFF, 0xFF, 0xFF, 0xFF, 0xFF, 0xFE, 0x10, 0x00,
  0x01, 0xEF, 0xFF, 0xFF, 0xFF, 0xFF, 0xFF, 0xFF, 0xFF, 0xFF, 0xFF, 0xE1, 0x00, 0x00, 0x1E, 0xFF,
  0xFF, 0xFF, 0xFF, 0xFF, 0xFF, 0xFF, 0xFF, 0xFF, 0xFE, 0x10, 0x00, 0x01, 0xDE, 0xEE, 0xEE, 0xEE,
  0xEE, 0xEE, 0xEE, 0xEE, 0xEE, 0xEE, 0xD1, 0x00, 0x00, 0x01, 0x11, 0x11, 0x11, 0x11, 0x11, 0x11,
  0x11, 0x11, 0x11, 0x11, 0x00, 0x00, 0x00, 0x00, 0x00, 0x00, 0x01, 0x11, 0x11, 0x11, 0x11, 0x11,
  0x11, 0x00, 0x00, 0x00, 0x00, 0x00, 0x00, 0x07, 0xEE, 0xEE, 0xEE, 0xEE, 0xEE, 0xEE, 0xD1, 0x00,
  0x00, 0x00, 0x00, 0x00, 0x00, 0x8F, 0xFF, 0xFF, 0xFF, 0xFF, 0xFF, 0xFE, 0x10, 0x00, 0x00, 0x00,
  0x00, 0x00, 0x07, 0xFF, 0xFF, 0xFF, 0xFF, 0xFF, 0xFF, 0xE1, 0x00, 0x00, 0x00, 0x00, 0x00, 0x00,
  0x7F, 0xFF, 0xFF, 0xFF, 0xFF, 0xFF, 0xFE, 0x10, 0x00, 0x00, 0x00, 0x00, 0x00, 0x07, 0xFF, 0xFF,
  0x81, 0x21, 0x11, 0x11, 0x10, 0x00, 0x00, 0x00, 0x00, 0x00, 0x00, 0x7F, 0xFF, 0xF7, 0x00, 0x00,
  0x00, 0x00, 0x00, 0x00, 0x00, 0x00, 0x00, 0x00, 0x07, 0xFF, 0xFF, 0x80, 0x00, 0x00, 0x00, 0x00,
  0x00, 0x00, 0x00, 0x00, 0x00, 0x00, 0x7F, 0xFF, 0xF7, 0x00, 0x00, 0x00, 0x00, 0x00, 0x00, 0x00,
  0x00, 0x00, 0x00, 0x07, 0xFF, 0xFF, 0x70, 0x00, 0x00, 0x00, 0x00, 0x00, 0x00, 0x00, 0x00, 0x00,
  0x00, 0x7F, 0xFF, 0xF7, 0x00, 0x00, 0x00, 0x00, 0x00, 0x00, 0x00, 0x00, 0x00, 0x00, 0x07, 0xFF,
  0xFF, 0x70, 0x00, 0x00, 0x00, 0x00, 0x00, 0x00, 0x00, 0x00, 0x00, 0x00, 0x7F, 0xFF, 0xF7, 0x00,
  0x00, 0x00, 0x00, 0x00, 0x00, 0x00, 0x00, 0x00, 0x00, 0x07, 0xFF, 0xFF, 0x70, 0x00, 0x00, 0x00,
  0x00, 0x00, 0x00, 0x00, 0x00, 0x00, 0x00, 0x7F, 0xFF, 0xF7, 0x00, 0x00, 0x00, 0x00, 0x00, 0x00,
  0x00, 0x00, 0x00, 0x00, 0x07, 0xFF, 0xFF, 0x70, 0x00, 0x00, 0x00, 0x00, 0x00, 0x00, 0x00, 0x00,
  0x00, 0x00, 0x7F, 0xFF, 0xF7, 0x00, 0x00, 0x00, 0x00, 0x00, 0x00, 0x00, 0x00, 0x00, 0x00, 0x07,
  0xFF, 0xFF, 0x70, 0x00, 0x00, 0x00, 0x00, 0x00, 0x00, 0x00, 0x00, 0x00, 0x00, 0x7F, 0xFF, 0xF7,
  0x00, 0x00, 0x00, 0x00, 0x00, 0x00, 0x00, 0x00, 0x00, 0x00, 0x07, 0xFF, 0xFF, 0x70, 0x00, 0x00,
  0x00, 0x00, 0x00, 0x00, 0x00, 0x00, 0x00, 0x00, 0x7F, 0xFF, 0xF7, 0x00, 0x00, 0x00, 0x00, 0x00,
  0x00, 0x00, 0x00, 0x00, 0x00, 0x07, 0xFF, 0xFF, 0x70, 0x00, 0x00, 0x00, 0x00, 0x00, 0x00, 0x00,
  0x00, 0x00, 0x00, 0x7F, 0xFF, 0xF7, 0x00, 0x00, 0x00, 0x00, 0x00, 0x00, 0x00, 0x00, 0x00, 0x00,
  0x07, 0xFF, 0xFF, 0x70, 0x00, 0x00, 0x00, 0x00, 0x00, 0x00, 0x00, 0x00, 0x00, 0x00, 0x7F, 0xFF,
  0xF7, 0x00, 0x00, 0x00, 0x00, 0x00, 0x00, 0x00, 0x00, 0x00, 0x00, 0x07, 0xFF, 0xFF, 0x70, 0x00,
  0x00, 0x00, 0x00, 0x00, 0x00, 0x00, 0x00, 0x00, 0x00, 0x7F, 0xFF, 0xF7, 0x00, 0x00, 0x00, 0x00,
  0x00, 0x00, 0x00, 0x00, 0x00, 0x00, 0x07, 0xFF, 0xFF, 0x70, 0x00, 0x00, 0x00, 0x00, 0x00, 0x00,
  0x00, 0x00, 0x00, 0x00, 0x7F, 0xFF, 0xF7, 0x00, 0x00, 0x00, 0x00, 0x00, 0x00, 0x00, 0x00, 0x00,
  0x00, 0x07, 0xFF, 0xFF, 0x70, 0x00, 0x00, 0x00, 0x00, 0x00, 0x00, 0x00, 0x00, 0x00, 0x00, 0x7F,
  0xFF, 0xF7, 0x00, 0x00, 0x00, 0x00, 0x00, 0x00, 0x00, 0x00, 0x00, 0x00, 0x07, 0xFF, 0xFF, 0x70,
  0x00, 0x00, 0x00, 0x00, 0x00, 0x00, 0x00, 0x00, 0x00, 0x00, 0x7F, 0xFF, 0xF8, 0x00, 0x00, 0x00,
  0x00, 0x00, 0x00, 0x00, 0x00, 0x00, 0x00, 0x07, 0xFF, 0xFF, 0x70, 0x00, 0x00, 0x00, 0x00, 0x00,
  0x00, 0x00, 0x00, 0x00, 0x00, 0x7F, 0xFF, 0xF8, 0x12, 0x11, 0x11, 0x11, 0x00, 0x00, 0x00, 0x00,
  0x00, 0x00, 0x07, 0xFF, 0xFF, 0xFF, 0xFF, 0xFF, 0xFF, 0xE1, 0x00, 0x00, 0x00, 0x00, 0x00, 0x00,
  0x7F, 0xFF, 0xFF, 0xFF, 0xFF, 0xFF, 0xFE, 0x10, 0x00, 0x00, 0x00, 0x00, 0x00, 0x08, 0xFF, 0xFF,
  0xFF, 0xFF, 0xFF, 0xFF, 0xE1, 0x00, 0x00, 0x00, 0x00, 0x00, 0x00, 0x7E, 0xEE, 0xEE, 0xEE, 0xEE,
  0xEE, 0xED, 0x10, 0x00, 0x00, 0x00, 0x00, 0x00, 0x00, 0x11, 0x11, 0x11, 0x11, 0x11, 0x11, 0x10,
  0x00, 0x00, 0x00, 0x00, 0x11, 0x11, 0x10, 0x00, 0x00, 0x00, 0x00, 0x00, 0x00, 0x00, 0x00, 0x00,
  0x00, 0x0A, 0xEE, 0xEE, 0xB0, 0x00, 0x00, 0x00, 0x00, 0x00, 0x00, 0x00, 0x00, 0x00, 0x00, 0x7F,
  0xFF, 0xFF, 0x30, 0x00, 0x00, 0x00, 0x00, 0x00, 0x00, 0x00, 0x00, 0x00, 0x02, 0xEF, 0xFF, 0xF8,
  0x00, 0x00, 0x00, 0x00, 0x00, 0x00, 0x00, 0x00, 0x00, 0x00, 0x0A, 0xFF, 0xFF, 0xD0, 0x00, 0x00,
  0x00, 0x00, 0x00, 0x00, 0x00, 0x00, 0x00, 0x00, 0x5F, 0xFF, 0xFF, 0x40, 0x00, 0x00, 0x00, 0x00,
  0x00, 0x00, 0x00, 0x00, 0x00, 0x01, 0xEF, 0xFF, 0xF9, 0x00, 0x00, 0x00, 0x00, 0x00, 0x00, 0x00,
  0x00, 0x00, 0x00, 0x09, 0xFF, 0xFF, 0xD1, 0x00, 0x00, 0x00, 0x00, 0x00, 0x00, 0x00, 0x00, 0x00,
  0x00, 0x4F, 0xFF, 0xFF, 0x50, 0x00, 0x00, 0x00, 0x00, 0x00, 0x00, 0x00, 0x00, 0x00, 0x01, 0xDF,
  0xFF, 0xFA, 0x00, 0x00, 0x00, 0x00, 0x00, 0x00, 0x00, 0x00, 0x00, 0x00, 0x08, 0xFF, 0xFF, 0xE1,
  0x00, 0x00, 0x00, 0x00, 0x00, 0x00, 0x00, 0x00, 0x00, 0x00, 0x4F, 0xFF, 0xFF, 0x60, 0x00, 0x00,
  0x00, 0x00, 0x00, 0x00, 0x00, 0x00, 0x00, 0x00, 0xCF, 0xFF, 0xFB, 0x00, 0x00, 0x00, 0x00, 0x00,
  0x00, 0x00, 0x00, 0x00, 0x00, 0x08, 0xFF, 0xFF, 0xE2, 0x00, 0x00, 0x00, 0x00, 0x00, 0x00, 0x00,
  0x00, 0x00, 0x00, 0x3F, 0xFF, 0xFF, 0x70, 0x00, 0x00, 0x00, 0x00, 0x00, 0x00, 0x00, 0x00, 0x00,
  0x00, 0xCF, 0xFF, 0xFC, 0x00, 0x00, 0x00, 0x00, 0x00, 0x00, 0x00, 0x00, 0x00, 0x00, 0x07, 0xFF,
  0xFF, 0xF3, 0x00, 0x00, 0x00, 0x00, 0x00, 0x00, 0x00, 0x00, 0x00, 0x00, 0x2E, 0xFF, 0xFF, 0x80,
  0x00, 0x00, 0x00, 0x00, 0x00, 0x00, 0x00, 0x00, 0x00, 0x00, 0xBF, 0xFF, 0xFC, 0x00, 0x00, 0x00,
  0x00, 0x00, 0x00, 0x00, 0x00, 0x00, 0x00, 0x06, 0xFF, 0xFF, 0xF4, 0x00, 0x00, 0x00, 0x00, 0x00,
  0x00, 0x00, 0x00, 0x00, 0x00, 0x1E, 0xFF, 0xFF, 0x80, 0x00, 0x00, 0x00, 0x00, 0x00, 0x00, 0x00,
  0x00, 0x00, 0x00, 0xAF, 0xFF, 0xFD, 0x10, 0x00, 0x00, 0x00, 0x00, 0x00, 0x00, 0x00, 0x00, 0x00,
  0x05, 0xFF, 0xFF, 0xF4, 0x00, 0x00, 0x00, 0x00, 0x00, 0x00, 0x00, 0x00, 0x00, 0x00, 0x1D, 0xFF,
  0xFF, 0x90, 0x00, 0x00, 0x00, 0x00, 0x00, 0x00, 0x00, 0x00, 0x00, 0x00, 0x9F, 0xFF, 0xFE, 0x10,
  0x00, 0x00, 0x00, 0x00, 0x00, 0x00, 0x00, 0x00, 0x00, 0x04, 0xFF, 0xFF, 0xF5, 0x00, 0x00, 0x00,
  0x00, 0x00, 0x00, 0x00, 0x00, 0x00, 0x00, 0x0D, 0xFF, 0xFF, 0xA0, 0x00, 0x00, 0x00, 0x00, 0x00,
  0x00, 0x00, 0x00, 0x00, 0x00, 0x8F, 0xFF, 0xFE, 0x20, 0x00, 0x00, 0x00, 0x00, 0x00, 0x00, 0x00,
  0x00, 0x00, 0x03, 0xFF, 0xFF, 0xF6, 0x00, 0x00, 0x00, 0x00, 0x00, 0x00, 0x00, 0x00, 0x00, 0x00,
  0x0C, 0xFF, 0xFF, 0xB0, 0x00, 0x00, 0x00, 0x00, 0x00, 0x00, 0x00, 0x00, 0x00, 0x00, 0x7F, 0xFF,
  0xFF, 0x20, 0x00, 0x00, 0x00, 0x00, 0x00, 0x00, 0x00, 0x00, 0x00, 0x02, 0xFF, 0xFF, 0xF7, 0x00,
  0x00, 0x00, 0x00, 0x00, 0x00, 0x00, 0x00, 0x00, 0x00, 0x0B, 0xFF, 0xFF, 0xC0, 0x00, 0x00, 0x00,
  0x00, 0x00, 0x00, 0x00, 0x00, 0x00, 0x00, 0x6F, 0xFF, 0xFF, 0x30, 0x00, 0x00, 0x00, 0x00, 0x00,
  0x00, 0x00, 0x00, 0x00, 0x02, 0xEF, 0xFF, 0xF8, 0x00, 0x00, 0x00, 0x00, 0x00, 0x00, 0x00, 0x00,
  0x00, 0x00, 0x0A, 0xFF, 0xFF, 0xD0, 0x00, 0x00, 0x00, 0x00, 0x00, 0x00, 0x00, 0x00, 0x00, 0x00,
  0x5F, 0xFF, 0xFF, 0x40, 0x00, 0x00, 0x00, 0x00, 0x00, 0x00, 0x00, 0x00, 0x00, 0x01, 0xEF, 0xFF,
  0xF9, 0x00, 0x00, 0x00, 0x00, 0x00, 0x00, 0x00, 0x00, 0x00, 0x00, 0x09, 0xEE, 0xEE, 0xC1, 0x00,
  0x00, 0x00, 0x00, 0x00, 0x00, 0x00, 0x00, 0x00, 0x00, 0x01, 0x11, 0x11, 0x00, 0x00, 0x00, 0x00,
  0x01, 0x11, 0x11, 0x11, 0x11, 0x11, 0x11, 0x00, 0x00, 0x00, 0x00, 0x00, 0x00, 0x01, 0xDE, 0xEE,
  0xEE, 0xEE, 0xEE, 0xEE, 0xE7, 0x00, 0x00, 0x00, 0x00, 0x00, 0x00, 0x1E, 0xFF, 0xFF, 0xFF, 0xFF,
  0xFF, 0xFF, 0x80, 0x00, 0x00, 0x00, 0x00, 0x00, 0x01, 0xEF, 0xFF, 0xFF, 0xFF, 0xFF, 0xFF, 0xF7,
  0x00, 0x00, 0x00, 0x00, 0x00, 0x00, 0x1E, 0xFF, 0xFF, 0xFF, 0xFF, 0xFF, 0xFF, 0x70, 0x00, 0x00,
  0x00, 0x00, 0x00, 0x00, 0x11, 0x11, 0x11, 0x21, 0x8F, 0xFF, 0xF7, 0x00, 0x00, 0x00, 0x00, 0x00,
  0x00, 0x00, 0x00, 0x00, 0x00, 0x07, 0xFF, 0xFF, 0x70, 0x00, 0x00, 0x00, 0x00, 0x00, 0x00, 0x00,
  0x00, 0x00, 0x00, 0x8F, 0xFF, 0xF7, 0x00, 0x00, 0x00, 0x00, 0x00, 0x00, 0x00, 0x00, 0x00, 0x00,
  0x07, 0xFF, 0xFF, 0x70, 0x00, 0x00, 0x00, 0x00, 0x00, 0x00, 0x00, 0x00, 0x00, 0x00, 0x7F, 0xFF,
  0xF7, 0x00, 0x00, 0x00, 0x00, 0x00, 0x00, 0x00, 0x00, 0x00, 0x00, 0x07, 0xFF, 0xFF, 0x70, 0x00,
  0x00, 0x00, 0x00, 0x00, 0x00, 0x00, 0x00, 0x00, 0x00, 0x7F, 0xFF, 0xF7, 0x00, 0x00, 0x00, 0x00,
  0x00, 0x00, 0x00, 0x00, 0x00, 0x00, 0x07, 0xFF, 0xFF, 0x70, 0x00, 0x00, 0x00, 0x00, 0x00, 0x00,
  0x00, 0x00, 0x00, 0x00, 0x7F, 0xFF, 0xF7, 0x00, 0x00, 0x00, 0x00, 0x00, 0x00, 0x00, 0x00, 0x00,
  0x00, 0x07, 0xFF, 0xFF, 0x70, 0x00, 0x00, 0x00, 0x00, 0x00, 0x00, 0x00, 0x00, 0x00, 0x00, 0x7F,
  0xFF, 0xF7, 0x00, 0x00, 0x00, 0x00, 0x00, 0x00, 0x00, 0x00, 0x00, 0x00, 0x07, 0xFF, 0xFF, 0x70,
  0x00, 0x00, 0x00, 0x00, 0x00, 0x00, 0x00, 0x00, 0x00, 0x00, 0x7F, 0xFF, 0xF7, 0x00, 0x00, 0x00,
  0x00, 0x00, 0x00, 0x00, 0x00, 0x00, 0x00, 0x07, 0xFF, 0xFF, 0x70, 0x00, 0x00, 0x00, 0x00, 0x00,
  0x00, 0x00, 0x00, 0x00, 0x00, 0x7F, 0xFF, 0xF7, 0x00, 0x00, 0x00, 0x00, 0x00, 0x00, 0x00, 0x00,
  0x00, 0x00, 0x07, 0xFF, 0xFF, 0x70, 0x00, 0x00, 0x00, 0x00, 0x00, 0x00, 0x00, 0x00, 0x00, 0x00,
  0x7F, 0xFF, 0xF7, 0x00, 0x00, 0x00, 0x00, 0x00, 0x00, 0x00, 0x00, 0x00, 0x00, 0x07, 0xFF, 0xFF,
  0x70, 0x00, 0x00, 0x00, 0x00, 0x00, 0x00, 0x00, 0x00, 0x00, 0x00, 0x7F, 0xFF, 0xF7, 0x00, 0x00,
  0x00, 0x00, 0x00, 0x00, 0x00, 0x00, 0x00, 0x00, 0x07, 0xFF, 0xFF, 0x70, 0x00, 0x00, 0x00, 0x00,
  0x00, 0x00, 0x00, 0x00, 0x00, 0x00, 0x7F, 0xFF, 0xF7, 0x00, 0x00, 0x00, 0x00, 0x00, 0x00, 0x00,
  0x00, 0x00, 0x00, 0x07, 0xFF, 0xFF, 0x70, 0x00, 0x00, 0x00, 0x00, 0x00, 0x00, 0x00, 0x00, 0x00,
  0x00, 0x7F, 0xFF, 0xF7, 0x00, 0x00, 0x00, 0x00, 0x00, 0x00, 0x00, 0x00, 0x00, 0x00, 0x07, 0xFF,
  0xFF, 0x70, 0x00, 0x00, 0x00, 0x00, 0x00, 0x00, 0x00, 0x00, 0x00, 0x00, 0x7F, 0xFF, 0xF7, 0x00,
  0x00, 0x00, 0x00, 0x00, 0x00, 0x00, 0x00, 0x00, 0x00, 0x07, 0xFF, 0xFF, 0x70, 0x00, 0x00, 0x00,
  0x00, 0x00, 0x00, 0x00, 0x00, 0x00, 0x00, 0x7F, 0xFF, 0xF7, 0x00, 0x00, 0x00, 0x00, 0x00, 0x00,
  0x00, 0x00, 0x00, 0x00, 0x08, 0xFF, 0xFF, 0x70, 0x00, 0x00, 0x00, 0x00, 0x00, 0x00, 0x00, 0x00,
  0x00, 0x00, 0x7F, 0xFF, 0xF7, 0x00, 0x00, 0x00, 0x00, 0x00, 0x00, 0x01, 0x11, 0x11, 0x12, 0x18,
  0xFF, 0xFF, 0x70, 0x00, 0x00, 0x00, 0x00, 0x00, 0x01, 0xEF, 0xFF, 0xFF, 0xFF, 0xFF, 0xFF, 0xF7,
  0x00, 0x00, 0x00, 0x00, 0x00, 0x00, 0x1E, 0xFF, 0xFF, 0xFF, 0xFF, 0xFF, 0xFF, 0x70, 0x00, 0x00,
  0x00, 0x00, 0x00, 0x01, 0xEF, 0xFF, 0xFF, 0xFF, 0xFF, 0xFF, 0xF8, 0x00, 0x00, 0x00, 0x00, 0x00,
  0x00, 0x1D, 0xEE, 0xEE, 0xEE, 0xEE, 0xEE, 0xEE, 0x70, 0x00, 0x00, 0x00, 0x00, 0x00, 0x00, 0x11,
  0x11, 0x11, 0x11, 0x11, 0x11, 0x10, 0x00, 0x00, 0x00, 0x00, 0x00, 0x00, 0x00, 0x00, 0x00, 0x01,
  0x11, 0x11, 0x10, 0x00, 0x00, 0x00, 0x00, 0x00, 0x00, 0x00, 0x00, 0x00, 0x1C, 0xEE, 0xEE, 0xEE,
  0x30, 0x00, 0x00, 0x00, 0x00, 0x00, 0x00, 0x00, 0x00, 0x06, 0xFF, 0xFF, 0xFF, 0xFA, 0x00, 0x00,
  0x00, 0x00, 0x00, 0x00, 0x00, 0x00, 0x01, 0xDF, 0xFF, 0xFF, 0xFF, 0xF3, 0x00, 0x00, 0x00, 0x00,
  0x00, 0x00, 0x00, 0x00, 0x6F, 0xFF, 0xFF, 0xFF, 0xFF, 0x90, 0x00, 0x00, 0x00, 0x00, 0x00, 0x00,
  0x00, 0x0D, 0xFF, 0xFF, 0xFF, 0xFF, 0xFF, 0x20, 0x00, 0x00, 0x00, 0x00, 0x00, 0x00, 0x06, 0xFF,
  0xFF, 0xFA, 0xFF, 0xFF, 0xF9, 0x00, 0x00, 0x00, 0x00, 0x00, 0x00, 0x00, 0xCF, 0xFF, 0xFB, 0x0C,
  0xFF, 0xFF, 0xE2, 0x00, 0x00, 0x00, 0x00, 0x00, 0x00, 0x5F, 0xFF, 0xFF, 0x40, 0x5F, 0xFF, 0xFF,
  0x90, 0x00, 0x00, 0x00, 0x00, 0x00, 0x0C, 0xFF, 0xFF, 0xC0, 0x00, 0xCF, 0xFF, 0xFE, 0x20, 0x00,
  0x00, 0x00, 0x00, 0x05, 0xFF, 0xFF, 0xF5, 0x00, 0x06, 0xFF, 0xFF, 0xF8, 0x00, 0x00, 0x00, 0x00,
  0x00, 0xCF, 0xFF, 0xFC, 0x00, 0x00, 0x0D, 0xFF, 0xFF, 0xE2, 0x00, 0x00, 0x00, 0x00, 0x5F, 0xFF,
  0xFF, 0x50, 0x00, 0x00, 0x6F, 0xFF, 0xFF, 0x80, 0x00, 0x00, 0x00, 0x0C, 0xFF, 0xFF, 0xD0, 0x00,
  0x00, 0x01, 0xDF, 0xFF, 0xFE, 0x10, 0x00, 0x00, 0x05, 0xFF, 0xFF, 0xF6, 0x00, 0x00, 0x00, 0x07,
  0xFF, 0xFF, 0xF7, 0x00, 0x00, 0x00, 0xCF, 0xFF, 0xFD, 0x10, 0x00, 0x00, 0x00, 0x1E, 0xFF, 0xFF,
  0xE1, 0x00, 0x00, 0x5F, 0xFF, 0xFF, 0x70, 0x00, 0x00, 0x00, 0x00, 0x8F, 0xFF, 0xFF, 0x70, 0x00,
  0x09, 0xFF, 0xFF, 0xE1, 0x00, 0x00, 0x00, 0x00, 0x01, 0xEF, 0xFF, 0xFC, 0x00, 0x00, 0x16, 0xCF,
  0xF7, 0x00, 0x00, 0x00, 0x00, 0x00, 0x08, 0xFF, 0xC6, 0x10, 0x00, 0x00, 0x00, 0x5B, 0x20, 0x00,
  0x00, 0x00, 0x00, 0x00, 0x2B, 0x50, 0x00, 0x00, 0x00, 0x00, 0x00, 0x00, 0x00, 0x00, 0x00, 0x00,
  0x00, 0x00, 0x00, 0x00, 0x00, 0x00, 0x00, 0x00, 0x00, 0x00, 0x00, 0x00, 0x00, 0x00, 0x00, 0x00,
  0x00, 0x00, 0x00, 0x00, 0x00, 0x00, 0x00, 0x00, 0x00, 0x00, 0x00, 0x00, 0x00, 0x00, 0x00, 0x00,
  0x00, 0x00, 0x00, 0x00, 0x00, 0x00, 0x00, 0x00, 0x00, 0x00, 0x00, 0x00, 0x00, 0x00, 0x00, 0x00,
  0x00, 0x00, 0x00, 0x00, 0x00, 0x00, 0x00, 0x00, 0x00, 0x00, 0x00, 0x00, 0x00, 0x00, 0x00, 0x00,
  0x00, 0x00, 0x00, 0x00, 0x00, 0x00, 0x00, 0x00, 0x00, 0x00, 0x00, 0x00, 0x00, 0x00, 0x00, 0x00,
  0x00, 0x00, 0x00, 0x00, 0x00, 0x00, 0x00, 0x00, 0x00, 0x00, 0x00, 0x00, 0x00, 0x00, 0x00, 0x00,
  0x00, 0x00, 0x00, 0x00, 0x00, 0x00, 0x00, 0x00, 0x00, 0x00, 0x00, 0x00, 0x00, 0x00, 0x00, 0x00,
  0x00, 0x00, 0x00, 0x00, 0x00, 0x00, 0x00, 0x00, 0x00, 0x00, 0x00, 0x00, 0x00, 0x00, 0x00, 0x00,
  0x00, 0x00, 0x00, 0x00, 0x00, 0x00, 0x00, 0x00, 0x00, 0x00, 0x00, 0x00, 0x00, 0x00, 0x00, 0x00,
  0x00, 0x00, 0x00, 0x00, 0x00, 0x00, 0x00, 0x00, 0x00, 0x00, 0x00, 0x00, 0x00, 0x00, 0x00, 0x00,
  0x00, 0x00, 0x00, 0x00, 0x00, 0x00, 0x00, 0x00, 0x00, 0x00, 0x00, 0x00, 0x00, 0x00, 0x00, 0x00,
  0x00, 0x00, 0x00, 0x00, 0x00, 0x00, 0x00, 0x01, 0x11, 0x11, 0x11, 0x11, 0x11, 0x11, 0x11, 0x11,
  0x11, 0x00, 0x00, 0x00, 0x07, 0xEE, 0xEE, 0xEE, 0xEE, 0xEE, 0xEE, 0xEE, 0xEE, 0xEE, 0xE7, 0x00,
  0x00, 0x00, 0x8F, 0xFF, 0xFF, 0xFF, 0xFF, 0xFF, 0xFF, 0xFF, 0xFF, 0xFF, 0x80, 0x00, 0x00, 0x07,
  0xFF, 0xFF, 0xFF, 0xFF, 0xFF, 0xFF, 0xFF, 0xFF, 0xFF, 0xF7, 0x00, 0x00, 0x00, 0x8F, 0xFF, 0xFF,
  0xFF, 0xFF, 0xFF, 0xFF, 0xFF, 0xFF, 0xFF, 0x80, 0x00, 0x00, 0x07, 0xEE, 0xEE, 0xEE, 0xEE, 0xEE,
  0xEE, 0xEE, 0xEE, 0xEE, 0xE7, 0x00, 0x00, 0x00, 0x01, 0x11, 0x11, 0x11, 0x11, 0x11, 0x11, 0x11,
  0x11, 0x11, 0x00, 0x00, 0x00, 0x00, 0x00, 0x00, 0x00, 0x00, 0x00, 0x00, 0x00, 0x00, 0x00, 0x00,
  0x00, 0x00, 0x00, 0x00, 0x00, 0x00, 0x00, 0x35, 0x00, 0x00, 0x00, 0x00, 0x00, 0x00, 0x00, 0x00,
  0x00, 0x00, 0x00, 0x03, 0xAF, 0xF2, 0x00, 0x00, 0x00, 0x00, 0x00, 0x00, 0x00, 0x00, 0x00, 0x00,
  0x3A, 0xFF, 0xFF, 0x80, 0x00, 0x00, 0x00, 0x00, 0x00, 0x00, 0x00, 0x00, 0x00, 0x05, 0xFF, 0xFF,
  0xFE, 0x20, 0x00, 0x00, 0x00, 0x00, 0x00, 0x00, 0x00, 0x00, 0x00, 0x07, 0xFF, 0xFF, 0xF9, 0x00,
  0x00, 0x00, 0x00, 0x00, 0x00, 0x00, 0x00, 0x00, 0x00, 0x0A, 0xFF, 0xFF, 0xE2, 0x00, 0x00, 0x00,
  0x00, 0x00, 0x00, 0x00, 0x00, 0x00, 0x00, 0x1D, 0xFF, 0xFF, 0x90, 0x00, 0x00, 0x00, 0x00, 0x00,
  0x00, 0x00, 0x00, 0x00, 0x00, 0x3F, 0xFF, 0xFF, 0x30, 0x00, 0x00, 0x00, 0x00, 0x00, 0x00, 0x00,
  0x00, 0x00, 0x00, 0x6F, 0xFF, 0xE5, 0x00, 0x00, 0x00, 0x00, 0x00, 0x00, 0x00, 0x00, 0x00, 0x00,
  0x00, 0xAE, 0x71, 0x00, 0x00, 0x00, 0x00, 0x00, 0x00, 0x00, 0x00, 0x00, 0x00, 0x00, 0x01, 0x10,
  0x00, 0x00, 0x00, 0x00, 0x00, 0x00, 0x00, 0x00, 0x00, 0x00, 0x00, 0x00, 0x00, 0x00, 0x00, 0x00,
  0x00, 0x00, 0x00, 0x00, 0x00, 0x00, 0x00, 0x00, 0x00, 0x00, 0x00, 0x00, 0x00, 0x00, 0x00, 0x00,
  0x00, 0x00, 0x00, 0x00, 0x00, 0x00, 0x00, 0x00, 0x00, 0x00, 0x00, 0x00, 0x00, 0x00, 0x00, 0x00,
  0x00, 0x00, 0x00, 0x00, 0x00, 0x00, 0x00, 0x00, 0x00, 0x00, 0x00, 0x00, 0x00, 0x00, 0x00, 0x00,
  0x00, 0x00, 0x00, 0x00, 0x00, 0x00, 0x00, 0x00, 0x00, 0x00, 0x00, 0x00, 0x00, 0x00, 0x00, 0x00,
  0x00, 0x00, 0x00, 0x00, 0x00, 0x00, 0x00, 0x00, 0x00, 0x00, 0x00, 0x00, 0x00, 0x00, 0x00, 0x00,
  0x00, 0x00, 0x00, 0x00, 0x00, 0x00, 0x00, 0x00, 0x00, 0x00, 0x00, 0x00, 0x00, 0x00, 0x00, 0x00,
  0x00, 0x00, 0x00, 0x00, 0x00, 0x00, 0x00, 0x00, 0x00, 0x00, 0x00, 0x00, 0x00, 0x00, 0x00, 0x00,
  0x00, 0x00, 0x00, 0x00, 0x00, 0x00, 0x00, 0x00, 0x00, 0x00, 0x00, 0x00, 0x00, 0x00, 0x00, 0x00,
  0x00, 0x00, 0x00, 0x00, 0x00, 0x00, 0x00, 0x00, 0x00, 0x00, 0x00, 0x00, 0x00, 0x00, 0x00, 0x00,
  0x00, 0x00, 0x00, 0x00, 0x00, 0x00, 0x00, 0x00, 0x00, 0x00, 0x00, 0x00, 0x00, 0x00, 0x00, 0x00,
  0x00, 0x00, 0x00, 0x00, 0x00, 0x00, 0x00, 0x00, 0x00, 0x00, 0x00, 0x00, 0x00, 0x00, 0x00, 0x00,
  0x00, 0x00, 0x00, 0x00, 0x00, 0x00, 0x00, 0x00, 0x00, 0x00, 0x00, 0x00, 0x00, 0x00, 0x00, 0x00,
  0x00, 0x00, 0x00, 0x00, 0x00, 0x00, 0x00, 0x00, 0x00, 0x00, 0x00, 0x00, 0x00, 0x00, 0x00, 0x00,
  0x00, 0x00, 0x00, 0x00, 0x00, 0x00, 0x00, 0x00, 0x00, 0x00, 0x00, 0x00, 0x00, 0x00, 0x00, 0x00,
  0x00, 0x00, 0x00, 0x00, 0x00, 0x00, 0x00, 0x00, 0x00, 0x00, 0x00, 0x00, 0x00, 0x00, 0x00, 0x00,
  0x00, 0x00, 0x00, 0x00, 0x00, 0x00, 0x00, 0x00, 0x00, 0x00, 0x00, 0x00, 0x00, 0x00, 0x00, 0x00,
  0x00, 0x00, 0x00, 0x00, 0x00, 0x00, 0x00, 0x00, 0x00, 0x00, 0x00, 0x00, 0x00, 0x00, 0x00, 0x00,
  0x00, 0x00, 0x00, 0x00, 0x00, 0x00, 0x00, 0x00, 0x00, 0x00, 0x00, 0x00, 0x00, 0x00, 0x00, 0x00,
  0x00, 0x00, 0x00, 0x00, 0x00, 0x00, 0x00, 0x00, 0x00, 0x00, 0x00, 0x00, 0x00, 0x00, 0x00, 0x00,
  0x00, 0x00, 0x00, 0x00, 0x00, 0x00, 0x00, 0x00, 0x00, 0x00, 0x00, 0x00, 0x00, 0x00, 0x14, 0x68,
  0x88, 0x86, 0x30, 0x00, 0x00, 0x00, 0x00, 0x00, 0x00, 0x00, 0x02, 0x9E, 0xFF, 0xFF, 0xFF, 0xFF,
  0xD7, 0x10, 0x00, 0x00, 0x00, 0x00, 0x00, 0x06, 0xEF, 0xFF, 0xFF, 0xFF, 0xFF, 0xFF, 0xFC, 0x30,
  0x00, 0x00, 0x00, 0x00, 0x07, 0xFF, 0xFF, 0xFF, 0xFF, 0xFF, 0xFF, 0xFF, 0xFD, 0x20, 0x00, 0x00,
  0x00, 0x03, 0xFF, 0xFF, 0xFF, 0xFE, 0xEF, 0xFF, 0xFF, 0xFF, 0xF9, 0x00, 0x00, 0x00, 0x00, 0x18,
  0xFF, 0xFE, 0x83, 0x11, 0x38, 0xFF, 0xFF, 0xFF, 0xE2, 0x00, 0x00, 0x00, 0x00, 0x07, 0xFD, 0x30,
  0x00, 0x00, 0x08, 0xFF, 0xFF, 0xFF, 0x50, 0x00, 0x00, 0x00, 0x00, 0x06, 0x30, 0x00, 0x00, 0x00,
  0x2F, 0xFF, 0xFF, 0xF7, 0x00, 0x00, 0x00, 0x00, 0x00, 0x00, 0x00, 0x00, 0x00, 0x00, 0xEF, 0xFF,
  0xFF, 0x70, 0x00, 0x00, 0x00, 0x00, 0x00, 0x00, 0x00, 0x11, 0x11, 0x1D, 0xFF, 0xFF, 0xF7, 0x00,
  0x00, 0x00, 0x00, 0x00, 0x15, 0x9B, 0xDE, 0xEE, 0xEE, 0xFF, 0xFF, 0xFF, 0x70, 0x00, 0x00, 0x00,
  0x00, 0x6D, 0xFF, 0xFF, 0xFF, 0xFF, 0xFF, 0xFF, 0xFF, 0xF7, 0x00, 0x00, 0x00, 0x00, 0x8F, 0xFF,
  0xFF, 0xFF, 0xFF, 0xFF, 0xFF, 0xFF, 0xFF, 0x70, 0x00, 0x00, 0x00, 0x4F, 0xFF, 0xFF, 0xFC, 0x98,
  0x87, 0x8E, 0xFF, 0xFF, 0xF7, 0x00, 0x00, 0x00, 0x0A, 0xFF, 0xFF, 0xF8, 0x00, 0x00, 0x00, 0xDF,
  0xFF, 0xFF, 0x70, 0x00, 0x00, 0x00, 0xDF, 0xFF, 0xFE, 0x10, 0x00, 0x00, 0x1D, 0xFF, 0xFF, 0xF7,
  0x00, 0x00, 0x00, 0x1E, 0xFF, 0xFF, 0xE1, 0x00, 0x00, 0x01, 0xEF, 0xFF, 0xFF, 0x70, 0x00, 0x00,
  0x00, 0xDF, 0xFF, 0xFF, 0x30, 0x00, 0x00, 0x6F, 0xFF, 0xFF, 0xF8, 0x11, 0x00, 0x00, 0x0B, 0xFF,
  0xFF, 0xFC, 0x51, 0x13, 0x8F, 0xEF, 0xFF, 0xFF, 0xEE, 0xA0, 0x00, 0x00, 0x6F, 0xFF, 0xFF, 0xFF,
  0xEE, 0xFF, 0xE6, 0xFF, 0xFF, 0xFF, 0xFB, 0x00, 0x00, 0x01, 0xBF, 0xFF, 0xFF, 0xFF, 0xFF, 0xF8,
  0x0C, 0xFF, 0xFF, 0xFF, 0xB0, 0x00, 0x00, 0x01, 0xBF, 0xFF, 0xFF, 0xFF, 0xF9, 0x10, 0x2C, 0xFF,
  0xFF, 0xFC, 0x00, 0x00, 0x00, 0x00, 0x5A, 0xDE, 0xEC, 0x94, 0x00, 0x00, 0x15, 0x89, 0x89, 0x60,
  0x00, 0x00, 0x00, 0x00, 0x00, 0x11, 0x00, 0x00, 0x00, 0x00, 0x00, 0x00, 0x00, 0x00, 0x00, 0x00,
  0x11, 0x11, 0x11, 0x00, 0x00, 0x00, 0x00, 0x00, 0x00, 0x00, 0x00, 0x00, 0x00, 0x7E, 0xEE, 0xEE,
  0xC0, 0x00, 0x00, 0x00, 0x00, 0x00, 0x00, 0x00, 0x00, 0x00, 0x08, 0xFF, 0xFF, 0xFE, 0x10, 0x00,
  0x00, 0x00, 0x00, 0x00, 0x00, 0x00, 0x00, 0x00, 0x7F, 0xFF, 0xFF, 0xD1, 0x00, 0x00, 0x00, 0x00,
  0x00, 0x00, 0x00, 0x00, 0x00, 0x07, 0xFF, 0xFF, 0xFD, 0x10, 0x00, 0x00, 0x00, 0x00, 0x00, 0x00,
  0x00, 0x00, 0x00, 0x7F, 0xFF, 0xFF, 0xD1, 0x00, 0x00, 0x00, 0x00, 0x00, 0x00, 0x00, 0x00, 0x00,
  0x07, 0xFF, 0xFF, 0xFD, 0x10, 0x00, 0x00, 0x00, 0x00, 0x00, 0x00, 0x00, 0x00, 0x00, 0x7F, 0xFF,
  0xFF, 0xD1, 0x00, 0x00, 0x00, 0x00, 0x00, 0x00, 0x00, 0x00, 0x00, 0x07, 0xFF, 0xFF, 0xFD, 0x10,
  0x00, 0x00, 0x00, 0x00, 0x00, 0x00, 0x00, 0x00, 0x00, 0x7F, 0xFF, 0xFF, 0xD1, 0x00, 0x00, 0x00,
  0x00, 0x00, 0x00, 0x00, 0x00, 0x00, 0x07, 0xFF, 0xFF, 0xFD, 0x10, 0x04, 0x9C, 0xCC, 0x94, 0x00,
  0x00, 0x00, 0x00, 0x00, 0x7F, 0xFF, 0xFF, 0xD0, 0x09, 0xFF, 0xFF, 0xFF, 0xFA, 0x10, 0x00, 0x00,
  0x00, 0x07, 0xFF, 0xFF, 0xFD, 0x09, 0xFF, 0xFF, 0xFF, 0xFF, 0xFC, 0x10, 0x00, 0x00, 0x00, 0x7F,
  0xFF, 0xFF, 0xC5, 0xFF, 0xFF, 0xFF, 0xFF, 0xFF, 0xFA, 0x00, 0x00, 0x00, 0x07, 0xFF, 0xFF, 0xFE,
  0xDF, 0xDC, 0xCF, 0xFF, 0xFF, 0xFF, 0xF3, 0x00, 0x00, 0x00, 0x7F, 0xFF, 0xFF, 0xFE, 0x61, 0x00,
  0x2A, 0xFF, 0xFF, 0xFF, 0x90, 0x00, 0x00, 0x07, 0xFF, 0xFF, 0xFF, 0x60, 0x00, 0x00, 0x0C, 0xFF,
  0xFF, 0xFD, 0x00, 0x00, 0x00, 0x7F, 0xFF, 0xFF, 0xE1, 0x00, 0x00, 0x00, 0x5F, 0xFF, 0xFF, 0xF3,
  0x00, 0x00, 0x07, 0xFF, 0xFF, 0xFD, 0x10, 0x00, 0x00, 0x01, 0xEF, 0xFF, 0xFF, 0x50, 0x00, 0x00,
  0x7F, 0xFF, 0xFF, 0xD1, 0x00, 0x00, 0x00, 0x1E, 0xFF, 0xFF, 0xF6, 0x00, 0x00, 0x07, 0xFF, 0xFF,
  0xFD, 0x10, 0x00, 0x00, 0x01, 0xDF, 0xFF, 0xFF, 0x70, 0x00, 0x00, 0x7F, 0xFF, 0xFF, 0xD1, 0x00,
  0x00, 0x00, 0x1D, 0xFF, 0xFF, 0xF7, 0x00, 0x00, 0x07, 0xFF, 0xFF, 0xFD, 0x10, 0x00, 0x00, 0x01,
  0xDF, 0xFF, 0xFF, 0x70, 0x00, 0x00, 0x7F, 0xFF, 0xFF, 0xD1, 0x00, 0x00, 0x00, 0x1D, 0xFF, 0xFF,
  0xF6, 0x00, 0x00, 0x07, 0xFF, 0xFF, 0xFD, 0x10, 0x00, 0x00, 0x01, 0xEF, 0xFF, 0xFF, 0x50, 0x00,
  0x00, 0x7F, 0xFF, 0xFF, 0xE1, 0x00, 0x00, 0x00, 0x4F, 0xFF, 0xFF, 0xF3, 0x00, 0x00, 0x07, 0xFF,
  0xFF, 0xFF, 0x50, 0x00, 0x00, 0x0B, 0xFF, 0xFF, 0xFD, 0x10, 0x00, 0x00, 0x7F, 0xFF, 0xFF, 0xFE,
  0x40, 0x00, 0x18, 0xFF, 0xFF, 0xFF, 0x90, 0x00, 0x00, 0x07, 0xFF, 0xFF, 0xFE, 0xEF, 0xCA, 0xAD,
  0xFF, 0xFF, 0xFF, 0xF4, 0x00, 0x00, 0x00, 0x7F, 0xFF, 0xFF, 0xC6, 0xFF, 0xFF, 0xFF, 0xFF, 0xFF,
  0xFB, 0x00, 0x00, 0x00, 0x07, 0xFE, 0xFF, 0xFD, 0x0A, 0xFF, 0xFF, 0xFF, 0xFF, 0xFD, 0x20, 0x00,
  0x00, 0x00, 0x8F, 0xFF, 0xFF, 0xF0, 0x1B, 0xFF, 0xFF, 0xFF, 0xFC, 0x30, 0x00, 0x00, 0x00, 0x04,
  0x77, 0x77, 0x76, 0x00, 0x06, 0xAD, 0xED, 0xA6, 0x00, 0x00, 0x00, 0x00, 0x00, 0x00, 0x00, 0x00,
  0x00, 0x00, 0x00, 0x01, 0x00, 0x00, 0x00, 0x00, 0x00, 0x00, 0x00, 0x00, 0x00, 0x00, 0x00, 0x01,
  0x11, 0x00, 0x00, 0x00, 0x00, 0x00, 0x00, 0x00, 0x00, 0x00, 0x00, 0x27, 0xAD, 0xEE, 0xDC, 0xA6,
  0x10, 0x00, 0x00, 0x00, 0x00, 0x00, 0x00, 0x02, 0x9F, 0xFF, 0xFF, 0xFF, 0xFF, 0xFD, 0x50, 0x00,
  0x00, 0x00, 0x00, 0x00, 0x03, 0xDF, 0xFF, 0xFF, 0xFF, 0xFF, 0xFF, 0xFF, 0x70, 0x00, 0x00, 0x00,
  0x00, 0x02, 0xEF, 0xFF, 0xFF, 0xFF, 0xFF, 0xFF, 0xFF, 0xFF, 0x50, 0x00, 0x00, 0x00, 0x00, 0xCF,
  0xFF, 0xFF, 0xFF, 0xDD, 0xEF, 0xFF, 0xFF, 0xFF, 0x20, 0x00, 0x00, 0x00, 0x5F, 0xFF, 0xFF, 0xFB,
  0x41, 0x01, 0x5E, 0xFF, 0xFF, 0xA2, 0x00, 0x00, 0x00, 0x0B, 0xFF, 0xFF, 0xFB, 0x00, 0x00, 0x00,
  0x3F, 0xFA, 0x30, 0x00, 0x00, 0x00, 0x02, 0xFF, 0xFF, 0xFF, 0x40, 0x00, 0x00, 0x00, 0x65, 0x00,
  0x00, 0x00, 0x00, 0x00, 0x5F, 0xFF, 0xFF, 0xE1, 0x00, 0x00, 0x00, 0x00, 0x00, 0x00, 0x00, 0x00,
  0x00, 0x06, 0xFF, 0xFF, 0xFD, 0x10, 0x00, 0x00, 0x00, 0x00, 0x00, 0x00, 0x00, 0x00, 0x00, 0x7F,
  0xFF, 0xFF, 0xD1, 0x00, 0x00, 0x00, 0x00, 0x00, 0x00, 0x00, 0x00, 0x00, 0x07, 0xFF, 0xFF, 0xFD,
  0x10, 0x00, 0x00, 0x00, 0x00, 0x00, 0x00, 0x00, 0x00, 0x00, 0x6F, 0xFF, 0xFF, 0xD1, 0x00, 0x00,
  0x00, 0x00, 0x00, 0x00, 0x00, 0x00, 0x00, 0x05, 0xFF, 0xFF, 0xFE, 0x10, 0x00, 0x00, 0x00, 0x00,
  0x00, 0x00, 0x00, 0x00, 0x00, 0x2F, 0xFF, 0xFF, 0xF4, 0x00, 0x00, 0x00, 0x03, 0x81, 0x00, 0x00,
  0x00, 0x00, 0x00, 0xBF, 0xFF, 0xFF, 0xB0, 0x00, 0x00, 0x01, 0xCF, 0xD7, 0x10, 0x00, 0x00, 0x00,
  0x05, 0xFF, 0xFF, 0xFF, 0xB4, 0x10, 0x14, 0xCF, 0xFF, 0xFC, 0x50, 0x00, 0x00, 0x00, 0x0C, 0xFF,
  0xFF, 0xFF, 0xFD, 0xDD, 0xFF, 0xFF, 0xFF, 0xF6, 0x00, 0x00, 0x00, 0x00, 0x3E, 0xFF, 0xFF, 0xFF,
  0xFF, 0xFF, 0xFF, 0xFF, 0xF9, 0x00, 0x00, 0x00, 0x00, 0x00, 0x3D, 0xFF, 0xFF, 0xFF, 0xFF, 0xFF,
  0xFF, 0xFA, 0x00, 0x00, 0x00, 0x00, 0x00, 0x00, 0x29, 0xFF, 0xFF, 0xFF, 0xFF, 0xFF, 0xE7, 0x00,
  0x00, 0x00, 0x00, 0x00, 0x00, 0x00, 0x02, 0x7A, 0xDE, 0xEE, 0xCA, 0x62, 0x00, 0x00, 0x00, 0x00,
  0x00, 0x00, 0x00, 0x00, 0x00, 0x00, 0x11, 0x10, 0x00, 0x00, 0x00, 0x00, 0x00, 0x00, 0x00, 0x00,
  0x00, 0x00, 0x00, 0x00, 0x00, 0x01, 0x11, 0x11, 0x10, 0x00, 0x00, 0x00, 0x00, 0x00, 0x00, 0x00,
  0x00, 0x00, 0x00, 0xCE, 0xEE, 0xEE, 0x70, 0x00, 0x00, 0x00, 0x00, 0x00, 0x00, 0x00, 0x00, 0x00,
  0x1E, 0xFF, 0xFF, 0xF8, 0x00, 0x00, 0x00, 0x00, 0x00, 0x00, 0x00, 0x00, 0x00, 0x01, 0xDF, 0xFF,
  0xFF, 0x70, 0x00, 0x00, 0x00, 0x00, 0x00, 0x00, 0x00, 0x00, 0x00, 0x1D, 0xFF, 0xFF, 0xF7, 0x00,
  0x00, 0x00, 0x00, 0x00, 0x00, 0x00, 0x00, 0x00, 0x01, 0xDF, 0xFF, 0xFF, 0x70, 0x00, 0x00, 0x00,
  0x00, 0x00, 0x00, 0x00, 0x00, 0x00, 0x1D, 0xFF, 0xFF, 0xF7, 0x00, 0x00, 0x00, 0x00, 0x00, 0x00,
  0x00, 0x00, 0x00, 0x01, 0xDF, 0xFF, 0xFF, 0x70, 0x00, 0x00, 0x00, 0x00, 0x00, 0x00, 0x00, 0x00,
  0x00, 0x1D, 0xFF, 0xFF, 0xF7, 0x00, 0x00, 0x00, 0x00, 0x00, 0x00, 0x00, 0x00, 0x00, 0x01, 0xDF,
  0xFF, 0xFF, 0x70, 0x00, 0x00, 0x00, 0x00, 0x04, 0x8B, 0xCC, 0x95, 0x00, 0x1D, 0xFF, 0xFF, 0xF7,
  0x00, 0x00, 0x00, 0x00, 0x1A, 0xFF, 0xFF, 0xFF, 0xFB, 0x10, 0xDF, 0xFF, 0xFF, 0x70, 0x00, 0x00,
  0x00, 0x1C, 0xFF, 0xFF, 0xFF, 0xFF, 0xFC, 0x1D, 0xFF, 0xFF, 0xF7, 0x00, 0x00, 0x00, 0x09, 0xFF,
  0xFF, 0xFF, 0xFF, 0xFF, 0xF9, 0xDF, 0xFF, 0xFF, 0x70, 0x00, 0x00, 0x03, 0xFF, 0xFF, 0xFF, 0xFF,
  0xCC, 0xDF, 0xFF, 0xFF, 0xFF, 0xF7, 0x00, 0x00, 0x00, 0x9F, 0xFF, 0xFF, 0xFA, 0x30, 0x01, 0x5E,
  0xFF, 0xFF, 0xFF, 0x70, 0x00, 0x00, 0x0D, 0xFF, 0xFF, 0xFC, 0x00, 0x00, 0x00, 0x3F, 0xFF, 0xFF,
  0xF7, 0x00, 0x00, 0x03, 0xFF, 0xFF, 0xFF, 0x50, 0x00, 0x00, 0x00, 0xCF, 0xFF, 0xFF, 0x70, 0x00,
  0x00, 0x5F, 0xFF, 0xFF, 0xE1, 0x00, 0x00, 0x00, 0x0B, 0xFF, 0xFF, 0xF7, 0x00, 0x00, 0x06, 0xFF,
  0xFF, 0xFE, 0x10, 0x00, 0x00, 0x00, 0xBF, 0xFF, 0xFF, 0x70, 0x00, 0x00, 0x7F, 0xFF, 0xFF, 0xD1,
  0x00, 0x00, 0x00, 0x0B, 0xFF, 0xFF, 0xF7, 0x00, 0x00, 0x07, 0xFF, 0xFF, 0xFD, 0x10, 0x00, 0x00,
  0x00, 0xBF, 0xFF, 0xFF, 0x70, 0x00, 0x00, 0x7F, 0xFF, 0xFF, 0xD1, 0x00, 0x00, 0x00, 0x0B, 0xFF,
  0xFF, 0xF7, 0x00, 0x00, 0x07, 0xFF, 0xFF, 0xFD, 0x10, 0x00, 0x00, 0x00, 0xBF, 0xFF, 0xFF, 0x70,
  0x00, 0x00, 0x5F, 0xFF, 0xFF, 0xE1, 0x00, 0x00, 0x00, 0x0B, 0xFF, 0xFF, 0xF7, 0x00, 0x00, 0x03,
  0xFF, 0xFF, 0xFF, 0x40, 0x00, 0x00, 0x00, 0xCF, 0xFF, 0xFF, 0x70, 0x00, 0x00, 0x1D, 0xFF, 0xFF,
  0xFB, 0x00, 0x00, 0x00, 0x2E, 0xFF, 0xFF, 0xF7, 0x00, 0x00, 0x00, 0x9F, 0xFF, 0xFF, 0xF9, 0x10,
  0x00, 0x4D, 0xFF, 0xFF, 0xFF, 0x70, 0x00, 0x00, 0x04, 0xFF, 0xFF, 0xFF, 0xFE, 0xBA, 0xCF, 0xFE,
  0xFF, 0xFF, 0xF7, 0x00, 0x00, 0x00, 0x0A, 0xFF, 0xFF, 0xFF, 0xFF, 0xFF, 0xF8, 0xAF, 0xFF, 0xFF,
  0x70, 0x00, 0x00, 0x00, 0x2D, 0xFF, 0xFF, 0xFF, 0xFE, 0xFC, 0x1B, 0xFF, 0xFE, 0xF7, 0x00, 0x00,
  0x00, 0x00, 0x2C, 0xFF, 0xFF, 0xFF, 0xFC, 0x20, 0xCF, 0xFF, 0xFF, 0x80, 0x00, 0x00, 0x00, 0x00,
  0x06, 0xAD, 0xED, 0xB6, 0x10, 0x05, 0x77, 0x77, 0x74, 0x00, 0x00, 0x00, 0x00, 0x00, 0x00, 0x01,
  0x10, 0x00, 0x00, 0x00, 0x00, 0x00, 0x00, 0x00, 0x00, 0x00, 0x00, 0x00, 0x01, 0x46, 0x88, 0x87,
  0x41, 0x00, 0x00, 0x00, 0x00, 0x00, 0x00, 0x00, 0x00, 0x17, 0xDF, 0xFF, 0xFF, 0xFF, 0xD8, 0x20,
  0x00, 0x00, 0x00, 0x00, 0x00, 0x00, 0x3D, 0xFF, 0xFF, 0xFF, 0xFF, 0xFF, 0xFD, 0x50, 0x00, 0x00,
  0x00, 0x00, 0x00, 0x4E, 0xFF, 0xFF, 0xFF, 0xFF, 0xFF, 0xFF, 0xFF, 0x50, 0x00, 0x00, 0x00, 0x00,
  0x1D, 0xFF, 0xFF, 0xFF, 0xFE, 0xEF, 0xFF, 0xFF, 0xFE, 0x30, 0x00, 0x00, 0x00, 0x09, 0xFF, 0xFF,
  0xFF, 0x93, 0x12, 0x5C, 0xFF, 0xFF, 0xFA, 0x00, 0x00, 0x00, 0x02, 0xEF, 0xFF, 0xFF, 0x60, 0x00,
  0x00, 0x1C, 0xFF, 0xFF, 0xF3, 0x00, 0x00, 0x00, 0x6F, 0xFF, 0xFF, 0xC0, 0x00, 0x00, 0x10, 0x5F,
  0xFF, 0xFF, 0x80, 0x00, 0x00, 0x0A, 0xFF, 0xFF, 0xF7, 0x00, 0x00, 0x00, 0x00, 0xEF, 0xFF, 0xFB,
  0x00, 0x00, 0x00, 0xCF, 0xFF, 0xFF, 0xB8, 0x88, 0x77, 0x87, 0x8F, 0xFF, 0xFF, 0xD0, 0x00, 0x00,
  0x1D, 0xFF, 0xFF, 0xFF, 0xFF, 0xFF, 0xFF, 0xFF, 0xFF, 0xFF, 0xFE, 0x10, 0x00, 0x01, 0xEF, 0xFF,
  0xFF, 0xFF, 0xFF, 0xFF, 0xFF, 0xFF, 0xFF, 0xFF, 0xE1, 0x00, 0x00, 0x1E, 0xFF, 0xFF, 0xFF, 0xEE,
  0xEE, 0xEE, 0xEE, 0xEE, 0xEE, 0xED, 0x10, 0x00, 0x00, 0xDF, 0xFF, 0xFF, 0x71, 0x11, 0x11, 0x11,
  0x11, 0x11, 0x11, 0x10, 0x00, 0x00, 0x0B, 0xFF, 0xFF, 0xF8, 0x00, 0x00, 0x00, 0x00, 0x00, 0x00,
  0x00, 0x00, 0x00, 0x00, 0x8F, 0xFF, 0xFF, 0xC0, 0x00, 0x00, 0x00, 0x00, 0x12, 0x00, 0x00, 0x00,
  0x00, 0x04, 0xFF, 0xFF, 0xFF, 0x50, 0x00, 0x00, 0x00, 0x1C, 0xD1, 0x00, 0x00, 0x00, 0x00, 0x0C,
  0xFF, 0xFF, 0xFE, 0x60, 0x00, 0x00, 0x4C, 0xFF, 0xB0, 0x00, 0x00, 0x00, 0x00, 0x5F, 0xFF, 0xFF,
  0xFF, 0xDA, 0x9A, 0xDF, 0xFF, 0xFF, 0xA1, 0x00, 0x00, 0x00, 0x00, 0x9F, 0xFF, 0xFF, 0xFF, 0xFF,
  0xFF, 0xFF, 0xFF, 0xFF, 0x30, 0x00, 0x00, 0x00, 0x00, 0x9F, 0xFF, 0xFF, 0xFF, 0xFF, 0xFF, 0xFF,
  0xFD, 0x40, 0x00, 0x00, 0x00, 0x00, 0x00, 0x6D, 0xFF, 0xFF, 0xFF, 0xFF, 0xFF, 0xE9, 0x10, 0x00,
  0x00, 0x00, 0x00, 0x00, 0x00, 0x15, 0x9B, 0xDE, 0xED, 0xCA, 0x62, 0x00, 0x00, 0x00, 0x00, 0x00,
  0x00, 0x00, 0x00, 0x00, 0x01, 0x11, 0x10, 0x00, 0x00, 0x00, 0x00, 0x00, 0x00, 0x00, 0x00, 0x00,
  0x00, 0x00, 0x00, 0x00, 0x00, 0x00, 0x00, 0x00, 0x00, 0x00, 0x00, 0x00, 0x00, 0x00, 0x00, 0x00,
  0x15, 0x78, 0x99, 0x99, 0x98, 0x94, 0x00, 0x00, 0x00, 0x00, 0x00, 0x00, 0x00, 0x7E, 0xFF, 0xFF,
  0xFF, 0xFF, 0xFF, 0x80, 0x00, 0x00, 0x00, 0x00, 0x00, 0x00, 0x8F, 0xFF, 0xFF, 0xFF, 0xFF, 0xFE,
  0xF7, 0x00, 0x00, 0x00, 0x00, 0x00, 0x00, 0x4F, 0xFF, 0xFF, 0xFF, 0xFF, 0xFF, 0xFF, 0x80, 0x00,
  0x00, 0x00, 0x00, 0x00, 0x0A, 0xFF, 0xFF, 0xFF, 0xEE, 0xEE, 0xEE, 0xE7, 0x00, 0x00, 0x00, 0x00,
  0x00, 0x00, 0xCF, 0xFF, 0xFF, 0x81, 0x11, 0x11, 0x11, 0x00, 0x00, 0x00, 0x00, 0x00, 0x00, 0x1D,
  0xFF, 0xFF, 0xF7, 0x00, 0x00, 0x00, 0x00, 0x00, 0x00, 0x00, 0x00, 0x00, 0x01, 0xDF, 0xFF, 0xFF,
  0x80, 0x10, 0x00, 0x00, 0x00, 0x00, 0x00, 0x00, 0x00, 0x00, 0x0D, 0xFF, 0xFF, 0xF7, 0x00, 0x00,
  0x00, 0x00, 0x00, 0x00, 0x04, 0x77, 0x78, 0x78, 0xEF, 0xFF, 0xFF, 0xB7, 0x87, 0x77, 0x77, 0x40,
  0x00, 0x00, 0x8F, 0xFF, 0xFF, 0xFF, 0xFF, 0xFF, 0xFF, 0xFF, 0xFF, 0xFF, 0xF8, 0x00, 0x00, 0x07,
  0xFE, 0xFF, 0xFF, 0xFF, 0xFF, 0xFF, 0xFF, 0xFF, 0xFF, 0xEF, 0x70, 0x00, 0x00, 0x8F, 0xFF, 0xFF,
  0xFF, 0xFF, 0xFF, 0xFF, 0xFF, 0xFF, 0xFF, 0xF8, 0x00, 0x00, 0x07, 0xFE, 0xFF, 0xFF, 0xFF, 0xFF,
  0xFF, 0xFE, 0xFF, 0xFF, 0xEF, 0x70, 0x00, 0x00, 0x12, 0x22, 0x22, 0x2E, 0xFF, 0xFF, 0xF8, 0x22,
  0x22, 0x22, 0x21, 0x00, 0x00, 0x00, 0x00, 0x00, 0x00, 0xDF, 0xFF, 0xFF, 0x70, 0x00, 0x00, 0x00,
  0x00, 0x00, 0x00, 0x00, 0x00, 0x00, 0x1D, 0xFF, 0xFF, 0xF8, 0x00, 0x00, 0x00, 0x00, 0x00, 0x00,
  0x00, 0x00, 0x00, 0x01, 0xDF, 0xFF, 0xFF, 0x70, 0x00, 0x00, 0x00, 0x00, 0x00, 0x00, 0x00, 0x00,
  0x00, 0x1D, 0xFF, 0xFF, 0xF7, 0x00, 0x00, 0x00, 0x00, 0x00, 0x00, 0x00, 0x00, 0x00, 0x01, 0xDF,
  0xFF, 0xFF, 0x70, 0x00, 0x00, 0x00, 0x00, 0x00, 0x00, 0x00, 0x00, 0x00, 0x1D, 0xFF, 0xFF, 0xF7,
  0x00, 0x00, 0x00, 0x00, 0x00, 0x00, 0x00, 0x00, 0x00, 0x01, 0xDF, 0xFF, 0xFF, 0x70, 0x00, 0x00,
  0x00, 0x00, 0x00, 0x00, 0x00, 0x00, 0x00, 0x1D, 0xFF, 0xFF, 0xF7, 0x00, 0x00, 0x00, 0x00, 0x00,
  0x00, 0x00, 0x00, 0x00, 0x01, 0xDF, 0xFF, 0xFF, 0x70, 0x00, 0x00, 0x00, 0x00, 0x00, 0x00, 0x00,
  0x00, 0x00, 0x1D, 0xFF, 0xFF, 0xF8, 0x00, 0x00, 0x00, 0x00, 0x00, 0x00, 0x00, 0x00, 0x00, 0x00,
  0xDF, 0xFF, 0xFF, 0x70, 0x00, 0x00, 0x00, 0x00, 0x00, 0x00, 0x08, 0x99, 0x99, 0x9E, 0xFF, 0xFF,
  0xFC, 0x89, 0x99, 0x89, 0x40, 0x00, 0x00, 0x01, 0xFF, 0xFF, 0xFF, 0xFF, 0xFF, 0xFF, 0xFF, 0xFF,
  0xFF, 0xF8, 0x00, 0x00, 0x00, 0x1E, 0xFF, 0xFF, 0xFF, 0xFF, 0xFF, 0xFF, 0xFF, 0xFF, 0xEF, 0x70,
  0x00, 0x00, 0x01, 0xEF, 0xFF, 0xFF, 0xFF, 0xFF, 0xFF, 0xFF, 0xFF, 0xFF, 0xF8, 0x00, 0x00, 0x00,
  0x1D, 0xEE, 0xEE, 0xEE, 0xEE, 0xEE, 0xEE, 0xEE, 0xEE, 0xEE, 0x70, 0x00, 0x00, 0x00, 0x11, 0x11,
  0x11, 0x11, 0x11, 0x11, 0x11, 0x11, 0x11, 0x10, 0x00, 0x00, 0x00, 0x00, 0x00, 0x00, 0x00, 0x00,
  0x00, 0x00, 0x07, 0xFE, 0xFF, 0xEF, 0x70, 0x00, 0x00, 0x00, 0x00, 0x00, 0x14, 0x78, 0x88, 0x73,
  0x8F, 0xFF, 0xFF, 0xF8, 0x00, 0x00, 0x00, 0x00, 0x03, 0x9E, 0xFF, 0xFF, 0xFF, 0xFF, 0xF9, 0x78,
  0x78, 0x40, 0x00, 0x00, 0x00, 0x07, 0xEF, 0xFF, 0xFF, 0xEF, 0xFF, 0xFF, 0xC3, 0x00, 0x00, 0x00,
  0x00, 0x00, 0x07, 0xFF, 0xFF, 0xFF, 0xFF, 0xFF, 0xFF, 0xFF, 0xF5, 0x00, 0x00, 0x00, 0x00, 0x03,
  0xFF, 0xFF, 0xFF, 0xC7, 0x67, 0xCF, 0xFF, 0xFF, 0xE2, 0x00, 0x00, 0x00, 0x00, 0x9F, 0xFF, 0xFF,
  0xA0, 0x00, 0x00, 0xAF, 0xFF, 0xFF, 0x80, 0x00, 0x00, 0x00, 0x0C, 0xFF, 0xFF, 0xF3, 0x00, 0x00,
  0x03, 0xFF, 0xFF, 0xFC, 0x00, 0x00, 0x00, 0x01, 0xEF, 0xFF, 0xFE, 0x10, 0x00, 0x00, 0x1E, 0xFF,
  0xFF, 0xE1, 0x00, 0x00, 0x00, 0x1E, 0xFF, 0xFF, 0xE1, 0x00, 0x00, 0x01, 0xEF, 0xFF, 0xFE, 0x10,
  0x00, 0x00, 0x00, 0xDF, 0xFF, 0xFF, 0x20, 0x00, 0x00, 0x2F, 0xFF, 0xFF, 0xD0, 0x00, 0x00, 0x00,
  0x0A, 0xFF, 0xFF, 0xF9, 0x00, 0x00, 0x09, 0xFF, 0xFF, 0xFA, 0x00, 0x00, 0x00, 0x00, 0x5F, 0xFF,
  0xFF, 0xFA, 0x53, 0x5A, 0xFF, 0xFF, 0xFF, 0x40, 0x00, 0x00, 0x00, 0x00, 0xAF, 0xFF, 0xFF, 0xFF,
  0xFF, 0xFF, 0xFF, 0xFF, 0x90, 0x00, 0x00, 0x00, 0x00, 0x01, 0xBF, 0xFF, 0xFF, 0xFF, 0xFF, 0xFF,
  0xFF, 0xA0, 0x00, 0x00, 0x00, 0x00, 0x00, 0x00, 0x8F, 0xFF, 0xFF, 0xFF, 0xFF, 0xFC, 0x50, 0x00,
  0x00, 0x00, 0x00, 0x00, 0x03, 0x9C, 0xF9, 0x69, 0xAB, 0xA9, 0x63, 0x00, 0x00, 0x00, 0x00, 0x00,
  0x00, 0x05, 0xFF, 0xF9, 0x00, 0x00, 0x00, 0x00, 0x00, 0x00, 0x00, 0x00, 0x00, 0x00, 0x00, 0xDF,
  0xEF, 0x90, 0x00, 0x00, 0x00, 0x00, 0x00, 0x00, 0x00, 0x00, 0x00, 0x00, 0x1E, 0xFF, 0xFF, 0xA7,
  0x66, 0x66, 0x66, 0x65, 0x41, 0x00, 0x00, 0x00, 0x00, 0x00, 0xCF, 0xFF, 0xFF, 0xFF, 0xFF, 0xFF,
  0xFF, 0xFF, 0xEB, 0x50, 0x00, 0x00, 0x00, 0x04, 0xEF, 0xFF, 0xFF, 0xFF, 0xFF, 0xFF, 0xFF, 0xFF,
  0xFF, 0xA1, 0x00, 0x00, 0x00, 0x02, 0x9F, 0xFF, 0xFF, 0xFF, 0xFF, 0xFF, 0xFF, 0xFF, 0xFF, 0x90,
  0x00, 0x00, 0x01, 0x6B, 0xFF, 0xFF, 0xFF, 0xFF, 0xFF, 0xFF, 0xFF, 0xFF, 0xFF, 0x20, 0x00, 0x02,
  0xCF, 0xFF, 0x82, 0x22, 0x22, 0x22, 0x23, 0x7E, 0xFF, 0xFF, 0xF6, 0x00, 0x00, 0xAF, 0xFF, 0xE1,
  0x00, 0x00, 0x00, 0x00, 0x00, 0x8F, 0xFF, 0xFF, 0x70, 0x00, 0x1E, 0xFF, 0xFF, 0x30, 0x00, 0x00,
  0x00, 0x00, 0x09, 0xFF, 0xFF, 0xF7, 0x00, 0x01, 0xEF, 0xFF, 0xFC, 0x41, 0x00, 0x00, 0x01, 0x38,
  0xFF, 0xFF, 0xFF, 0x30, 0x00, 0x0B, 0xFF, 0xFF, 0xFF, 0xEE, 0xEE, 0xEE, 0xEF, 0xFF, 0xFF, 0xFF,
  0xB0, 0x00, 0x00, 0x4F, 0xFF, 0xFF, 0xFF, 0xFF, 0xFF, 0xFF, 0xFF, 0xFF, 0xFF, 0xC1, 0x00, 0x00,
  0x00, 0x4C, 0xFF, 0xFF, 0xFF, 0xFF, 0xFF, 0xFF, 0xFF, 0xFD, 0x70, 0x00, 0x00, 0x00, 0x00, 0x04,
  0x7A, 0xCD, 0xEE, 0xEE, 0xDD, 0xBA, 0x74, 0x10, 0x00, 0x00, 0x00, 0x00, 0x00, 0x00, 0x00, 0x11,
  0x11, 0x11, 0x00, 0x00, 0x00, 0x00, 0x00, 0x00, 0x00, 0x00, 0x11, 0x11, 0x11, 0x00, 0x00, 0x00,
  0x00, 0x00, 0x00, 0x00, 0x00, 0x00, 0x00, 0x7E, 0xEE, 0xEE, 0xC0, 0x00, 0x00, 0x00, 0x00, 0x00,
  0x00, 0x00, 0x00, 0x00, 0x08, 0xFF, 0xFF, 0xFE, 0x10, 0x00, 0x00, 0x00, 0x00, 0x00, 0x00, 0x00,
  0x00, 0x00, 0x7F, 0xFF, 0xFF, 0xD1, 0x00, 0x00, 0x00, 0x00, 0x00, 0x00, 0x00, 0x00, 0x00, 0x07,
  0xFF, 0xFF, 0xFD, 0x10, 0x00, 0x00, 0x00, 0x00, 0x00, 0x00, 0x00, 0x00, 0x00, 0x7F, 0xFF, 0xFF,
  0xD1, 0x00, 0x00, 0x00, 0x00, 0x00, 0x00, 0x00, 0x00, 0x00, 0x07, 0xFF, 0xFF, 0xFD, 0x10, 0x00,
  0x00, 0x00, 0x00, 0x00, 0x00, 0x00, 0x00, 0x00, 0x7F, 0xFF, 0xFF, 0xD1, 0x00, 0x00, 0x00, 0x00,
  0x00, 0x00, 0x00, 0x00, 0x00, 0x07, 0xFF, 0xFF, 0xFD, 0x10, 0x00, 0x00, 0x00, 0x00, 0x00, 0x00,
  0x00, 0x00, 0x00, 0x7F, 0xFF, 0xFF, 0xD1, 0x00, 0x00, 0x11, 0x10, 0x00, 0x00, 0x00, 0x00, 0x00,
  0x07, 0xFF, 0xFF, 0xFD, 0x10, 0x05, 0xAD, 0xED, 0xB6, 0x00, 0x00, 0x00, 0x00, 0x00, 0x7F, 0xFF,
  0xFF, 0xD0, 0x1B, 0xFF, 0xFF, 0xFF, 0xFC, 0x20, 0x00, 0x00, 0x00, 0x07, 0xFF, 0xFF, 0xFD, 0x1B,
  0xFF, 0xFF, 0xFF, 0xFF, 0xFC, 0x10, 0x00, 0x00, 0x00, 0x7F, 0xFF, 0xFF, 0xC7, 0xFF, 0xFF, 0xFF,
  0xFF, 0xFF, 0xF7, 0x00, 0x00, 0x00, 0x07, 0xFF, 0xFF, 0xFE, 0xFE, 0xB9, 0xAE, 0xFF, 0xFF, 0xFF,
  0xD1, 0x00, 0x00, 0x00, 0x7F, 0xFF, 0xFF, 0xFC, 0x30, 0x00, 0x2D, 0xFF, 0xFF, 0xFF, 0x40, 0x00,
  0x00, 0x07, 0xFF, 0xFF, 0xFF, 0x30, 0x00, 0x00, 0x5F, 0xFF, 0xFF, 0xF6, 0x00, 0x00, 0x00, 0x7F,
  0xFF, 0xFF, 0xE0, 0x00, 0x00, 0x01, 0xEF, 0xFF, 0xFF, 0x70, 0x00, 0x00, 0x07, 0xFF, 0xFF, 0xFD,
  0x10, 0x00, 0x00, 0x1E, 0xFF, 0xFF, 0xF7, 0x00, 0x00, 0x00, 0x7F, 0xFF, 0xFF, 0xD1, 0x00, 0x00,
  0x01, 0xDF, 0xFF, 0xFF, 0x70, 0x00, 0x00, 0x07, 0xFF, 0xFF, 0xFD, 0x10, 0x00, 0x00, 0x1D, 0xFF,
  0xFF, 0xF7, 0x00, 0x00, 0x00, 0x7F, 0xFF, 0xFF, 0xD1, 0x00, 0x00, 0x01, 0xDF, 0xFF, 0xFF, 0x70,
  0x00, 0x00, 0x07, 0xFF, 0xFF, 0xFD, 0x10, 0x00, 0x00, 0x1D, 0xFF, 0xFF, 0xF7, 0x00, 0x00, 0x00,
  0x7F, 0xFF, 0xFF, 0xD1, 0x00, 0x00, 0x01, 0xDF, 0xFF, 0xFF, 0x70, 0x00, 0x00, 0x07, 0xFF, 0xFF,
  0xFD, 0x10, 0x00, 0x00, 0x1D, 0xFF, 0xFF, 0xF7, 0x00, 0x00, 0x00, 0x7F, 0xFF, 0xFF, 0xD1, 0x00,
  0x00, 0x01, 0xDF, 0xFF, 0xFF, 0x70, 0x00, 0x00, 0x07, 0xFF, 0xFF, 0xFD, 0x10, 0x00, 0x00, 0x1D,
  0xFF, 0xFF, 0xF7, 0x00, 0x00, 0x00, 0x7F, 0xFF, 0xFF, 0xD1, 0x00, 0x00, 0x01, 0xDF, 0xFF, 0xFF,
  0x70, 0x00, 0x00, 0x07, 0xFF, 0xFF, 0xFD, 0x10, 0x00, 0x00, 0x1D, 0xFF, 0xFF, 0xF7, 0x00, 0x00,
  0x00, 0x7F, 0xFF, 0xFF, 0xD1, 0x00, 0x00, 0x01, 0xDF, 0xFF, 0xFF, 0x70, 0x00, 0x00, 0x08, 0xFF,
  0xFF, 0xFE, 0x10, 0x00, 0x00, 0x1E, 0xFF, 0xFF, 0xF8, 0x00, 0x00, 0x00, 0x7E, 0xEE, 0xEE, 0xC0,
  0x00, 0x00, 0x00, 0xCE, 0xEE, 0xEE, 0x70, 0x00, 0x00, 0x00, 0x11, 0x11, 0x11, 0x00, 0x00, 0x00,
  0x01, 0x11, 0x11, 0x10, 0x00, 0x00, 0x00, 0x00, 0x00, 0x00, 0x00, 0x00, 0x00, 0x11, 0x00, 0x00,
  0x00, 0x00, 0x00, 0x00, 0x00, 0x00, 0x00, 0x00, 0x00, 0x04, 0xBD, 0xEC, 0x81, 0x00, 0x00, 0x00,
  0x00, 0x00, 0x00, 0x00, 0x00, 0x00, 0x03, 0xFF, 0xFF, 0xFF, 0x90, 0x00, 0x00, 0x00, 0x00, 0x00,
  0x00, 0x00, 0x00, 0x00, 0x7F, 0xFF, 0xFF, 0xFE, 0x10, 0x00, 0x00, 0x00, 0x00, 0x00, 0x00, 0x00,
  0x00, 0x08, 0xFF, 0xFF, 0xFF, 0xE1, 0x00, 0x00, 0x00, 0x00, 0x00, 0x00, 0x00, 0x00, 0x00, 0x7F,
  0xFF, 0xFF, 0xFE, 0x10, 0x00, 0x00, 0x00, 0x00, 0x00, 0x00, 0x00, 0x00, 0x03, 0xFF, 0xFF, 0xFF,
  0xA0, 0x00, 0x00, 0x00, 0x00, 0x00, 0x00, 0x00, 0x00, 0x00, 0x06, 0xCF, 0xFE, 0xA1, 0x00, 0x00,
  0x00, 0x00, 0x00, 0x00, 0x00, 0x00, 0x00, 0x00, 0x01, 0x22, 0x10, 0x00, 0x00, 0x00, 0x00, 0x00,
  0x00, 0x00, 0x00, 0x00, 0x00, 0x00, 0x00, 0x00, 0x00, 0x00, 0x00, 0x00, 0x00, 0x00, 0x00, 0x00,
  0x00, 0x00, 0x00, 0x00, 0x00, 0x00, 0x00, 0x00, 0x00, 0x00, 0x00, 0x00, 0x01, 0xCC, 0xCC, 0xCC,
  0xCC, 0xCC, 0xCC, 0xC5, 0x00, 0x00, 0x00, 0x00, 0x00, 0x00, 0x1F, 0xFF, 0xFF, 0xFF, 0xFF, 0xFF,
  0xFF, 0x70, 0x00, 0x00, 0x00, 0x00, 0x00, 0x01, 0xEF, 0xFF, 0xFF, 0xFF, 0xFF, 0xFF, 0xF7, 0x00,
  0x00, 0x00, 0x00, 0x00, 0x00, 0x1F, 0xFF, 0xFF, 0xFF, 0xFF, 0xFF, 0xFF, 0x70, 0x00, 0x00, 0x00,
  0x00, 0x00, 0x01, 0xBC, 0xCC, 0xCC, 0xCF, 0xFF, 0xFF, 0xF7, 0x00, 0x00, 0x00, 0x00, 0x00, 0x00,
  0x00, 0x00, 0x00, 0x01, 0xEF, 0xFF, 0xFF, 0x70, 0x00, 0x00, 0x00, 0x00, 0x00, 0x00, 0x00, 0x00,
  0x00, 0x1E, 0xFF, 0xFF, 0xF7, 0x00, 0x00, 0x00, 0x00, 0x00, 0x00, 0x00, 0x00, 0x00, 0x01, 0xEF,
  0xFF, 0xFF, 0x70, 0x00, 0x00, 0x00, 0x00, 0x00, 0x00, 0x00, 0x00, 0x00, 0x1E, 0xFF, 0xFF, 0xF7,
  0x00, 0x00, 0x00, 0x00, 0x00, 0x00, 0x00, 0x00, 0x00, 0x01, 0xEF, 0xFF, 0xFF, 0x70, 0x00, 0x00,
  0x00, 0x00, 0x00, 0x00, 0x00, 0x00, 0x00, 0x1E, 0xFF, 0xFF, 0xF7, 0x00, 0x00, 0x00, 0x00, 0x00,
  0x00, 0x00, 0x00, 0x00, 0x01, 0xEF, 0xFF, 0xFF, 0x70, 0x00, 0x00, 0x00, 0x00, 0x00, 0x00, 0x00,
  0x00, 0x00, 0x1E, 0xFF, 0xFF, 0xF7, 0x00, 0x00, 0x00, 0x00, 0x00, 0x00, 0x00, 0x00, 0x00, 0x01,
  0xEF, 0xFF, 0xFF, 0x70, 0x00, 0x00, 0x00, 0x00, 0x00, 0x00, 0x00, 0x00, 0x00, 0x1E, 0xFF, 0xFF,
  0xF7, 0x00, 0x00, 0x00, 0x00, 0x00, 0x00, 0x00, 0x00, 0x00, 0x01, 0xEF, 0xFF, 0xFF, 0x70, 0x00,
  0x00, 0x00, 0x00, 0x00, 0x00, 0x00, 0x00, 0x00, 0x0E, 0xFF, 0xFF, 0xF6, 0x00, 0x00, 0x00, 0x00,
  0x00, 0x00, 0x19, 0xAA, 0xAA, 0xAA, 0xFF, 0xFF, 0xFF, 0xC9, 0xAA, 0xAA, 0x50, 0x00, 0x00, 0x01,
  0xFF, 0xFF, 0xFF, 0xFF, 0xFF, 0xFF, 0xFF, 0xFF, 0xFF, 0xF8, 0x00, 0x00, 0x00, 0x1E, 0xFF, 0xFF,
  0xFF, 0xFF, 0xFF, 0xFF, 0xFF, 0xFF, 0xEF, 0x70, 0x00, 0x00, 0x01, 0xEF, 0xFF, 0xFF, 0xFF, 0xFF,
  0xFF, 0xFF, 0xFF, 0xFF, 0xF8, 0x00, 0x00, 0x00, 0x1D, 0xEE, 0xEE, 0xEE, 0xEE, 0xEE, 0xEE, 0xEE,
  0xEE, 0xEE, 0x70, 0x00, 0x00, 0x00, 0x11, 0x11, 0x11, 0x11, 0x11, 0x11, 0x11, 0x11, 0x11, 0x10,
  0x00, 0x00, 0x00, 0x00, 0x00, 0x00, 0x00, 0x00, 0x00, 0x00, 0x00, 0x00, 0x00, 0x00, 0x00, 0x00,
  0x00, 0x11, 0x11, 0x11, 0x11, 0x11, 0x11, 0x11, 0x00, 0x00, 0x00, 0x00, 0x00, 0x00, 0x4D, 0xDD,
  0xDD, 0xDD, 0xDD, 0xDD, 0xDD, 0xD6, 0x00, 0x00, 0x00, 0x00, 0x00, 0x04, 0xFF, 0xFF, 0xFF, 0xFF,
  0xFF, 0xFF, 0xFF, 0x70, 0x00, 0x00, 0x00, 0x00, 0x00, 0x4F, 0xFF, 0xFF, 0xFF, 0xFF, 0xFF, 0xFF,
  0xF7, 0x00, 0x00, 0x00, 0x00, 0x00, 0x04, 0xFF, 0xFF, 0xFF, 0xFF, 0xFF, 0xFF, 0xFF, 0x70, 0x00,
  0x00, 0x00, 0x00, 0x00, 0x3A, 0xAA, 0xAA, 0xAA, 0xBF, 0xFF, 0xFF, 0xF7, 0x00, 0x00, 0x00, 0x00,
  0x00, 0x00, 0x00, 0x00, 0x00, 0x00, 0xEF, 0xFF, 0xFF, 0x70, 0x00, 0x00, 0x00, 0x00, 0x00, 0x00,
  0x00, 0x00, 0x00, 0x1E, 0xFF, 0xFF, 0xF7, 0x00, 0x00, 0x00, 0x00, 0x00, 0x00, 0x00, 0x00, 0x00,
  0x01, 0xEF, 0xFF, 0xFF, 0x70, 0x00, 0x00, 0x00, 0x00, 0x00, 0x00, 0x00, 0x00, 0x00, 0x1E, 0xFF,
  0xFF, 0xF7, 0x00, 0x00, 0x00, 0x00, 0x00, 0x00, 0x00, 0x00, 0x00, 0x01, 0xEF, 0xFF, 0xFF, 0x70,
  0x00, 0x00, 0x00, 0x00, 0x00, 0x00, 0x00, 0x00, 0x00, 0x1E, 0xFF, 0xFF, 0xF7, 0x00, 0x00, 0x00,
  0x00, 0x00, 0x00, 0x00, 0x00, 0x00, 0x01, 0xEF, 0xFF, 0xFF, 0x70, 0x00, 0x00, 0x00, 0x00, 0x00,
  0x00, 0x00, 0x00, 0x00, 0x1E, 0xFF, 0xFF, 0xF7, 0x00, 0x00, 0x00, 0x00, 0x00, 0x00, 0x00, 0x00,
  0x00, 0x01, 0xEF, 0xFF, 0xFF, 0x70, 0x00, 0x00, 0x00, 0x00, 0x00, 0x00, 0x00, 0x00, 0x00, 0x1E,
  0xFF, 0xFF, 0xF7, 0x00, 0x00, 0x00, 0x00, 0x00, 0x00, 0x00, 0x00, 0x00, 0x01, 0xEF, 0xFF, 0xFF,
  0x70, 0x00, 0x00, 0x00, 0x00, 0x00, 0x00, 0x00, 0x00, 0x00, 0x1E, 0xFF, 0xFF, 0xF7, 0x00, 0x00,
  0x00, 0x00, 0x00, 0x00, 0x00, 0x00, 0x00, 0x01, 0xEF, 0xFF, 0xFF, 0x70, 0x00, 0x00, 0x00, 0x00,
  0x00, 0x00, 0x00, 0x00, 0x00, 0x1E, 0xFF, 0xFF, 0xF7, 0x00, 0x00, 0x00, 0x00, 0x00, 0x00, 0x00,
  0x00, 0x00, 0x01, 0xEF, 0xFF, 0xFF, 0x70, 0x00, 0x00, 0x00, 0x00, 0x00, 0x00, 0x00, 0x00, 0x00,
  0x1E, 0xFF, 0xFF, 0xF7, 0x00, 0x00, 0x00, 0x00, 0x00, 0x00, 0x00, 0x00, 0x00, 0x01, 0xEF, 0xFF,
  0xFF, 0x70, 0x00, 0x00, 0x00, 0x00, 0x00, 0x00, 0x00, 0x00, 0x00, 0x1E, 0xFF, 0xFF, 0xF7, 0x00,
  0x00, 0x00, 0x00, 0x00, 0x00, 0x00, 0x00, 0x00, 0x01, 0xEF, 0xFF, 0xFF, 0x70, 0x00, 0x00, 0x00,
  0x00, 0x00, 0x00, 0x00, 0x00, 0x00, 0x0E, 0xFF, 0xFF, 0xF6, 0x00, 0x00, 0x00, 0x00, 0x00, 0x03,
  0xAA, 0xAA, 0xAA, 0xAA, 0xFF, 0xFF, 0xFF, 0x40, 0x00, 0x00, 0x00, 0x00, 0x00, 0x4F, 0xFF, 0xFF,
  0xFF, 0xFF, 0xFF, 0xFF, 0xD0, 0x00, 0x00, 0x00, 0x00, 0x00, 0x04, 0xFF, 0xFF, 0xFF, 0xFF, 0xFF,
  0xFF, 0xF5, 0x00, 0x00, 0x00, 0x00, 0x00, 0x00, 0x4F, 0xFF, 0xFF, 0xFF, 0xFF, 0xFF, 0xF7, 0x00,
  0x00, 0x00, 0x00, 0x00, 0x00, 0x04, 0xEE, 0xEE, 0xEE, 0xEE, 0xDC, 0x93, 0x00, 0x00, 0x00, 0x00,
  0x00, 0x00, 0x00, 0x01, 0x11, 0x11, 0x11, 0x11, 0x00, 0x00, 0x00, 0x00, 0x00, 0x00, 0x00, 0x00,
  0x00, 0x11, 0x11, 0x11, 0x00, 0x00, 0x00, 0x00, 0x00, 0x00, 0x00, 0x00, 0x00, 0x00, 0x7E, 0xEE,
  0xEE, 0xC0, 0x00, 0x00, 0x00, 0x00, 0x00, 0x00, 0x00, 0x00, 0x00, 0x08, 0xFF, 0xFF, 0xFE, 0x10,
  0x00, 0x00, 0x00, 0x00, 0x00, 0x00, 0x00, 0x00, 0x00, 0x7F, 0xFF, 0xFF, 0xD1, 0x00, 0x00, 0x00,
  0x00, 0x00, 0x00, 0x00, 0x00, 0x00, 0x07, 0xFF, 0xFF, 0xFD, 0x10, 0x00, 0x00, 0x00, 0x00, 0x00,
  0x00, 0x00, 0x00, 0x00, 0x7F, 0xFF, 0xFF, 0xD1, 0x00, 0x00, 0x00, 0x00, 0x00, 0x00, 0x00, 0x00,
  0x00, 0x07, 0xFF, 0xFF, 0xFD, 0x10, 0x00, 0x00, 0x00, 0x00, 0x00, 0x00, 0x00, 0x00, 0x00, 0x7F,
  0xFF, 0xFF, 0xD1, 0x00, 0x00, 0x00, 0x00, 0x00, 0x00, 0x00, 0x00, 0x00, 0x07, 0xFF, 0xFF, 0xFD,
  0x10, 0x00, 0x00, 0x00, 0x00, 0x00, 0x00, 0x00, 0x00, 0x00, 0x7F, 0xFF, 0xFF, 0xD1, 0x00, 0x00,
  0x00, 0x00, 0x00, 0x00, 0x00, 0x00, 0x00, 0x07, 0xFF, 0xFF, 0xFD, 0x10, 0x00, 0x00, 0x05, 0x87,
  0x78, 0x78, 0x40, 0x00, 0x00, 0x7F, 0xFF, 0xFF, 0xD1, 0x00, 0x00, 0x05, 0xFF, 0xFF, 0xFF, 0xC2,
  0x00, 0x00, 0x07, 0xFF, 0xFF, 0xFD, 0x10, 0x00, 0x04, 0xFF, 0xFF, 0xEF, 0xB1, 0x00, 0x00, 0x00,
  0x7F, 0xFF, 0xFF, 0xD1, 0x00, 0x04, 0xEF, 0xFF, 0xFF, 0xB1, 0x00, 0x00, 0x00, 0x07, 0xFF, 0xFF,
  0xFD, 0x10, 0x03, 0xEF, 0xFF, 0xFF, 0xB1, 0x00, 0x00, 0x00, 0x00, 0x7F, 0xFF, 0xFF, 0xD1, 0x02,
  0xEF, 0xFF, 0xFF, 0xC1, 0x00, 0x00, 0x00, 0x00, 0x07, 0xFF, 0xFF, 0xFD, 0x01, 0xDF, 0xFF, 0xFF,
  0xC1, 0x00, 0x00, 0x00, 0x00, 0x00, 0x7F, 0xFF, 0xFF, 0xD1, 0xBF, 0xFF, 0xFF, 0xC1, 0x00, 0x00,
  0x00, 0x00, 0x00, 0x07, 0xFF, 0xFF, 0xFD, 0xAF, 0xFF, 0xFF, 0xC1, 0x00, 0x00, 0x00, 0x00, 0x00,
  0x00, 0x7F, 0xFF, 0xFF, 0xFF, 0xFF, 0xFF, 0xFB, 0x00, 0x00, 0x00, 0x00, 0x00, 0x00, 0x07, 0xFF,
  0xFF, 0xFF, 0xFF, 0xFF, 0xFF, 0xF7, 0x00, 0x00, 0x00, 0x00, 0x00, 0x00, 0x7F, 0xFF, 0xFF, 0xFF,
  0xFF, 0xFF, 0xFF, 0xF3, 0x00, 0x00, 0x00, 0x00, 0x00, 0x07, 0xFF, 0xFF, 0xFF, 0xFD, 0xDF, 0xFF,
  0xFF, 0xD1, 0x00, 0x00, 0x00, 0x00, 0x00, 0x7F, 0xFF, 0xFF, 0xFD, 0x25, 0xFF, 0xFF, 0xFF, 0x90,
  0x00, 0x00, 0x00, 0x00, 0x07, 0xFF, 0xFF, 0xFE, 0x20, 0x0A, 0xFF, 0xFF, 0xFF, 0x50, 0x00, 0x00,
  0x00, 0x00, 0x7F, 0xFF, 0xFF, 0xD0, 0x00, 0x2E, 0xFF, 0xFF, 0xFE, 0x20, 0x00, 0x00, 0x00, 0x07,
  0xFF, 0xFF, 0xFD, 0x10, 0x00, 0x5F, 0xFF, 0xFF, 0xFB, 0x00, 0x00, 0x00, 0x00, 0x7F, 0xFF, 0xFF,
  0xD1, 0x00, 0x00, 0xAF, 0xFF, 0xFF, 0xF7, 0x00, 0x00, 0x00, 0x07, 0xFF, 0xFF, 0xFD, 0x10, 0x00,
  0x02, 0xEF, 0xFF, 0xFF, 0xF3, 0x00, 0x00, 0x00, 0x7F, 0xFF, 0xFF, 0xD1, 0x00, 0x00, 0x06, 0xFF,
  0xFF, 0xFF, 0xC1, 0x00, 0x00, 0x08, 0xFF, 0xFF, 0xFE, 0x10, 0x00, 0x00, 0x0A, 0xFF, 0xFF, 0xFF,
  0x90, 0x00, 0x00, 0x7E, 0xEE, 0xEE, 0xC0, 0x00, 0x00, 0x00, 0x2D, 0xEE, 0xEE, 0xEE, 0x40, 0x00,
  0x00, 0x11, 0x11, 0x11, 0x00, 0x00, 0x00, 0x00, 0x01, 0x11, 0x11, 0x11, 0x00, 0x00, 0x00, 0x00,
  0x00, 0x00, 0x00, 0x00, 0x00, 0x00, 0x00, 0x00, 0x00, 0x00, 0x00, 0x00, 0x08, 0x98, 0x99, 0x99,
  0x99, 0x98, 0x98, 0x00, 0x00, 0x00, 0x00, 0x00, 0x00, 0x01, 0xFF, 0xFF, 0xFF, 0xFF, 0xFF, 0xFF,
  0xE1, 0x00, 0x00, 0x00, 0x00, 0x00, 0x00, 0x1E, 0xFF, 0xFF, 0xFF, 0xFF, 0xFF, 0xFD, 0x10, 0x00,
  0x00, 0x00, 0x00, 0x00, 0x01, 0xEF, 0xFF, 0xFF, 0xFF, 0xFF, 0xFF, 0xD1, 0x00, 0x00, 0x00, 0x00,
  0x00, 0x00, 0x1D, 0xEE, 0xEE, 0xEF, 0xFF, 0xFF, 0xFD, 0x10, 0x00, 0x00, 0x00, 0x00, 0x00, 0x00,
  0x11, 0x11, 0x11, 0x8F, 0xFF, 0xFF, 0xD1, 0x00, 0x00, 0x00, 0x00, 0x00, 0x00, 0x00, 0x00, 0x00,
  0x07, 0xFF, 0xFF, 0xFD, 0x10, 0x00, 0x00, 0x00, 0x00, 0x00, 0x00, 0x00, 0x00, 0x00, 0x7F, 0xFF,
  0xFF, 0xD1, 0x00, 0x00, 0x00, 0x00, 0x00, 0x00, 0x00, 0x00, 0x00, 0x07, 0xFF, 0xFF, 0xFD, 0x10,
  0x00, 0x00, 0x00, 0x00, 0x00, 0x00, 0x00, 0x00, 0x00, 0x7F, 0xFF, 0xFF, 0xD1, 0x00, 0x00, 0x00,
  0x00, 0x00, 0x00, 0x00, 0x00, 0x00, 0x07, 0xFF, 0xFF, 0xFD, 0x10, 0x00, 0x00, 0x00, 0x00, 0x00,
  0x00, 0x00, 0x00, 0x00, 0x7F, 0xFF, 0xFF, 0xD1, 0x00, 0x00, 0x00, 0x00, 0x00, 0x00, 0x00, 0x00,
  0x00, 0x07, 0xFF, 0xFF, 0xFD, 0x10, 0x00, 0x00, 0x00, 0x00, 0x00, 0x00, 0x00, 0x00, 0x00, 0x7F,
  0xFF, 0xFF, 0xD1, 0x00, 0x00, 0x00, 0x00, 0x00, 0x00, 0x00, 0x00, 0x00, 0x07, 0xFF, 0xFF, 0xFD,
  0x10, 0x00, 0x00, 0x00, 0x00, 0x00, 0x00, 0x00, 0x00, 0x00, 0x7F, 0xFF, 0xFF, 0xD1, 0x00, 0x00,
  0x00, 0x00, 0x00, 0x00, 0x00, 0x00, 0x00, 0x07, 0xFF, 0xFF, 0xFD, 0x10, 0x00, 0x00, 0x00, 0x00,
  0x00, 0x00, 0x00, 0x00, 0x00, 0x7F, 0xFF, 0xFF, 0xD1, 0x00, 0x00, 0x00, 0x00, 0x00, 0x00, 0x00,
  0x00, 0x00, 0x07, 0xFF, 0xFF, 0xFD, 0x10, 0x00, 0x00, 0x00, 0x00, 0x00, 0x00, 0x00, 0x00, 0x00,
  0x7F, 0xFF, 0xFF, 0xD1, 0x00, 0x00, 0x00, 0x00, 0x00, 0x00, 0x00, 0x00, 0x00, 0x07, 0xFF, 0xFF,
  0xFD, 0x10, 0x00, 0x00, 0x00, 0x00, 0x00, 0x00, 0x00, 0x00, 0x00, 0x7F, 0xFF, 0xFF, 0xD1, 0x00,
  0x00, 0x00, 0x00, 0x00, 0x00, 0x00, 0x00, 0x00, 0x07, 0xFF, 0xFF, 0xFD, 0x10, 0x00, 0x00, 0x00,
  0x00, 0x00, 0x00, 0x00, 0x00, 0x00, 0x7F, 0xFF, 0xFF, 0xD1, 0x00, 0x00, 0x00, 0x00, 0x00, 0x00,
  0x00, 0x00, 0x00, 0x08, 0xFF, 0xFF, 0xFD, 0x10, 0x00, 0x00, 0x00, 0x00, 0x00, 0x00, 0x00, 0x00,
  0x00, 0x7F, 0xFF, 0xFF, 0xD0, 0x00, 0x00, 0x00, 0x00, 0x00, 0x00, 0x08, 0x99, 0x99, 0x8C, 0xFF,
  0xFF, 0xFE, 0x99, 0x99, 0x89, 0x40, 0x00, 0x00, 0x01, 0xFF, 0xFF, 0xFF, 0xFF, 0xFF, 0xFF, 0xFF,
  0xFF, 0xFF, 0xF8, 0x00, 0x00, 0x00, 0x1E, 0xFF, 0xFF, 0xFF, 0xFF, 0xFF, 0xFF, 0xFF, 0xFF, 0xEF,
  0x70, 0x00, 0x00, 0x01, 0xEF, 0xFF, 0xFF, 0xFF, 0xFF, 0xFF, 0xFF, 0xFF, 0xFF, 0xF8, 0x00, 0x00,
  0x00, 0x1D, 0xEE, 0xEE, 0xEE, 0xEE, 0xEE, 0xEE, 0xEE, 0xEE, 0xEE, 0x70, 0x00, 0x00, 0x00, 0x11,
  0x11, 0x11, 0x11, 0x11, 0x11, 0x11, 0x11, 0x11, 0x10, 0x00, 0x00, 0x00, 0x00, 0x00, 0x00, 0x00,
  0x01, 0x10, 0x00, 0x00, 0x00, 0x11, 0x00, 0x00, 0x00, 0x04, 0x77, 0x77, 0x40, 0x3A, 0xEE, 0xA3,
  0x00, 0x06, 0xBE, 0xDA, 0x30, 0x00, 0x00, 0x8F, 0xFF, 0xF8, 0x1E, 0xFF, 0xFF, 0xE2, 0x09, 0xFF,
  0xFF, 0xFE, 0x30, 0x00, 0x07, 0xFE, 0xEF, 0x68, 0xFE, 0xFF, 0xFF, 0x73, 0xFF, 0xFF, 0xFF, 0xFC,
  0x00, 0x00, 0x8F, 0xFF, 0xFB, 0xEF, 0xFF, 0xFF, 0xFD, 0xCF, 0xFF, 0xFF, 0xFF, 0xF2, 0x00, 0x08,
  0xFF, 0xFF, 0xFD, 0x9C, 0xFF, 0xFF, 0xFF, 0xC9, 0xCF, 0xFF, 0xFF, 0x50, 0x00, 0x8F, 0xFF, 0xFC,
  0x10, 0x1C, 0xFF, 0xFF, 0xC1, 0x01, 0xCF, 0xFF, 0xF7, 0x00, 0x08, 0xFF, 0xFF, 0x80, 0x10, 0x8F,
  0xFF, 0xF8, 0x01, 0x08, 0xFF, 0xFF, 0x70, 0x00, 0x8F, 0xFF, 0xF7, 0x01, 0x07, 0xFF, 0xFF, 0x70,
  0x10, 0x7F, 0xFF, 0xF7, 0x00, 0x08, 0xFF, 0xFF, 0x70, 0x10, 0x7F, 0xFF, 0xF7, 0x01, 0x07, 0xFF,
  0xFF, 0x70, 0x00, 0x8F, 0xFF, 0xF7, 0x01, 0x07, 0xFF, 0xFF, 0x70, 0x10, 0x7F, 0xFF, 0xF7, 0x00,
  0x08, 0xFF, 0xFF, 0x70, 0x10, 0x7F, 0xFF, 0xF7, 0x01, 0x07, 0xFF, 0xFF, 0x70, 0x00, 0x8F, 0xFF,
  0xF7, 0x01, 0x07, 0xFF, 0xFF, 0x70, 0x10, 0x7F, 0xFF, 0xF7, 0x00, 0x08, 0xFF, 0xFF, 0x70, 0x10,
  0x7F, 0xFF, 0xF7, 0x01, 0x07, 0xFF, 0xFF, 0x70, 0x00, 0x8F, 0xFF, 0xF7, 0x01, 0x07, 0xFF, 0xFF,
  0x70, 0x10, 0x7F, 0xFF, 0xF7, 0x00, 0x08, 0xFF, 0xFF, 0x70, 0x10, 0x7F, 0xFF, 0xF7, 0x01, 0x07,
  0xFF, 0xFF, 0x70, 0x00, 0x8F, 0xFF, 0xF7, 0x01, 0x07, 0xFF, 0xFF, 0x70, 0x10, 0x7F, 0xFF, 0xF7,
  0x00, 0x08, 0xFF, 0xFF, 0x70, 0x10, 0x7F, 0xFF, 0xF7, 0x01, 0x07, 0xFF, 0xFF, 0x70, 0x00, 0x8F,
  0xFF, 0xF7, 0x01, 0x07, 0xFF, 0xFF, 0x70, 0x10, 0x7F, 0xFF, 0xF7, 0x00, 0x08, 0xFF, 0xFF, 0x70,
  0x10, 0x7F, 0xFF, 0xF7, 0x01, 0x07, 0xFF, 0xFF, 0x70, 0x00, 0x8F, 0xFF, 0xF7, 0x01, 0x07, 0xFF,
  0xFF, 0x70, 0x10, 0x7F, 0xFF, 0xF7, 0x00, 0x08, 0xFF, 0xFF, 0x80, 0x10, 0x8F, 0xFF, 0xF8, 0x01,
  0x08, 0xFF, 0xFF, 0x80, 0x00, 0x7E, 0xEE, 0xE7, 0x01, 0x07, 0xEE, 0xEE, 0x70, 0x10, 0x7E, 0xEE,
  0xE7, 0x00, 0x00, 0x11, 0x11, 0x00, 0x00, 0x01, 0x11, 0x10, 0x00, 0x00, 0x11, 0x11, 0x00, 0x00,
  0x00, 0x00, 0x00, 0x00, 0x00, 0x00, 0x01, 0x11, 0x00, 0x00, 0x00, 0x00, 0x00, 0x00, 0x47, 0x77,
  0x77, 0x70, 0x00, 0x5A, 0xDE, 0xDA, 0x60, 0x00, 0x00, 0x00, 0x00, 0x08, 0xFF, 0xFF, 0xFF, 0x01,
  0xBF, 0xFF, 0xFF, 0xFF, 0xC2, 0x00, 0x00, 0x00, 0x00, 0x7F, 0xEF, 0xFF, 0xD1, 0xBF, 0xFF, 0xFF,
  0xFF, 0xFF, 0xC1, 0x00, 0x00, 0x00, 0x07, 0xFF, 0xFF, 0xFC, 0x7F, 0xFF, 0xFF, 0xFF, 0xFF, 0xFF,
  0x70, 0x00, 0x00, 0x00, 0x7F, 0xFF, 0xFF, 0xEF, 0xEB, 0x9A, 0xEF, 0xFF, 0xFF, 0xFD, 0x10, 0x00,
  0x00, 0x07, 0xFF, 0xFF, 0xFF, 0xC3, 0x00, 0x02, 0xDF, 0xFF, 0xFF, 0xF4, 0x00, 0x00, 0x00, 0x7F,
  0xFF, 0xFF, 0xF3, 0x00, 0x00, 0x05, 0xFF, 0xFF, 0xFF, 0x60, 0x00, 0x00, 0x07, 0xFF, 0xFF, 0xFE,
  0x00, 0x00, 0x00, 0x1E, 0xFF, 0xFF, 0xF7, 0x00, 0x00, 0x00, 0x7F, 0xFF, 0xFF, 0xD1, 0x00, 0x00,
  0x01, 0xEF, 0xFF, 0xFF, 0x70, 0x00, 0x00, 0x07, 0xFF, 0xFF, 0xFD, 0x10, 0x00, 0x00, 0x1D, 0xFF,
  0xFF, 0xF7, 0x00, 0x00, 0x00, 0x7F, 0xFF, 0xFF, 0xD1, 0x00, 0x00, 0x01, 0xDF, 0xFF, 0xFF, 0x70,
  0x00, 0x00, 0x07, 0xFF, 0xFF, 0xFD, 0x10, 0x00, 0x00, 0x1D, 0xFF, 0xFF, 0xF7, 0x00, 0x00, 0x00,
  0x7F, 0xFF, 0xFF, 0xD1, 0x00, 0x00, 0x01, 0xDF, 0xFF, 0xFF, 0x70, 0x00, 0x00, 0x07, 0xFF, 0xFF,
  0xFD, 0x10, 0x00, 0x00, 0x1D, 0xFF, 0xFF, 0xF7, 0x00, 0x00, 0x00, 0x7F, 0xFF, 0xFF, 0xD1, 0x00,
  0x00, 0x01, 0xDF, 0xFF, 0xFF, 0x70, 0x00, 0x00, 0x07, 0xFF, 0xFF, 0xFD, 0x10, 0x00, 0x00, 0x1D,
  0xFF, 0xFF, 0xF7, 0x00, 0x00, 0x00, 0x7F, 0xFF, 0xFF, 0xD1, 0x00, 0x00, 0x01, 0xDF, 0xFF, 0xFF,
  0x70, 0x00, 0x00, 0x07, 0xFF, 0xFF, 0xFD, 0x10, 0x00, 0x00, 0x1D, 0xFF, 0xFF, 0xF7, 0x00, 0x00,
  0x00, 0x7F, 0xFF, 0xFF, 0xD1, 0x00, 0x00, 0x01, 0xDF, 0xFF, 0xFF, 0x70, 0x00, 0x00, 0x07, 0xFF,
  0xFF, 0xFD, 0x10, 0x00, 0x00, 0x1D, 0xFF, 0xFF, 0xF7, 0x00, 0x00, 0x00, 0x8F, 0xFF, 0xFF, 0xE1,
  0x00, 0x00, 0x01, 0xEF, 0xFF, 0xFF, 0x80, 0x00, 0x00, 0x07, 0xEE, 0xEE, 0xEC, 0x00, 0x00, 0x00,
  0x0C, 0xEE, 0xEE, 0xE7, 0x00, 0x00, 0x00, 0x01, 0x11, 0x11, 0x10, 0x00, 0x00, 0x00, 0x11, 0x11,
  0x11, 0x00, 0x00, 0x00, 0x00, 0x00, 0x00, 0x00, 0x00, 0x11, 0x10, 0x00, 0x00, 0x00, 0x00, 0x00,
  0x00, 0x00, 0x00, 0x00, 0x02, 0x7A, 0xCE, 0xEE, 0xCA, 0x72, 0x00, 0x00, 0x00, 0x00, 0x00, 0x00,
  0x00, 0x19, 0xFF, 0xFF, 0xFF, 0xFF, 0xFF, 0xE8, 0x10, 0x00, 0x00, 0x00, 0x00, 0x00, 0x3D, 0xFF,
  0xFF, 0xFF, 0xFF, 0xFF, 0xFF, 0xFC, 0x20, 0x00, 0x00, 0x00, 0x00, 0x2E, 0xFF, 0xFF, 0xFF, 0xFF,
  0xFF, 0xFF, 0xFF, 0xFD, 0x20, 0x00, 0x00, 0x00, 0x0B, 0xFF, 0xFF, 0xFF, 0xC8, 0x79, 0xDF, 0xFF,
  0xFF, 0xFB, 0x00, 0x00, 0x00, 0x05, 0xFF, 0xFF, 0xFF, 0x70, 0x00, 0x00, 0x8F, 0xFF, 0xFF, 0xF4,
  0x00, 0x00, 0x00, 0xBF, 0xFF, 0xFF, 0x90, 0x00, 0x00, 0x00, 0xAF, 0xFF, 0xFF, 0xA0, 0x00, 0x00,
  0x2F, 0xFF, 0xFF, 0xF3, 0x00, 0x00, 0x00, 0x04, 0xFF, 0xFF, 0xFE, 0x10, 0x00, 0x05, 0xFF, 0xFF,
  0xFE, 0x10, 0x00, 0x00, 0x00, 0x2E, 0xFF, 0xFF, 0xF4, 0x00, 0x00, 0x6F, 0xFF, 0xFF, 0xD1, 0x00,
  0x00, 0x00, 0x01, 0xEF, 0xFF, 0xFF, 0x60, 0x00, 0x07, 0xFF, 0xFF, 0xFD, 0x10, 0x00, 0x00, 0x00,
  0x1E, 0xFF, 0xFF, 0xF6, 0x00, 0x00, 0x7F, 0xFF, 0xFF, 0xD1, 0x00, 0x00, 0x00, 0x01, 0xEF, 0xFF,
  0xFF, 0x60, 0x00, 0x06, 0xFF, 0xFF, 0xFD, 0x10, 0x00, 0x00, 0x00, 0x1E, 0xFF, 0xFF, 0xF6, 0x00,
  0x00, 0x5F, 0xFF, 0xFF, 0xE1, 0x00, 0x00, 0x00, 0x02, 0xEF, 0xFF, 0xFF, 0x40, 0x00, 0x02, 0xFF,
  0xFF, 0xFF, 0x30, 0x00, 0x00, 0x00, 0x4F, 0xFF, 0xFF, 0xE1, 0x00, 0x00, 0x0B, 0xFF, 0xFF, 0xF9,
  0x00, 0x00, 0x00, 0x0A, 0xFF, 0xFF, 0xFA, 0x00, 0x00, 0x00, 0x5F, 0xFF, 0xFF, 0xF7, 0x00, 0x00,
  0x08, 0xFF, 0xFF, 0xFF, 0x40, 0x00, 0x00, 0x00, 0xBF, 0xFF, 0xFF, 0xFC, 0x87, 0x8C, 0xFF, 0xFF,
  0xFF, 0xB0, 0x00, 0x00, 0x00, 0x02, 0xEF, 0xFF, 0xFF, 0xFF, 0xFF, 0xFF, 0xFF, 0xFF, 0xD2, 0x00,
  0x00, 0x00, 0x00, 0x03, 0xDF, 0xFF, 0xFF, 0xFF, 0xFF, 0xFF, 0xFF, 0xD2, 0x00, 0x00, 0x00, 0x00,
  0x00, 0x01, 0x9F, 0xFF, 0xFF, 0xFF, 0xFF, 0xFE, 0x91, 0x00, 0x00, 0x00, 0x00, 0x00, 0x00, 0x00,
  0x27, 0xAC, 0xEE, 0xEC, 0xA7, 0x20, 0x00, 0x00, 0x00, 0x00, 0x00, 0x00, 0x00, 0x00, 0x00, 0x01,
  0x11, 0x00, 0x00, 0x00, 0x00, 0x00, 0x00, 0x00, 0x00, 0x00, 0x00, 0x00, 0x00, 0x00, 0x00, 0x00,
  0x00, 0x00, 0x00, 0x00, 0x00, 0x00, 0x48, 0x88, 0x88, 0x60, 0x00, 0x26, 0x89, 0x85, 0x10, 0x00,
  0x00, 0x00, 0x00, 0x08, 0xFF, 0xFF, 0xFD, 0x00, 0x7E, 0xFF, 0xFF, 0xFE, 0x80, 0x00, 0x00, 0x00,
  0x00, 0x7F, 0xEF, 0xFF, 0xC0, 0x9F, 0xFF, 0xFF, 0xFF, 0xFF, 0xA0, 0x00, 0x00, 0x00, 0x07, 0xFF,
  0xFF, 0xFB, 0x5F, 0xFF, 0xFF, 0xFF, 0xFF, 0xFF, 0x80, 0x00, 0x00, 0x00, 0x7F, 0xFF, 0xFF, 0xDD,
  0xFE, 0xDE, 0xFF, 0xFF, 0xFF, 0xFF, 0x30, 0x00, 0x00, 0x07, 0xFF, 0xFF, 0xFF, 0xE7, 0x20, 0x14,
  0xBF, 0xFF, 0xFF, 0xF9, 0x00, 0x00, 0x00, 0x7F, 0xFF, 0xFF, 0xF4, 0x00, 0x00, 0x00, 0xCF, 0xFF,
  0xFF, 0xD0, 0x00, 0x00, 0x07, 0xFF, 0xFF, 0xFD, 0x00, 0x00, 0x00, 0x05, 0xFF, 0xFF, 0xFF, 0x30,
  0x00, 0x00, 0x7F, 0xFF, 0xFF, 0xC0, 0x00, 0x00, 0x00, 0x1E, 0xFF, 0xFF, 0xF5, 0x00, 0x00, 0x07,
  0xFF, 0xFF, 0xFC, 0x00, 0x00, 0x00, 0x01, 0xDF, 0xFF, 0xFF, 0x70, 0x00, 0x00, 0x7F, 0xFF, 0xFF,
  0xC0, 0x00, 0x00, 0x00, 0x1D, 0xFF, 0xFF, 0xF7, 0x00, 0x00, 0x07, 0xFF, 0xFF, 0xFC, 0x00, 0x00,
  0x00, 0x01, 0xDF, 0xFF, 0xFF, 0x70, 0x00, 0x00, 0x7F, 0xFF, 0xFF, 0xC0, 0x00, 0x00, 0x00, 0x1D,
  0xFF, 0xFF, 0xF7, 0x00, 0x00, 0x07, 0xFF, 0xFF, 0xFC, 0x00, 0x00, 0x00, 0x01, 0xEF, 0xFF, 0xFF,
  0x60, 0x00, 0x00, 0x7F, 0xFF, 0xFF, 0xC0, 0x00, 0x00, 0x00, 0x2F, 0xFF, 0xFF, 0xF4, 0x00, 0x00,
  0x07, 0xFF, 0xFF, 0xFE, 0x10, 0x00, 0x00, 0x07, 0xFF, 0xFF, 0xFE, 0x20, 0x00, 0x00, 0x7F, 0xFF,
  0xFF, 0xF8, 0x00, 0x00, 0x04, 0xEF, 0xFF, 0xFF, 0xC0, 0x00, 0x00, 0x07, 0xFF, 0xFF, 0xFF, 0xFC,
  0x75, 0x59, 0xEF, 0xFF, 0xFF, 0xF6, 0x00, 0x00, 0x00, 0x7F, 0xFF, 0xFF, 0xDD, 0xFF, 0xFF, 0xFF,
  0xFF, 0xFF, 0xFD, 0x10, 0x00, 0x00, 0x07, 0xFF, 0xFF, 0xFD, 0x4F, 0xFF, 0xFF, 0xFF, 0xFF, 0xFF,
  0x40, 0x00, 0x00, 0x00, 0x7F, 0xFF, 0xFF, 0xD0, 0x6F, 0xFF, 0xFF, 0xFF, 0xFE, 0x50, 0x00, 0x00,
  0x00, 0x07, 0xFF, 0xFF, 0xFD, 0x10, 0x4B, 0xEF, 0xFF, 0xD9, 0x30, 0x00, 0x00, 0x00, 0x00, 0x7F,
  0xFF, 0xFF, 0xD1, 0x00, 0x02, 0x33, 0x31, 0x00, 0x00, 0x00, 0x00, 0x00, 0x07, 0xFF, 0xFF, 0xFD,
  0x10, 0x00, 0x00, 0x00, 0x00, 0x00, 0x00, 0x00, 0x00, 0x00, 0x7F, 0xFF, 0xFF, 0xD1, 0x00, 0x00,
  0x00, 0x00, 0x00, 0x00, 0x00, 0x00, 0x00, 0x07, 0xFF, 0xFF, 0xFD, 0x10, 0x00, 0x00, 0x00, 0x00,
  0x00, 0x00, 0x00, 0x00, 0x00, 0x7F, 0xFF, 0xFF, 0xD1, 0x00, 0x00, 0x00, 0x00, 0x00, 0x00, 0x00,
  0x00, 0x00, 0x07, 0xFF, 0xFF, 0xFD, 0x10, 0x00, 0x00, 0x00, 0x00, 0x00, 0x00, 0x00, 0x00, 0x00,
  0x8F, 0xFF, 0xFF, 0xE1, 0x00, 0x00, 0x00, 0x00, 0x00, 0x00, 0x00, 0x00, 0x00, 0x07, 0xEE, 0xEE,
  0xED, 0x00, 0x00, 0x00, 0x00, 0x00, 0x00, 0x00, 0x00, 0x00, 0x00, 0x11, 0x11, 0x11, 0x10, 0x00,
  0x00, 0x00, 0x00, 0x00, 0x00, 0x00, 0x00, 0x00, 0x00, 0x00, 0x00, 0x00, 0x00, 0x00, 0x00, 0x00,
  0x00, 0x00, 0x00, 0x00, 0x00, 0x00, 0x00, 0x00, 0x26, 0x89, 0x85, 0x10, 0x00, 0x78, 0x88, 0x88,
  0x40, 0x00, 0x00, 0x00, 0x00, 0x8E, 0xFF, 0xFF, 0xFD, 0x60, 0x1E, 0xFF, 0xFF, 0xF8, 0x00, 0x00,
  0x00, 0x01, 0xBF, 0xFF, 0xFF, 0xFF, 0xFF, 0x70, 0xDF, 0xFF, 0xEF, 0x70, 0x00, 0x00, 0x00, 0x9F,
  0xFF, 0xFF, 0xFF, 0xFF, 0xFF, 0x4C, 0xFF, 0xFF, 0xF7, 0x00, 0x00, 0x00, 0x3F, 0xFF, 0xFF, 0xFF,
  0xFE, 0xDE, 0xFD, 0xEF, 0xFF, 0xFF, 0x70, 0x00, 0x00, 0x09, 0xFF, 0xFF, 0xFF, 0xB4, 0x10, 0x27,
  0xFF, 0xFF, 0xFF, 0xF7, 0x00, 0x00, 0x00, 0xDF, 0xFF, 0xFF, 0xB0, 0x00, 0x00, 0x06, 0xFF, 0xFF,
  0xFF, 0x70, 0x00, 0x00, 0x3F, 0xFF, 0xFF, 0xF4, 0x00, 0x00, 0x00, 0x1E, 0xFF, 0xFF, 0xF7, 0x00,
  0x00, 0x05, 0xFF, 0xFF, 0xFE, 0x10, 0x00, 0x00, 0x01, 0xDF, 0xFF, 0xFF, 0x70, 0x00, 0x00, 0x7F,
  0xFF, 0xFF, 0xD1, 0x00, 0x00, 0x00, 0x1D, 0xFF, 0xFF, 0xF7, 0x00, 0x00, 0x07, 0xFF, 0xFF, 0xFD,
  0x10, 0x00, 0x00, 0x01, 0xDF, 0xFF, 0xFF, 0x70, 0x00, 0x00, 0x7F, 0xFF, 0xFF, 0xD1, 0x00, 0x00,
  0x00, 0x1D, 0xFF, 0xFF, 0xF7, 0x00, 0x00, 0x07, 0xFF, 0xFF, 0xFD, 0x10, 0x00, 0x00, 0x01, 0xDF,
  0xFF, 0xFF, 0x70, 0x00, 0x00, 0x6F, 0xFF, 0xFF, 0xE1, 0x00, 0x00, 0x00, 0x1D, 0xFF, 0xFF, 0xF7,
  0x00, 0x00, 0x04, 0xFF, 0xFF, 0xFF, 0x20, 0x00, 0x00, 0x01, 0xDF, 0xFF, 0xFF, 0x70, 0x00, 0x00,
  0x2F, 0xFF, 0xFF, 0xF7, 0x00, 0x00, 0x00, 0x2F, 0xFF, 0xFF, 0xF7, 0x00, 0x00, 0x00, 0xCF, 0xFF,
  0xFF, 0xE3, 0x00, 0x00, 0x0A, 0xFF, 0xFF, 0xFF, 0x70, 0x00, 0x00, 0x07, 0xFF, 0xFF, 0xFF, 0xE9,
  0x55, 0x7C, 0xFF, 0xFF, 0xFF, 0xF7, 0x00, 0x00, 0x00, 0x1D, 0xFF, 0xFF, 0xFF, 0xFF, 0xFF, 0xF9,
  0xDF, 0xFF, 0xFF, 0x70, 0x00, 0x00, 0x00, 0x5F, 0xFF, 0xFF, 0xFF, 0xFE, 0xFD, 0x1D, 0xFF, 0xFF,
  0xF7, 0x00, 0x00, 0x00, 0x00, 0x6F, 0xFF, 0xFF, 0xFF, 0xFE, 0x30, 0xDF, 0xFF, 0xFF, 0x70, 0x00,
  0x00, 0x00, 0x00, 0x3A, 0xEF, 0xFF, 0xE9, 0x20, 0x1D, 0xFF, 0xFF, 0xF7, 0x00, 0x00, 0x00, 0x00,
  0x00, 0x01, 0x33, 0x31, 0x00, 0x01, 0xDF, 0xFF, 0xFF, 0x70, 0x00, 0x00, 0x00, 0x00, 0x00, 0x00,
  0x00, 0x00, 0x00, 0x1D, 0xFF, 0xFF, 0xF7, 0x00, 0x00, 0x00, 0x00, 0x00, 0x00, 0x00, 0x00, 0x00,
  0x01, 0xDF, 0xFF, 0xFF, 0x70, 0x00, 0x00, 0x00, 0x00, 0x00, 0x00, 0x00, 0x00, 0x00, 0x1D, 0xFF,
  0xFF, 0xF7, 0x00, 0x00, 0x00, 0x00, 0x00, 0x00, 0x00, 0x00, 0x00, 0x01, 0xDF, 0xFF, 0xFF, 0x70,
  0x00, 0x00, 0x00, 0x00, 0x00, 0x00, 0x00, 0x00, 0x00, 0x1D, 0xFF, 0xFF, 0xF7, 0x00, 0x00, 0x00,
  0x00, 0x00, 0x00, 0x00, 0x00, 0x00, 0x01, 0xEF, 0xFF, 0xFF, 0x80, 0x00, 0x00, 0x00, 0x00, 0x00,
  0x00, 0x00, 0x00, 0x00, 0x0D, 0xEE, 0xEE, 0xE7, 0x00, 0x00, 0x00, 0x00, 0x00, 0x00, 0x00, 0x00,
  0x00, 0x00, 0x11, 0x11, 0x11, 0x10, 0x00, 0x00, 0x00, 0x00, 0x00, 0x00, 0x00, 0x00, 0x00, 0x00,
  0x00, 0x00, 0x00, 0x00, 0x00, 0x00, 0x01, 0x11, 0x11, 0x11, 0x11, 0x11, 0x00, 0x00, 0x00, 0x01,
  0x10, 0x00, 0x00, 0x01, 0xDE, 0xEE, 0xEE, 0xEE, 0xEE, 0xE6, 0x00, 0x05, 0xAD, 0xDE, 0x70, 0x00,
  0x00, 0x1E, 0xFF, 0xFF, 0xFF, 0xFF, 0xFF, 0x70, 0x1A, 0xFF, 0xFF, 0xF8, 0x00, 0x00, 0x01, 0xEF,
  0xFF, 0xFF, 0xFF, 0xFF, 0xF7, 0x0A, 0xFF, 0xFF, 0xFF, 0x70, 0x00, 0x00, 0x1F, 0xFF, 0xFF, 0xFF,
  0xFF, 0xFF, 0x64, 0xFF, 0xFF, 0xFE, 0xF7, 0x00, 0x00, 0x01, 0xAA, 0xAA, 0xBF, 0xFF, 0xFF, 0xF6,
  0xAF, 0xFF, 0xFF, 0xFF, 0x80, 0x00, 0x00, 0x00, 0x00, 0x00, 0xEF, 0xFF, 0xFF, 0x9E, 0xFC, 0xAA,
  0xA9, 0xA5, 0x00, 0x00, 0x00, 0x00, 0x00, 0x1E, 0xFF, 0xFF, 0xFF, 0xE5, 0x00, 0x00, 0x00, 0x00,
  0x00, 0x00, 0x00, 0x00, 0x01, 0xEF, 0xFF, 0xFF, 0xF5, 0x00, 0x00, 0x00, 0x00, 0x00, 0x00, 0x00,
  0x00, 0x00, 0x1E, 0xFF, 0xFF, 0xFB, 0x00, 0x00, 0x00, 0x00, 0x00, 0x00, 0x00, 0x00, 0x00, 0x01,
  0xEF, 0xFF, 0xFF, 0x80, 0x00, 0x00, 0x00, 0x00, 0x00, 0x00, 0x00, 0x00, 0x00, 0x1E, 0xFF, 0xFF,
  0xF7, 0x00, 0x00, 0x00, 0x00, 0x00, 0x00, 0x00, 0x00, 0x00, 0x01, 0xEF, 0xFF, 0xFF, 0x70, 0x00,
  0x00, 0x00, 0x00, 0x00, 0x00, 0x00, 0x00, 0x00, 0x1E, 0xFF, 0xFF, 0xF7, 0x00, 0x00, 0x00, 0x00,
  0x00, 0x00, 0x00, 0x00, 0x00, 0x01, 0xEF, 0xFF, 0xFF, 0x70, 0x00, 0x00, 0x00, 0x00, 0x00, 0x00,
  0x00, 0x00, 0x00, 0x1E, 0xFF, 0xFF, 0xF7, 0x00, 0x00, 0x00, 0x00, 0x00, 0x00, 0x00, 0x00, 0x00,
  0x01, 0xEF, 0xFF, 0xFF, 0x70, 0x00, 0x00, 0x00, 0x00, 0x00, 0x00, 0x00, 0x00, 0x00, 0x0E, 0xFF,
  0xFF, 0xF6, 0x00, 0x00, 0x00, 0x00, 0x00, 0x00, 0x00, 0x1A, 0xAA, 0xAB, 0xFF, 0xFF, 0xFF, 0xCA,
  0xAA, 0xAA, 0xA5, 0x00, 0x00, 0x00, 0x01, 0xFF, 0xFF, 0xFF, 0xFF, 0xFF, 0xFF, 0xFF, 0xFF, 0xFF,
  0x80, 0x00, 0x00, 0x00, 0x1E, 0xFF, 0xFF, 0xFF, 0xFF, 0xFF, 0xFF, 0xFF, 0xFE, 0xF7, 0x00, 0x00,
  0x00, 0x01, 0xEF, 0xFF, 0xFF, 0xFF, 0xFF, 0xFF, 0xFF, 0xFF, 0xFF, 0x80, 0x00, 0x00, 0x00, 0x1D,
  0xEE, 0xEE, 0xEE, 0xEE, 0xEE, 0xEE, 0xEE, 0xEE, 0xE7, 0x00, 0x00, 0x00, 0x00, 0x11, 0x11, 0x11,
  0x11, 0x11, 0x11, 0x11, 0x11, 0x11, 0x00, 0x00, 0x00, 0x00, 0x00, 0x00, 0x00, 0x02, 0x57, 0x88,
  0x87, 0x63, 0x10, 0x00, 0x00, 0x00, 0x00, 0x00, 0x00, 0x00, 0x4A, 0xEF, 0xFF, 0xFF, 0xFF, 0xFD,
  0x82, 0x00, 0x00, 0x00, 0x00, 0x00, 0x00, 0x9F, 0xFF, 0xFF, 0xFF, 0xFF, 0xFF, 0xFF, 0xE5, 0x00,
  0x00, 0x00, 0x00, 0x00, 0x9F, 0xFF, 0xFF, 0xFF, 0xFF, 0xFF, 0xFF, 0xFF, 0xF6, 0x00, 0x00, 0x00,
  0x00, 0x5F, 0xFF, 0xFF, 0xFF, 0xEE, 0xEF, 0xFF, 0xFF, 0xFF, 0x50, 0x00, 0x00, 0x00, 0x0A, 0xFF,
  0xFF, 0xFC, 0x52, 0x11, 0x36, 0xCF, 0xFF, 0x50, 0x00, 0x00, 0x00, 0x00, 0xDF, 0xFF, 0xFF, 0x20,
  0x00, 0x00, 0x00, 0x6E, 0x70, 0x00, 0x00, 0x00, 0x00, 0x1E, 0xFF, 0xFF, 0xE1, 0x00, 0x00, 0x00,
  0x00, 0x20, 0x00, 0x00, 0x00, 0x00, 0x01, 0xDF, 0xFF, 0xFF, 0xB4, 0x10, 0x00, 0x00, 0x00, 0x00,
  0x00, 0x00, 0x00, 0x00, 0x0B, 0xFF, 0xFF, 0xFF, 0xFE, 0xCA, 0x86, 0x30, 0x00, 0x00, 0x00, 0x00,
  0x00, 0x00, 0x4F, 0xFF, 0xFF, 0xFF, 0xFF, 0xFF, 0xFF, 0xD8, 0x10, 0x00, 0x00, 0x00, 0x00, 0x00,
  0x7F, 0xFF, 0xFF, 0xFF, 0xFF, 0xFF, 0xFF, 0xFD, 0x30, 0x00, 0x00, 0x00, 0x00, 0x00, 0x5C, 0xFF,
  0xFF, 0xFF, 0xFF, 0xFF, 0xFF, 0xFE, 0x20, 0x00, 0x00, 0x00, 0x00, 0x00, 0x04, 0x8A, 0xDE, 0xFF,
  0xFF, 0xFF, 0xFF, 0xF9, 0x00, 0x00, 0x00, 0x00, 0x00, 0x00, 0x00, 0x00, 0x14, 0x69, 0xEF, 0xFF,
  0xFF, 0xD0, 0x00, 0x00, 0x00, 0x00, 0x13, 0x00, 0x00, 0x00, 0x00, 0x03, 0xFF, 0xFF, 0xFE, 0x10,
  0x00, 0x00, 0x00, 0x1A, 0xE5, 0x00, 0x00, 0x00, 0x00, 0x1E, 0xFF, 0xFF, 0xE1, 0x00, 0x00, 0x00,
  0x1B, 0xFF, 0xFA, 0x40, 0x00, 0x00, 0x19, 0xFF, 0xFF, 0xFC, 0x00, 0x00, 0x00, 0x1C, 0xFF, 0xFF,
  0xFF, 0xDA, 0x99, 0xAD, 0xFF, 0xFF, 0xFF, 0x70, 0x00, 0x00, 0x00, 0x9F, 0xFF, 0xFF, 0xFF, 0xFF,
  0xFF, 0xFF, 0xFF, 0xFF, 0xD1, 0x00, 0x00, 0x00, 0x00, 0x7F, 0xFF, 0xFF, 0xFF, 0xFF, 0xFF, 0xFF,
  0xFF, 0xD2, 0x00, 0x00, 0x00, 0x00, 0x00, 0x3A, 0xFF, 0xFF, 0xFF, 0xFF, 0xFF, 0xFF, 0x92, 0x00,
  0x00, 0x00, 0x00, 0x00, 0x00, 0x02, 0x7A, 0xCD, 0xEE, 0xDC, 0xA7, 0x20, 0x00, 0x00, 0x00, 0x00,
  0x00, 0x00, 0x00, 0x00, 0x00, 0x11, 0x11, 0x00, 0x00, 0x00, 0x00, 0x00, 0x00, 0x00, 0x00, 0x00,
  0x00, 0x00, 0x00, 0x00, 0x00, 0x00, 0x00, 0x00, 0x00, 0x00, 0x00, 0x00, 0x00, 0x00, 0x00, 0x00,
  0x00, 0x00, 0x00, 0x00, 0x00, 0x00, 0x00, 0x00, 0x00, 0x00, 0x00, 0x00, 0x00, 0x11, 0x11, 0x10,
  0x00, 0x00, 0x00, 0x00, 0x00, 0x00, 0x00, 0x00, 0x00, 0x00, 0x7E, 0xEE, 0xED, 0x10, 0x00, 0x00,
  0x00, 0x00, 0x00, 0x00, 0x00, 0x00, 0x00, 0x08, 0xFF, 0xFF, 0xE1, 0x00, 0x00, 0x00, 0x00, 0x00,
  0x00, 0x00, 0x00, 0x00, 0x00, 0x7F, 0xFF, 0xFE, 0x10, 0x00, 0x00, 0x00, 0x00, 0x00, 0x00, 0x00,
  0x00, 0x00, 0x07, 0xFF, 0xFF, 0xE1, 0x00, 0x00, 0x00, 0x00, 0x00, 0x00, 0x00, 0x00, 0x00, 0x00,
  0x7F, 0xFF, 0xFE, 0x10, 0x00, 0x00, 0x00, 0x00, 0x00, 0x00, 0x00, 0x00, 0x01, 0x08, 0xFF, 0xFF,
  0xE1, 0x00, 0x00, 0x00, 0x00, 0x00, 0x00, 0x00, 0x00, 0x00, 0x00, 0xCF, 0xFF, 0xFE, 0x00, 0x00,
  0x00, 0x00, 0x00, 0x00, 0x00, 0x07, 0x77, 0x88, 0xCF, 0xFF, 0xFF, 0xF8, 0x78, 0x77, 0x77, 0x74,
  0x00, 0x00, 0x01, 0xFF, 0xFF, 0xFF, 0xFF, 0xFF, 0xFF, 0xFF, 0xFF, 0xFF, 0xFF, 0x80, 0x00, 0x00,
  0x1E, 0xFF, 0xFF, 0xFF, 0xFF, 0xFF, 0xFF, 0xFF, 0xFF, 0xFE, 0xF7, 0x00, 0x00, 0x01, 0xEF, 0xFF,
  0xFF, 0xFF, 0xFF, 0xFF, 0xFF, 0xFF, 0xFF, 0xFF, 0x80, 0x00, 0x00, 0x1E, 0xFE, 0xFE, 0xFF, 0xFF,
  0xFF, 0xFF, 0xFF, 0xFF, 0xFE, 0xF7, 0x00, 0x00, 0x00, 0x22, 0x22, 0x28, 0xFF, 0xFF, 0xFE, 0x32,
  0x22, 0x22, 0x22, 0x10, 0x00, 0x00, 0x00, 0x00, 0x00, 0x6F, 0xFF, 0xFF, 0xE0, 0x00, 0x00, 0x00,
  0x00, 0x00, 0x00, 0x00, 0x00, 0x00, 0x07, 0xFF, 0xFF, 0xFE, 0x10, 0x00, 0x00, 0x00, 0x00, 0x00,
  0x00, 0x00, 0x00, 0x00, 0x7F, 0xFF, 0xFF, 0xE1, 0x00, 0x00, 0x00, 0x00, 0x00, 0x00, 0x00, 0x00,
  0x00, 0x07, 0xFF, 0xFF, 0xFE, 0x10, 0x00, 0x00, 0x00, 0x00, 0x00, 0x00, 0x00, 0x00, 0x00, 0x7F,
  0xFF, 0xFF, 0xE1, 0x00, 0x00, 0x00, 0x00, 0x00, 0x00, 0x00, 0x00, 0x00, 0x07, 0xFF, 0xFF, 0xFE,
  0x10, 0x00, 0x00, 0x00, 0x00, 0x00, 0x00, 0x00, 0x00, 0x00, 0x7F, 0xFF, 0xFF, 0xE1, 0x00, 0x00,
  0x00, 0x00, 0x00, 0x00, 0x00, 0x00, 0x00, 0x07, 0xFF, 0xFF, 0xFE, 0x10, 0x00, 0x00, 0x00, 0x00,
  0x00, 0x00, 0x00, 0x00, 0x00, 0x7F, 0xFF, 0xFF, 0xE1, 0x00, 0x00, 0x00, 0x00, 0x00, 0x00, 0x00,
  0x00, 0x00, 0x07, 0xFF, 0xFF, 0xFE, 0x10, 0x00, 0x00, 0x00, 0x00, 0x00, 0x00, 0x00, 0x00, 0x00,
  0x6F, 0xFF, 0xFF, 0xE0, 0x00, 0x00, 0x00, 0x00, 0x00, 0x00, 0x00, 0x00, 0x00, 0x03, 0xFF, 0xFF,
  0xFF, 0x99, 0x99, 0x99, 0x89, 0x40, 0x00, 0x00, 0x00, 0x00, 0x00, 0x0D, 0xFF, 0xFF, 0xFF, 0xFF,
  0xFF, 0xFF, 0xF8, 0x00, 0x00, 0x00, 0x00, 0x00, 0x00, 0x5F, 0xFF, 0xFF, 0xFF, 0xFF, 0xFF, 0xEF,
  0x70, 0x00, 0x00, 0x00, 0x00, 0x00, 0x00, 0x7F, 0xFF, 0xFF, 0xFF, 0xFF, 0xFF, 0xF8, 0x00, 0x00,
  0x00, 0x00, 0x00, 0x00, 0x00, 0x39, 0xCD, 0xEE, 0xEE, 0xEE, 0xEE, 0x70, 0x00, 0x00, 0x00, 0x00,
  0x00, 0x00, 0x00, 0x00, 0x11, 0x11, 0x11, 0x11, 0x10, 0x00, 0x00, 0x00, 0x00, 0x00, 0x00, 0x00,
  0x00, 0x00, 0x00, 0x00, 0x00, 0x00, 0x00, 0x00, 0x00, 0x00, 0x01, 0x11, 0x11, 0x10, 0x00, 0x00,
  0x00, 0x11, 0x11, 0x11, 0x00, 0x00, 0x00, 0x07, 0xEE, 0xEE, 0xEC, 0x00, 0x00, 0x00, 0x0C, 0xEE,
  0xEE, 0xE7, 0x00, 0x00, 0x00, 0x8F, 0xFF, 0xFF, 0xE1, 0x00, 0x00, 0x01, 0xEF, 0xFF, 0xFF, 0x80,
  0x00, 0x00, 0x07, 0xFF, 0xFF, 0xFD, 0x10, 0x00, 0x00, 0x1D, 0xFF, 0xFF, 0xF7, 0x00, 0x00, 0x00,
  0x7F, 0xFF, 0xFF, 0xD1, 0x00, 0x00, 0x01, 0xDF, 0xFF, 0xFF, 0x70, 0x00, 0x00, 0x07, 0xFF, 0xFF,
  0xFD, 0x10, 0x00, 0x00, 0x1D, 0xFF, 0xFF, 0xF7, 0x00, 0x00, 0x00, 0x7F, 0xFF, 0xFF, 0xD1, 0x00,
  0x00, 0x01, 0xDF, 0xFF, 0xFF, 0x70, 0x00, 0x00, 0x07, 0xFF, 0xFF, 0xFD, 0x10, 0x00, 0x00, 0x1D,
  0xFF, 0xFF, 0xF7, 0x00, 0x00, 0x00, 0x7F, 0xFF, 0xFF, 0xD1, 0x00, 0x00, 0x01, 0xDF, 0xFF, 0xFF,
  0x70, 0x00, 0x00, 0x07, 0xFF, 0xFF, 0xFD, 0x10, 0x00, 0x00, 0x1D, 0xFF, 0xFF, 0xF7, 0x00, 0x00,
  0x00, 0x7F, 0xFF, 0xFF, 0xD1, 0x00, 0x00, 0x01, 0xDF, 0xFF, 0xFF, 0x70, 0x00, 0x00, 0x07, 0xFF,
  0xFF, 0xFD, 0x10, 0x00, 0x00, 0x1D, 0xFF, 0xFF, 0xF7, 0x00, 0x00, 0x00, 0x7F, 0xFF, 0xFF, 0xD1,
  0x00, 0x00, 0x01, 0xDF, 0xFF, 0xFF, 0x70, 0x00, 0x00, 0x07, 0xFF, 0xFF, 0xFD, 0x10, 0x00, 0x00,
  0x1D, 0xFF, 0xFF, 0xF7, 0x00, 0x00, 0x00, 0x7F, 0xFF, 0xFF, 0xD1, 0x00, 0x00, 0x01, 0xDF, 0xFF,
  0xFF, 0x70, 0x00, 0x00, 0x07, 0xFF, 0xFF, 0xFE, 0x10, 0x00, 0x00, 0x0E, 0xFF, 0xFF, 0xF7, 0x00,
  0x00, 0x00, 0x6F, 0xFF, 0xFF, 0xF5, 0x00, 0x00, 0x04, 0xFF, 0xFF, 0xFF, 0x70, 0x00, 0x00, 0x04,
  0xFF, 0xFF, 0xFF, 0xD2, 0x00, 0x03, 0xDF, 0xFF, 0xFF, 0xF7, 0x00, 0x00, 0x00, 0x1D, 0xFF, 0xFF,
  0xFF, 0xEA, 0x9B, 0xEF, 0xEF, 0xFF, 0xFF, 0x70, 0x00, 0x00, 0x00, 0x7F, 0xFF, 0xFF, 0xFF, 0xFF,
  0xFF, 0x7C, 0xFF, 0xFF, 0xF7, 0x00, 0x00, 0x00, 0x01, 0xCF, 0xFF, 0xFF, 0xFF, 0xEF, 0xB1, 0xDF,
  0xFF, 0xEF, 0x70, 0x00, 0x00, 0x00, 0x02, 0xCF, 0xFF, 0xFF, 0xFF, 0xB1, 0x0F, 0xFF, 0xFF, 0xF8,
  0x00, 0x00, 0x00, 0x00, 0x00, 0x6B, 0xDE, 0xDB, 0x60, 0x00, 0x77, 0x77, 0x77, 0x40, 0x00, 0x00,
  0x00, 0x00, 0x00, 0x01, 0x11, 0x00, 0x00, 0x00, 0x00, 0x00, 0x00, 0x00, 0x00, 0x00, 0x00, 0x00,
  0x00, 0x00, 0x00, 0x00, 0x00, 0x00, 0x00, 0x00, 0x00, 0x00, 0x00, 0x01, 0x11, 0x11, 0x10, 0x00,
  0x00, 0x00, 0x00, 0x00, 0x11, 0x11, 0x11, 0x00, 0x00, 0x9E, 0xEE, 0xEE, 0xB0, 0x00, 0x00, 0x00,
  0x00, 0x5E, 0xEE, 0xEE, 0xC0, 0x00, 0x06, 0xFF, 0xFF, 0xFF, 0x20, 0x00, 0x00, 0x00, 0x0A, 0xFF,
  0xFF, 0xF8, 0x00, 0x00, 0x1E, 0xFF, 0xFF, 0xF7, 0x00, 0x00, 0x00, 0x01, 0xEF, 0xFF, 0xFF, 0x30,
  0x00, 0x00, 0x9F, 0xFF, 0xFF, 0xB0, 0x00, 0x00, 0x00, 0x4F, 0xFF, 0xFF, 0xC0, 0x00, 0x00, 0x04,
  0xFF, 0xFF, 0xFE, 0x10, 0x00, 0x00, 0x09, 0xFF, 0xFF, 0xF7, 0x00, 0x00, 0x00, 0x1D, 0xFF, 0xFF,
  0xF5, 0x00, 0x00, 0x00, 0xDF, 0xFF, 0xFF, 0x20, 0x00, 0x00, 0x00, 0x9F, 0xFF, 0xFF, 0x90, 0x00,
  0x00, 0x3F, 0xFF, 0xFF, 0xB0, 0x00, 0x00, 0x00, 0x04, 0xFF, 0xFF, 0xFD, 0x10, 0x00, 0x07, 0xFF,
  0xFF, 0xF6, 0x00, 0x00, 0x00, 0x00, 0x0C, 0xFF, 0xFF, 0xF4, 0x00, 0x00, 0xBF, 0xFF, 0xFE, 0x20,
  0x00, 0x00, 0x00, 0x00, 0x8F, 0xFF, 0xFF, 0x80, 0x00, 0x2E, 0xFF, 0xFF, 0xA0, 0x00, 0x00, 0x00,
  0x00, 0x03, 0xFF, 0xFF, 0xFC, 0x00, 0x05, 0xFF, 0xFF, 0xF6, 0x00, 0x00, 0x00, 0x00, 0x00, 0x0C,
  0xFF, 0xFF, 0xF2, 0x00, 0x9F, 0xFF, 0xFE, 0x10, 0x00, 0x00, 0x00, 0x00, 0x00, 0x7F, 0xFF, 0xFF,
  0x60, 0x1D, 0xFF, 0xFF, 0xA0, 0x00, 0x00, 0x00, 0x00, 0x00, 0x02, 0xFF, 0xFF, 0xFA, 0x04, 0xFF,
  0xFF, 0xF5, 0x00, 0x00, 0x00, 0x00, 0x00, 0x00, 0x0B, 0xFF, 0xFF, 0xD0, 0x7F, 0xFF, 0xFD, 0x10,
  0x00, 0x00, 0x00, 0x00, 0x00, 0x00, 0x6F, 0xFF, 0xFF, 0x3A, 0xFF, 0xFF, 0x90, 0x00, 0x00, 0x00,
  0x00, 0x00, 0x00, 0x01, 0xEF, 0xFF, 0xFA, 0xEF, 0xFF, 0xF4, 0x00, 0x00, 0x00, 0x00, 0x00, 0x00,
  0x00, 0x0A, 0xFF, 0xFF, 0xFF, 0xFF, 0xFD, 0x00, 0x00, 0x00, 0x00, 0x00, 0x00, 0x00, 0x00, 0x5F,
  0xFF, 0xFF, 0xFF, 0xFF, 0x80, 0x00, 0x00, 0x00, 0x00, 0x00, 0x00, 0x00, 0x01, 0xEF, 0xFF, 0xFF,
  0xFF, 0xF3, 0x00, 0x00, 0x00, 0x00, 0x00, 0x00, 0x00, 0x00, 0x09, 0xFF, 0xFF, 0xFF, 0xFC, 0x00,
  0x00, 0x00, 0x00, 0x00, 0x00, 0x00, 0x00, 0x00, 0x4E, 0xEE, 0xEE, 0xEE, 0x60, 0x00, 0x00, 0x00,
  0x00, 0x00, 0x00, 0x00, 0x00, 0x00, 0x11, 0x11, 0x11, 0x10, 0x00, 0x00, 0x00, 0x00, 0x00, 0x00,
  0x00, 0x00, 0x00, 0x00, 0x00, 0x00, 0x00, 0x00, 0x00, 0x00, 0x00, 0x00, 0x00, 0x01, 0x11, 0x10,
  0x00, 0x00, 0x11, 0x11, 0x10, 0x00, 0x00, 0x11, 0x11, 0x10, 0x09, 0xEE, 0xEE, 0x70, 0x00, 0x2D,
  0xEE, 0xEE, 0x70, 0x00, 0x1D, 0xEE, 0xEB, 0x00, 0x8F, 0xFF, 0xF9, 0x00, 0x04, 0xFF, 0xFF, 0xFA,
  0x00, 0x03, 0xFF, 0xFF, 0xB0, 0x06, 0xFF, 0xFF, 0xA0, 0x00, 0x6F, 0xFF, 0xFF, 0xC0, 0x00, 0x4F,
  0xFF, 0xF9, 0x00, 0x5F, 0xFF, 0xFB, 0x00, 0x08, 0xFF, 0xFF, 0xFD, 0x10, 0x05, 0xFF, 0xFF, 0x70,
  0x03, 0xFF, 0xFF, 0xC0, 0x00, 0x9F, 0xFF, 0xFF, 0xF2, 0x00, 0x6F, 0xFF, 0xF6, 0x00, 0x2F, 0xFF,
  0xFD, 0x10, 0x0B, 0xFF, 0xFF, 0xFF, 0x40, 0x07, 0xFF, 0xFF, 0x40, 0x01, 0xEF, 0xFF, 0xE1, 0x01,
  0xDF, 0xFD, 0xFF, 0xF6, 0x00, 0x9F, 0xFF, 0xF3, 0x00, 0x0C, 0xFF, 0xFF, 0x20, 0x2F, 0xFF, 0x6E,
  0xFF, 0x80, 0x0A, 0xFF, 0xFE, 0x10, 0x00, 0xAF, 0xFF, 0xF4, 0x04, 0xFF, 0xF3, 0xDF, 0xFA, 0x00,
  0xBF, 0xFF, 0xD0, 0x00, 0x09, 0xFF, 0xFF, 0x50, 0x6F, 0xFE, 0x1B, 0xFF, 0xB0, 0x0C, 0xFF, 0xFC,
  0x00, 0x00, 0x7F, 0xFF, 0xF6, 0x08, 0xFF, 0xC0, 0x9F, 0xFD, 0x00, 0xEF, 0xFF, 0xA0, 0x00, 0x06,
  0xFF, 0xFF, 0x70, 0xAF, 0xFB, 0x08, 0xFF, 0xF1, 0x1E, 0xFF, 0xF8, 0x00, 0x00, 0x4F, 0xFF, 0xF8,
  0x0C, 0xFF, 0x90, 0x6F, 0xFF, 0x32, 0xFF, 0xFF, 0x70, 0x00, 0x03, 0xFF, 0xFF, 0x90, 0xDF, 0xF7,
  0x04, 0xFF, 0xF5, 0x3F, 0xFF, 0xF5, 0x00, 0x00, 0x1E, 0xFF, 0xFA, 0x1F, 0xFF, 0x50, 0x2F, 0xFF,
  0x74, 0xFF, 0xFF, 0x40, 0x00, 0x00, 0xDF, 0xFF, 0xB4, 0xFF, 0xF3, 0x01, 0xEF, 0xF8, 0x5F, 0xFF,
  0xF2, 0x00, 0x00, 0x0B, 0xFF, 0xFC, 0x6F, 0xFE, 0x10, 0x0C, 0xFF, 0xA7, 0xFF, 0xFE, 0x10, 0x00,
  0x00, 0xAF, 0xFF, 0xD9, 0xFF, 0xD0, 0x00, 0xAF, 0xFC, 0xAF, 0xFF, 0xC0, 0x00, 0x00, 0x08, 0xFF,
  0xFF, 0xFF, 0xFB, 0x00, 0x08, 0xFF, 0xFF, 0xFF, 0xFB, 0x00, 0x00, 0x00, 0x7F, 0xFF, 0xFF, 0xFF,
  0x90, 0x00, 0x6F, 0xFF, 0xFF, 0xFF, 0x90, 0x00, 0x00, 0x05, 0xFF, 0xFF, 0xFF, 0xF7, 0x00, 0x04,
  0xFF, 0xFF, 0xFF, 0xF8, 0x00, 0x00, 0x00, 0x3E, 0xEE, 0xEE, 0xEE, 0x50, 0x00, 0x2E, 0xEE, 0xEE,
  0xEE, 0x60, 0x00, 0x00, 0x00, 0x11, 0x11, 0x11, 0x10, 0x00, 0x00, 0x11, 0x11, 0x11, 0x10, 0x00,
  0x00, 0x00, 0x00, 0x00, 0x00, 0x00, 0x00, 0x00, 0x00, 0x00, 0x00, 0x00, 0x00, 0x00, 0x00, 0x01,
  0x11, 0x11, 0x11, 0x00, 0x00, 0x00, 0x00, 0x00, 0x11, 0x11, 0x11, 0x00, 0x00, 0x3D, 0xEE, 0xEE,
  0xEC, 0x10, 0x00, 0x00, 0x03, 0xDE, 0xEE, 0xEE, 0x50, 0x00, 0x00, 0x7F, 0xFF, 0xFF, 0xF9, 0x00,
  0x00, 0x00, 0xCF, 0xFF, 0xFF, 0x90, 0x00, 0x00, 0x00, 0xBF, 0xFF, 0xFF, 0xF4, 0x00, 0x00, 0x7F,
  0xFF, 0xFF, 0xC1, 0x00, 0x00, 0x00, 0x02, 0xEF, 0xFF, 0xFF, 0xC1, 0x00, 0x3E, 0xFF, 0xFF, 0xF3,
  0x00, 0x00, 0x00, 0x00, 0x05, 0xFF, 0xFF, 0xFF, 0x80, 0x0B, 0xFF, 0xFF, 0xF7, 0x00, 0x00, 0x00,
  0x00, 0x00, 0x0A, 0xFF, 0xFF, 0xFF, 0x26, 0xFF, 0xFF, 0xFB, 0x00, 0x00, 0x00, 0x00, 0x00, 0x00,
  0x1D, 0xFF, 0xFF, 0xFC, 0xEF, 0xFF, 0xFE, 0x20, 0x00, 0x00, 0x00, 0x00, 0x00, 0x00, 0x4F, 0xFF,
  0xFF, 0xFF, 0xFF, 0xFF, 0x50, 0x00, 0x00, 0x00, 0x00, 0x00, 0x00, 0x00, 0x8F, 0xFF, 0xFF, 0xFF,
  0xFF, 0x80, 0x00, 0x00, 0x00, 0x00, 0x00, 0x00, 0x00, 0x01, 0xCF, 0xFF, 0xFF, 0xFF, 0xC0, 0x00,
  0x00, 0x00, 0x00, 0x00, 0x00, 0x00, 0x00, 0x03, 0xFF, 0xFF, 0xFF, 0xF5, 0x00, 0x00, 0x00, 0x00,
  0x00, 0x00, 0x00, 0x00, 0x00, 0x6F, 0xFF, 0xFF, 0xFF, 0xC0, 0x00, 0x00, 0x00, 0x00, 0x00, 0x00,
  0x00, 0x00, 0x3F, 0xFF, 0xFF, 0xFF, 0xFF, 0x80, 0x00, 0x00, 0x00, 0x00, 0x00, 0x00, 0x00, 0x1C,
  0xFF, 0xFF, 0xFF, 0xFF, 0xFF, 0x40, 0x00, 0x00, 0x00, 0x00, 0x00, 0x00, 0x09, 0xFF, 0xFF, 0xFE,
  0xFF, 0xFF, 0xFD, 0x10, 0x00, 0x00, 0x00, 0x00, 0x00, 0x05, 0xFF, 0xFF, 0xFB, 0x4F, 0xFF, 0xFF,
  0xFA, 0x00, 0x00, 0x00, 0x00, 0x00, 0x02, 0xEF, 0xFF, 0xFF, 0x30, 0x8F, 0xFF, 0xFF, 0xF6, 0x00,
  0x00, 0x00, 0x00, 0x00, 0xBF, 0xFF, 0xFF, 0x80, 0x00, 0xCF, 0xFF, 0xFF, 0xE2, 0x00, 0x00, 0x00,
  0x00, 0x8F, 0xFF, 0xFF, 0xC1, 0x00, 0x03, 0xFF, 0xFF, 0xFF, 0xB0, 0x00, 0x00, 0x00, 0x4F, 0xFF,
  0xFF, 0xF3, 0x00, 0x00, 0x08, 0xFF, 0xFF, 0xFF, 0x70, 0x00, 0x00, 0x1D, 0xFF, 0xFF, 0xF8, 0x00,
  0x00, 0x00, 0x1D, 0xFF, 0xFF, 0xFF, 0x40, 0x00, 0x09, 0xEE, 0xEE, 0xEB, 0x00, 0x00, 0x00, 0x00,
  0x4E, 0xEE, 0xEE, 0xEB, 0x10, 0x00, 0x11, 0x11, 0x11, 0x00, 0x00, 0x00, 0x00, 0x00, 0x11, 0x11,
  0x11, 0x10, 0x00, 0x00, 0x00, 0x00, 0x00, 0x00, 0x00, 0x00, 0x00, 0x00, 0x00, 0x00, 0x00, 0x00,
  0x00, 0x00, 0x00, 0x00, 0x00, 0x00, 0x00, 0x00, 0x00, 0x00, 0x00, 0x00, 0x00, 0x00, 0x01, 0xAB,
  0xBB, 0xBB, 0x60, 0x00, 0x00, 0x00, 0x00, 0x1A, 0xBB, 0xBB, 0xB3, 0x00, 0x0B, 0xFF, 0xFF, 0xFE,
  0x10, 0x00, 0x00, 0x00, 0x06, 0xFF, 0xFF, 0xFE, 0x10, 0x00, 0x4F, 0xFF, 0xFF, 0xF4, 0x00, 0x00,
  0x00, 0x00, 0xBF, 0xFF, 0xFF, 0x70, 0x00, 0x00, 0xCF, 0xFF, 0xFF, 0x90, 0x00, 0x00, 0x00, 0x2E,
  0xFF, 0xFF, 0xE2, 0x00, 0x00, 0x07, 0xFF, 0xFF, 0xFE, 0x10, 0x00, 0x00, 0x07, 0xFF, 0xFF, 0xFA,
  0x00, 0x00, 0x00, 0x2E, 0xFF, 0xFF, 0xF5, 0x00, 0x00, 0x00, 0xBF, 0xFF, 0xFF, 0x40, 0x00, 0x00,
  0x00, 0xAF, 0xFF, 0xFF, 0xA0, 0x00, 0x00, 0x3F, 0xFF, 0xFF, 0xC0, 0x00, 0x00, 0x00, 0x04, 0xFF,
  0xFF, 0xFE, 0x10, 0x00, 0x08, 0xFF, 0xFF, 0xF7, 0x00, 0x00, 0x00, 0x00, 0x0C, 0xFF, 0xFF, 0xF5,
  0x00, 0x00, 0xCF, 0xFF, 0xFE, 0x10, 0x00, 0x00, 0x00, 0x00, 0x6F, 0xFF, 0xFF, 0xA0, 0x00, 0x3F,
  0xFF, 0xFF, 0x90, 0x00, 0x00, 0x00, 0x00, 0x01, 0xEF, 0xFF, 0xFE, 0x10, 0x08, 0xFF, 0xFF, 0xF4,
  0x00, 0x00, 0x00, 0x00, 0x00, 0x09, 0xFF, 0xFF, 0xF5, 0x00, 0xCF, 0xFF, 0xFC, 0x00, 0x00, 0x00,
  0x00, 0x00, 0x00, 0x3F, 0xFF, 0xFF, 0x90, 0x2F, 0xFF, 0xFF, 0x60, 0x00, 0x00, 0x00, 0x00, 0x00,
  0x00, 0xCF, 0xFF, 0xFE, 0x06, 0xFF, 0xFF, 0xE1, 0x00, 0x00, 0x00, 0x00, 0x00, 0x00, 0x06, 0xFF,
  0xFF, 0xF4, 0xAF, 0xFF, 0xF9, 0x00, 0x00, 0x00, 0x00, 0x00, 0x00, 0x00, 0x1E, 0xFF, 0xFF, 0xBD,
  0xFF, 0xFF, 0x30, 0x00, 0x00, 0x00, 0x00, 0x00, 0x00, 0x00, 0x9F, 0xFF, 0xFF, 0xFF, 0xFF, 0xB0,
  0x00, 0x00, 0x00, 0x00, 0x00, 0x00, 0x00, 0x03, 0xFF, 0xFF, 0xFF, 0xFF, 0xF5, 0x00, 0x00, 0x00,
  0x00, 0x00, 0x00, 0x00, 0x00, 0x0B, 0xFF, 0xFF, 0xFF, 0xFD, 0x10, 0x00, 0x00, 0x00, 0x00, 0x00,
  0x00, 0x00, 0x00, 0x6F, 0xFF, 0xFF, 0xFF, 0x80, 0x00, 0x00, 0x00, 0x00, 0x00, 0x00, 0x00, 0x00,
  0x01, 0xDF, 0xFF, 0xFF, 0xF2, 0x00, 0x00, 0x00, 0x00, 0x00, 0x00, 0x00, 0x00, 0x00, 0x08, 0xFF,
  0xFF, 0xFA, 0x00, 0x00, 0x00, 0x00, 0x00, 0x00, 0x00, 0x00, 0x00, 0x00, 0xAF, 0xFF, 0xFF, 0x50,
  0x00, 0x00, 0x00, 0x00, 0x00, 0x00, 0x00, 0x00, 0x00, 0x2F, 0xFF, 0xFF, 0xD0, 0x00, 0x00, 0x00,
  0x00, 0x00, 0x00, 0x00, 0x00, 0x00, 0x07, 0xFF, 0xFF, 0xF7, 0x00, 0x00, 0x00, 0x00, 0x00, 0x00,
  0x00, 0x08, 0x99, 0x99, 0xDF, 0xFF, 0xFE, 0x20, 0x00, 0x00, 0x00, 0x00, 0x00, 0x00, 0x01, 0xFF,
  0xFF, 0xFF, 0xFF, 0xFF, 0x80, 0x00, 0x00, 0x00, 0x00, 0x00, 0x00, 0x00, 0x1E, 0xFF, 0xFF, 0xFF,
  0xFF, 0xC1, 0x00, 0x00, 0x00, 0x00, 0x00, 0x00, 0x00, 0x01, 0xEF, 0xFF, 0xFF, 0xFF, 0xC2, 0x00,
  0x00, 0x00, 0x00, 0x00, 0x00, 0x00, 0x00, 0x1D, 0xEE, 0xEE, 0xDA, 0x60, 0x00, 0x00, 0x00, 0x00,
  0x00, 0x00, 0x00, 0x00, 0x00, 0x11, 0x11, 0x11, 0x00, 0x00, 0x00, 0x00, 0x00, 0x00, 0x00, 0x00,
  0x00, 0x00, 0x00, 0x00, 0x00, 0x00, 0x00, 0x00, 0x00, 0x00, 0x00, 0x00, 0x00, 0x00, 0x00, 0x00,
  0x00, 0x11, 0x11, 0x11, 0x11, 0x11, 0x11, 0x11, 0x11, 0x11, 0x00, 0x00, 0x00, 0x00, 0x7E, 0xEE,
  0xEE, 0xEE, 0xEE, 0xEE, 0xEE, 0xEE, 0xEE, 0xE7, 0x00, 0x00, 0x00, 0x08, 0xFF, 0xFF, 0xFF, 0xFF,
  0xFF, 0xFF, 0xFF, 0xFF, 0xFF, 0x80, 0x00, 0x00, 0x00, 0x7F, 0xEF, 0xFF, 0xFF, 0xFF, 0xFF, 0xFF,
  0xFF, 0xFF, 0xF7, 0x00, 0x00, 0x00, 0x08, 0xFF, 0xFF, 0xFF, 0xFF, 0xFF, 0xFF, 0xFF, 0xFF, 0xFF,
  0x70, 0x00, 0x00, 0x00, 0x5A, 0xAA, 0xAA, 0xAA, 0xAA, 0xAA, 0xEF, 0xFF, 0xFF, 0xF8, 0x00, 0x00,
  0x00, 0x00, 0x00, 0x00, 0x00, 0x00, 0x00, 0x7F, 0xFF, 0xFF, 0xFD, 0x30, 0x00, 0x00, 0x00, 0x00,
  0x00, 0x00, 0x00, 0x00, 0x8F, 0xFF, 0xFF, 0xFD, 0x30, 0x00, 0x00, 0x00, 0x00, 0x00, 0x00, 0x00,
  0x00, 0x8F, 0xFF, 0xFF, 0xFD, 0x30, 0x00, 0x00, 0x00, 0x00, 0x00, 0x00, 0x00, 0x00, 0x8F, 0xFF,
  0xFF, 0xFE, 0x30, 0x00, 0x00, 0x00, 0x00, 0x00, 0x00, 0x00, 0x00, 0x8F, 0xFF, 0xFF, 0xFE, 0x30,
  0x00, 0x00, 0x00, 0x00, 0x00, 0x00, 0x00, 0x00, 0x8F, 0xFF, 0xFF, 0xFE, 0x30, 0x00, 0x00, 0x00,
  0x00, 0x00, 0x00, 0x00, 0x00, 0x8F, 0xFF, 0xFF, 0xFE, 0x30, 0x00, 0x00, 0x00, 0x00, 0x00, 0x00,
  0x00, 0x00, 0x8F, 0xFF, 0xFF, 0xFE, 0x30, 0x00, 0x00, 0x00, 0x00, 0x00, 0x00, 0x00, 0x00, 0x8F,
  0xFF, 0xFF, 0xFE, 0x30, 0x00, 0x00, 0x00, 0x00, 0x00, 0x00, 0x00, 0x00, 0x8F, 0xFF, 0xFF, 0xFE,
  0x30, 0x00, 0x00, 0x00, 0x00, 0x00, 0x00, 0x00, 0x00, 0x8F, 0xFF, 0xFF, 0xFE, 0x30, 0x00, 0x00,
  0x00, 0x00, 0x00, 0x00, 0x00, 0x00, 0x8F, 0xFF, 0xFF, 0xFD, 0x20, 0x00, 0x00, 0x00, 0x00, 0x00,
  0x00, 0x00, 0x00, 0x1F, 0xFF, 0xFF, 0xFF, 0xDA, 0xBA, 0xAA, 0xAA, 0xAA, 0xAA, 0x50, 0x00, 0x00,
  0x01, 0xEF, 0xFF, 0xFF, 0xFF, 0xFF, 0xFF, 0xFF, 0xFF, 0xFF, 0xF8, 0x00, 0x00, 0x00, 0x1E, 0xFF,
  0xFF, 0xFF, 0xFF, 0xFF, 0xFF, 0xFF, 0xFF, 0xEF, 0x70, 0x00, 0x00, 0x01, 0xEF, 0xFF, 0xFF, 0xFF,
  0xFF, 0xFF, 0xFF, 0xFF, 0xFF, 0xF8, 0x00, 0x00, 0x00, 0x1D, 0xEE, 0xEE, 0xEE, 0xEE, 0xEE, 0xEE,
  0xEE, 0xEE, 0xEE, 0x70, 0x00, 0x00, 0x00, 0x11, 0x11, 0x11, 0x11, 0x11, 0x11, 0x11, 0x11, 0x11,
  0x10, 0x00, 0x00, 0x00, 0x00, 0x00, 0x00, 0x00, 0x00, 0x00, 0x11, 0x11, 0x11, 0x11, 0x00, 0x00,
  0x00, 0x00, 0x00, 0x00, 0x00, 0x00, 0x4A, 0xDE, 0xEE, 0xEE, 0xEE, 0xE4, 0x00, 0x00, 0x00, 0x00,
  0x00, 0x00, 0x00, 0x6F, 0xFF, 0xFF, 0xFF, 0xFF, 0xFF, 0x40, 0x00, 0x00, 0x00, 0x00, 0x00, 0x00,
  0x2E, 0xFF, 0xFF, 0xFF, 0xFF, 0xFF, 0xF4, 0x00, 0x00, 0x00, 0x00, 0x00, 0x00, 0x06, 0xFF, 0xFF,
  0xFF, 0xFF, 0xFF, 0xFF, 0x40, 0x00, 0x00, 0x00, 0x00, 0x00, 0x00, 0x7F, 0xFF, 0xF8, 0x12, 0x11,
  0x11, 0x10, 0x00, 0x00, 0x00, 0x00, 0x00, 0x00, 0x07, 0xFF, 0xFF, 0x70, 0x00, 0x00, 0x00, 0x00,
  0x00, 0x00, 0x00, 0x00, 0x00, 0x00, 0x7F, 0xFF, 0xF8, 0x00, 0x00, 0x00, 0x00, 0x00, 0x00, 0x00,
  0x00, 0x00, 0x00, 0x07, 0xFF, 0xFF, 0x90, 0x00, 0x00, 0x00, 0x00, 0x00, 0x00, 0x00, 0x00, 0x00,
  0x00, 0x4F, 0xFF, 0xFD, 0x10, 0x00, 0x00, 0x00, 0x00, 0x00, 0x00, 0x00, 0x00, 0x00, 0x01, 0xDF,
  0xFF, 0xF8, 0x00, 0x00, 0x00, 0x00, 0x00, 0x00, 0x00, 0x00, 0x00, 0x00, 0x06, 0xFF, 0xFF, 0xF3,
  0x00, 0x00, 0x00, 0x00, 0x00, 0x00, 0x00, 0x00, 0x00, 0x00, 0x0A, 0xFF, 0xFF, 0xC0, 0x00, 0x00,
  0x00, 0x00, 0x00, 0x00, 0x00, 0x00, 0x00, 0x00, 0x1D, 0xFF, 0xFF, 0x70, 0x00, 0x00, 0x00, 0x00,
  0x00, 0x00, 0x00, 0x00, 0x00, 0x00, 0x5F, 0xFF, 0xFC, 0x00, 0x00, 0x00, 0x00, 0x00, 0x00, 0x00,
  0x00, 0x00, 0x00, 0x01, 0xEF, 0xFF, 0xE1, 0x00, 0x00, 0x00, 0x00, 0x00, 0x00, 0x00, 0x00, 0x00,
  0x00, 0x2F, 0xFF, 0xFD, 0x10, 0x00, 0x00, 0x00, 0x00, 0x00, 0x00, 0x00, 0x00, 0x01, 0x4C, 0xFF,
  0xFF, 0x90, 0x00, 0x00, 0x00, 0x00, 0x00, 0x00, 0x3C, 0xCC, 0xCC, 0xDF, 0xFF, 0xFF, 0xC2, 0x00,
  0x00, 0x00, 0x00, 0x00, 0x00, 0x04, 0xFF, 0xFF, 0xFF, 0xFF, 0xDB, 0x71, 0x00, 0x00, 0x00, 0x00,
  0x00, 0x00, 0x00, 0x4F, 0xFF, 0xFF, 0xFF, 0xFA, 0x40, 0x00, 0x00, 0x00, 0x00, 0x00, 0x00, 0x00,
  0x04, 0xFF, 0xFF, 0xFF, 0xFF, 0xFF, 0xD6, 0x00, 0x00, 0x00, 0x00, 0x00, 0x00, 0x00, 0x14, 0x44,
  0x45, 0x7B, 0xFF, 0xFF, 0xF6, 0x00, 0x00, 0x00, 0x00, 0x00, 0x00, 0x00, 0x00, 0x00, 0x00, 0x07,
  0xFF, 0xFF, 0xC0, 0x00, 0x00, 0x00, 0x00, 0x00, 0x00, 0x00, 0x00, 0x00, 0x00, 0x1E, 0xFF, 0xFE,
  0x10, 0x00, 0x00, 0x00, 0x00, 0x00, 0x00, 0x00, 0x00, 0x00, 0x03, 0xFF, 0xFF, 0xD0, 0x00, 0x00,
  0x00, 0x00, 0x00, 0x00, 0x00, 0x00, 0x00, 0x00, 0xAF, 0xFF, 0xF9, 0x00, 0x00, 0x00, 0x00, 0x00,
  0x00, 0x00, 0x00, 0x00, 0x00, 0x6F, 0xFF, 0xFE, 0x20, 0x00, 0x00, 0x00, 0x00, 0x00, 0x00, 0x00,
  0x00, 0x00, 0x4F, 0xFF, 0xFF, 0x50, 0x00, 0x00, 0x00, 0x00, 0x00, 0x00, 0x00, 0x00, 0x00, 0x0C,
  0xFF, 0xFF, 0xA0, 0x00, 0x00, 0x00, 0x00, 0x00, 0x00, 0x00, 0x00, 0x00, 0x03, 0xFF, 0xFF, 0xE1,
  0x00, 0x00, 0x00, 0x00, 0x00, 0x00, 0x00, 0x00, 0x00, 0x00, 0x7F, 0xFF, 0xF9, 0x00, 0x00, 0x00,
  0x00, 0x00, 0x00, 0x00, 0x00, 0x00, 0x00, 0x07, 0xFF, 0xFF, 0x80, 0x00, 0x00, 0x00, 0x00, 0x00,
  0x00, 0x00, 0x00, 0x00, 0x00, 0x7F, 0xFF, 0xF7, 0x00, 0x00, 0x00, 0x00, 0x00, 0x00, 0x00, 0x00,
  0x00, 0x00, 0x07, 0xFF, 0xFF, 0x81, 0x21, 0x11, 0x11, 0x00, 0x00, 0x00, 0x00, 0x00, 0x00, 0x00,
  0x6F, 0xFF, 0xFF, 0xFF, 0xFF, 0xFF, 0xF4, 0x00, 0x00, 0x00, 0x00, 0x00, 0x00, 0x02, 0xFF, 0xFF,
  0xFF, 0xFF, 0xFF, 0xFF, 0x40, 0x00, 0x00, 0x00, 0x00, 0x00, 0x00, 0x06, 0xFF, 0xFF, 0xFF, 0xFF,
  0xFF, 0xF4, 0x00, 0x00, 0x00, 0x00, 0x00, 0x00, 0x00, 0x04, 0xAD, 0xEE, 0xEE, 0xEE, 0xEE, 0x40,
  0x00, 0x00, 0x00, 0x00, 0x00, 0x00, 0x00, 0x00, 0x01, 0x11, 0x11, 0x11, 0x10, 0x00, 0x00, 0x00,
  0x00, 0x00, 0x00, 0x00, 0x01, 0x11, 0x11, 0x00, 0x00, 0x00, 0x00, 0x00, 0x00, 0x00, 0x00, 0x00,
  0x00, 0x01, 0xDE, 0xEE, 0xE7, 0x00, 0x00, 0x00, 0x00, 0x00, 0x00, 0x00, 0x00, 0x00, 0x00, 0x1E,
  0xFF, 0xFF, 0x80, 0x00, 0x00, 0x00, 0x00, 0x00, 0x00, 0x00, 0x00, 0x00, 0x01, 0xEF, 0xFF, 0xF7,
  0x00, 0x00, 0x00, 0x00, 0x00, 0x00, 0x00, 0x00, 0x00, 0x00, 0x1E, 0xFF, 0xFF, 0x70, 0x00, 0x00,
  0x00, 0x00, 0x00, 0x00, 0x00, 0x00, 0x00, 0x01, 0xEF, 0xFF, 0xF7, 0x00, 0x00, 0x00, 0x00, 0x00,
  0x00, 0x00, 0x00, 0x00, 0x00, 0x1E, 0xFF, 0xFF, 0x70, 0x00, 0x00, 0x00, 0x00, 0x00, 0x00, 0x00,
  0x00, 0x00, 0x01, 0xEF, 0xFF, 0xF7, 0x00, 0x00, 0x00, 0x00, 0x00, 0x00, 0x00, 0x00, 0x00, 0x00,
  0x1E, 0xFF, 0xFF, 0x70, 0x00, 0x00, 0x00, 0x00, 0x00, 0x00, 0x00, 0x00, 0x00, 0x01, 0xEF, 0xFF,
  0xF7, 0x00, 0x00, 0x00, 0x00, 0x00, 0x00, 0x00, 0x00, 0x00, 0x00, 0x1E, 0xFF, 0xFF, 0x70, 0x00,
  0x00, 0x00, 0x00, 0x00, 0x00, 0x00, 0x00, 0x00, 0x01, 0xEF, 0xFF, 0xF7, 0x00, 0x00, 0x00, 0x00,
  0x00, 0x00, 0x00, 0x00, 0x00, 0x00, 0x1E, 0xFF, 0xFF, 0x70, 0x00, 0x00, 0x00, 0x00, 0x00, 0x00,
  0x00, 0x00, 0x00, 0x01, 0xEF, 0xFF, 0xF7, 0x00, 0x00, 0x00, 0x00, 0x00, 0x00, 0x00, 0x00, 0x00,
  0x00, 0x1E, 0xFF, 0xFF, 0x70, 0x00, 0x00, 0x00, 0x00, 0x00, 0x00, 0x00, 0x00, 0x00, 0x01, 0xEF,
  0xFF, 0xF7, 0x00, 0x00, 0x00, 0x00, 0x00, 0x00, 0x00, 0x00, 0x00, 0x00, 0x1E, 0xFF, 0xFF, 0x70,
  0x00, 0x00, 0x00, 0x00, 0x00, 0x00, 0x00, 0x00, 0x00, 0x01, 0xEF, 0xFF, 0xF7, 0x00, 0x00, 0x00,
  0x00, 0x00, 0x00, 0x00, 0x00, 0x00, 0x00, 0x1E, 0xFF, 0xFF, 0x70, 0x00, 0x00, 0x00, 0x00, 0x00,
  0x00, 0x00, 0x00, 0x00, 0x01, 0xEF, 0xFF, 0xF7, 0x00, 0x00, 0x00, 0x00, 0x00, 0x00, 0x00, 0x00,
  0x00, 0x00, 0x1E, 0xFF, 0xFF, 0x70, 0x00, 0x00, 0x00, 0x00, 0x00, 0x00, 0x00, 0x00, 0x00, 0x01,
  0xEF, 0xFF, 0xF7, 0x00, 0x00, 0x00, 0x00, 0x00, 0x00, 0x00, 0x00, 0x00, 0x00, 0x1E, 0xFF, 0xFF,
  0x70, 0x00, 0x00, 0x00, 0x00, 0x00, 0x00, 0x00, 0x00, 0x00, 0x01, 0xEF, 0xFF, 0xF7, 0x00, 0x00,
  0x00, 0x00, 0x00, 0x00, 0x00, 0x00, 0x00, 0x00, 0x1E, 0xFF, 0xFF, 0x70, 0x00, 0x00, 0x00, 0x00,
  0x00, 0x00, 0x00, 0x00, 0x00, 0x01, 0xEF, 0xFF, 0xF7, 0x00, 0x00, 0x00, 0x00, 0x00, 0x00, 0x00,
  0x00, 0x00, 0x00, 0x1E, 0xFF, 0xFF, 0x70, 0x00, 0x00, 0x00, 0x00, 0x00, 0x00, 0x00, 0x00, 0x00,
  0x01, 0xEF, 0xFF, 0xF7, 0x00, 0x00, 0x00, 0x00, 0x00, 0x00, 0x00, 0x00, 0x00, 0x00, 0x1E, 0xFF,
  0xFF, 0x70, 0x00, 0x00, 0x00, 0x00, 0x00, 0x00, 0x00, 0x00, 0x00, 0x01, 0xEF, 0xFF, 0xF7, 0x00,
  0x00, 0x00, 0x00, 0x00, 0x00, 0x00, 0x00, 0x00, 0x00, 0x1E, 0xFF, 0xFF, 0x70, 0x00, 0x00, 0x00,
  0x00, 0x00, 0x00, 0x00, 0x00, 0x00, 0x01, 0xEF, 0xFF, 0xF7, 0x00, 0x00, 0x00, 0x00, 0x00, 0x00,
  0x00, 0x00, 0x00, 0x00, 0x1E, 0xFF, 0xFF, 0x70, 0x00, 0x00, 0x00, 0x00, 0x00, 0x00, 0x00, 0x00,
  0x00, 0x01, 0xEF, 0xFF, 0xF7, 0x00, 0x00, 0x00, 0x00, 0x00, 0x00, 0x00, 0x00, 0x00, 0x00, 0x1E,
  0xFF, 0xFF, 0x70, 0x00, 0x00, 0x00, 0x00, 0x00, 0x00, 0x00, 0x00, 0x00, 0x01, 0xEF, 0xFF, 0xF7,
  0x00, 0x00, 0x00, 0x00, 0x00, 0x00, 0x00, 0x00, 0x00, 0x00, 0x1E, 0xFF, 0xFF, 0x70, 0x00, 0x00,
  0x00, 0x00, 0x00, 0x00, 0x00, 0x00, 0x00, 0x01, 0xEF, 0xFF, 0xF8, 0x00, 0x00, 0x00, 0x00, 0x00,
  0x00, 0x00, 0x00, 0x00, 0x00, 0x1D, 0xEE, 0xEE, 0x70, 0x00, 0x00, 0x00, 0x00, 0x00, 0x00, 0x00,
  0x00, 0x00, 0x00, 0x11, 0x11, 0x10, 0x00, 0x00, 0x00, 0x00, 0x00, 0x00, 0x00, 0x01, 0x11, 0x11,
  0x11, 0x10, 0x00, 0x00, 0x00, 0x00, 0x00, 0x00, 0x00, 0x00, 0x01, 0xDE, 0xEE, 0xEE, 0xEE, 0xDA,
  0x40, 0x00, 0x00, 0x00, 0x00, 0x00, 0x00, 0x00, 0x1E, 0xFF, 0xFF, 0xFF, 0xFF, 0xFF, 0x60, 0x00,
  0x00, 0x00, 0x00, 0x00, 0x00, 0x01, 0xEF, 0xFF, 0xFF, 0xFF, 0xFF, 0xFE, 0x20, 0x00, 0x00, 0x00,
  0x00, 0x00, 0x00, 0x1E, 0xFF, 0xFF, 0xFF, 0xFF, 0xFF, 0xF6, 0x00, 0x00, 0x00, 0x00, 0x00, 0x00,
  0x00, 0x11, 0x11, 0x12, 0x18, 0xFF, 0xFF, 0x70, 0x00, 0x00, 0x00, 0x00, 0x00, 0x00, 0x00, 0x00,
  0x00, 0x00, 0x7F, 0xFF, 0xF7, 0x00, 0x00, 0x00, 0x00, 0x00, 0x00, 0x00, 0x00, 0x00, 0x00, 0x08,
  0xFF, 0xFF, 0x70, 0x00, 0x00, 0x00, 0x00, 0x00, 0x00, 0x00, 0x00, 0x00, 0x00, 0x9F, 0xFF, 0xF7,
  0x00, 0x00, 0x00, 0x00, 0x00, 0x00, 0x00, 0x00, 0x00, 0x00, 0x1D, 0xFF, 0xFF, 0x40, 0x00, 0x00,
  0x00, 0x00, 0x00, 0x00, 0x00, 0x00, 0x00, 0x08, 0xFF, 0xFF, 0xD1, 0x00, 0x00, 0x00, 0x00, 0x00,
  0x00, 0x00, 0x00, 0x00, 0x03, 0xFF, 0xFF, 0xF6, 0x00, 0x00, 0x00, 0x00, 0x00, 0x00, 0x00, 0x00,
  0x00, 0x00, 0xCF, 0xFF, 0xFA, 0x00, 0x00, 0x00, 0x00, 0x00, 0x00, 0x00, 0x00, 0x00, 0x00, 0x7F,
  0xFF, 0xFD, 0x10, 0x00, 0x00, 0x00, 0x00, 0x00, 0x00, 0x00, 0x00, 0x00, 0x0C, 0xFF, 0xFF, 0x50,
  0x00, 0x00, 0x00, 0x00, 0x00, 0x00, 0x00, 0x00, 0x00, 0x01, 0xEF, 0xFF, 0xE1, 0x00, 0x00, 0x00,
  0x00, 0x00, 0x00, 0x00, 0x00, 0x00, 0x00, 0x0D, 0xFF, 0xFF, 0x20, 0x00, 0x00, 0x00, 0x00, 0x00,
  0x00, 0x00, 0x00, 0x00, 0x00, 0x9F, 0xFF, 0xFC, 0x41, 0x00, 0x00, 0x00, 0x00, 0x00, 0x00, 0x00,
  0x00, 0x00, 0x02, 0xCF, 0xFF, 0xFF, 0xDC, 0xCC, 0xCC, 0x30, 0x00, 0x00, 0x00, 0x00, 0x00, 0x00,
  0x01, 0x6B, 0xDF, 0xFF, 0xFF, 0xFF, 0xF4, 0x00, 0x00, 0x00, 0x00, 0x00, 0x00, 0x00, 0x01, 0x4A,
  0xFF, 0xFF, 0xFF, 0xFF, 0x40, 0x00, 0x00, 0x00, 0x00, 0x00, 0x00, 0x07, 0xEF, 0xFF, 0xFF, 0xFF,
  0xFF, 0xF4, 0x00, 0x00, 0x00, 0x00, 0x00, 0x00, 0x06, 0xFF, 0xFF, 0xFB, 0x75, 0x44, 0x44, 0x10,
  0x00, 0x00, 0x00, 0x00, 0x00, 0x00, 0xCF, 0xFF, 0xF7, 0x00, 0x00, 0x00, 0x00, 0x00, 0x00, 0x00,
  0x00, 0x00, 0x00, 0x1E, 0xFF, 0xFE, 0x10, 0x00, 0x00, 0x00, 0x00, 0x00, 0x00, 0x00, 0x00, 0x00,
  0x00, 0xDF, 0xFF, 0xF3, 0x00, 0x00, 0x00, 0x00, 0x00, 0x00, 0x00, 0x00, 0x00, 0x00, 0x09, 0xFF,
  0xFF, 0xA0, 0x00, 0x00, 0x00, 0x00, 0x00, 0x00, 0x00, 0x00, 0x00, 0x00, 0x2E, 0xFF, 0xFF, 0x60,
  0x00, 0x00, 0x00, 0x00, 0x00, 0x00, 0x00, 0x00, 0x00, 0x00, 0x5F, 0xFF, 0xFF, 0x40, 0x00, 0x00,
  0x00, 0x00, 0x00, 0x00, 0x00, 0x00, 0x00, 0x00, 0xAF, 0xFF, 0xFC, 0x00, 0x00, 0x00, 0x00, 0x00,
  0x00, 0x00, 0x00, 0x00, 0x00, 0x01, 0xEF, 0xFF, 0xF3, 0x00, 0x00, 0x00, 0x00, 0x00, 0x00, 0x00,
  0x00, 0x00, 0x00, 0x09, 0xFF, 0xFF, 0x60, 0x00, 0x00, 0x00, 0x00, 0x00, 0x00, 0x00, 0x00, 0x00,
  0x00, 0x8F, 0xFF, 0xF7, 0x00, 0x00, 0x00, 0x00, 0x00, 0x00, 0x00, 0x00, 0x00, 0x00, 0x07, 0xFF,
  0xFF, 0x70, 0x00, 0x00, 0x00, 0x00, 0x00, 0x00, 0x01, 0x11, 0x11, 0x21, 0x8F, 0xFF, 0xF7, 0x00,
  0x00, 0x00, 0x00, 0x00, 0x00, 0x01, 0xEF, 0xFF, 0xFF, 0xFF, 0xFF, 0xFF, 0x60, 0x00, 0x00, 0x00,
  0x00, 0x00, 0x00, 0x1E, 0xFF, 0xFF, 0xFF, 0xFF, 0xFF, 0xF2, 0x00, 0x00, 0x00, 0x00, 0x00, 0x00,
  0x01, 0xEF, 0xFF, 0xFF, 0xFF, 0xFF, 0xF7, 0x00, 0x00, 0x00, 0x00, 0x00, 0x00, 0x00, 0x1D, 0xEE,
  0xEE, 0xEE, 0xED, 0xA5, 0x00, 0x00, 0x00, 0x00, 0x00, 0x00, 0x00, 0x00, 0x11, 0x11, 0x11, 0x11,
  0x00, 0x00, 0x00, 0x00, 0x00, 0x00, 0x00, 0x00, 0x00, 0x00, 0x00, 0x01, 0x10, 0x00, 0x00, 0x00,
  0x00, 0x00, 0x00, 0x00, 0x00, 0x00, 0x00, 0x03, 0x9C, 0xED, 0xA5, 0x00, 0x00, 0x00, 0x05, 0x52,
  0x10, 0x00, 0x00, 0x00, 0x05, 0xEF, 0xFF, 0xFF, 0xF8, 0x00, 0x00, 0x00, 0xEF, 0xED, 0x70, 0x00,
  0x00, 0x03, 0xFF, 0xFF, 0xFF, 0xFF, 0xF8, 0x00, 0x00, 0x2F, 0xFF, 0xF8, 0x00, 0x00, 0x00, 0xCF,
  0xFF, 0xFF, 0xFF, 0xFF, 0xF4, 0x00, 0x06, 0xFF, 0xFF, 0x50, 0x00, 0x00, 0x4F, 0xFF, 0xFF, 0xEF,
  0xFF, 0xFF, 0xD1, 0x00, 0xAF, 0xFF, 0xF2, 0x00, 0x00, 0x09, 0xFF, 0xFF, 0x71, 0x8F, 0xFF, 0xFF,
  0xB2, 0x5F, 0xFF, 0xFC, 0x00, 0x00, 0x00, 0xDF, 0xFF, 0xD0, 0x00, 0xBF, 0xFF, 0xFF, 0xEF, 0xFF,
  0xFF, 0x70, 0x00, 0x00, 0x2F, 0xFF, 0xF8, 0x00, 0x02, 0xEF, 0xFF, 0xFF, 0xFF, 0xFF, 0xE1, 0x00,
  0x00, 0x05, 0xFF, 0xFF, 0x50, 0x00, 0x05, 0xFF, 0xFF, 0xFF, 0xFF, 0xF6, 0x00, 0x00, 0x00, 0x5D,
  0xEF, 0xF3, 0x00, 0x00, 0x06, 0xFF, 0xFF, 0xFF, 0xF7, 0x00, 0x00, 0x00, 0x00, 0x02, 0x46, 0x00,
  0x00, 0x00, 0x03, 0xAD, 0xED, 0xA4, 0x00, 0x00, 0x00, 0x00, 0x00, 0x00, 0x00, 0x00, 0x00, 0x00,
  0x00, 0x11, 0x10, 0x00, 0x00, 0x00, 0x00, 0x00, 0x00, 0x00, 0x00, 0x00, 0x00, 0x00, 0x00, 0x00,
  0x00, 0x00, 0x00, 0x00, 0x00, 0x00, 0x00, 0x00, 0x00, 0x00, 0x00, 0x00, 0x00, 0x00, 0x00, 0x00,
  0x00, 0x00, 0x00, 0x00, 0x00, 0x00, 0x00, 0x00, 0x00, 0x00, 0x00, 0x00, 0x00, 0x00, 0x00, 0x00,
  0x00, 0x00, 0x00, 0x00, 0x00, 0x00, 0x00, 0x00, 0x00, 0x00, 0x00, 0x00, 0x00, 0x00, 0x00, 0x00,
  0x00, 0x00, 0x00, 0x00, 0x00, 0x00, 0x00, 0x00, 0x00, 0x00, 0x00, 0x00, 0x00, 0x00, 0x00, 0x00,
  0x00, 0x00, 0x00, 0x00, 0x00, 0x00, 0x00, 0x00, 0x00, 0x00, 0x00, 0x00, 0x00, 0x00, 0x00, 0x00,
  0x00, 0x00, 0x00, 0x00, 0x00,
};

static const BadgeSmoothGlyph font_plexmono_42_glyphs[] PROGMEM = {
  {0, 27, 2, 25, -1, -1}, // ' '
  {27, 27, 32, 25, -1, -30}, // '!'
  {459, 27, 33, 25, -1, -32}, // '"'
  {905, 27, 31, 25, -1, -30}, // '#'
  {1324, 27, 40, 25, -1, -35}, // '$'
  {1864, 28, 32, 25, -1, -30}, // '%'
  {2312, 27, 32, 25, -1, -31}, // '&'
  {2744, 27, 33, 25, -1, -32}, // "'"
  {3190, 27, 40, 25, -1, -33}, // '('
  {3730, 27, 40, 25, -1, -33}, // ')'
  {4270, 27, 26, 25, -1, -24}, // '*'
  {4621, 27, 24, 25, -1, -24}, // '+'
  {4945, 27, 16, 25, -1, -8}, // ','
  {5161, 27, 18, 25, -1, -17}, // '-'
  {5404, 27, 18, 25, -1, -17}, // '.'
  {5647, 27, 40, 25, -1, -33}, // '/'
  {6187, 27, 32, 25, -1, -30}, // '0'
  {6619, 27, 32, 25, -1, -30}, // '1'
  {7051, 27, 32, 25, -1, -30}, // '2'
  {7483, 27, 32, 25, -1, -30}, // '3'
  {7915, 27, 31, 25, -1, -30}, // '4'
  {8334, 27, 32, 25, -1, -30}, // '5'
  {8766, 27, 32, 25, -1, -30}, // '6'
  {9198, 27, 31, 25, -1, -30}, // '7'
  {9617, 27, 32, 25, -1, -30}, // '8'
  {10049, 27, 31, 25, -1, -30}, // '9'
  {10468, 27, 18, 25, -1, -17}, // ':'
  {10711, 27, 30, 25, -1, -23}, // ';'
  {11116, 27, 28, 25, -1, -26}, // '<'
  {11494, 27, 22, 25, -1, -21}, // '='
  {11791, 27, 28, 25, -1, -26}, // '>'
  {12169, 27, 32, 25, -1, -30}, // '?'
  {12601, 27, 36, 25, -1, -31}, // '@'
  {13087, 27, 31, 25, -1, -30}, // 'A'
  {13506, 27, 32, 25, -1, -30}, // 'B'
  {13938, 27, 32, 25, -1, -30}, // 'C'
  {14370, 27, 31, 25, -1, -30}, // 'D'
  {14789, 27, 31, 25, -1, -30}, // 'E'
  {15208, 27, 32, 25, -1, -30}, // 'F'
  {15640, 27, 32, 25, -1, -30}, // 'G'
  {16072, 27, 31, 25, -1, -30}, // 'H'
  {16491, 27, 32, 25, -1, -30}, // 'I'
  {16923, 27, 32, 25, -1, -30}, // 'J'
  {17355, 28, 31, 25, -1, -30}, // 'K'
  {17789, 27, 31, 25, -1, -30}, // 'L'
  {18208, 27, 31, 25, -1, -30}, // 'M'
  {18627, 27, 31, 25, -1, -30}, // 'N'
  {19046, 27, 32, 25, -1, -30}, // 'O'
  {19478, 27, 31, 25, -1, -30}, // 'P'
  {19897, 27, 40, 25, -1, -30}, // 'Q'
  {20437, 27, 32, 25, -1, -30}, // 'R'
  {20869, 27, 32, 25, -1, -30}, // 'S'
  {21301, 27, 31, 25, -1, -30}, // 'T'
  {21720, 27, 32, 25, -1, -30}, // 'U'
  {22152, 27, 31, 25, -1, -30}, // 'V'
  {22571, 27, 31, 25, -1, -30}, // 'W'
  {22990, 27, 31, 25, -1, -30}, // 'X'
  {23409, 28, 31, 25, -1, -30}, // 'Y'
  {23843, 27, 31, 25, -1, -30}, // 'Z'
  {24262, 27, 40, 25, -1, -33}, // '['
  {24802, 27, 40, 25, -1, -33}, // '\\'
  {25342, 27, 40, 25, -1, -33}, // ']'
  {25882, 27, 31, 25, -1, -30}, // '^'
  {26301, 27, 10, 25, -1, -1}, // '_'
  {26436, 27, 36, 25, -1, -35}, // '`'
  {26922, 27, 24, 25, -1, -23}, // 'a'
  {27246, 27, 34, 25, -1, -32}, // 'b'
  {27705, 27, 24, 25, -1, -23}, // 'c'
  {28029, 27, 34, 25, -1, -32}, // 'd'
  {28488, 27, 24, 25, -1, -23}, // 'e'
  {28812, 27, 33, 25, -1, -32}, // 'f'
  {29258, 27, 33, 25, -1, -23}, // 'g'
  {29704, 27, 33, 25, -1, -32}, // 'h'
  {30150, 27, 34, 25, -1, -32}, // 'i'
  {30609, 27, 33, 25, -1, -23}, // 'j'
  {31055, 27, 33, 25, -1, -32}, // 'k'
  {31501, 27, 33, 25, -1, -32}, // 'l'
  {31947, 27, 24, 25, -1, -23}, // 'm'
  {32271, 27, 24, 25, -1, -23}, // 'n'
  {32595, 27, 24, 25, -1, -23}, // 'o'
  {32919, 27, 32, 25, -1, -23}, // 'p'
  {33351, 27, 32, 25, -1, -23}, // 'q'
  {33783, 27, 25, 25, -1, -23}, // 'r'
  {34121, 27, 24, 25, -1, -23}, // 's'
  {34445, 27, 33, 25, -1, -32}, // 't'
  {34891, 27, 25, 25, -1, -23}, // 'u'
  {35229, 27, 25, 25, -1, -23}, // 'v'
  {35567, 27, 25, 25, -1, -23}, // 'w'
  {35905, 27, 25, 25, -1, -23}, // 'x'
  {36243, 27, 33, 25, -1, -23}, // 'y'
  {36689, 27, 25, 25, -1, -23}, // 'z'
  {37027, 27, 40, 25, -1, -33}, // '{'
  {37567, 27, 40, 25, -1, -33}, // '|'
  {38107, 27, 40, 25, -1, -33}, // '}'
  {38647, 27, 20, 25, -1, -19}, // '~'
};

static const BadgeSmoothFont font_plexmono_42 PROGMEM = {
  font_plexmono_42_alpha,
  font_plexmono_42_glyphs,
  32, 126,
  56,
  42,
  4,
};
