#pragma once
#include <stdint.h>
#include "badge_smooth_font.h"

// Auto-generated — 42px 4bpp AA (oversample×2)
static const uint8_t font_helvetica_42_alpha[] PROGMEM = {
  0x00, 0x00, 0x00, 0x00, 0x00, 0x00, 0x00, 0x00, 0x00, 0x00, 0x00, 0x00, 0x00, 0x00, 0x01, 0x11,
  0x11, 0x10, 0x00, 0x00, 0x00, 0x00, 0x2E, 0xEE, 0xEE, 0xC1, 0x00, 0x00, 0x00, 0x00, 0x3F, 0xFF,
  0xFF, 0xD1, 0x00, 0x00, 0x00, 0x00, 0x2F, 0xFF, 0xFF, 0xD1, 0x00, 0x00, 0x00, 0x00, 0x2F, 0xFF,
  0xFF, 0xD1, 0x00, 0x00, 0x00, 0x00, 0x2F, 0xFF, 0xFF, 0xD1, 0x00, 0x00, 0x00, 0x00, 0x2F, 0xFF,
  0xFF, 0xD1, 0x00, 0x00, 0x00, 0x00, 0x2F, 0xFF, 0xFF, 0xD1, 0x00, 0x00, 0x00, 0x00, 0x2F, 0xFF,
  0xFF, 0xD1, 0x00, 0x00, 0x00, 0x00, 0x2F, 0xFF, 0xFF, 0xD1, 0x00, 0x00, 0x00, 0x00, 0x2F, 0xFF,
  0xFF, 0xD1, 0x00, 0x00, 0x00, 0x00, 0x2F, 0xFF, 0xFF, 0xD1, 0x00, 0x00, 0x00, 0x00, 0x2F, 0xFF,
  0xFF, 0xD1, 0x00, 0x00, 0x00, 0x00, 0x2F, 0xFF, 0xFF, 0xD1, 0x00, 0x00, 0x00, 0x00, 0x2F, 0xFF,
  0xFF, 0xD1, 0x00, 0x00, 0x00, 0x00, 0x2F, 0xFF, 0xFF, 0xD1, 0x00, 0x00, 0x00, 0x00, 0x2F, 0xFF,
  0xFF, 0xD1, 0x00, 0x00, 0x00, 0x00, 0x2F, 0xFF, 0xFF, 0xD1, 0x00, 0x00, 0x00, 0x00, 0x2F, 0xFF,
  0xFF, 0xD1, 0x00, 0x00, 0x00, 0x00, 0x2F, 0xFF, 0xFF, 0xD1, 0x00, 0x00, 0x00, 0x00, 0x2F, 0xFF,
  0xFF, 0xD1, 0x00, 0x00, 0x00, 0x00, 0x3F, 0xFF, 0xFF, 0xE1, 0x00, 0x00, 0x00, 0x00, 0x15, 0x55,
  0x55, 0x40, 0x00, 0x00, 0x00, 0x00, 0x00, 0x00, 0x00, 0x00, 0x00, 0x00, 0x00, 0x00, 0x00, 0x00,
  0x00, 0x00, 0x00, 0x00, 0x00, 0x00, 0x00, 0x02, 0x20, 0x00, 0x00, 0x00, 0x00, 0x00, 0x04, 0xCF,
  0xFC, 0x40, 0x00, 0x00, 0x00, 0x00, 0x2E, 0xFF, 0xFF, 0xE2, 0x00, 0x00, 0x00, 0x00, 0x8F, 0xFF,
  0xFF, 0xF8, 0x00, 0x00, 0x00, 0x00, 0xAF, 0xFF, 0xFF, 0xF9, 0x00, 0x00, 0x00, 0x00, 0x7F, 0xFF,
  0xFF, 0xF7, 0x00, 0x00, 0x00, 0x00, 0x2D, 0xFF, 0xFF, 0xD2, 0x00, 0x00, 0x00, 0x00, 0x03, 0xAD,
  0xDA, 0x30, 0x00, 0x00, 0x00, 0x00, 0x00, 0x01, 0x10, 0x00, 0x00, 0x00, 0x00, 0x00, 0x01, 0x11,
  0x11, 0x10, 0x00, 0x11, 0x11, 0x11, 0x00, 0x00, 0x00, 0x00, 0x00, 0xBE, 0xEE, 0xED, 0x10, 0x0C,
  0xEE, 0xEE, 0xD1, 0x00, 0x00, 0x00, 0x00, 0x0C, 0xFF, 0xFF, 0xE1, 0x00, 0xCF, 0xFF, 0xFE, 0x10,
  0x00, 0x00, 0x00, 0x00, 0xBF, 0xFF, 0xFE, 0x10, 0x0B, 0xFF, 0xFF, 0xD0, 0x00, 0x00, 0x00, 0x00,
  0x0A, 0xFF, 0xFF, 0xD0, 0x00, 0xBF, 0xFF, 0xFC, 0x00, 0x00, 0x00, 0x00, 0x00, 0x9F, 0xFF, 0xFC,
  0x00, 0x0A, 0xFF, 0xFF, 0xB0, 0x00, 0x00, 0x00, 0x00, 0x09, 0xFF, 0xFF, 0xC0, 0x00, 0x9F, 0xFF,
  0xFB, 0x00, 0x00, 0x00, 0x00, 0x00, 0x8F, 0xFF, 0xFB, 0x00, 0x09, 0xFF, 0xFF, 0xA0, 0x00, 0x00,
  0x00, 0x00, 0x07, 0xFF, 0xFF, 0xA0, 0x00, 0x8F, 0xFF, 0xFA, 0x00, 0x00, 0x00, 0x00, 0x00, 0x7F,
  0xFF, 0xFA, 0x00, 0x08, 0xFF, 0xFF, 0x90, 0x00, 0x00, 0x00, 0x00, 0x06, 0xFF, 0xFF, 0x90, 0x00,
  0x7F, 0xFF, 0xF8, 0x00, 0x00, 0x00, 0x00, 0x00, 0x5F, 0xFF, 0xF8, 0x00, 0x06, 0xFF, 0xFF, 0x80,
  0x00, 0x00, 0x00, 0x00, 0x05, 0xFF, 0xFF, 0x80, 0x00, 0x6F, 0xFF, 0xF7, 0x00, 0x00, 0x00, 0x00,
  0x00, 0x4E, 0xEE, 0xE7, 0x00, 0x05, 0xEE, 0xEE, 0x60, 0x00, 0x00, 0x00, 0x00, 0x00, 0x11, 0x11,
  0x00, 0x00, 0x01, 0x11, 0x10, 0x00, 0x00, 0x00, 0x00, 0x00, 0x00, 0x00, 0x00, 0x00, 0x00, 0x00,
  0x00, 0x00, 0x00, 0x00, 0x00, 0x00, 0x00, 0x00, 0x00, 0x00, 0x00, 0x00, 0x00, 0x00, 0x00, 0x00,
  0x00, 0x00, 0x00, 0x00, 0x00, 0x00, 0x00, 0x00, 0x00, 0x00, 0x00, 0x00, 0x00, 0x00, 0x00, 0x00,
  0x00, 0x00, 0x00, 0x00, 0x00, 0x00, 0x00, 0x00, 0x00, 0x00, 0x00, 0x00, 0x00, 0x00, 0x00, 0x00,
  0x00, 0x00, 0x00, 0x00, 0x00, 0x00, 0x00, 0x00, 0x00, 0x00, 0x00, 0x00, 0x00, 0x00, 0x00, 0x00,
  0x00, 0x00, 0x00, 0x00, 0x00, 0x00, 0x00, 0x00, 0x00, 0x00, 0x00, 0x00, 0x00, 0x00, 0x00, 0x00,
  0x00, 0x00, 0x00, 0x00, 0x00, 0x00, 0x00, 0x00, 0x00, 0x00, 0x00, 0x00, 0x00, 0x00, 0x00, 0x00,
  0x00, 0x00, 0x00, 0x00, 0x00, 0x00, 0x00, 0x00, 0x00, 0x00, 0x00, 0x00, 0x00, 0x00, 0x00, 0x00,
  0x00, 0x00, 0x00, 0x00, 0x00, 0x00, 0x00, 0x00, 0x00, 0x00, 0x00, 0x00, 0x00, 0x00, 0x00, 0x00,
  0x00, 0x00, 0x00, 0x00, 0x00, 0x00, 0x00, 0x00, 0x00, 0x00, 0x00, 0x00, 0x00, 0x00, 0x00, 0x00,
  0x00, 0x00, 0x00, 0x00, 0x00, 0x00, 0x00, 0x00, 0x00, 0x00, 0x00, 0x00, 0x00, 0x00, 0x00, 0x00,
  0x00, 0x00, 0x00, 0x00, 0x00, 0x00, 0x00, 0x00, 0x00, 0x00, 0x00, 0x00, 0x00, 0x00, 0x00, 0x00,
  0x00, 0x00, 0x00, 0x00, 0x00, 0x00, 0x00, 0x00, 0x00, 0x00, 0x00, 0x00, 0x00, 0x00, 0x00, 0x00,
  0x00, 0x00, 0x00, 0x00, 0x00, 0x00, 0x00, 0x00, 0x00, 0x00, 0x00, 0x00, 0x00, 0x00, 0x00, 0x00,
  0x00, 0x00, 0x00, 0x00, 0x00, 0x00, 0x00, 0x00, 0x00, 0x00, 0x00, 0x00, 0x00, 0x00, 0x00, 0x00,
  0x00, 0x00, 0x00, 0x00, 0x00, 0x00, 0x00, 0x00, 0x00, 0x00, 0x00, 0x00, 0x04, 0x98, 0x89, 0x20,
  0x00, 0x00, 0x59, 0x88, 0x82, 0x00, 0x00, 0x00, 0x00, 0x00, 0x00, 0x09, 0xFF, 0xFF, 0x30, 0x00,
  0x00, 0xAF, 0xFF, 0xF2, 0x00, 0x00, 0x00, 0x00, 0x00, 0x00, 0x0B, 0xFF, 0xFD, 0x10, 0x00, 0x00,
  0xCF, 0xFF, 0xD0, 0x00, 0x00, 0x00, 0x00, 0x00, 0x00, 0x0D, 0xFF, 0xFC, 0x00, 0x00, 0x01, 0xEF,
  0xFF, 0xB0, 0x00, 0x00, 0x00, 0x00, 0x00, 0x00, 0x2E, 0xFF, 0xFA, 0x00, 0x00, 0x03, 0xFF, 0xFF,
  0x80, 0x00, 0x00, 0x00, 0x00, 0x00, 0x00, 0x4F, 0xFF, 0xF7, 0x00, 0x00, 0x05, 0xFF, 0xFF, 0x60,
  0x00, 0x00, 0x00, 0x00, 0x00, 0x00, 0x6F, 0xFF, 0xF5, 0x00, 0x00, 0x07, 0xFF, 0xFF, 0x40, 0x00,
  0x00, 0x00, 0x00, 0x00, 0x00, 0x9F, 0xFF, 0xF3, 0x00, 0x00, 0x0A, 0xFF, 0xFE, 0x20, 0x00, 0x00,
  0x00, 0x01, 0xCD, 0xDD, 0xEF, 0xFF, 0xFD, 0xDD, 0xDD, 0xDE, 0xFF, 0xFF, 0xDD, 0xDD, 0x30, 0x00,
  0x03, 0xFF, 0xFF, 0xFF, 0xFF, 0xFF, 0xFF, 0xFF, 0xFF, 0xFF, 0xFF, 0xFF, 0xFF, 0x10, 0x00, 0x05,
  0xFF, 0xFF, 0xFF, 0xFF, 0xFF, 0xFF, 0xFF, 0xFF, 0xFF, 0xFF, 0xFF, 0xFD, 0x00, 0x00, 0x07, 0xFF,
  0xFF, 0xFF, 0xFF, 0xFF, 0xFF, 0xFF, 0xFF, 0xFF, 0xFF, 0xFF, 0xFB, 0x00, 0x00, 0x09, 0xFE, 0xFF,
  0xFF, 0xFF, 0xFF, 0xFF, 0xFF, 0xFF, 0xFF, 0xFF, 0xFE, 0xF8, 0x00, 0x00, 0x02, 0x32, 0x29, 0xFF,
  0xFF, 0x52, 0x22, 0x32, 0xAF, 0xFF, 0xE4, 0x22, 0x31, 0x00, 0x00, 0x00, 0x00, 0x0A, 0xFF, 0xFE,
  0x20, 0x00, 0x00, 0xBF, 0xFF, 0xD0, 0x00, 0x00, 0x00, 0x00, 0x00, 0x00, 0x0C, 0xFF, 0xFC, 0x10,
  0x00, 0x01, 0xDF, 0xFF, 0xC0, 0x00, 0x00, 0x00, 0x00, 0x00, 0x00, 0x1E, 0xFF, 0xFB, 0x00, 0x00,
  0x02, 0xFF, 0xFF, 0x90, 0x00, 0x00, 0x00, 0x00, 0x00, 0x00, 0x3F, 0xFF, 0xF9, 0x00, 0x00, 0x04,
  0xFF, 0xFF, 0x70, 0x00, 0x00, 0x00, 0x00, 0x00, 0x00, 0x5F, 0xFF, 0xF5, 0x00, 0x00, 0x06, 0xFF,
  0xFF, 0x40, 0x00, 0x00, 0x00, 0x00, 0x8B, 0xBB, 0xCF, 0xFF, 0xFC, 0xBB, 0xBB, 0xBD, 0xFF, 0xFF,
  0xCB, 0xAB, 0x40, 0x00, 0x00, 0xEF, 0xFF, 0xFF, 0xFF, 0xFF, 0xFF, 0xFF, 0xFF, 0xFF, 0xFF, 0xFF,
  0xFF, 0x50, 0x00, 0x02, 0xEF, 0xFF, 0xFF, 0xFF, 0xFF, 0xFF, 0xFF, 0xFF, 0xFF, 0xFF, 0xFF, 0xFE,
  0x20, 0x00, 0x04, 0xFF, 0xFF, 0xFF, 0xFF, 0xFF, 0xFF, 0xFF, 0xFF, 0xFF, 0xFF, 0xFF, 0xFE, 0x10,
  0x00, 0x06, 0xFF, 0xFF, 0xFF, 0xFF, 0xFF, 0xFF, 0xFF, 0xFF, 0xFF, 0xFF, 0xFF, 0xFC, 0x00, 0x00,
  0x02, 0x54, 0x48, 0xFF, 0xFF, 0x94, 0x54, 0x54, 0x8F, 0xFF, 0xF8, 0x44, 0x53, 0x00, 0x00, 0x00,
  0x00, 0x06, 0xFF, 0xFF, 0x40, 0x00, 0x00, 0x7F, 0xFF, 0xF3, 0x00, 0x00, 0x00, 0x00, 0x00, 0x00,
  0x09, 0xFF, 0xFF, 0x30, 0x00, 0x00, 0xBF, 0xFF, 0xE2, 0x00, 0x00, 0x00, 0x00, 0x00, 0x00, 0x0B,
  0xFF, 0xFD, 0x10, 0x00, 0x00, 0xCF, 0xFF, 0xD0, 0x00, 0x00, 0x00, 0x00, 0x00, 0x00, 0x0D, 0xFF,
  0xFB, 0x00, 0x00, 0x02, 0xEF, 0xFF, 0xA0, 0x00, 0x00, 0x00, 0x00, 0x00, 0x00, 0x2E, 0xFF, 0xF9,
  0x00, 0x00, 0x03, 0xFF, 0xFF, 0x80, 0x00, 0x00, 0x00, 0x00, 0x00, 0x00, 0x5F, 0xFF, 0xF7, 0x00,
  0x00, 0x06, 0xFF, 0xFF, 0x60, 0x00, 0x00, 0x00, 0x00, 0x00, 0x00, 0x5D, 0xCC, 0xD4, 0x00, 0x00,
  0x07, 0xDC, 0xCC, 0x30, 0x00, 0x00, 0x00, 0x00, 0x00, 0x00, 0x00, 0x00, 0x00, 0x00, 0x00, 0x00,
  0x00, 0x00, 0x00, 0x00, 0x00, 0x00, 0x00, 0x00, 0x00, 0x00, 0x00, 0x00, 0x00, 0x00, 0x11, 0x00,
  0x00, 0x00, 0x00, 0x00, 0x00, 0x00, 0x00, 0x00, 0x00, 0x00, 0x00, 0x00, 0x04, 0xEE, 0x40, 0x00,
  0x00, 0x00, 0x00, 0x00, 0x00, 0x00, 0x00, 0x00, 0x00, 0x00, 0x00, 0x04, 0xFF, 0x40, 0x00, 0x00,
  0x00, 0x00, 0x00, 0x00, 0x00, 0x00, 0x00, 0x00, 0x00, 0x00, 0x04, 0xFF, 0x40, 0x00, 0x00, 0x00,
  0x00, 0x00, 0x00, 0x00, 0x00, 0x00, 0x00, 0x00, 0x00, 0x05, 0xFF, 0x40, 0x00, 0x00, 0x00, 0x00,
  0x00, 0x00, 0x00, 0x00, 0x00, 0x00, 0x02, 0x6A, 0xDE, 0xFF, 0xED, 0xB8, 0x40, 0x00, 0x00, 0x00,
  0x00, 0x00, 0x00, 0x00, 0x01, 0x8E, 0xFF, 0xFF, 0xFF, 0xFF, 0xFF, 0xFB, 0x40, 0x00, 0x00, 0x00,
  0x00, 0x00, 0x00, 0x4D, 0xFF, 0xFF, 0xFF, 0xFF, 0xFF, 0xFF, 0xFF, 0xF8, 0x00, 0x00, 0x00, 0x00,
  0x00, 0x04, 0xEF, 0xFF, 0xFF, 0xFF, 0xFF, 0xFF, 0xFF, 0xFF, 0xFF, 0x90, 0x00, 0x00, 0x00, 0x00,
  0x1E, 0xFF, 0xFF, 0xFF, 0xFF, 0xFF, 0xFF, 0xFF, 0xFF, 0xFF, 0xF6, 0x00, 0x00, 0x00, 0x00, 0x9F,
  0xFF, 0xFF, 0xFF, 0xA9, 0xFF, 0x99, 0xEF, 0xFF, 0xFF, 0xFD, 0x10, 0x00, 0x00, 0x01, 0xEF, 0xFF,
  0xFF, 0xD4, 0x03, 0xFF, 0x30, 0x2B, 0xFF, 0xFF, 0xFF, 0x50, 0x00, 0x00, 0x04, 0xFF, 0xFF, 0xFF,
  0x40, 0x04, 0xFF, 0x40, 0x01, 0xDF, 0xFF, 0xFF, 0x90, 0x00, 0x00, 0x06, 0xFF, 0xFF, 0xFD, 0x10,
  0x04, 0xFF, 0x40, 0x10, 0x8F, 0xFF, 0xFF, 0xB0, 0x00, 0x00, 0x06, 0xFF, 0xFF, 0xFE, 0x10, 0x04,
  0xFF, 0x40, 0x00, 0x14, 0x44, 0x44, 0x30, 0x00, 0x00, 0x06, 0xFF, 0xFF, 0xFF, 0x60, 0x04, 0xFF,
  0x40, 0x00, 0x00, 0x00, 0x00, 0x00, 0x00, 0x00, 0x03, 0xFF, 0xFF, 0xFF, 0xF7, 0x03, 0xFF, 0x40,
  0x00, 0x00, 0x00, 0x00, 0x00, 0x00, 0x00, 0x00, 0xCF, 0xFF, 0xFF, 0xFF, 0xCA, 0xFF, 0x40, 0x00,
  0x00, 0x00, 0x00, 0x00, 0x00, 0x00, 0x00, 0x5F, 0xFF, 0xFF, 0xFF, 0xFF, 0xFF, 0xC7, 0x41, 0x00,
  0x00, 0x00, 0x00, 0x00, 0x00, 0x00, 0x08, 0xFF, 0xFF, 0xFF, 0xFF, 0xFF, 0xFF, 0xFD, 0x93, 0x00,
  0x00, 0x00, 0x00, 0x00, 0x00, 0x00, 0x6E, 0xFF, 0xFF, 0xFF, 0xFF, 0xFF, 0xFF, 0xFF, 0xA2, 0x00,
  0x00, 0x00, 0x00, 0x00, 0x00, 0x02, 0x9E, 0xFF, 0xFF, 0xFF, 0xFF, 0xFF, 0xFF, 0xFE, 0x50, 0x00,
  0x00, 0x00, 0x00, 0x00, 0x00, 0x02, 0x7B, 0xEF, 0xFF, 0xFF, 0xFF, 0xFF, 0xFF, 0xF5, 0x00, 0x00,
  0x00, 0x00, 0x00, 0x00, 0x00, 0x00, 0x27, 0xFF, 0xEF, 0xFF, 0xFF, 0xFF, 0xFE, 0x20, 0x00, 0x00,
  0x00, 0x00, 0x00, 0x00, 0x00, 0x03, 0xFF, 0x55, 0xBF, 0xFF, 0xFF, 0xFF, 0x90, 0x00, 0x00, 0x00,
  0x00, 0x00, 0x00, 0x00, 0x04, 0xFF, 0x40, 0x05, 0xEF, 0xFF, 0xFF, 0xD0, 0x00, 0x00, 0x12, 0x22,
  0x22, 0x20, 0x00, 0x04, 0xFF, 0x40, 0x00, 0x7F, 0xFF, 0xFF, 0xF3, 0x00, 0x00, 0x3E, 0xFE, 0xEF,
  0xC0, 0x00, 0x04, 0xFF, 0x40, 0x00, 0x3F, 0xFF, 0xFF, 0xF4, 0x00, 0x00, 0x2F, 0xFF, 0xFF, 0xF3,
  0x00, 0x04, 0xFF, 0x40, 0x00, 0x4F, 0xFF, 0xFF, 0xF3, 0x00, 0x00, 0x0D, 0xFF, 0xFF, 0xFA, 0x00,
  0x04, 0xFF, 0x40, 0x00, 0xBF, 0xFF, 0xFF, 0xE1, 0x00, 0x00, 0x0A, 0xFF, 0xFF, 0xFF, 0xA2, 0x03,
  0xFF, 0x30, 0x2A, 0xFF, 0xFF, 0xFF, 0xC0, 0x00, 0x00, 0x04, 0xFF, 0xFF, 0xFF, 0xFE, 0x99, 0xFF,
  0x9A, 0xEF, 0xFF, 0xFF, 0xFF, 0x60, 0x00, 0x00, 0x00, 0xAF, 0xFF, 0xFF, 0xFF, 0xFF, 0xFF, 0xFF,
  0xFF, 0xFF, 0xFF, 0xFC, 0x10, 0x00, 0x00, 0x00, 0x1C, 0xFF, 0xFF, 0xFF, 0xFF, 0xFF, 0xFF, 0xFF,
  0xFF, 0xFF, 0xE3, 0x00, 0x00, 0x00, 0x00, 0x02, 0xBF, 0xFF, 0xFF, 0xFF, 0xFF, 0xFF, 0xFF, 0xFF,
  0xFC, 0x30, 0x00, 0x00, 0x00, 0x00, 0x00, 0x07, 0xDF, 0xFF, 0xFF, 0xFF, 0xFF, 0xFF, 0xFE, 0x81,
  0x00, 0x00, 0x00, 0x00, 0x00, 0x00, 0x00, 0x15, 0x9B, 0xDE, 0xFF, 0xED, 0xB9, 0x51, 0x00, 0x00,
  0x00, 0x00, 0x00, 0x00, 0x00, 0x00, 0x00, 0x00, 0x04, 0xFF, 0x40, 0x00, 0x00, 0x00, 0x00, 0x00,
  0x00, 0x00, 0x00, 0x00, 0x00, 0x00, 0x00, 0x04, 0xFF, 0x40, 0x00, 0x00, 0x00, 0x00, 0x00, 0x00,
  0x00, 0x00, 0x00, 0x00, 0x00, 0x00, 0x04, 0xFF, 0x40, 0x00, 0x00, 0x00, 0x00, 0x00, 0x00, 0x00,
  0x00, 0x00, 0x00, 0x00, 0x00, 0x04, 0xEE, 0x40, 0x00, 0x00, 0x00, 0x00, 0x00, 0x00, 0x00, 0x00,
  0x00, 0x00, 0x00, 0x00, 0x00, 0x11, 0x00, 0x00, 0x00, 0x00, 0x00, 0x00, 0x00, 0x00, 0x00, 0x00,
  0x00, 0x00, 0x01, 0x10, 0x00, 0x00, 0x00, 0x00, 0x00, 0x00, 0x00, 0x00, 0x00, 0x00, 0x00, 0x00,
  0x00, 0x00, 0x00, 0x00, 0x00, 0x00, 0x00, 0x04, 0xAD, 0xED, 0xB7, 0x10, 0x00, 0x00, 0x00, 0x00,
  0x00, 0x00, 0x03, 0x77, 0x75, 0x00, 0x00, 0x00, 0x00, 0x00, 0x00, 0x00, 0x00, 0x09, 0xFF, 0xFF,
  0xFF, 0xFD, 0x40, 0x00, 0x00, 0x00, 0x00, 0x00, 0x01, 0xDF, 0xFF, 0x40, 0x00, 0x00, 0x00, 0x00,
  0x00, 0x00, 0x00, 0x09, 0xFF, 0xFF, 0xFF, 0xFF, 0xFE, 0x30, 0x00, 0x00, 0x00, 0x00, 0x00, 0x8F,
  0xEF, 0x70, 0x00, 0x00, 0x00, 0x00, 0x00, 0x00, 0x00, 0x03, 0xFF, 0xFF, 0xFE, 0xFF, 0xFF, 0xFB,
  0x00, 0x00, 0x00, 0x00, 0x00, 0x4F, 0xFF, 0xC0, 0x00, 0x00, 0x00, 0x00, 0x00, 0x00, 0x00, 0x00,
  0x9F, 0xFF, 0xF7, 0x13, 0xCF, 0xFF, 0xF2, 0x00, 0x00, 0x00, 0x00, 0x1D, 0xFF, 0xE3, 0x00, 0x00,
  0x00, 0x00, 0x00, 0x00, 0x00, 0x00, 0x0C, 0xFF, 0xFB, 0x00, 0x04, 0xFF, 0xFF, 0x60, 0x00, 0x00,
  0x00, 0x08, 0xFF, 0xF7, 0x00, 0x00, 0x00, 0x00, 0x00, 0x00, 0x00, 0x00, 0x01, 0xEF, 0xFF, 0x80,
  0x00, 0x1E, 0xFF, 0xF7, 0x00, 0x00, 0x00, 0x04, 0xFF, 0xFB, 0x00, 0x00, 0x00, 0x00, 0x00, 0x00,
  0x00, 0x00, 0x00, 0x1E, 0xFF, 0xF7, 0x00, 0x01, 0xEF, 0xFF, 0x70, 0x00, 0x00, 0x01, 0xDF, 0xFE,
  0x30, 0x00, 0x00, 0x00, 0x00, 0x00, 0x00, 0x00, 0x00, 0x01, 0xEF, 0xFF, 0x80, 0x00, 0x1E, 0xFF,
  0xF7, 0x00, 0x00, 0x00, 0x9F, 0xFF, 0x70, 0x00, 0x00, 0x00, 0x00, 0x00, 0x00, 0x00, 0x00, 0x00,
  0x1D, 0xFF, 0xF9, 0x01, 0x02, 0xFF, 0xFF, 0x70, 0x00, 0x00, 0x4F, 0xFF, 0xB0, 0x00, 0x00, 0x00,
  0x00, 0x00, 0x00, 0x00, 0x00, 0x00, 0x00, 0xBF, 0xFF, 0xD1, 0x00, 0x7F, 0xFF, 0xF4, 0x00, 0x00,
  0x1D, 0xFF, 0xE2, 0x00, 0x00, 0x00, 0x00, 0x00, 0x00, 0x00, 0x00, 0x00, 0x00, 0x07, 0xFF, 0xFF,
  0xC8, 0x9F, 0xFF, 0xFE, 0x10, 0x00, 0x09, 0xFF, 0xF6, 0x00, 0x00, 0x00, 0x00, 0x00, 0x00, 0x00,
  0x00, 0x00, 0x00, 0x00, 0x1D, 0xFF, 0xFF, 0xFF, 0xFF, 0xFF, 0x70, 0x00, 0x04, 0xFF, 0xFB, 0x00,
  0x00, 0x00, 0x00, 0x00, 0x00, 0x00, 0x00, 0x00, 0x00, 0x00, 0x00, 0x4E, 0xFF, 0xFE, 0xFF, 0xFF,
  0xA0, 0x00, 0x01, 0xDF, 0xFE, 0x20, 0x00, 0x00, 0x00, 0x00, 0x00, 0x00, 0x00, 0x00, 0x00, 0x00,
  0x00, 0x00, 0x3B, 0xFF, 0xFF, 0xFE, 0x70, 0x00, 0x00, 0x9F, 0xFF, 0x60, 0x00, 0x00, 0x00, 0x00,
  0x00, 0x00, 0x00, 0x00, 0x00, 0x00, 0x00, 0x00, 0x00, 0x03, 0x67, 0x75, 0x10, 0x00, 0x00, 0x5F,
  0xFF, 0xB0, 0x00, 0x00, 0x00, 0x00, 0x00, 0x00, 0x00, 0x00, 0x00, 0x00, 0x00, 0x00, 0x00, 0x00,
  0x00, 0x00, 0x00, 0x00, 0x00, 0x1D, 0xFF, 0xE2, 0x00, 0x00, 0x01, 0x57, 0x76, 0x30, 0x00, 0x00,
  0x00, 0x00, 0x00, 0x00, 0x00, 0x00, 0x00, 0x00, 0x00, 0x00, 0x00, 0x0A, 0xFF, 0xF6, 0x00, 0x00,
  0x07, 0xEF, 0xFF, 0xFF, 0xB3, 0x00, 0x00, 0x00, 0x00, 0x00, 0x00, 0x00, 0x00, 0x00, 0x00, 0x00,
  0x00, 0x05, 0xFF, 0xFA, 0x00, 0x00, 0x09, 0xFF, 0xFF, 0xEF, 0xFF, 0xE4, 0x00, 0x00, 0x00, 0x00,
  0x00, 0x00, 0x00, 0x00, 0x00, 0x00, 0x00, 0x01, 0xDF, 0xFE, 0x20, 0x00, 0x06, 0xFF, 0xFF, 0xFF,
  0xFF, 0xFF, 0xD1, 0x00, 0x00, 0x00, 0x00, 0x00, 0x00, 0x00, 0x00, 0x00, 0x00, 0x00, 0xAF, 0xFF,
  0x50, 0x00, 0x01, 0xDF, 0xFF, 0xF9, 0x8C, 0xFF, 0xFF, 0x70, 0x00, 0x00, 0x00, 0x00, 0x00, 0x00,
  0x00, 0x00, 0x00, 0x00, 0x5F, 0xFF, 0xA0, 0x00, 0x00, 0x4F, 0xFF, 0xF8, 0x00, 0x1D, 0xFF, 0xFB,
  0x00, 0x00, 0x00, 0x00, 0x00, 0x00, 0x00, 0x00, 0x00, 0x00, 0x1E, 0xFF, 0xE1, 0x00, 0x00, 0x07,
  0xFF, 0xFF, 0x20, 0x10, 0x9F, 0xFF, 0xD1, 0x00, 0x00, 0x00, 0x00, 0x00, 0x00, 0x00, 0x00, 0x00,
  0x0A, 0xFF, 0xF5, 0x00, 0x00, 0x00, 0x7F, 0xFF, 0xE1, 0x00, 0x08, 0xFF, 0xFE, 0x10, 0x00, 0x00,
  0x00, 0x00, 0x00, 0x00, 0x00, 0x00, 0x05, 0xFF, 0xFA, 0x00, 0x00, 0x00, 0x07, 0xFF, 0xFE, 0x10,
  0x00, 0x7F, 0xFF, 0xE1, 0x00, 0x00, 0x00, 0x00, 0x00, 0x00, 0x00, 0x00, 0x02, 0xEF, 0xFD, 0x10,
  0x00, 0x00, 0x00, 0x7F, 0xFF, 0xE1, 0x00, 0x08, 0xFF, 0xFE, 0x10, 0x00, 0x00, 0x00, 0x00, 0x00,
  0x00, 0x00, 0x00, 0xAF, 0xFF, 0x50, 0x00, 0x00, 0x00, 0x06, 0xFF, 0xFF, 0x40, 0x00, 0xBF, 0xFF,
  0xC0, 0x00, 0x00, 0x00, 0x00, 0x00, 0x00, 0x00, 0x00, 0x6F, 0xFF, 0x90, 0x00, 0x00, 0x00, 0x00,
  0x2F, 0xFF, 0xFC, 0x31, 0x6F, 0xFF, 0xF9, 0x00, 0x00, 0x00, 0x00, 0x00, 0x00, 0x00, 0x00, 0x2E,
  0xFF, 0xD1, 0x00, 0x00, 0x00, 0x00, 0x00, 0xBF, 0xFF, 0xFF, 0xEF, 0xFF, 0xFF, 0x40, 0x00, 0x00,
  0x00, 0x00, 0x00, 0x00, 0x00, 0x0A, 0xFF, 0xF4, 0x00, 0x00, 0x00, 0x00, 0x00, 0x03, 0xEF, 0xFF,
  0xFF, 0xFF, 0xFF, 0x90, 0x00, 0x00, 0x00, 0x00, 0x00, 0x00, 0x00, 0x07, 0xFF, 0xF9, 0x00, 0x00,
  0x00, 0x00, 0x00, 0x00, 0x04, 0xDF, 0xFF, 0xFF, 0xFF, 0x90, 0x00, 0x00, 0x00, 0x00, 0x00, 0x00,
  0x00, 0x00, 0x67, 0x66, 0x10, 0x00, 0x00, 0x00, 0x00, 0x00, 0x00, 0x02, 0x7B, 0xDE, 0xDA, 0x40,
  0x00, 0x00, 0x00, 0x00, 0x00, 0x00, 0x00, 0x00, 0x00, 0x00, 0x00, 0x00, 0x00, 0x00, 0x00, 0x00,
  0x00, 0x00, 0x00, 0x01, 0x10, 0x00, 0x00, 0x00, 0x00, 0x00, 0x00, 0x00, 0x00, 0x00, 0x00, 0x00,
  0x00, 0x00, 0x00, 0x00, 0x00, 0x00, 0x00, 0x00, 0x00, 0x00, 0x00, 0x00, 0x00, 0x02, 0x7A, 0xCC,
  0xCA, 0x61, 0x00, 0x00, 0x00, 0x00, 0x00, 0x00, 0x00, 0x00, 0x00, 0x01, 0x8E, 0xFF, 0xFF, 0xFF,
  0xFE, 0x60, 0x00, 0x00, 0x00, 0x00, 0x00, 0x00, 0x00, 0x00, 0x1B, 0xFF, 0xFF, 0xFF, 0xFF, 0xFF,
  0xF8, 0x00, 0x00, 0x00, 0x00, 0x00, 0x00, 0x00, 0x00, 0xAF, 0xFF, 0xFF, 0xFF, 0xFF, 0xFF, 0xFF,
  0x50, 0x00, 0x00, 0x00, 0x00, 0x00, 0x00, 0x04, 0xFF, 0xFF, 0xFF, 0xFF, 0xFF, 0xFF, 0xFF, 0xD1,
  0x00, 0x00, 0x00, 0x00, 0x00, 0x00, 0x0A, 0xFF, 0xFF, 0xFB, 0x42, 0x3A, 0xFF, 0xFF, 0xF4, 0x00,
  0x00, 0x00, 0x00, 0x00, 0x00, 0x0D, 0xFF, 0xFF, 0xC0, 0x00, 0x00, 0xBF, 0xFF, 0xF7, 0x00, 0x00,
  0x00, 0x00, 0x00, 0x00, 0x1E, 0xFF, 0xFF, 0x80, 0x00, 0x00, 0x8F, 0xFF, 0xF7, 0x00, 0x00, 0x00,
  0x00, 0x00, 0x00, 0x1E, 0xFF, 0xFF, 0x80, 0x00, 0x00, 0xAF, 0xFF, 0xF6, 0x00, 0x00, 0x00, 0x00,
  0x00, 0x00, 0x0C, 0xFF, 0xFF, 0xC0, 0x00, 0x04, 0xFF, 0xFF, 0xF3, 0x00, 0x00, 0x00, 0x00, 0x00,
  0x00, 0x08, 0xFF, 0xFF, 0xF6, 0x00, 0x5E, 0xFF, 0xFF, 0xB0, 0x00, 0x00, 0x00, 0x00, 0x00, 0x00,
  0x02, 0xEF, 0xFF, 0xFE, 0x38, 0xFF, 0xFF, 0xFF, 0x30, 0x00, 0x00, 0x00, 0x00, 0x00, 0x00, 0x00,
  0x8F, 0xFF, 0xFF, 0xFF, 0xFF, 0xFF, 0xF6, 0x00, 0x00, 0x00, 0x00, 0x00, 0x00, 0x00, 0x00, 0x1C,
  0xFF, 0xFF, 0xFF, 0xFF, 0xFF, 0x60, 0x00, 0x00, 0x00, 0x00, 0x00, 0x00, 0x00, 0x00, 0x01, 0xEF,
  0xFF, 0xFF, 0xFF, 0xD4, 0x00, 0x00, 0x00, 0x00, 0x00, 0x00, 0x00, 0x00, 0x00, 0x07, 0xEF, 0xFF,
  0xFF, 0xFD, 0x10, 0x00, 0x00, 0x00, 0x00, 0x00, 0x00, 0x00, 0x00, 0x01, 0xAF, 0xFF, 0xFF, 0xFF,
  0xFE, 0x50, 0x00, 0x01, 0xBB, 0xBB, 0xB1, 0x00, 0x00, 0x00, 0x1C, 0xFF, 0xFF, 0xFF, 0xFF, 0xFF,
  0xF3, 0x00, 0x02, 0xFF, 0xFF, 0xE1, 0x00, 0x00, 0x01, 0xBF, 0xFF, 0xFF, 0xFE, 0xFF, 0xFF, 0xFD,
  0x20, 0x03, 0xFF, 0xFF, 0xD0, 0x00, 0x00, 0x08, 0xFF, 0xFF, 0xFF, 0xA3, 0xDF, 0xFF, 0xFF, 0xC1,
  0x06, 0xFF, 0xFF, 0xB0, 0x00, 0x00, 0x1E, 0xFF, 0xFF, 0xFB, 0x00, 0x3E, 0xFF, 0xFF, 0xFA, 0x0A,
  0xFF, 0xFF, 0x90, 0x00, 0x00, 0x5F, 0xFF, 0xFF, 0xE2, 0x00, 0x04, 0xFF, 0xFF, 0xFF, 0x9E, 0xFF,
  0xFF, 0x60, 0x00, 0x00, 0x7F, 0xFF, 0xFF, 0xC0, 0x00, 0x00, 0x6F, 0xFF, 0xFF, 0xFF, 0xFF, 0xFF,
  0x20, 0x00, 0x00, 0x7F, 0xFF, 0xFF, 0xB0, 0x00, 0x00, 0x08, 0xFF, 0xFF, 0xFF, 0xFF, 0xFB, 0x00,
  0x00, 0x00, 0x6F, 0xFF, 0xFF, 0xE1, 0x00, 0x00, 0x00, 0x9F, 0xFF, 0xFF, 0xFF, 0xF5, 0x00, 0x00,
  0x00, 0x3F, 0xFF, 0xFF, 0xF9, 0x00, 0x00, 0x00, 0x1D, 0xFF, 0xFF, 0xFF, 0xB0, 0x00, 0x00, 0x00,
  0x0C, 0xFF, 0xFF, 0xFF, 0xA4, 0x21, 0x27, 0xCF, 0xFF, 0xFF, 0xFF, 0x90, 0x00, 0x00, 0x00, 0x05,
  0xFF, 0xFF, 0xFF, 0xFF, 0xEE, 0xFF, 0xFF, 0xFF, 0xFF, 0xFF, 0xF6, 0x00, 0x00, 0x00, 0x00, 0x9F,
  0xFF, 0xFF, 0xFF, 0xFF, 0xFF, 0xFF, 0xFF, 0xFF, 0xFF, 0xFF, 0x50, 0x00, 0x00, 0x00, 0x09, 0xFF,
  0xFF, 0xFF, 0xFF, 0xFF, 0xFF, 0xFF, 0xAE, 0xFF, 0xFF, 0xE3, 0x00, 0x00, 0x00, 0x00, 0x5C, 0xFF,
  0xFF, 0xFF, 0xFF, 0xFF, 0xB4, 0x06, 0xFF, 0xFF, 0xFE, 0x30, 0x00, 0x00, 0x00, 0x00, 0x59, 0xBD,
  0xEE, 0xCA, 0x73, 0x00, 0x00, 0x57, 0x77, 0x77, 0x40, 0x00, 0x00, 0x00, 0x00, 0x00, 0x00, 0x11,
  0x00, 0x00, 0x00, 0x00, 0x00, 0x00, 0x00, 0x00, 0x00, 0x00, 0x01, 0x11, 0x11, 0x10, 0x00, 0x00,
  0x00, 0x00, 0x0B, 0xEE, 0xEE, 0xD1, 0x00, 0x00, 0x00, 0x00, 0x0C, 0xFF, 0xFF, 0xE1, 0x00, 0x00,
  0x00, 0x00, 0x0B, 0xFF, 0xFF, 0xE1, 0x00, 0x00, 0x00, 0x00, 0x0A, 0xFF, 0xFF, 0xD0, 0x00, 0x00,
  0x00, 0x00, 0x09, 0xFF, 0xFF, 0xC0, 0x00, 0x00, 0x00, 0x00, 0x09, 0xFF, 0xFF, 0xC0, 0x00, 0x00,
  0x00, 0x00, 0x08, 0xFF, 0xFF, 0xB0, 0x00, 0x00, 0x00, 0x00, 0x07, 0xFF, 0xFF, 0xA0, 0x00, 0x00,
  0x00, 0x00, 0x07, 0xFF, 0xFF, 0xA0, 0x00, 0x00, 0x00, 0x00, 0x06, 0xFF, 0xFF, 0x90, 0x00, 0x00,
  0x00, 0x00, 0x05, 0xFF, 0xFF, 0x80, 0x00, 0x00, 0x00, 0x00, 0x05, 0xFF, 0xFF, 0x80, 0x00, 0x00,
  0x00, 0x00, 0x04, 0xEE, 0xEE, 0x70, 0x00, 0x00, 0x00, 0x00, 0x00, 0x11, 0x11, 0x00, 0x00, 0x00,
  0x00, 0x00, 0x00, 0x00, 0x00, 0x00, 0x00, 0x00, 0x00, 0x00, 0x00, 0x00, 0x00, 0x00, 0x00, 0x00,
  0x00, 0x00, 0x00, 0x00, 0x00, 0x00, 0x00, 0x00, 0x00, 0x00, 0x00, 0x00, 0x00, 0x00, 0x00, 0x00,
  0x00, 0x00, 0x00, 0x00, 0x00, 0x00, 0x00, 0x00, 0x00, 0x00, 0x00, 0x00, 0x00, 0x00, 0x00, 0x00,
  0x00, 0x00, 0x00, 0x00, 0x00, 0x00, 0x00, 0x00, 0x00, 0x00, 0x00, 0x00, 0x00, 0x00, 0x00, 0x00,
  0x00, 0x00, 0x00, 0x00, 0x00, 0x00, 0x00, 0x00, 0x00, 0x00, 0x00, 0x00, 0x00, 0x00, 0x00, 0x00,
  0x00, 0x00, 0x00, 0x00, 0x00, 0x00, 0x00, 0x00, 0x00, 0x00, 0x00, 0x00, 0x00, 0x00, 0x00, 0x00,
  0x00, 0x00, 0x00, 0x00, 0x00, 0x00, 0x00, 0x00, 0x00, 0x00, 0x00, 0x00, 0x00, 0x00, 0x00, 0x00,
  0x00, 0x00, 0x00, 0x00, 0x00, 0x00, 0x00, 0x00, 0x00, 0x00, 0x00, 0x00, 0x00, 0x00, 0x00, 0x00,
  0x00, 0x00, 0x00, 0x00, 0x00, 0x00, 0x00, 0x00, 0x00, 0x00, 0x00, 0x00, 0x00, 0x00, 0x00, 0x00,
  0x00, 0x00, 0x00, 0x00, 0x00, 0x11, 0x11, 0x11, 0x00, 0x00, 0x00, 0x00, 0x00, 0x07, 0xEE, 0xEE,
  0xE4, 0x00, 0x00, 0x00, 0x00, 0x00, 0x2E, 0xFF, 0xFF, 0xD0, 0x00, 0x00, 0x00, 0x00, 0x00, 0x9F,
  0xFF, 0xFF, 0x60, 0x00, 0x00, 0x00, 0x00, 0x02, 0xEF, 0xFF, 0xFE, 0x10, 0x00, 0x00, 0x00, 0x00,
  0x07, 0xFF, 0xFF, 0xFA, 0x00, 0x00, 0x00, 0x00, 0x00, 0x0C, 0xFF, 0xFF, 0xF5, 0x00, 0x00, 0x00,
  0x00, 0x00, 0x3F, 0xFF, 0xFF, 0xE1, 0x00, 0x00, 0x00, 0x00, 0x00, 0x7F, 0xFF, 0xFF, 0xA0, 0x00,
  0x00, 0x00, 0x00, 0x00, 0xBF, 0xFF, 0xFF, 0x70, 0x00, 0x00, 0x00, 0x00, 0x02, 0xEF, 0xFF, 0xFF,
  0x30, 0x00, 0x00, 0x00, 0x00, 0x05, 0xFF, 0xFF, 0xFD, 0x00, 0x00, 0x00, 0x00, 0x00, 0x08, 0xFF,
  0xFF, 0xFA, 0x00, 0x00, 0x00, 0x00, 0x00, 0x0B, 0xFF, 0xFF, 0xF8, 0x00, 0x00, 0x00, 0x00, 0x00,
  0x0D, 0xFF, 0xFF, 0xF5, 0x00, 0x00, 0x00, 0x00, 0x00, 0x2F, 0xFF, 0xFF, 0xF3, 0x00, 0x00, 0x00,
  0x00, 0x00, 0x4F, 0xFF, 0xFF, 0xE1, 0x00, 0x00, 0x00, 0x00, 0x00, 0x5F, 0xFF, 0xFF, 0xD0, 0x00,
  0x00, 0x00, 0x00, 0x00, 0x6F, 0xFF, 0xFF, 0xC0, 0x00, 0x00, 0x00, 0x00, 0x00, 0x7F, 0xFF, 0xFF,
  0xB0, 0x00, 0x00, 0x00, 0x00, 0x00, 0x7F, 0xFF, 0xFF, 0xB0, 0x00, 0x00, 0x00, 0x00, 0x00, 0x7F,
  0xFF, 0xFF, 0xB0, 0x00, 0x00, 0x00, 0x00, 0x00, 0x7F, 0xFF, 0xFF, 0xC0, 0x00, 0x00, 0x00, 0x00,
  0x00, 0x6F, 0xFF, 0xFF, 0xD0, 0x00, 0x00, 0x00, 0x00, 0x00, 0x5F, 0xFF, 0xFF, 0xE1, 0x00, 0x00,
  0x00, 0x00, 0x00, 0x3F, 0xFF, 0xFF, 0xF2, 0x00, 0x00, 0x00, 0x00, 0x00, 0x1E, 0xFF, 0xFF, 0xF5,
  0x00, 0x00, 0x00, 0x00, 0x00, 0x0C, 0xFF, 0xFF, 0xF7, 0x00, 0x00, 0x00, 0x00, 0x00, 0x08, 0xFF,
  0xFF, 0xFA, 0x00, 0x00, 0x00, 0x00, 0x00, 0x05, 0xFF, 0xFF, 0xFE, 0x10, 0x00, 0x00, 0x00, 0x00,
  0x01, 0xEF, 0xFF, 0xFF, 0x40, 0x00, 0x00, 0x00, 0x00, 0x00, 0xAF, 0xFF, 0xFF, 0x90, 0x00, 0x00,
  0x00, 0x00, 0x00, 0x6F, 0xFF, 0xFF, 0xD0, 0x00, 0x00, 0x00, 0x00, 0x00, 0x1E, 0xFF, 0xFF, 0xF4,
  0x00, 0x00, 0x00, 0x00, 0x00, 0x08, 0xFF, 0xFF, 0xF9, 0x00, 0x00, 0x00, 0x00, 0x00, 0x02, 0xEF,
  0xFF, 0xFE, 0x10, 0x00, 0x00, 0x00, 0x00, 0x00, 0x9F, 0xFF, 0xFF, 0x60, 0x00, 0x00, 0x00, 0x00,
  0x00, 0x2E, 0xFF, 0xFF, 0xC0, 0x00, 0x00, 0x00, 0x00, 0x00, 0x07, 0xEE, 0xEE, 0xE4, 0x00, 0x00,
  0x00, 0x00, 0x00, 0x00, 0x11, 0x11, 0x11, 0x00, 0x00, 0x11, 0x11, 0x11, 0x00, 0x00, 0x00, 0x00,
  0x00, 0x00, 0x6E, 0xEE, 0xEE, 0x70, 0x00, 0x00, 0x00, 0x00, 0x00, 0x1E, 0xFF, 0xFF, 0xE2, 0x00,
  0x00, 0x00, 0x00, 0x00, 0x08, 0xFF, 0xFF, 0xF9, 0x00, 0x00, 0x00, 0x00, 0x00, 0x03, 0xFF, 0xFF,
  0xFE, 0x20, 0x00, 0x00, 0x00, 0x00, 0x00, 0xCF, 0xFF, 0xFF, 0x80, 0x00, 0x00, 0x00, 0x00, 0x00,
  0x7F, 0xFF, 0xFF, 0xD1, 0x00, 0x00, 0x00, 0x00, 0x00, 0x2E, 0xFF, 0xFF, 0xF4, 0x00, 0x00, 0x00,
  0x00, 0x00, 0x0C, 0xFF, 0xFF, 0xF9, 0x00, 0x00, 0x00, 0x00, 0x00, 0x08, 0xFF, 0xFF, 0xFD, 0x10,
  0x00, 0x00, 0x00, 0x00, 0x04, 0xFF, 0xFF, 0xFF, 0x30, 0x00, 0x00, 0x00, 0x00, 0x01, 0xEF, 0xFF,
  0xFF, 0x60, 0x00, 0x00, 0x00, 0x00, 0x00, 0xCF, 0xFF, 0xFF, 0xA0, 0x00, 0x00, 0x00, 0x00, 0x00,
  0x9F, 0xFF, 0xFF, 0xD0, 0x00, 0x00, 0x00, 0x00, 0x00, 0x6F, 0xFF, 0xFF, 0xE2, 0x00, 0x00, 0x00,
  0x00, 0x00, 0x4F, 0xFF, 0xFF, 0xF4, 0x00, 0x00, 0x00, 0x00, 0x00, 0x2E, 0xFF, 0xFF, 0xF5, 0x00,
  0x00, 0x00, 0x00, 0x00, 0x1D, 0xFF, 0xFF, 0xF7, 0x00, 0x00, 0x00, 0x00, 0x00, 0x0D, 0xFF, 0xFF,
  0xF8, 0x00, 0x00, 0x00, 0x00, 0x00, 0x0C, 0xFF, 0xFF, 0xF9, 0x00, 0x00, 0x00, 0x00, 0x00, 0x0C,
  0xFF, 0xFF, 0xF9, 0x00, 0x00, 0x00, 0x00, 0x00, 0x0C, 0xFF, 0xFF, 0xF9, 0x00, 0x00, 0x00, 0x00,
  0x00, 0x0D, 0xFF, 0xFF, 0xF8, 0x00, 0x00, 0x00, 0x00, 0x00, 0x1D, 0xFF, 0xFF, 0xF8, 0x00, 0x00,
  0x00, 0x00, 0x00, 0x2E, 0xFF, 0xFF, 0xF6, 0x00, 0x00, 0x00, 0x00, 0x00, 0x3F, 0xFF, 0xFF, 0xF4,
  0x00, 0x00, 0x00, 0x00, 0x00, 0x5F, 0xFF, 0xFF, 0xE2, 0x00, 0x00, 0x00, 0x00, 0x00, 0x8F, 0xFF,
  0xFF, 0xD0, 0x00, 0x00, 0x00, 0x00, 0x00, 0xCF, 0xFF, 0xFF, 0xA0, 0x00, 0x00, 0x00, 0x00, 0x02,
  0xEF, 0xFF, 0xFF, 0x60, 0x00, 0x00, 0x00, 0x00, 0x05, 0xFF, 0xFF, 0xFF, 0x30, 0x00, 0x00, 0x00,
  0x00, 0x0A, 0xFF, 0xFF, 0xFC, 0x00, 0x00, 0x00, 0x00, 0x00, 0x1E, 0xFF, 0xFF, 0xF6, 0x00, 0x00,
  0x00, 0x00, 0x00, 0x6F, 0xFF, 0xFF, 0xE1, 0x00, 0x00, 0x00, 0x00, 0x00, 0xBF, 0xFF, 0xFF, 0x90,
  0x00, 0x00, 0x00, 0x00, 0x03, 0xFF, 0xFF, 0xFE, 0x30, 0x00, 0x00, 0x00, 0x00, 0x08, 0xFF, 0xFF,
  0xF9, 0x00, 0x00, 0x00, 0x00, 0x00, 0x1E, 0xFF, 0xFF, 0xE2, 0x00, 0x00, 0x00, 0x00, 0x00, 0x6E,
  0xEE, 0xEE, 0x70, 0x00, 0x00, 0x00, 0x00, 0x00, 0x11, 0x11, 0x11, 0x00, 0x00, 0x00, 0x00, 0x00,
  0x00, 0x00, 0x00, 0x00, 0x00, 0x01, 0x11, 0x10, 0x00, 0x00, 0x00, 0x00, 0x00, 0x00, 0x00, 0x00,
  0x00, 0x00, 0x0B, 0xEE, 0xB0, 0x00, 0x00, 0x00, 0x00, 0x00, 0x00, 0x00, 0x00, 0x00, 0x00, 0x0C,
  0xFF, 0xC0, 0x00, 0x00, 0x00, 0x00, 0x00, 0x00, 0x00, 0x00, 0x20, 0x00, 0x0C, 0xFF, 0xC0, 0x00,
  0x02, 0x00, 0x00, 0x00, 0x00, 0x00, 0x02, 0xEA, 0x10, 0x0C, 0xFF, 0xC0, 0x01, 0xAE, 0x20, 0x00,
  0x00, 0x00, 0x00, 0x09, 0xFF, 0xD5, 0x0C, 0xFF, 0xC0, 0x4D, 0xFF, 0x90, 0x00, 0x00, 0x00, 0x00,
  0x4F, 0xFF, 0xFF, 0x8C, 0xFF, 0xC8, 0xFF, 0xFF, 0xF4, 0x00, 0x00, 0x00, 0x00, 0x3A, 0xFF, 0xFF,
  0xFF, 0xFF, 0xFF, 0xFF, 0xFF, 0xA3, 0x00, 0x00, 0x00, 0x00, 0x00, 0x3A, 0xFF, 0xFF, 0xFF, 0xFF,
  0xFF, 0xA3, 0x00, 0x00, 0x00, 0x00, 0x00, 0x00, 0x00, 0x2B, 0xFF, 0xFF, 0xFF, 0xB2, 0x00, 0x00,
  0x00, 0x00, 0x00, 0x00, 0x00, 0x03, 0x8E, 0xFF, 0xFF, 0xFF, 0xE8, 0x30, 0x00, 0x00, 0x00, 0x00,
  0x00, 0x03, 0x9F, 0xFF, 0xFF, 0xFF, 0xFF, 0xFF, 0xF9, 0x30, 0x00, 0x00, 0x00, 0x00, 0x5F, 0xFF,
  0xFF, 0xDE, 0xFF, 0xED, 0xFF, 0xFF, 0xF5, 0x00, 0x00, 0x00, 0x00, 0x1D, 0xFF, 0xFB, 0x2B, 0xFF,
  0xB2, 0xBF, 0xFF, 0xD1, 0x00, 0x00, 0x00, 0x00, 0x05, 0xFF, 0x70, 0x0C, 0xFF, 0xC0, 0x07, 0xEF,
  0x50, 0x00, 0x00, 0x00, 0x00, 0x00, 0x94, 0x00, 0x0C, 0xFF, 0xC0, 0x00, 0x49, 0x00, 0x00, 0x00,
  0x00, 0x00, 0x00, 0x00, 0x00, 0x0B, 0xFF, 0xB0, 0x00, 0x00, 0x00, 0x00, 0x00, 0x00, 0x00, 0x00,
  0x00, 0x00, 0x0D, 0xFF, 0xD0, 0x00, 0x00, 0x00, 0x00, 0x00, 0x00, 0x00, 0x00, 0x00, 0x00, 0x06,
  0x77, 0x60, 0x00, 0x00, 0x00, 0x00, 0x00, 0x00, 0x00, 0x00, 0x00, 0x00, 0x00, 0x00, 0x00, 0x00,
  0x00, 0x00, 0x00, 0x00, 0x00, 0x00, 0x00, 0x00, 0x00, 0x00, 0x00, 0x00, 0x00, 0x00, 0x00, 0x00,
  0x00, 0x00, 0x00, 0x00, 0x00, 0x00, 0x00, 0x00, 0x00, 0x00, 0x00, 0x00, 0x00, 0x00, 0x00, 0x00,
  0x00, 0x00, 0x00, 0x00, 0x00, 0x00, 0x00, 0x00, 0x00, 0x00, 0x00, 0x00, 0x00, 0x00, 0x00, 0x00,
  0x00, 0x00, 0x00, 0x00, 0x00, 0x00, 0x00, 0x00, 0x00, 0x00, 0x00, 0x00, 0x00, 0x00, 0x00, 0x00,
  0x00, 0x00, 0x00, 0x00, 0x00, 0x00, 0x00, 0x00, 0x00, 0x00, 0x00, 0x00, 0x00, 0x00, 0x00, 0x00,
  0x00, 0x00, 0x00, 0x00, 0x00, 0x00, 0x00, 0x00, 0x00, 0x00, 0x00, 0x00, 0x00, 0x00, 0x00, 0x00,
  0x00, 0x00, 0x00, 0x00, 0x00, 0x00, 0x00, 0x00, 0x00, 0x00, 0x00, 0x00, 0x00, 0x00, 0x00, 0x00,
  0x00, 0x00, 0x00, 0x00, 0x00, 0x00, 0x00, 0x00, 0x00, 0x00, 0x00, 0x00, 0x00, 0x00, 0x00, 0x00,
  0x00, 0x00, 0x00, 0x00, 0x00, 0x00, 0x00, 0x00, 0x00, 0x00, 0x00, 0x00, 0x00, 0x00, 0x00, 0x00,
  0x00, 0x00, 0x00, 0x00, 0x00, 0x00, 0x00, 0x00, 0x00, 0x00, 0x00, 0x00, 0x00, 0x00, 0x00, 0x00,
  0x00, 0x00, 0x00, 0x00, 0x00, 0x00, 0x00, 0x00, 0x00, 0x00, 0x00, 0x00, 0x00, 0x00, 0x00, 0x00,
  0x00, 0x00, 0x00, 0x01, 0x11, 0x10, 0x00, 0x00, 0x00, 0x00, 0x00, 0x00, 0x00, 0x00, 0x00, 0x00,
  0x00, 0x00, 0x7E, 0xEE, 0xE7, 0x00, 0x00, 0x00, 0x00, 0x00, 0x00, 0x00, 0x00, 0x00, 0x00, 0x00,
  0x00, 0x8F, 0xFF, 0xF8, 0x00, 0x00, 0x00, 0x00, 0x00, 0x00, 0x00, 0x00, 0x00, 0x00, 0x00, 0x00,
  0x7F, 0xFF, 0xF7, 0x00, 0x00, 0x00, 0x00, 0x00, 0x00, 0x00, 0x00, 0x00, 0x00, 0x00, 0x00, 0x7F,
  0xFF, 0xF7, 0x00, 0x00, 0x00, 0x00, 0x00, 0x00, 0x00, 0x00, 0x00, 0x00, 0x00, 0x00, 0x7F, 0xFF,
  0xF7, 0x00, 0x00, 0x00, 0x00, 0x00, 0x00, 0x00, 0x00, 0x00, 0x00, 0x00, 0x00, 0x7F, 0xFF, 0xF7,
  0x00, 0x00, 0x00, 0x00, 0x00, 0x00, 0x00, 0x00, 0x00, 0x00, 0x00, 0x10, 0x8F, 0xFF, 0xF8, 0x01,
  0x00, 0x00, 0x00, 0x00, 0x00, 0x00, 0x00, 0x00, 0x00, 0x00, 0x00, 0x7F, 0xFF, 0xF7, 0x00, 0x00,
  0x00, 0x00, 0x00, 0x00, 0x00, 0x00, 0x47, 0x77, 0x77, 0x87, 0xBF, 0xFF, 0xFB, 0x78, 0x77, 0x77,
  0x74, 0x00, 0x00, 0x00, 0x00, 0x8F, 0xFF, 0xFF, 0xFF, 0xFF, 0xFF, 0xFF, 0xFF, 0xFF, 0xFF, 0xF8,
  0x00, 0x00, 0x00, 0x00, 0x7F, 0xEF, 0xFF, 0xFF, 0xFF, 0xFF, 0xFF, 0xFF, 0xFF, 0xFE, 0xF7, 0x00,
  0x00, 0x00, 0x00, 0x7F, 0xFF, 0xFF, 0xFF, 0xFF, 0xFF, 0xFF, 0xFF, 0xFF, 0xFF, 0xF7, 0x00, 0x00,
  0x00, 0x00, 0x8F, 0xFF, 0xFF, 0xFF, 0xFF, 0xFF, 0xFF, 0xFF, 0xFF, 0xFF, 0xF8, 0x00, 0x00, 0x00,
  0x00, 0x37, 0x66, 0x66, 0x66, 0xBF, 0xFF, 0xFB, 0x66, 0x66, 0x66, 0x73, 0x00, 0x00, 0x00, 0x00,
  0x00, 0x00, 0x00, 0x00, 0x7F, 0xFF, 0xF7, 0x00, 0x00, 0x00, 0x00, 0x00, 0x00, 0x00, 0x00, 0x00,
  0x00, 0x00, 0x10, 0x8F, 0xFF, 0xF8, 0x01, 0x00, 0x00, 0x00, 0x00, 0x00, 0x00, 0x00, 0x00, 0x00,
  0x00, 0x00, 0x7F, 0xFF, 0xF7, 0x00, 0x00, 0x00, 0x00, 0x00, 0x00, 0x00, 0x00, 0x00, 0x00, 0x00,
  0x00, 0x7F, 0xFF, 0xF7, 0x00, 0x00, 0x00, 0x00, 0x00, 0x00, 0x00, 0x00, 0x00, 0x00, 0x00, 0x00,
  0x7F, 0xFF, 0xF7, 0x00, 0x00, 0x00, 0x00, 0x00, 0x00, 0x00, 0x00, 0x00, 0x00, 0x00, 0x00, 0x7F,
  0xEE, 0xF7, 0x00, 0x00, 0x00, 0x00, 0x00, 0x00, 0x00, 0x00, 0x00, 0x00, 0x00, 0x00, 0x8F, 0xFF,
  0xF8, 0x00, 0x00, 0x00, 0x00, 0x00, 0x00, 0x00, 0x00, 0x00, 0x00, 0x00, 0x00, 0x48, 0x77, 0x84,
  0x00, 0x00, 0x00, 0x00, 0x00, 0x00, 0x00, 0x00, 0x00, 0x00, 0x00, 0x00, 0x00, 0x00, 0x00, 0x00,
  0x00, 0x00, 0x00, 0x00, 0x00, 0x00, 0x00, 0x00, 0x00, 0x00, 0x00, 0x00, 0x00, 0x00, 0x00, 0x00,
  0x00, 0x00, 0x00, 0x00, 0x00, 0x00, 0x01, 0x11, 0x11, 0x10, 0x00, 0x00, 0x00, 0x00, 0x0B, 0xEE,
  0xEE, 0xE4, 0x00, 0x00, 0x00, 0x00, 0x1E, 0xFF, 0xFF, 0xE1, 0x00, 0x00, 0x00, 0x00, 0x2F, 0xFF,
  0xFF, 0xA0, 0x00, 0x00, 0x00, 0x00, 0x4F, 0xFF, 0xFF, 0x60, 0x00, 0x00, 0x00, 0x00, 0x6F, 0xFF,
  0xFF, 0x20, 0x00, 0x00, 0x00, 0x00, 0x8F, 0xFF, 0xFC, 0x00, 0x00, 0x00, 0x00, 0x00, 0xAF, 0xFF,
  0xF8, 0x00, 0x00, 0x00, 0x00, 0x00, 0xCF, 0xFF, 0xF4, 0x00, 0x00, 0x00, 0x00, 0x01, 0xDF, 0xFF,
  0xD1, 0x00, 0x00, 0x00, 0x00, 0x02, 0xFF, 0xFF, 0x90, 0x00, 0x00, 0x00, 0x00, 0x04, 0xFF, 0xFF,
  0x50, 0x00, 0x00, 0x00, 0x00, 0x06, 0xFF, 0xFF, 0x20, 0x00, 0x00, 0x00, 0x00, 0x07, 0xEE, 0xEA,
  0x00, 0x00, 0x00, 0x00, 0x00, 0x01, 0x11, 0x10, 0x00, 0x00, 0x00, 0x00, 0x00, 0x00, 0x00, 0x00,
  0x00, 0x00, 0x00, 0x00, 0x00, 0x00, 0x00, 0x00, 0x01, 0xCD, 0xDD, 0xDD, 0xDD, 0xDD, 0xDD, 0xDC,
  0x10, 0x00, 0x00, 0x01, 0xFF, 0xFF, 0xFF, 0xFF, 0xFF, 0xFF, 0xFF, 0x10, 0x00, 0x00, 0x01, 0xEF,
  0xFF, 0xFF, 0xFF, 0xFF, 0xFF, 0xFE, 0x10, 0x00, 0x00, 0x01, 0xEF, 0xFF, 0xFF, 0xFF, 0xFF, 0xFF,
  0xFE, 0x10, 0x00, 0x00, 0x01, 0xDE, 0xEE, 0xEE, 0xEE, 0xEE, 0xEE, 0xED, 0x10, 0x00, 0x00, 0x00,
  0x11, 0x11, 0x11, 0x11, 0x11, 0x11, 0x11, 0x00, 0x00, 0x00, 0x00, 0x00, 0x00, 0x00, 0x00, 0x00,
  0x00, 0x00, 0x00, 0x00, 0x00, 0x00, 0x00, 0x00, 0x00, 0x00, 0x00, 0x00, 0x00, 0x00, 0x00, 0x00,
  0x00, 0x00, 0x00, 0x00, 0x00, 0x00, 0x00, 0x00, 0x00, 0x00, 0x00, 0x00, 0x00, 0x00, 0x00, 0x00,
  0x00, 0x00, 0x00, 0x00, 0x00, 0x00, 0x00, 0x00, 0x00, 0x00, 0x00, 0x00, 0x00, 0x00, 0x00, 0x00,
  0x00, 0x00, 0x00, 0x00, 0x00, 0x00, 0x00, 0x00, 0x00, 0x00, 0x00, 0x00, 0x00, 0x00, 0x00, 0x00,
  0x00, 0x00, 0x00, 0x00, 0x00, 0x00, 0x00, 0x00, 0x00, 0x00, 0x00, 0x00, 0x00, 0x00, 0x00, 0x00,
  0x00, 0x00, 0x00, 0x00, 0x00, 0x00, 0x00, 0x00, 0x00, 0x00, 0x00, 0x00, 0x00, 0x00, 0x00, 0x00,
  0x00, 0x00, 0x00, 0x00, 0x00, 0x00, 0x00, 0x00, 0x00, 0x00, 0x00, 0x00, 0x00, 0x00, 0x00, 0x00,
  0x00, 0x00, 0x00, 0x00, 0x00, 0x00, 0x00, 0x00, 0x00, 0x00, 0x00, 0x00, 0x00, 0x00, 0x00, 0x00,
  0x00, 0x00, 0x00, 0x00, 0x00, 0x00, 0x00, 0x00, 0x00, 0x00, 0x00, 0x00, 0x00, 0x00, 0x00, 0x00,
  0x00, 0x00, 0x00, 0x00, 0x00, 0x00, 0x00, 0x00, 0x00, 0x00, 0x00, 0x00, 0x00, 0x00, 0x00, 0x00,
  0x00, 0x00, 0x00, 0x00, 0x00, 0x00, 0x00, 0x00, 0x00, 0x00, 0x01, 0x10, 0x00, 0x00, 0x00, 0x00,
  0x00, 0x02, 0x9D, 0xD9, 0x20, 0x00, 0x00, 0x00, 0x00, 0x1C, 0xFF, 0xFF, 0xC1, 0x00, 0x00, 0x00,
  0x00, 0x5F, 0xFF, 0xFF, 0xF5, 0x00, 0x00, 0x00, 0x00, 0x7F, 0xFF, 0xFF, 0xF7, 0x00, 0x00, 0x00,
  0x00, 0x5F, 0xFF, 0xFF, 0xF5, 0x00, 0x00, 0x00, 0x00, 0x1C, 0xFF, 0xFF, 0xC1, 0x00, 0x00, 0x00,
  0x00, 0x02, 0x9D, 0xD9, 0x20, 0x00, 0x00, 0x00, 0x00, 0x00, 0x01, 0x10, 0x00, 0x00, 0x00, 0x00,
  0x00, 0x00, 0x00, 0x00, 0x01, 0x11, 0x11, 0x00, 0x00, 0x00, 0x00, 0x00, 0x00, 0x1D, 0xEE, 0xEE,
  0x30, 0x00, 0x00, 0x00, 0x00, 0x00, 0x4F, 0xFF, 0xFD, 0x10, 0x00, 0x00, 0x00, 0x00, 0x00, 0x8F,
  0xFF, 0xFA, 0x00, 0x00, 0x00, 0x00, 0x00, 0x00, 0xCF, 0xFF, 0xF6, 0x00, 0x00, 0x00, 0x00, 0x00,
  0x02, 0xEF, 0xFF, 0xF2, 0x00, 0x00, 0x00, 0x00, 0x00, 0x05, 0xFF, 0xFF, 0xC0, 0x00, 0x00, 0x00,
  0x00, 0x00, 0x09, 0xFF, 0xFF, 0x90, 0x00, 0x00, 0x00, 0x00, 0x00, 0x0C, 0xFF, 0xFF, 0x50, 0x00,
  0x00, 0x00, 0x00, 0x00, 0x2E, 0xFF, 0xFF, 0x20, 0x00, 0x00, 0x00, 0x00, 0x00, 0x5F, 0xFF, 0xFC,
  0x00, 0x00, 0x00, 0x00, 0x00, 0x00, 0x9F, 0xFF, 0xF9, 0x00, 0x00, 0x00, 0x00, 0x00, 0x00, 0xCF,
  0xFF, 0xF5, 0x00, 0x00, 0x00, 0x00, 0x00, 0x02, 0xFF, 0xFF, 0xE2, 0x00, 0x00, 0x00, 0x00, 0x00,
  0x06, 0xFF, 0xFF, 0xC0, 0x00, 0x00, 0x00, 0x00, 0x00, 0x0A, 0xFF, 0xFF, 0x80, 0x00, 0x00, 0x00,
  0x00, 0x00, 0x1D, 0xFF, 0xFF, 0x40, 0x00, 0x00, 0x00, 0x00, 0x00, 0x3F, 0xFF, 0xFE, 0x10, 0x00,
  0x00, 0x00, 0x00, 0x00, 0x6F, 0xFF, 0xFB, 0x00, 0x00, 0x00, 0x00, 0x00, 0x00, 0xAF, 0xFF, 0xF8,
  0x00, 0x00, 0x00, 0x00, 0x00, 0x01, 0xDF, 0xFF, 0xF4, 0x00, 0x00, 0x00, 0x00, 0x00, 0x03, 0xFF,
  0xFF, 0xE1, 0x00, 0x00, 0x00, 0x00, 0x00, 0x07, 0xFF, 0xFF, 0xB0, 0x00, 0x00, 0x00, 0x00, 0x00,
  0x0A, 0xFF, 0xFF, 0x70, 0x00, 0x00, 0x00, 0x00, 0x00, 0x1D, 0xFF, 0xFF, 0x30, 0x00, 0x00, 0x00,
  0x00, 0x00, 0x4F, 0xFF, 0xFD, 0x10, 0x00, 0x00, 0x00, 0x00, 0x00, 0x7F, 0xFF, 0xFA, 0x00, 0x00,
  0x00, 0x00, 0x00, 0x00, 0xBF, 0xFF, 0xF7, 0x00, 0x00, 0x00, 0x00, 0x00, 0x01, 0xEF, 0xFF, 0xF3,
  0x00, 0x00, 0x00, 0x00, 0x00, 0x04, 0xFF, 0xFF, 0xD1, 0x00, 0x00, 0x00, 0x00, 0x00, 0x08, 0xFF,
  0xFF, 0xA0, 0x00, 0x00, 0x00, 0x00, 0x00, 0x0B, 0xFF, 0xFF, 0x60, 0x00, 0x00, 0x00, 0x00, 0x00,
  0x1E, 0xFF, 0xFF, 0x30, 0x00, 0x00, 0x00, 0x00, 0x00, 0x5F, 0xFF, 0xFD, 0x00, 0x00, 0x00, 0x00,
  0x00, 0x00, 0x8F, 0xFF, 0xF9, 0x00, 0x00, 0x00, 0x00, 0x00, 0x00, 0xCF, 0xFF, 0xF5, 0x00, 0x00,
  0x00, 0x00, 0x00, 0x02, 0xFF, 0xFF, 0xF2, 0x00, 0x00, 0x00, 0x00, 0x00, 0x05, 0xEE, 0xEE, 0xB0,
  0x00, 0x00, 0x00, 0x00, 0x00, 0x01, 0x11, 0x11, 0x10, 0x00, 0x00, 0x00, 0x00, 0x00, 0x00, 0x00,
  0x00, 0x00, 0x00, 0x00, 0x00, 0x11, 0x00, 0x00, 0x00, 0x00, 0x00, 0x00, 0x00, 0x00, 0x00, 0x00,
  0x00, 0x00, 0x37, 0xAD, 0xDD, 0xCA, 0x73, 0x00, 0x00, 0x00, 0x00, 0x00, 0x00, 0x00, 0x00, 0x00,
  0x2A, 0xFF, 0xFF, 0xFF, 0xFF, 0xFF, 0xA2, 0x00, 0x00, 0x00, 0x00, 0x00, 0x00, 0x00, 0x04, 0xEF,
  0xFF, 0xFF, 0xFF, 0xFF, 0xFF, 0xFD, 0x40, 0x00, 0x00, 0x00, 0x00, 0x00, 0x00, 0x4F, 0xFF, 0xFF,
  0xFF, 0xFF, 0xFF, 0xFF, 0xFF, 0xE4, 0x00, 0x00, 0x00, 0x00, 0x00, 0x02, 0xEF, 0xFF, 0xFF, 0xFF,
  0xFF, 0xFF, 0xFF, 0xFF, 0xFE, 0x20, 0x00, 0x00, 0x00, 0x00, 0x0A, 0xFF, 0xFF, 0xFF, 0xC5, 0x22,
  0x6C, 0xFF, 0xFF, 0xFF, 0xA0, 0x00, 0x00, 0x00, 0x00, 0x3F, 0xFF, 0xFF, 0xFA, 0x00, 0x00, 0x00,
  0xAF, 0xFF, 0xFF, 0xF3, 0x00, 0x00, 0x00, 0x00, 0x9F, 0xFF, 0xFF, 0xC1, 0x00, 0x00, 0x00, 0x1C,
  0xFF, 0xFF, 0xF9, 0x00, 0x00, 0x00, 0x01, 0xEF, 0xFF, 0xFF, 0x50, 0x00, 0x00, 0x00, 0x05, 0xFF,
  0xFF, 0xFE, 0x10, 0x00, 0x00, 0x05, 0xFF, 0xFF, 0xFD, 0x10, 0x00, 0x00, 0x00, 0x01, 0xDF, 0xFF,
  0xFF, 0x40, 0x00, 0x00, 0x08, 0xFF, 0xFF, 0xFA, 0x00, 0x00, 0x00, 0x00, 0x00, 0xAF, 0xFF, 0xFF,
  0x80, 0x00, 0x00, 0x0A, 0xFF, 0xFF, 0xF7, 0x00, 0x00, 0x00, 0x00, 0x00, 0x7F, 0xFF, 0xFF, 0xA0,
  0x00, 0x00, 0x0C, 0xFF, 0xFF, 0xF5, 0x00, 0x00, 0x00, 0x00, 0x00, 0x5F, 0xFF, 0xFF, 0xC0, 0x00,
  0x00, 0x1D, 0xFF, 0xFF, 0xF4, 0x00, 0x00, 0x00, 0x00, 0x00, 0x4F, 0xFF, 0xFF, 0xD1, 0x00, 0x00,
  0x1E, 0xFF, 0xFF, 0xF3, 0x00, 0x00, 0x00, 0x00, 0x00, 0x3F, 0xFF, 0xFF, 0xE1, 0x00, 0x00, 0x1E,
  0xFF, 0xFF, 0xE3, 0x00, 0x00, 0x00, 0x00, 0x00, 0x3E, 0xFF, 0xFF, 0xE1, 0x00, 0x00, 0x1E, 0xFF,
  0xFF, 0xF3, 0x00, 0x00, 0x00, 0x00, 0x00, 0x3F, 0xFF, 0xFF, 0xE1, 0x00, 0x00, 0x1E, 0xFF, 0xFF,
  0xF3, 0x00, 0x00, 0x00, 0x00, 0x00, 0x3F, 0xFF, 0xFF, 0xE1, 0x00, 0x00, 0x1D, 0xFF, 0xFF, 0xF4,
  0x00, 0x00, 0x00, 0x00, 0x00, 0x4F, 0xFF, 0xFF, 0xD1, 0x00, 0x00, 0x0C, 0xFF, 0xFF, 0xF5, 0x00,
  0x00, 0x00, 0x00, 0x00, 0x5F, 0xFF, 0xFF, 0xC0, 0x00, 0x00, 0x0A, 0xFF, 0xFF, 0xF8, 0x00, 0x00,
  0x00, 0x00, 0x00, 0x8F, 0xFF, 0xFF, 0xA0, 0x00, 0x00, 0x08, 0xFF, 0xFF, 0xFC, 0x00, 0x00, 0x00,
  0x00, 0x00, 0xCF, 0xFF, 0xFF, 0x80, 0x00, 0x00, 0x05, 0xFF, 0xFF, 0xFE, 0x20, 0x00, 0x00, 0x00,
  0x03, 0xFF, 0xFF, 0xFF, 0x50, 0x00, 0x00, 0x01, 0xEF, 0xFF, 0xFF, 0x90, 0x00, 0x00, 0x00, 0x09,
  0xFF, 0xFF, 0xFE, 0x10, 0x00, 0x00, 0x00, 0xAF, 0xFF, 0xFF, 0xF4, 0x00, 0x00, 0x00, 0x4F, 0xFF,
  0xFF, 0xFA, 0x00, 0x00, 0x00, 0x00, 0x3F, 0xFF, 0xFF, 0xFE, 0x50, 0x00, 0x05, 0xEF, 0xFF, 0xFF,
  0xF4, 0x00, 0x00, 0x00, 0x00, 0x0A, 0xFF, 0xFF, 0xFF, 0xFC, 0x99, 0xCF, 0xFF, 0xFF, 0xFF, 0xA0,
  0x00, 0x00, 0x00, 0x00, 0x02, 0xEF, 0xFF, 0xFF, 0xFF, 0xFF, 0xFF, 0xFF, 0xFF, 0xFE, 0x20, 0x00,
  0x00, 0x00, 0x00, 0x00, 0x4F, 0xFF, 0xFF, 0xFF, 0xFF, 0xFF, 0xFF, 0xFF, 0xF4, 0x00, 0x00, 0x00,
  0x00, 0x00, 0x00, 0x04, 0xEF, 0xFF, 0xFF, 0xFF, 0xFF, 0xFF, 0xFE, 0x50, 0x00, 0x00, 0x00, 0x00,
  0x00, 0x00, 0x00, 0x2A, 0xFF, 0xFF, 0xFF, 0xFF, 0xFF, 0xA2, 0x00, 0x00, 0x00, 0x00, 0x00, 0x00,
  0x00, 0x00, 0x00, 0x37, 0xAD, 0xED, 0xDA, 0x73, 0x00, 0x00, 0x00, 0x00, 0x00, 0x00, 0x00, 0x00,
  0x00, 0x00, 0x00, 0x00, 0x11, 0x00, 0x00, 0x00, 0x00, 0x00, 0x00, 0x00, 0x00, 0x00, 0x00, 0x00,
  0x00, 0x11, 0x11, 0x11, 0x00, 0x00, 0x00, 0x00, 0x00, 0x00, 0x4C, 0xEE, 0xEE, 0xEE, 0x40, 0x00,
  0x00, 0x00, 0x00, 0x08, 0xFF, 0xFF, 0xFF, 0xFF, 0x40, 0x00, 0x00, 0x00, 0x03, 0xCF, 0xFF, 0xFF,
  0xFF, 0xFF, 0x40, 0x00, 0x00, 0x00, 0x7E, 0xFF, 0xFF, 0xFF, 0xFF, 0xFF, 0x40, 0x00, 0x00, 0x1A,
  0xFF, 0xFF, 0xFF, 0xFF, 0xFF, 0xFF, 0x40, 0x00, 0x00, 0x4F, 0xFF, 0xFF, 0xFC, 0xEF, 0xFF, 0xFF,
  0x40, 0x00, 0x00, 0x4F, 0xFF, 0xFF, 0x81, 0xEF, 0xFF, 0xFF, 0x40, 0x00, 0x00, 0x4F, 0xFF, 0xD4,
  0x01, 0xEF, 0xFF, 0xFF, 0x40, 0x00, 0x00, 0x4F, 0xFA, 0x10, 0x01, 0xEF, 0xFF, 0xFF, 0x40, 0x00,
  0x00, 0x5E, 0x60, 0x00, 0x01, 0xEF, 0xFF, 0xFF, 0x40, 0x00, 0x00, 0x23, 0x00, 0x00, 0x01, 0xEF,
  0xFF, 0xFF, 0x40, 0x00, 0x00, 0x00, 0x00, 0x00, 0x01, 0xEF, 0xFF, 0xFF, 0x40, 0x00, 0x00, 0x00,
  0x00, 0x00, 0x01, 0xEF, 0xFF, 0xFF, 0x40, 0x00, 0x00, 0x00, 0x00, 0x00, 0x01, 0xEF, 0xFF, 0xFF,
  0x40, 0x00, 0x00, 0x00, 0x00, 0x00, 0x01, 0xEF, 0xFF, 0xFF, 0x40, 0x00, 0x00, 0x00, 0x00, 0x00,
  0x01, 0xEF, 0xFF, 0xFF, 0x40, 0x00, 0x00, 0x00, 0x00, 0x00, 0x01, 0xEF, 0xFF, 0xFF, 0x40, 0x00,
  0x00, 0x00, 0x00, 0x00, 0x01, 0xEF, 0xFF, 0xFF, 0x40, 0x00, 0x00, 0x00, 0x00, 0x00, 0x01, 0xEF,
  0xFF, 0xFF, 0x40, 0x00, 0x00, 0x00, 0x00, 0x00, 0x01, 0xEF, 0xFF, 0xFF, 0x40, 0x00, 0x00, 0x00,
  0x00, 0x00, 0x01, 0xEF, 0xFF, 0xFF, 0x40, 0x00, 0x00, 0x00, 0x00, 0x00, 0x01, 0xEF, 0xFF, 0xFF,
  0x40, 0x00, 0x00, 0x00, 0x00, 0x00, 0x01, 0xEF, 0xFF, 0xFF, 0x40, 0x00, 0x00, 0x00, 0x00, 0x00,
  0x01, 0xEF, 0xFF, 0xFF, 0x40, 0x00, 0x00, 0x00, 0x00, 0x00, 0x01, 0xEF, 0xFF, 0xFF, 0x40, 0x00,
  0x00, 0x00, 0x00, 0x00, 0x01, 0xEF, 0xFF, 0xFF, 0x40, 0x00, 0x00, 0x00, 0x00, 0x00, 0x01, 0xEF,
  0xFF, 0xFF, 0x40, 0x00, 0x00, 0x00, 0x00, 0x00, 0x01, 0xEF, 0xFF, 0xFF, 0x40, 0x00, 0x00, 0x00,
  0x00, 0x00, 0x01, 0xEF, 0xFF, 0xFF, 0x40, 0x00, 0x00, 0x00, 0x00, 0x00, 0x01, 0xEF, 0xFF, 0xFF,
  0x40, 0x00, 0x00, 0x00, 0x00, 0x00, 0x01, 0xDE, 0xEE, 0xEE, 0x40, 0x00, 0x00, 0x00, 0x00, 0x00,
  0x00, 0x11, 0x11, 0x11, 0x00, 0x00, 0x00, 0x00, 0x00, 0x00, 0x00, 0x00, 0x00, 0x00, 0x00, 0x00,
  0x00, 0x00, 0x00, 0x00, 0x00, 0x00, 0x00, 0x00, 0x00, 0x26, 0x9B, 0xCC, 0xCA, 0x84, 0x00, 0x00,
  0x00, 0x00, 0x00, 0x00, 0x00, 0x00, 0x02, 0x9E, 0xFF, 0xFF, 0xFF, 0xFF, 0xFC, 0x50, 0x00, 0x00,
  0x00, 0x00, 0x00, 0x00, 0x04, 0xDF, 0xFF, 0xFF, 0xFF, 0xFF, 0xFF, 0xFF, 0xA1, 0x00, 0x00, 0x00,
  0x00, 0x00, 0x03, 0xEF, 0xFF, 0xFF, 0xFF, 0xFF, 0xFF, 0xFF, 0xFF, 0xB1, 0x00, 0x00, 0x00, 0x00,
  0x01, 0xDF, 0xFF, 0xFF, 0xFF, 0xFF, 0xFF, 0xFF, 0xFF, 0xFF, 0x80, 0x00, 0x00, 0x00, 0x00, 0x8F,
  0xFF, 0xFF, 0xFD, 0x63, 0x24, 0xAF, 0xFF, 0xFF, 0xFF, 0x30, 0x00, 0x00, 0x00, 0x1D, 0xFF, 0xFF,
  0xFC, 0x10, 0x00, 0x00, 0x7F, 0xFF, 0xFF, 0xF8, 0x00, 0x00, 0x00, 0x04, 0xFF, 0xFF, 0xFF, 0x40,
  0x00, 0x00, 0x00, 0xBF, 0xFF, 0xFF, 0xC0, 0x00, 0x00, 0x00, 0x6F, 0xFF, 0xFF, 0xD0, 0x00, 0x00,
  0x00, 0x06, 0xFF, 0xFF, 0xFD, 0x10, 0x00, 0x00, 0x07, 0xEE, 0xEE, 0xEA, 0x00, 0x00, 0x00, 0x00,
  0x4F, 0xFF, 0xFF, 0xE1, 0x00, 0x00, 0x00, 0x12, 0x12, 0x12, 0x10, 0x00, 0x00, 0x00, 0x05, 0xFF,
  0xFF, 0xFD, 0x00, 0x00, 0x00, 0x00, 0x00, 0x00, 0x00, 0x00, 0x00, 0x00, 0x00, 0x9F, 0xFF, 0xFF,
  0xB0, 0x00, 0x00, 0x00, 0x00, 0x00, 0x00, 0x00, 0x00, 0x00, 0x00, 0x1E, 0xFF, 0xFF, 0xF7, 0x00,
  0x00, 0x00, 0x00, 0x00, 0x00, 0x00, 0x00, 0x00, 0x00, 0x0A, 0xFF, 0xFF, 0xFE, 0x20, 0x00, 0x00,
  0x00, 0x00, 0x00, 0x00, 0x00, 0x00, 0x00, 0x07, 0xFF, 0xFF, 0xFF, 0x70, 0x00, 0x00, 0x00, 0x00,
  0x00, 0x00, 0x00, 0x00, 0x00, 0x05, 0xFF, 0xFF, 0xFF, 0xC1, 0x00, 0x00, 0x00, 0x00, 0x00, 0x00,
  0x00, 0x00, 0x00, 0x04, 0xFF, 0xFF, 0xFF, 0xE3, 0x00, 0x00, 0x00, 0x00, 0x00, 0x00, 0x00, 0x00,
  0x00, 0x04, 0xEF, 0xFF, 0xFF, 0xF5, 0x00, 0x00, 0x00, 0x00, 0x00, 0x00, 0x00, 0x00, 0x00, 0x04,
  0xEF, 0xFF, 0xFF, 0xF6, 0x00, 0x00, 0x00, 0x00, 0x00, 0x00, 0x00, 0x00, 0x00, 0x05, 0xFF, 0xFF,
  0xFF, 0xF7, 0x00, 0x00, 0x00, 0x00, 0x00, 0x00, 0x00, 0x00, 0x00, 0x05, 0xFF, 0xFF, 0xFF, 0xF7,
  0x00, 0x00, 0x00, 0x00, 0x00, 0x00, 0x00, 0x00, 0x00, 0x05, 0xFF, 0xFF, 0xFF, 0xF6, 0x00, 0x00,
  0x00, 0x00, 0x00, 0x00, 0x00, 0x00, 0x00, 0x05, 0xFF, 0xFF, 0xFF, 0xF6, 0x00, 0x00, 0x00, 0x00,
  0x00, 0x00, 0x00, 0x00, 0x00, 0x05, 0xFF, 0xFF, 0xFF, 0xF7, 0x00, 0x00, 0x00, 0x00, 0x00, 0x00,
  0x00, 0x00, 0x00, 0x05, 0xFF, 0xFF, 0xFF, 0xF7, 0x00, 0x00, 0x00, 0x00, 0x00, 0x00, 0x00, 0x00,
  0x00, 0x05, 0xFF, 0xFF, 0xFF, 0xE6, 0x00, 0x00, 0x00, 0x00, 0x00, 0x00, 0x00, 0x00, 0x00, 0x05,
  0xFF, 0xFF, 0xFF, 0xFE, 0x99, 0x99, 0x99, 0x99, 0x99, 0x99, 0x40, 0x00, 0x00, 0x01, 0xEF, 0xFF,
  0xFF, 0xFF, 0xFF, 0xFF, 0xFF, 0xFF, 0xFF, 0xFF, 0xF8, 0x00, 0x00, 0x00, 0x1E, 0xFF, 0xFF, 0xFF,
  0xFF, 0xFF, 0xFF, 0xFF, 0xFF, 0xFF, 0xEF, 0x70, 0x00, 0x00, 0x01, 0xEF, 0xFF, 0xFF, 0xFF, 0xFF,
  0xFF, 0xFF, 0xFF, 0xFF, 0xFF, 0xF7, 0x00, 0x00, 0x00, 0x1E, 0xFF, 0xFF, 0xFF, 0xFF, 0xFF, 0xFF,
  0xFF, 0xFF, 0xFF, 0xFF, 0x80, 0x00, 0x00, 0x01, 0xDE, 0xEE, 0xEE, 0xEE, 0xEE, 0xEE, 0xEE, 0xEE,
  0xEE, 0xEE, 0xE7, 0x00, 0x00, 0x00, 0x01, 0x11, 0x11, 0x11, 0x11, 0x11, 0x11, 0x11, 0x11, 0x11,
  0x11, 0x00, 0x00, 0x00, 0x00, 0x00, 0x00, 0x00, 0x00, 0x00, 0x00, 0x00, 0x00, 0x00, 0x00, 0x00,
  0x00, 0x00, 0x00, 0x00, 0x00, 0x00, 0x15, 0x8B, 0xCC, 0xCB, 0x85, 0x10, 0x00, 0x00, 0x00, 0x00,
  0x00, 0x00, 0x00, 0x02, 0x8E, 0xFF, 0xFF, 0xFF, 0xFF, 0xFD, 0x70, 0x00, 0x00, 0x00, 0x00, 0x00,
  0x00, 0x04, 0xDF, 0xFF, 0xFF, 0xFF, 0xFF, 0xFF, 0xFF, 0xB2, 0x00, 0x00, 0x00, 0x00, 0x00, 0x05,
  0xFF, 0xFF, 0xFF, 0xFF, 0xFF, 0xFF, 0xFF, 0xFF, 0xD1, 0x00, 0x00, 0x00, 0x00, 0x03, 0xEF, 0xFF,
  0xFF, 0xFF, 0xFF, 0xFF, 0xFF, 0xFF, 0xFF, 0xB0, 0x00, 0x00, 0x00, 0x00, 0xAF, 0xFF, 0xFF, 0xFD,
  0x73, 0x23, 0x8E, 0xFF, 0xFF, 0xFF, 0x40, 0x00, 0x00, 0x00, 0x2F, 0xFF, 0xFF, 0xFB, 0x10, 0x00,
  0x00, 0x4E, 0xFF, 0xFF, 0xFA, 0x00, 0x00, 0x00, 0x06, 0xFF, 0xFF, 0xFF, 0x20, 0x00, 0x00, 0x00,
  0x8F, 0xFF, 0xFF, 0xD0, 0x00, 0x00, 0x00, 0x6E, 0xDE, 0xEE, 0xB0, 0x00, 0x00, 0x00, 0x05, 0xFF,
  0xFF, 0xFE, 0x10, 0x00, 0x00, 0x01, 0x21, 0x11, 0x11, 0x00, 0x00, 0x00, 0x00, 0x5F, 0xFF, 0xFF,
  0xE1, 0x00, 0x00, 0x00, 0x00, 0x00, 0x00, 0x00, 0x00, 0x00, 0x00, 0x08, 0xFF, 0xFF, 0xFB, 0x00,
  0x00, 0x00, 0x00, 0x00, 0x00, 0x00, 0x00, 0x00, 0x00, 0x03, 0xEF, 0xFF, 0xFF, 0x70, 0x00, 0x00,
  0x00, 0x00, 0x00, 0x00, 0x00, 0x00, 0x00, 0x16, 0xEF, 0xFF, 0xFF, 0xC1, 0x00, 0x00, 0x00, 0x00,
  0x00, 0x00, 0x00, 0x09, 0xCC, 0xCE, 0xFF, 0xFF, 0xFF, 0xC2, 0x00, 0x00, 0x00, 0x00, 0x00, 0x00,
  0x00, 0x00, 0xCF, 0xFF, 0xFF, 0xFF, 0xFD, 0x81, 0x00, 0x00, 0x00, 0x00, 0x00, 0x00, 0x00, 0x00,
  0x0C, 0xFF, 0xFF, 0xFF, 0xFB, 0x50, 0x00, 0x00, 0x00, 0x00, 0x00, 0x00, 0x00, 0x00, 0x00, 0xCF,
  0xFF, 0xFF, 0xFF, 0xFF, 0xC6, 0x00, 0x00, 0x00, 0x00, 0x00, 0x00, 0x00, 0x00, 0x0C, 0xFF, 0xFF,
  0xFF, 0xFF, 0xFF, 0xFA, 0x10, 0x00, 0x00, 0x00, 0x00, 0x00, 0x00, 0x00, 0x33, 0x33, 0x48, 0xDF,
  0xFF, 0xFF, 0xFA, 0x00, 0x00, 0x00, 0x00, 0x00, 0x00, 0x00, 0x00, 0x00, 0x00, 0x01, 0x9F, 0xFF,
  0xFF, 0xF4, 0x00, 0x00, 0x00, 0x00, 0x00, 0x00, 0x00, 0x00, 0x00, 0x00, 0x00, 0xBF, 0xFF, 0xFF,
  0xA0, 0x00, 0x00, 0x00, 0x00, 0x00, 0x00, 0x00, 0x00, 0x00, 0x00, 0x05, 0xFF, 0xFF, 0xFD, 0x00,
  0x00, 0x00, 0x44, 0x44, 0x44, 0x10, 0x00, 0x00, 0x00, 0x00, 0x4F, 0xFF, 0xFF, 0xE1, 0x00, 0x00,
  0x1E, 0xFF, 0xFF, 0xF6, 0x00, 0x00, 0x00, 0x00, 0x07, 0xFF, 0xFF, 0xFE, 0x10, 0x00, 0x00, 0xCF,
  0xFF, 0xFF, 0xC1, 0x00, 0x00, 0x00, 0x02, 0xDF, 0xFF, 0xFF, 0xC0, 0x00, 0x00, 0x08, 0xFF, 0xFF,
  0xFF, 0xC4, 0x10, 0x00, 0x14, 0xDF, 0xFF, 0xFF, 0xF8, 0x00, 0x00, 0x00, 0x3F, 0xFF, 0xFF, 0xFF,
  0xFC, 0xA9, 0xAC, 0xFF, 0xFF, 0xFF, 0xFF, 0x30, 0x00, 0x00, 0x00, 0x8F, 0xFF, 0xFF, 0xFF, 0xFF,
  0xFF, 0xFF, 0xFF, 0xFF, 0xFF, 0x80, 0x00, 0x00, 0x00, 0x00, 0xAF, 0xFF, 0xFF, 0xFF, 0xFF, 0xFF,
  0xFF, 0xFF, 0xFF, 0xA0, 0x00, 0x00, 0x00, 0x00, 0x00, 0x9F, 0xFF, 0xFF, 0xFF, 0xFF, 0xFF, 0xFF,
  0xFF, 0x80, 0x00, 0x00, 0x00, 0x00, 0x00, 0x00, 0x4B, 0xFF, 0xFF, 0xFF, 0xFF, 0xFF, 0xFB, 0x40,
  0x00, 0x00, 0x00, 0x00, 0x00, 0x00, 0x00, 0x03, 0x7A, 0xCD, 0xED, 0xCA, 0x73, 0x00, 0x00, 0x00,
  0x00, 0x00, 0x00, 0x00, 0x00, 0x00, 0x00, 0x00, 0x11, 0x10, 0x00, 0x00, 0x00, 0x00, 0x00, 0x00,
  0x00, 0x00, 0x00, 0x00, 0x00, 0x00, 0x00, 0x00, 0x11, 0x11, 0x11, 0x10, 0x00, 0x00, 0x00, 0x00,
  0x00, 0x00, 0x00, 0x00, 0x00, 0x00, 0x1C, 0xEE, 0xEE, 0xEE, 0xE5, 0x00, 0x00, 0x00, 0x00, 0x00,
  0x00, 0x00, 0x00, 0x00, 0x00, 0x7F, 0xFF, 0xFF, 0xFF, 0xF6, 0x00, 0x00, 0x00, 0x00, 0x00, 0x00,
  0x00, 0x00, 0x00, 0x02, 0xEF, 0xFF, 0xFF, 0xFF, 0xF6, 0x00, 0x00, 0x00, 0x00, 0x00, 0x00, 0x00,
  0x00, 0x00, 0x0A, 0xFF, 0xFF, 0xFF, 0xFF, 0xF6, 0x00, 0x00, 0x00, 0x00, 0x00, 0x00, 0x00, 0x00,
  0x00, 0x5F, 0xFF, 0xFF, 0xFF, 0xFF, 0xF6, 0x00, 0x00, 0x00, 0x00, 0x00, 0x00, 0x00, 0x00, 0x01,
  0xDF, 0xFF, 0xFF, 0xFF, 0xFF, 0xF6, 0x00, 0x00, 0x00, 0x00, 0x00, 0x00, 0x00, 0x00, 0x07, 0xFF,
  0xFF, 0xFF, 0xFF, 0xFF, 0xF6, 0x00, 0x00, 0x00, 0x00, 0x00, 0x00, 0x00, 0x00, 0x2E, 0xFF, 0xFF,
  0xDA, 0xFF, 0xFF, 0xF6, 0x00, 0x00, 0x00, 0x00, 0x00, 0x00, 0x00, 0x00, 0xAF, 0xFF, 0xFF, 0x57,
  0xFF, 0xFF, 0xF6, 0x00, 0x00, 0x00, 0x00, 0x00, 0x00, 0x00, 0x05, 0xFF, 0xFF, 0xFB, 0x08, 0xFF,
  0xFF, 0xF6, 0x00, 0x00, 0x00, 0x00, 0x00, 0x00, 0x00, 0x1D, 0xFF, 0xFF, 0xE3, 0x08, 0xFF, 0xFF,
  0xF6, 0x00, 0x00, 0x00, 0x00, 0x00, 0x00, 0x00, 0x8F, 0xFF, 0xFF, 0x80, 0x08, 0xFF, 0xFF, 0xF6,
  0x00, 0x00, 0x00, 0x00, 0x00, 0x00, 0x02, 0xEF, 0xFF, 0xFD, 0x10, 0x08, 0xFF, 0xFF, 0xF6, 0x00,
  0x00, 0x00, 0x00, 0x00, 0x00, 0x0B, 0xFF, 0xFF, 0xF5, 0x00, 0x08, 0xFF, 0xFF, 0xF6, 0x00, 0x00,
  0x00, 0x00, 0x00, 0x00, 0x5F, 0xFF, 0xFF, 0xB0, 0x00, 0x08, 0xFF, 0xFF, 0xF6, 0x00, 0x00, 0x00,
  0x00, 0x00, 0x01, 0xDF, 0xFF, 0xFE, 0x30, 0x00, 0x08, 0xFF, 0xFF, 0xF6, 0x00, 0x00, 0x00, 0x00,
  0x00, 0x08, 0xFF, 0xFF, 0xF8, 0x00, 0x00, 0x08, 0xFF, 0xFF, 0xF6, 0x00, 0x00, 0x00, 0x00, 0x00,
  0x2E, 0xFF, 0xFF, 0xD1, 0x00, 0x00, 0x08, 0xFF, 0xFF, 0xF6, 0x00, 0x00, 0x00, 0x00, 0x00, 0xBF,
  0xFF, 0xFF, 0x50, 0x00, 0x00, 0x08, 0xFF, 0xFF, 0xF6, 0x00, 0x00, 0x00, 0x00, 0x05, 0xFF, 0xFF,
  0xF9, 0x00, 0x00, 0x00, 0x07, 0xFF, 0xFF, 0xF5, 0x00, 0x00, 0x00, 0x00, 0x1D, 0xFF, 0xFF, 0xF9,
  0x88, 0x77, 0x78, 0x7B, 0xFF, 0xFF, 0xFA, 0x66, 0x61, 0x00, 0x00, 0x1F, 0xFF, 0xFF, 0xFF, 0xFF,
  0xFF, 0xFF, 0xFF, 0xFF, 0xFF, 0xFF, 0xFF, 0xF1, 0x00, 0x00, 0x1F, 0xFF, 0xFF, 0xFF, 0xFF, 0xFF,
  0xFF, 0xFF, 0xFF, 0xFF, 0xFF, 0xFF, 0xE1, 0x00, 0x00, 0x1E, 0xFF, 0xFF, 0xFF, 0xFF, 0xFF, 0xFF,
  0xFF, 0xFF, 0xFF, 0xFF, 0xFF, 0xE1, 0x00, 0x00, 0x1F, 0xFF, 0xFF, 0xFF, 0xFF, 0xFF, 0xFF, 0xFF,
  0xFF, 0xFF, 0xFF, 0xFF, 0xF1, 0x00, 0x00, 0x17, 0x77, 0x77, 0x77, 0x77, 0x77, 0x78, 0x7D, 0xFF,
  0xFF, 0xFA, 0x78, 0x71, 0x00, 0x00, 0x00, 0x00, 0x00, 0x00, 0x00, 0x00, 0x00, 0x0B, 0xFF, 0xFF,
  0xF5, 0x00, 0x00, 0x00, 0x00, 0x00, 0x00, 0x00, 0x00, 0x00, 0x00, 0x00, 0x0C, 0xFF, 0xFF, 0xF6,
  0x00, 0x00, 0x00, 0x00, 0x00, 0x00, 0x00, 0x00, 0x00, 0x00, 0x00, 0x0C, 0xFF, 0xFF, 0xF6, 0x00,
  0x00, 0x00, 0x00, 0x00, 0x00, 0x00, 0x00, 0x00, 0x00, 0x00, 0x0C, 0xFF, 0xFF, 0xF6, 0x00, 0x00,
  0x00, 0x00, 0x00, 0x00, 0x00, 0x00, 0x00, 0x00, 0x00, 0x0B, 0xEE, 0xEE, 0xE5, 0x00, 0x00, 0x00,
  0x00, 0x00, 0x00, 0x00, 0x00, 0x00, 0x00, 0x00, 0x01, 0x11, 0x11, 0x10, 0x00, 0x00, 0x00, 0x00,
  0x00, 0x01, 0x11, 0x11, 0x11, 0x11, 0x11, 0x11, 0x11, 0x11, 0x10, 0x00, 0x00, 0x00, 0x00, 0x0C,
  0xEE, 0xEE, 0xEE, 0xEE, 0xEE, 0xEE, 0xEE, 0xEE, 0xE7, 0x00, 0x00, 0x00, 0x00, 0x1E, 0xFF, 0xFF,
  0xFF, 0xFF, 0xFF, 0xFF, 0xFF, 0xFF, 0xF8, 0x00, 0x00, 0x00, 0x00, 0x2F, 0xFF, 0xFF, 0xFF, 0xFF,
  0xFF, 0xFF, 0xFF, 0xFF, 0xF8, 0x00, 0x00, 0x00, 0x00, 0x4F, 0xFF, 0xFF, 0xFF, 0xFF, 0xFF, 0xFF,
  0xFF, 0xFF, 0xF8, 0x00, 0x00, 0x00, 0x00, 0x5F, 0xFF, 0xFF, 0xFE, 0xEE, 0xEE, 0xEE, 0xEE, 0xEE,
  0xE7, 0x00, 0x00, 0x00, 0x00, 0x6F, 0xFF, 0xFF, 0x61, 0x11, 0x11, 0x11, 0x11, 0x11, 0x10, 0x00,
  0x00, 0x00, 0x00, 0x7F, 0xFF, 0xFF, 0x40, 0x00, 0x00, 0x00, 0x00, 0x00, 0x00, 0x00, 0x00, 0x00,
  0x00, 0x9F, 0xFF, 0xFF, 0x30, 0x00, 0x00, 0x00, 0x00, 0x00, 0x00, 0x00, 0x00, 0x00, 0x00, 0xAF,
  0xFF, 0xFE, 0x10, 0x00, 0x00, 0x00, 0x00, 0x00, 0x00, 0x00, 0x00, 0x00, 0x00, 0xBF, 0xFF, 0xFD,
  0x10, 0x00, 0x01, 0x10, 0x00, 0x00, 0x00, 0x00, 0x00, 0x00, 0x00, 0xCF, 0xFF, 0xFC, 0x00, 0x6A,
  0xDE, 0xEC, 0x94, 0x00, 0x00, 0x00, 0x00, 0x00, 0x01, 0xEF, 0xFF, 0xFA, 0x3C, 0xFF, 0xFF, 0xFF,
  0xFF, 0xB2, 0x00, 0x00, 0x00, 0x00, 0x01, 0xEF, 0xFF, 0xFC, 0xDF, 0xFF, 0xFF, 0xFF, 0xFF, 0xFE,
  0x40, 0x00, 0x00, 0x00, 0x03, 0xFF, 0xFF, 0xFF, 0xFF, 0xFF, 0xFF, 0xFF, 0xFF, 0xFF, 0xE2, 0x00,
  0x00, 0x00, 0x04, 0xFF, 0xFF, 0xFF, 0xFF, 0xED, 0xEF, 0xFF, 0xFF, 0xFF, 0xFB, 0x00, 0x00, 0x00,
  0x05, 0xFF, 0xFF, 0xFF, 0xD6, 0x21, 0x13, 0x9F, 0xFF, 0xFF, 0xFF, 0x40, 0x00, 0x00, 0x00, 0x24,
  0x79, 0xCA, 0x10, 0x00, 0x00, 0x07, 0xFF, 0xFF, 0xFF, 0xA0, 0x00, 0x00, 0x00, 0x00, 0x00, 0x00,
  0x00, 0x00, 0x00, 0x00, 0xBF, 0xFF, 0xFF, 0xD1, 0x00, 0x00, 0x00, 0x00, 0x00, 0x00, 0x00, 0x00,
  0x00, 0x00, 0x5F, 0xFF, 0xFF, 0xF3, 0x00, 0x00, 0x00, 0x00, 0x00, 0x00, 0x00, 0x00, 0x00, 0x00,
  0x2F, 0xFF, 0xFF, 0xF4, 0x00, 0x00, 0x00, 0x00, 0x00, 0x00, 0x00, 0x00, 0x00, 0x00, 0x1E, 0xFF,
  0xFF, 0xF4, 0x00, 0x00, 0x01, 0x11, 0x11, 0x10, 0x00, 0x00, 0x00, 0x00, 0x2F, 0xFF, 0xFF, 0xF3,
  0x00, 0x00, 0x1D, 0xEE, 0xEE, 0xE4, 0x00, 0x00, 0x00, 0x00, 0x4F, 0xFF, 0xFF, 0xE1, 0x00, 0x00,
  0x0D, 0xFF, 0xFF, 0xF9, 0x00, 0x00, 0x00, 0x00, 0xAF, 0xFF, 0xFF, 0xC0, 0x00, 0x00, 0x09, 0xFF,
  0xFF, 0xFE, 0x40, 0x00, 0x00, 0x06, 0xFF, 0xFF, 0xFF, 0x70, 0x00, 0x00, 0x04, 0xFF, 0xFF, 0xFF,
  0xF8, 0x21, 0x13, 0x9F, 0xFF, 0xFF, 0xFE, 0x10, 0x00, 0x00, 0x00, 0x9F, 0xFF, 0xFF, 0xFF, 0xFD,
  0xDF, 0xFF, 0xFF, 0xFF, 0xF5, 0x00, 0x00, 0x00, 0x00, 0x1C, 0xFF, 0xFF, 0xFF, 0xFF, 0xFF, 0xFF,
  0xFF, 0xFF, 0x80, 0x00, 0x00, 0x00, 0x00, 0x01, 0xBF, 0xFF, 0xFF, 0xFF, 0xFF, 0xFF, 0xFF, 0xF7,
  0x00, 0x00, 0x00, 0x00, 0x00, 0x00, 0x06, 0xDF, 0xFF, 0xFF, 0xFF, 0xFF, 0xFB, 0x40, 0x00, 0x00,
  0x00, 0x00, 0x00, 0x00, 0x00, 0x15, 0x9B, 0xDE, 0xED, 0xB8, 0x30, 0x00, 0x00, 0x00, 0x00, 0x00,
  0x00, 0x00, 0x00, 0x00, 0x00, 0x11, 0x10, 0x00, 0x00, 0x00, 0x00, 0x00, 0x00, 0x00, 0x00, 0x00,
  0x00, 0x00, 0x00, 0x00, 0x11, 0x10, 0x00, 0x00, 0x00, 0x00, 0x00, 0x00, 0x00, 0x00, 0x00, 0x00,
  0x00, 0x05, 0x9C, 0xDE, 0xDC, 0xA6, 0x20, 0x00, 0x00, 0x00, 0x00, 0x00, 0x00, 0x00, 0x00, 0x05,
  0xCF, 0xFF, 0xFF, 0xFF, 0xFF, 0xE8, 0x10, 0x00, 0x00, 0x00, 0x00, 0x00, 0x00, 0x00, 0x9F, 0xFF,
  0xFF, 0xFF, 0xFF, 0xFF, 0xFF, 0xC3, 0x00, 0x00, 0x00, 0x00, 0x00, 0x00, 0x0A, 0xFF, 0xFF, 0xFF,
  0xFF, 0xFF, 0xFF, 0xFF, 0xFE, 0x20, 0x00, 0x00, 0x00, 0x00, 0x00, 0x8F, 0xFF, 0xFF, 0xFF, 0xFF,
  0xFF, 0xFF, 0xFF, 0xFF, 0xC1, 0x00, 0x00, 0x00, 0x00, 0x04, 0xFF, 0xFF, 0xFF, 0xFD, 0x98, 0x9C,
  0xFF, 0xFF, 0xFF, 0xF7, 0x00, 0x00, 0x00, 0x00, 0x0C, 0xFF, 0xFF, 0xFF, 0x81, 0x00, 0x00, 0x7F,
  0xFF, 0xFF, 0xFD, 0x10, 0x00, 0x00, 0x00, 0x4F, 0xFF, 0xFF, 0xF8, 0x00, 0x00, 0x00, 0x07, 0xFF,
  0xFF, 0xFF, 0x50, 0x00, 0x00, 0x00, 0xAF, 0xFF, 0xFF, 0xC0, 0x00, 0x00, 0x00, 0x01, 0xDE, 0xEE,
  0xEE, 0x70, 0x00, 0x00, 0x01, 0xEF, 0xFF, 0xFF, 0x60, 0x00, 0x00, 0x00, 0x00, 0x12, 0x22, 0x22,
  0x10, 0x00, 0x00, 0x04, 0xFF, 0xFF, 0xFE, 0x20, 0x00, 0x00, 0x00, 0x00, 0x00, 0x00, 0x00, 0x00,
  0x00, 0x00, 0x07, 0xFF, 0xFF, 0xFC, 0x00, 0x02, 0x7A, 0xCD, 0xCA, 0x61, 0x00, 0x00, 0x00, 0x00,
  0x00, 0x0A, 0xFF, 0xFF, 0xFA, 0x00, 0x7E, 0xFF, 0xFF, 0xFF, 0xFE, 0x70, 0x00, 0x00, 0x00, 0x00,
  0x0B, 0xFF, 0xFF, 0xF8, 0x0B, 0xFF, 0xFF, 0xFF, 0xFF, 0xFF, 0xFA, 0x10, 0x00, 0x00, 0x00, 0x0D,
  0xFF, 0xFF, 0xF6, 0x8F, 0xFF, 0xFF, 0xFF, 0xFF, 0xFF, 0xFF, 0xA0, 0x00, 0x00, 0x00, 0x0D, 0xFF,
  0xFF, 0xFB, 0xFF, 0xFF, 0xFE, 0xFF, 0xFF, 0xFF, 0xFF, 0xF6, 0x00, 0x00, 0x00, 0x0E, 0xFF, 0xFF,
  0xFF, 0xFF, 0xC6, 0x21, 0x37, 0xEF, 0xFF, 0xFF, 0xFD, 0x10, 0x00, 0x00, 0x0D, 0xFF, 0xFF, 0xFF,
  0xFB, 0x10, 0x00, 0x00, 0x3D, 0xFF, 0xFF, 0xFF, 0x60, 0x00, 0x00, 0x0D, 0xFF, 0xFF, 0xFF, 0xD1,
  0x00, 0x00, 0x00, 0x04, 0xFF, 0xFF, 0xFF, 0x90, 0x00, 0x00, 0x0C, 0xFF, 0xFF, 0xFF, 0x70, 0x00,
  0x00, 0x00, 0x00, 0xBF, 0xFF, 0xFF, 0xC0, 0x00, 0x00, 0x0A, 0xFF, 0xFF, 0xFF, 0x30, 0x00, 0x00,
  0x00, 0x00, 0x8F, 0xFF, 0xFF, 0xD0, 0x00, 0x00, 0x08, 0xFF, 0xFF, 0xFE, 0x20, 0x00, 0x00, 0x00,
  0x00, 0x6F, 0xFF, 0xFF, 0xD0, 0x00, 0x00, 0x05, 0xFF, 0xFF, 0xFF, 0x20, 0x00, 0x00, 0x00, 0x00,
  0x8F, 0xFF, 0xFF, 0xC0, 0x00, 0x00, 0x02, 0xEF, 0xFF, 0xFF, 0x60, 0x00, 0x00, 0x00, 0x00, 0xBF,
  0xFF, 0xFF, 0xA0, 0x00, 0x00, 0x00, 0xAF, 0xFF, 0xFF, 0xC0, 0x00, 0x00, 0x00, 0x03, 0xFF, 0xFF,
  0xFF, 0x70, 0x00, 0x00, 0x00, 0x4F, 0xFF, 0xFF, 0xF9, 0x00, 0x00, 0x00, 0x2D, 0xFF, 0xFF, 0xFF,
  0x20, 0x00, 0x00, 0x00, 0x0B, 0xFF, 0xFF, 0xFF, 0xB4, 0x10, 0x16, 0xDF, 0xFF, 0xFF, 0xF9, 0x00,
  0x00, 0x00, 0x00, 0x02, 0xEF, 0xFF, 0xFF, 0xFF, 0xED, 0xEF, 0xFF, 0xFF, 0xFF, 0xD1, 0x00, 0x00,
  0x00, 0x00, 0x00, 0x5F, 0xFF, 0xFF, 0xFF, 0xFF, 0xFF, 0xFF, 0xFF, 0xFE, 0x30, 0x00, 0x00, 0x00,
  0x00, 0x00, 0x04, 0xDF, 0xFF, 0xFF, 0xFF, 0xFF, 0xFF, 0xFF, 0xD3, 0x00, 0x00, 0x00, 0x00, 0x00,
  0x00, 0x00, 0x29, 0xEF, 0xFF, 0xFF, 0xFF, 0xFF, 0xE8, 0x10, 0x00, 0x00, 0x00, 0x00, 0x00, 0x00,
  0x00, 0x00, 0x26, 0xAC, 0xEE, 0xDC, 0x96, 0x20, 0x00, 0x00, 0x00, 0x00, 0x00, 0x00, 0x00, 0x00,
  0x00, 0x00, 0x00, 0x11, 0x10, 0x00, 0x00, 0x00, 0x00, 0x00, 0x00, 0x00, 0x01, 0x11, 0x11, 0x11,
  0x11, 0x11, 0x11, 0x11, 0x11, 0x11, 0x10, 0x00, 0x00, 0x8E, 0xEE, 0xEE, 0xEE, 0xEE, 0xEE, 0xEE,
  0xEE, 0xEE, 0xEE, 0xE8, 0x00, 0x00, 0x8F, 0xFF, 0xFF, 0xFF, 0xFF, 0xFF, 0xFF, 0xFF, 0xFF, 0xFF,
  0xF8, 0x00, 0x00, 0x8F, 0xFF, 0xFF, 0xFF, 0xFF, 0xFF, 0xFF, 0xFF, 0xFF, 0xFF, 0xF8, 0x00, 0x00,
  0x8F, 0xEF, 0xFF, 0xFF, 0xFF, 0xFF, 0xFF, 0xFF, 0xFF, 0xFF, 0xF8, 0x00, 0x00, 0x9F, 0xFF, 0xFF,
  0xFF, 0xFF, 0xFF, 0xFF, 0xFF, 0xFF, 0xFF, 0xF8, 0x00, 0x00, 0x47, 0x77, 0x77, 0x77, 0x77, 0x78,
  0x88, 0x8F, 0xFF, 0xFF, 0xF7, 0x00, 0x00, 0x00, 0x00, 0x00, 0x00, 0x00, 0x00, 0x00, 0x5F, 0xFF,
  0xFF, 0xE2, 0x00, 0x00, 0x00, 0x00, 0x00, 0x00, 0x00, 0x00, 0x01, 0xDF, 0xFF, 0xFF, 0x80, 0x00,
  0x00, 0x00, 0x00, 0x00, 0x00, 0x00, 0x00, 0x06, 0xFF, 0xFF, 0xFE, 0x20, 0x00, 0x00, 0x00, 0x00,
  0x00, 0x00, 0x00, 0x00, 0x1D, 0xFF, 0xFF, 0xF8, 0x00, 0x00, 0x00, 0x00, 0x00, 0x00, 0x00, 0x00,
  0x00, 0x6F, 0xFF, 0xFF, 0xE2, 0x00, 0x00, 0x00, 0x00, 0x00, 0x00, 0x00, 0x00, 0x01, 0xCF, 0xFF,
  0xFF, 0x90, 0x00, 0x00, 0x00, 0x00, 0x00, 0x00, 0x00, 0x00, 0x06, 0xFF, 0xFF, 0xFE, 0x20, 0x00,
  0x00, 0x00, 0x00, 0x00, 0x00, 0x00, 0x00, 0x0C, 0xFF, 0xFF, 0xF9, 0x00, 0x00, 0x00, 0x00, 0x00,
  0x00, 0x00, 0x00, 0x00, 0x5F, 0xFF, 0xFF, 0xE2, 0x00, 0x00, 0x00, 0x00, 0x00, 0x00, 0x00, 0x00,
  0x00, 0xCF, 0xFF, 0xFF, 0x90, 0x00, 0x00, 0x00, 0x00, 0x00, 0x00, 0x00, 0x00, 0x05, 0xFF, 0xFF,
  0xFE, 0x20, 0x00, 0x00, 0x00, 0x00, 0x00, 0x00, 0x00, 0x00, 0x0C, 0xFF, 0xFF, 0xF9, 0x00, 0x00,
  0x00, 0x00, 0x00, 0x00, 0x00, 0x00, 0x00, 0x5F, 0xFF, 0xFF, 0xE2, 0x00, 0x00, 0x00, 0x00, 0x00,
  0x00, 0x00, 0x00, 0x00, 0xCF, 0xFF, 0xFF, 0x90, 0x00, 0x00, 0x00, 0x00, 0x00, 0x00, 0x00, 0x00,
  0x05, 0xFF, 0xFF, 0xFE, 0x30, 0x00, 0x00, 0x00, 0x00, 0x00, 0x00, 0x00, 0x00, 0x0C, 0xFF, 0xFF,
  0xF9, 0x00, 0x00, 0x00, 0x00, 0x00, 0x00, 0x00, 0x00, 0x00, 0x4F, 0xFF, 0xFF, 0xF3, 0x00, 0x00,
  0x00, 0x00, 0x00, 0x00, 0x00, 0x00, 0x00, 0xBF, 0xFF, 0xFF, 0xA0, 0x00, 0x00, 0x00, 0x00, 0x00,
  0x00, 0x00, 0x00, 0x04, 0xFF, 0xFF, 0xFF, 0x30, 0x00, 0x00, 0x00, 0x00, 0x00, 0x00, 0x00, 0x00,
  0x0B, 0xFF, 0xFF, 0xFA, 0x00, 0x00, 0x00, 0x00, 0x00, 0x00, 0x00, 0x00, 0x00, 0x4F, 0xFF, 0xFF,
  0xF3, 0x00, 0x00, 0x00, 0x00, 0x00, 0x00, 0x00, 0x00, 0x00, 0xBF, 0xFF, 0xFF, 0xA0, 0x00, 0x00,
  0x00, 0x00, 0x00, 0x00, 0x00, 0x00, 0x04, 0xFF, 0xFF, 0xFF, 0x30, 0x00, 0x00, 0x00, 0x00, 0x00,
  0x00, 0x00, 0x00, 0x0B, 0xFF, 0xFF, 0xFA, 0x00, 0x00, 0x00, 0x00, 0x00, 0x00, 0x00, 0x00, 0x00,
  0x3E, 0xEE, 0xEE, 0xE3, 0x00, 0x00, 0x00, 0x00, 0x00, 0x00, 0x00, 0x00, 0x00, 0x11, 0x11, 0x11,
  0x10, 0x00, 0x00, 0x00, 0x00, 0x00, 0x00, 0x00, 0x00, 0x00, 0x00, 0x00, 0x00, 0x00, 0x00, 0x00,
  0x00, 0x00, 0x00, 0x00, 0x00, 0x00, 0x00, 0x00, 0x00, 0x00, 0x00, 0x04, 0x8A, 0xCC, 0xCB, 0x96,
  0x20, 0x00, 0x00, 0x00, 0x00, 0x00, 0x00, 0x00, 0x00, 0x6D, 0xFF, 0xFF, 0xFF, 0xFF, 0xFF, 0xA3,
  0x00, 0x00, 0x00, 0x00, 0x00, 0x00, 0x02, 0xBF, 0xFF, 0xFF, 0xFF, 0xFF, 0xFF, 0xFF, 0xE6, 0x00,
  0x00, 0x00, 0x00, 0x00, 0x02, 0xDF, 0xFF, 0xFF, 0xFF, 0xFF, 0xFF, 0xFF, 0xFF, 0xF7, 0x00, 0x00,
  0x00, 0x00, 0x00, 0xBF, 0xFF, 0xFF, 0xFF, 0xFE, 0xEF, 0xFF, 0xFF, 0xFF, 0xF4, 0x00, 0x00, 0x00,
  0x00, 0x5F, 0xFF, 0xFF, 0xFF, 0x83, 0x12, 0x5C, 0xFF, 0xFF, 0xFF, 0xC0, 0x00, 0x00, 0x00, 0x0A,
  0xFF, 0xFF, 0xFF, 0x40, 0x00, 0x00, 0x0B, 0xFF, 0xFF, 0xFF, 0x30, 0x00, 0x00, 0x00, 0xDF, 0xFF,
  0xFF, 0x90, 0x00, 0x00, 0x00, 0x2F, 0xFF, 0xFF, 0xF6, 0x00, 0x00, 0x00, 0x1E, 0xFF, 0xFF, 0xF5,
  0x00, 0x00, 0x00, 0x00, 0xCF, 0xFF, 0xFF, 0x70, 0x00, 0x00, 0x00, 0xDF, 0xFF, 0xFF, 0x40, 0x00,
  0x00, 0x00, 0x0B, 0xFF, 0xFF, 0xF7, 0x00, 0x00, 0x00, 0x0B, 0xFF, 0xFF, 0xF7, 0x00, 0x00, 0x00,
  0x00, 0xDF, 0xFF, 0xFF, 0x40, 0x00, 0x00, 0x00, 0x6F, 0xFF, 0xFF, 0xD1, 0x00, 0x00, 0x00, 0x7F,
  0xFF, 0xFF, 0xD0, 0x00, 0x00, 0x00, 0x01, 0xDF, 0xFF, 0xFF, 0xB2, 0x00, 0x00, 0x6E, 0xFF, 0xFF,
  0xF5, 0x00, 0x00, 0x00, 0x00, 0x03, 0xEF, 0xFF, 0xFF, 0xEA, 0x88, 0xCF, 0xFF, 0xFF, 0xF8, 0x00,
  0x00, 0x00, 0x00, 0x00, 0x03, 0xCF, 0xFF, 0xFF, 0xFF, 0xFF, 0xFF, 0xFF, 0xE7, 0x00, 0x00, 0x00,
  0x00, 0x00, 0x00, 0x00, 0x6D, 0xFF, 0xFF, 0xFF, 0xFF, 0xFF, 0x91, 0x00, 0x00, 0x00, 0x00, 0x00,
  0x00, 0x03, 0x9D, 0xFF, 0xFF, 0xFF, 0xFF, 0xFF, 0xFE, 0xB4, 0x00, 0x00, 0x00, 0x00, 0x00, 0x05,
  0xEF, 0xFF, 0xFF, 0xFF, 0xFF, 0xFF, 0xFF, 0xFF, 0xF8, 0x00, 0x00, 0x00, 0x00, 0x04, 0xFF, 0xFF,
  0xFF, 0xFB, 0x76, 0x7A, 0xEF, 0xFF, 0xFF, 0xF7, 0x00, 0x00, 0x00, 0x01, 0xDF, 0xFF, 0xFF, 0xC3,
  0x00, 0x00, 0x02, 0xAF, 0xFF, 0xFF, 0xF3, 0x00, 0x00, 0x00, 0x7F, 0xFF, 0xFF, 0xD2, 0x00, 0x00,
  0x00, 0x00, 0xBF, 0xFF, 0xFF, 0xA0, 0x00, 0x00, 0x0B, 0xFF, 0xFF, 0xF7, 0x00, 0x00, 0x00, 0x00,
  0x04, 0xFF, 0xFF, 0xFE, 0x10, 0x00, 0x01, 0xDF, 0xFF, 0xFF, 0x40, 0x00, 0x00, 0x00, 0x00, 0x1E,
  0xFF, 0xFF, 0xF4, 0x00, 0x00, 0x1E, 0xFF, 0xFF, 0xF5, 0x00, 0x00, 0x00, 0x00, 0x02, 0xEF, 0xFF,
  0xFF, 0x40, 0x00, 0x00, 0xDF, 0xFF, 0xFF, 0x90, 0x00, 0x00, 0x00, 0x00, 0x6F, 0xFF, 0xFF, 0xF3,
  0x00, 0x00, 0x0A, 0xFF, 0xFF, 0xFF, 0x50, 0x00, 0x00, 0x00, 0x3E, 0xFF, 0xFF, 0xFD, 0x10, 0x00,
  0x00, 0x4F, 0xFF, 0xFF, 0xFF, 0x94, 0x10, 0x12, 0x7E, 0xFF, 0xFF, 0xFF, 0x80, 0x00, 0x00, 0x00,
  0xAF, 0xFF, 0xFF, 0xFF, 0xFE, 0xDE, 0xFF, 0xFF, 0xFF, 0xFF, 0xD1, 0x00, 0x00, 0x00, 0x01, 0xCF,
  0xFF, 0xFF, 0xFF, 0xFF, 0xFF, 0xFF, 0xFF, 0xFF, 0xE3, 0x00, 0x00, 0x00, 0x00, 0x01, 0xAF, 0xFF,
  0xFF, 0xFF, 0xFF, 0xFF, 0xFF, 0xFF, 0xC3, 0x00, 0x00, 0x00, 0x00, 0x00, 0x00, 0x5C, 0xFF, 0xFF,
  0xFF, 0xFF, 0xFF, 0xFD, 0x70, 0x00, 0x00, 0x00, 0x00, 0x00, 0x00, 0x00, 0x03, 0x7A, 0xCD, 0xEE,
  0xDB, 0x84, 0x00, 0x00, 0x00, 0x00, 0x00, 0x00, 0x00, 0x00, 0x00, 0x00, 0x00, 0x11, 0x10, 0x00,
  0x00, 0x00, 0x00, 0x00, 0x00, 0x00, 0x00, 0x00, 0x00, 0x00, 0x00, 0x00, 0x00, 0x00, 0x00, 0x00,
  0x00, 0x00, 0x00, 0x00, 0x00, 0x00, 0x00, 0x00, 0x01, 0x48, 0xAC, 0xCC, 0xB8, 0x51, 0x00, 0x00,
  0x00, 0x00, 0x00, 0x00, 0x00, 0x00, 0x00, 0x6D, 0xFF, 0xFF, 0xFF, 0xFF, 0xFD, 0x81, 0x00, 0x00,
  0x00, 0x00, 0x00, 0x00, 0x00, 0x2B, 0xFF, 0xFF, 0xFF, 0xFF, 0xFF, 0xFF, 0xFC, 0x30, 0x00, 0x00,
  0x00, 0x00, 0x00, 0x02, 0xDF, 0xFF, 0xFF, 0xFF, 0xFF, 0xFF, 0xFF, 0xFF, 0xE4, 0x00, 0x00, 0x00,
  0x00, 0x00, 0x1C, 0xFF, 0xFF, 0xFF, 0xFF, 0xEE, 0xFF, 0xFF, 0xFF, 0xFE, 0x20, 0x00, 0x00, 0x00,
  0x00, 0x8F, 0xFF, 0xFF, 0xFE, 0x73, 0x12, 0x5C, 0xFF, 0xFF, 0xFF, 0xA0, 0x00, 0x00, 0x00, 0x02,
  0xEF, 0xFF, 0xFF, 0xD3, 0x00, 0x00, 0x01, 0xAF, 0xFF, 0xFF, 0xF4, 0x00, 0x00, 0x00, 0x06, 0xFF,
  0xFF, 0xFF, 0x40, 0x00, 0x00, 0x00, 0x1D, 0xFF, 0xFF, 0xFA, 0x00, 0x00, 0x00, 0x0A, 0xFF, 0xFF,
  0xFB, 0x00, 0x00, 0x00, 0x00, 0x06, 0xFF, 0xFF, 0xFE, 0x10, 0x00, 0x00, 0x0C, 0xFF, 0xFF, 0xF8,
  0x00, 0x00, 0x00, 0x00, 0x02, 0xFF, 0xFF, 0xFF, 0x50, 0x00, 0x00, 0x0D, 0xFF, 0xFF, 0xF6, 0x00,
  0x00, 0x00, 0x00, 0x02, 0xEF, 0xFF, 0xFF, 0x80, 0x00, 0x00, 0x0D, 0xFF, 0xFF, 0xF7, 0x00, 0x00,
  0x00, 0x00, 0x02, 0xFF, 0xFF, 0xFF, 0xA0, 0x00, 0x00, 0x0C, 0xFF, 0xFF, 0xFB, 0x00, 0x00, 0x00,
  0x00, 0x06, 0xFF, 0xFF, 0xFF, 0xC0, 0x00, 0x00, 0x0A, 0xFF, 0xFF, 0xFF, 0x30, 0x00, 0x00, 0x00,
  0x1D, 0xFF, 0xFF, 0xFF, 0xD0, 0x00, 0x00, 0x06, 0xFF, 0xFF, 0xFF, 0xD2, 0x00, 0x00, 0x00, 0xAF,
  0xFF, 0xFF, 0xFF, 0xD0, 0x00, 0x00, 0x01, 0xEF, 0xFF, 0xFF, 0xFD, 0x61, 0x01, 0x4B, 0xFF, 0xFF,
  0xFF, 0xFF, 0xE0, 0x00, 0x00, 0x00, 0x7F, 0xFF, 0xFF, 0xFF, 0xFE, 0xDE, 0xFF, 0xFF, 0xCF, 0xFF,
  0xFF, 0xD0, 0x00, 0x00, 0x00, 0x1B, 0xFF, 0xFF, 0xFF, 0xFF, 0xFF, 0xFF, 0xF9, 0x6F, 0xFF, 0xFF,
  0xD0, 0x00, 0x00, 0x00, 0x01, 0xCF, 0xFF, 0xFF, 0xFF, 0xFF, 0xFF, 0xB1, 0x8F, 0xFF, 0xFF, 0xB0,
  0x00, 0x00, 0x00, 0x00, 0x18, 0xFF, 0xFF, 0xFF, 0xFF, 0xF8, 0x10, 0xAF, 0xFF, 0xFF, 0x90, 0x00,
  0x00, 0x00, 0x00, 0x00, 0x38, 0xBD, 0xEE, 0xC8, 0x30, 0x00, 0xCF, 0xFF, 0xFF, 0x70, 0x00, 0x00,
  0x00, 0x00, 0x00, 0x00, 0x01, 0x11, 0x00, 0x00, 0x02, 0xEF, 0xFF, 0xFF, 0x40, 0x00, 0x00, 0x01,
  0x11, 0x11, 0x21, 0x00, 0x00, 0x00, 0x00, 0x06, 0xFF, 0xFF, 0xFE, 0x10, 0x00, 0x00, 0x08, 0xEE,
  0xEE, 0xED, 0x10, 0x00, 0x00, 0x00, 0x0C, 0xFF, 0xFF, 0xFA, 0x00, 0x00, 0x00, 0x05, 0xFF, 0xFF,
  0xFF, 0x70, 0x00, 0x00, 0x00, 0x8F, 0xFF, 0xFF, 0xF4, 0x00, 0x00, 0x00, 0x01, 0xEF, 0xFF, 0xFF,
  0xF6, 0x00, 0x00, 0x18, 0xFF, 0xFF, 0xFF, 0xC0, 0x00, 0x00, 0x00, 0x00, 0x7F, 0xFF, 0xFF, 0xFF,
  0xC8, 0x89, 0xDF, 0xFF, 0xFF, 0xFF, 0x40, 0x00, 0x00, 0x00, 0x00, 0x1C, 0xFF, 0xFF, 0xFF, 0xFF,
  0xFF, 0xFF, 0xFF, 0xFF, 0xF8, 0x00, 0x00, 0x00, 0x00, 0x00, 0x03, 0xEF, 0xFF, 0xFF, 0xFF, 0xFF,
  0xFF, 0xFF, 0xFF, 0xA0, 0x00, 0x00, 0x00, 0x00, 0x00, 0x00, 0x3C, 0xFF, 0xFF, 0xFF, 0xFF, 0xFF,
  0xFF, 0xF9, 0x00, 0x00, 0x00, 0x00, 0x00, 0x00, 0x00, 0x01, 0x8E, 0xFF, 0xFF, 0xFF, 0xFF, 0xFC,
  0x50, 0x00, 0x00, 0x00, 0x00, 0x00, 0x00, 0x00, 0x00, 0x02, 0x6A, 0xCD, 0xED, 0xC9, 0x50, 0x00,
  0x00, 0x00, 0x00, 0x00, 0x00, 0x00, 0x00, 0x00, 0x00, 0x00, 0x01, 0x11, 0x00, 0x00, 0x00, 0x00,
  0x00, 0x00, 0x00, 0x00, 0x00, 0x01, 0x7C, 0xC7, 0x10, 0x00, 0x00, 0x00, 0x00, 0x00, 0x00, 0x00,
  0x00, 0x00, 0x00, 0x00, 0x00, 0x00, 0x00, 0x00, 0x00, 0x00, 0x00, 0x00, 0x00, 0x00, 0x00, 0x00,
  0x00, 0x00, 0x00, 0x00, 0x00, 0x00, 0x00, 0x00, 0x00, 0x00, 0x00, 0x00, 0x00, 0x00, 0x00, 0x00,
  0x00, 0x00, 0x00, 0x00, 0x00, 0x00, 0x00, 0x00, 0x00, 0x00, 0x00, 0x00, 0x00, 0x00, 0x00, 0x00,
  0x00, 0x00, 0x00, 0x00, 0x00, 0x00, 0x00, 0x00, 0x00, 0x00, 0x00, 0x00, 0x00, 0x01, 0x7C, 0xC7,
  0x10, 0x00, 0x00, 0x00, 0x00, 0x0B, 0xFF, 0xFF, 0xB0, 0x00, 0x00, 0x00, 0x00, 0x5F, 0xFF, 0xFF,
  0xF5, 0x00, 0x00, 0x00, 0x00, 0x7F, 0xFF, 0xFF, 0xF7, 0x00, 0x00, 0x00, 0x00, 0x6F, 0xFF, 0xFF,
  0xF6, 0x00, 0x00, 0x00, 0x00, 0x1D, 0xFF, 0xFF, 0xD1, 0x00, 0x00, 0x00, 0x00, 0x02, 0xAE, 0xEA,
  0x20, 0x00, 0x00, 0x00, 0x00, 0x00, 0x01, 0x10, 0x00, 0x00, 0x00, 0x00, 0x00, 0x00, 0x01, 0x10,
  0x00, 0x00, 0x00, 0x00, 0x00, 0x00, 0x7D, 0xEB, 0x30, 0x00, 0x00, 0x00, 0x00, 0x08, 0xFF, 0xFF,
  0xE2, 0x00, 0x00, 0x00, 0x00, 0x1E, 0xFF, 0xFF, 0xF8, 0x00, 0x00, 0x00, 0x00, 0x2F, 0xFF, 0xFF,
  0xFA, 0x00, 0x00, 0x00, 0x00, 0x1E, 0xFF, 0xFF, 0xF7, 0x00, 0x00, 0x00, 0x00, 0x07, 0xFF, 0xFF,
  0xD1, 0x00, 0x00, 0x00, 0x00, 0x00, 0x6C, 0xD9, 0x20, 0x00, 0x00, 0x00, 0x00, 0x00, 0x00, 0x00,
  0x00, 0x00, 0x00, 0x00, 0x00, 0x00, 0x00, 0x00, 0x00, 0x00, 0x00, 0x00, 0x00, 0x00, 0x00, 0x00,
  0x00, 0x00, 0x00, 0x00, 0x00, 0x00, 0x00, 0x00, 0x00, 0x00, 0x00, 0x00, 0x00, 0x00, 0x00, 0x00,
  0x00, 0x00, 0x00, 0x00, 0x00, 0x00, 0x00, 0x00, 0x00, 0x00, 0x00, 0x00, 0x00, 0x00, 0x00, 0x00,
  0x00, 0x00, 0x00, 0x00, 0x00, 0x00, 0x00, 0x00, 0x00, 0x00, 0x00, 0x00, 0x00, 0x00, 0x00, 0x00,
  0x00, 0x00, 0x00, 0x00, 0x00, 0x00, 0x00, 0x00, 0x00, 0x00, 0x00, 0x00, 0x00, 0x09, 0xCC, 0xCC,
  0xB1, 0x00, 0x00, 0x00, 0x00, 0x1E, 0xFF, 0xFF, 0xC0, 0x00, 0x00, 0x00, 0x00, 0x2E, 0xFF, 0xFF,
  0x70, 0x00, 0x00, 0x00, 0x00, 0x3F, 0xFF, 0xFF, 0x30, 0x00, 0x00, 0x00, 0x00, 0x5F, 0xFF, 0xFD,
  0x10, 0x00, 0x00, 0x00, 0x00, 0x7F, 0xFF, 0xFA, 0x00, 0x00, 0x00, 0x00, 0x00, 0x9F, 0xFF, 0xF5,
  0x00, 0x00, 0x00, 0x00, 0x00, 0xBF, 0xFF, 0xE2, 0x00, 0x00, 0x00, 0x00, 0x01, 0xDF, 0xFF, 0xC0,
  0x00, 0x00, 0x00, 0x00, 0x01, 0xEF, 0xFF, 0x80, 0x00, 0x00, 0x00, 0x00, 0x03, 0xFF, 0xFF, 0x40,
  0x00, 0x00, 0x00, 0x00, 0x05, 0xFF, 0xFD, 0x10, 0x00, 0x00, 0x00, 0x00, 0x06, 0xEE, 0xE9, 0x00,
  0x00, 0x00, 0x00, 0x00, 0x01, 0x11, 0x10, 0x00, 0x00, 0x00, 0x00, 0x00, 0x00, 0x00, 0x00, 0x00,
  0x00, 0x00, 0x00, 0x00, 0x00, 0x00, 0x00, 0x00, 0x00, 0x00, 0x00, 0x00, 0x00, 0x00, 0x00, 0x00,
  0x00, 0x00, 0x00, 0x00, 0x00, 0x03, 0x91, 0x00, 0x00, 0x00, 0x00, 0x00, 0x00, 0x00, 0x00, 0x00,
  0x00, 0x00, 0x00, 0x04, 0xAF, 0xF2, 0x00, 0x00, 0x00, 0x00, 0x00, 0x00, 0x00, 0x00, 0x00, 0x00,
  0x00, 0x15, 0xBF, 0xFF, 0xF2, 0x00, 0x00, 0x00, 0x00, 0x00, 0x00, 0x00, 0x00, 0x00, 0x00, 0x17,
  0xDF, 0xFF, 0xFF, 0xF2, 0x00, 0x00, 0x00, 0x00, 0x00, 0x00, 0x00, 0x00, 0x00, 0x28, 0xEF, 0xFF,
  0xFF, 0xFF, 0xF2, 0x00, 0x00, 0x00, 0x00, 0x00, 0x00, 0x00, 0x00, 0x4A, 0xFF, 0xFF, 0xFF, 0xFF,
  0xFF, 0xF1, 0x00, 0x00, 0x00, 0x00, 0x00, 0x00, 0x01, 0x5B, 0xFF, 0xFF, 0xFF, 0xFF, 0xFF, 0xEA,
  0x40, 0x00, 0x00, 0x00, 0x00, 0x00, 0x01, 0x6C, 0xFF, 0xFF, 0xFF, 0xFF, 0xFF, 0xD8, 0x20, 0x00,
  0x00, 0x00, 0x00, 0x00, 0x02, 0x8D, 0xFF, 0xFF, 0xFF, 0xFF, 0xFF, 0xB5, 0x10, 0x00, 0x00, 0x00,
  0x00, 0x00, 0x00, 0x6E, 0xFF, 0xFF, 0xFF, 0xFF, 0xFD, 0x83, 0x00, 0x00, 0x00, 0x00, 0x00, 0x00,
  0x00, 0x00, 0x9F, 0xFF, 0xFF, 0xFF, 0xFB, 0x61, 0x00, 0x00, 0x00, 0x00, 0x00, 0x00, 0x00, 0x00,
  0x00, 0x9F, 0xFF, 0xFF, 0xF9, 0x20, 0x00, 0x00, 0x00, 0x00, 0x00, 0x00, 0x00, 0x00, 0x00, 0x00,
  0x9F, 0xFF, 0xFF, 0xFB, 0x51, 0x00, 0x00, 0x00, 0x00, 0x00, 0x00, 0x00, 0x00, 0x00, 0x00, 0x9F,
  0xFF, 0xFF, 0xFF, 0xFD, 0x83, 0x00, 0x00, 0x00, 0x00, 0x00, 0x00, 0x00, 0x00, 0x00, 0x5D, 0xFF,
  0xFF, 0xFF, 0xFF, 0xFE, 0xA5, 0x10, 0x00, 0x00, 0x00, 0x00, 0x00, 0x00, 0x00, 0x01, 0x6C, 0xFF,
  0xFF, 0xFF, 0xFF, 0xFF, 0xD7, 0x20, 0x00, 0x00, 0x00, 0x00, 0x00, 0x00, 0x00, 0x00, 0x4A, 0xFF,
  0xFF, 0xFF, 0xFF, 0xFF, 0xEA, 0x40, 0x00, 0x00, 0x00, 0x00, 0x00, 0x00, 0x00, 0x00, 0x39, 0xEF,
  0xFF, 0xFF, 0xFF, 0xFF, 0xFC, 0x70, 0x00, 0x00, 0x00, 0x00, 0x00, 0x00, 0x00, 0x00, 0x17, 0xDF,
  0xFF, 0xFF, 0xFF, 0xFF, 0xF2, 0x00, 0x00, 0x00, 0x00, 0x00, 0x00, 0x00, 0x00, 0x00, 0x16, 0xCF,
  0xFF, 0xFF, 0xFF, 0xF2, 0x00, 0x00, 0x00, 0x00, 0x00, 0x00, 0x00, 0x00, 0x00, 0x00, 0x04, 0xAF,
  0xFF, 0xFF, 0xF2, 0x00, 0x00, 0x00, 0x00, 0x00, 0x00, 0x00, 0x00, 0x00, 0x00, 0x00, 0x03, 0x9E,
  0xFF, 0xF2, 0x00, 0x00, 0x00, 0x00, 0x00, 0x00, 0x00, 0x00, 0x00, 0x00, 0x00, 0x00, 0x02, 0x7D,
  0xF2, 0x00, 0x00, 0x00, 0x00, 0x00, 0x00, 0x00, 0x00, 0x00, 0x00, 0x00, 0x00, 0x00, 0x01, 0x61,
  0x00, 0x00, 0x00, 0x00, 0x00, 0x00, 0x00, 0x00, 0x00, 0x00, 0x00, 0x00, 0x00, 0x00, 0x00, 0x00,
  0x00, 0x00, 0x00, 0x01, 0x11, 0x11, 0x11, 0x11, 0x11, 0x11, 0x11, 0x11, 0x11, 0x10, 0x00, 0x00,
  0x00, 0x00, 0x2E, 0xEE, 0xEE, 0xEE, 0xEE, 0xEE, 0xEE, 0xEE, 0xEE, 0xEE, 0xE2, 0x00, 0x00, 0x00,
  0x00, 0x2F, 0xFF, 0xFF, 0xFF, 0xFF, 0xFF, 0xFF, 0xFF, 0xFF, 0xFF, 0xF2, 0x00, 0x00, 0x00, 0x00,
  0x2F, 0xFF, 0xFF, 0xFF, 0xFF, 0xFF, 0xFF, 0xFF, 0xFF, 0xFF, 0xF2, 0x00, 0x00, 0x00, 0x00, 0x2F,
  0xFF, 0xFF, 0xFF, 0xFF, 0xFF, 0xFF, 0xFF, 0xFF, 0xFF, 0xF2, 0x00, 0x00, 0x00, 0x00, 0x2E, 0xEE,
  0xEE, 0xEE, 0xEE, 0xEE, 0xEE, 0xEE, 0xEE, 0xEE, 0xE2, 0x00, 0x00, 0x00, 0x00, 0x01, 0x11, 0x11,
  0x11, 0x11, 0x11, 0x11, 0x11, 0x11, 0x11, 0x10, 0x00, 0x00, 0x00, 0x00, 0x00, 0x00, 0x00, 0x00,
  0x00, 0x00, 0x00, 0x00, 0x00, 0x00, 0x00, 0x00, 0x00, 0x00, 0x00, 0x00, 0x00, 0x00, 0x00, 0x00,
  0x00, 0x00, 0x00, 0x00, 0x00, 0x00, 0x00, 0x00, 0x00, 0x00, 0x00, 0x00, 0x00, 0x00, 0x00, 0x00,
  0x00, 0x00, 0x00, 0x00, 0x00, 0x00, 0x00, 0x00, 0x00, 0x01, 0x11, 0x11, 0x11, 0x11, 0x11, 0x11,
  0x11, 0x11, 0x11, 0x10, 0x00, 0x00, 0x00, 0x00, 0x2E, 0xEE, 0xEE, 0xEE, 0xEE, 0xEE, 0xEE, 0xEE,
  0xEE, 0xEE, 0xE2, 0x00, 0x00, 0x00, 0x00, 0x2F, 0xFF, 0xFF, 0xFF, 0xFF, 0xFF, 0xFF, 0xFF, 0xFF,
  0xFF, 0xF2, 0x00, 0x00, 0x00, 0x00, 0x2F, 0xFF, 0xFF, 0xFF, 0xFF, 0xFF, 0xFF, 0xFF, 0xFF, 0xFF,
  0xF2, 0x00, 0x00, 0x00, 0x00, 0x2F, 0xFF, 0xFF, 0xFF, 0xFF, 0xFF, 0xFF, 0xFF, 0xFF, 0xFF, 0xF2,
  0x00, 0x00, 0x00, 0x00, 0x2E, 0xEE, 0xEE, 0xEE, 0xEE, 0xEE, 0xEE, 0xEE, 0xEE, 0xEE, 0xE2, 0x00,
  0x00, 0x00, 0x00, 0x01, 0x11, 0x11, 0x11, 0x11, 0x11, 0x11, 0x11, 0x11, 0x11, 0x10, 0x00, 0x00,
  0x00, 0x00, 0x00, 0x00, 0x00, 0x00, 0x00, 0x00, 0x00, 0x00, 0x00, 0x00, 0x00, 0x00, 0x00, 0x00,
  0x00, 0x00, 0x00, 0x00, 0x00, 0x00, 0x00, 0x00, 0x00, 0x00, 0x00, 0x00, 0x00, 0x00, 0x00, 0x00,
  0x00, 0x00, 0x00, 0x00, 0x00, 0x00, 0x00, 0x00, 0x00, 0x00, 0x00, 0x00, 0x00, 0x00, 0x00, 0x00,
  0x00, 0x00, 0x00, 0x00, 0x00, 0x00, 0x00, 0x00, 0x00, 0x00, 0x00, 0x00, 0x00, 0x00, 0x00, 0x00,
  0x00, 0x00, 0x00, 0x00, 0x00, 0x00, 0x00, 0x00, 0x00, 0x00, 0x00, 0x00, 0x00, 0x00, 0x00, 0x00,
  0x00, 0x00, 0x00, 0x00, 0x00, 0x00, 0x00, 0x00, 0x00, 0x00, 0x00, 0x00, 0x19, 0x30, 0x00, 0x00,
  0x00, 0x00, 0x00, 0x00, 0x00, 0x00, 0x00, 0x00, 0x00, 0x00, 0x00, 0x2F, 0xFA, 0x40, 0x00, 0x00,
  0x00, 0x00, 0x00, 0x00, 0x00, 0x00, 0x00, 0x00, 0x00, 0x00, 0x2F, 0xFF, 0xFB, 0x51, 0x00, 0x00,
  0x00, 0x00, 0x00, 0x00, 0x00, 0x00, 0x00, 0x00, 0x00, 0x2F, 0xFF, 0xFF, 0xFD, 0x71, 0x00, 0x00,
  0x00, 0x00, 0x00, 0x00, 0x00, 0x00, 0x00, 0x00, 0x2F, 0xFF, 0xFF, 0xFF, 0xFE, 0x82, 0x00, 0x00,
  0x00, 0x00, 0x00, 0x00, 0x00, 0x00, 0x00, 0x1F, 0xFF, 0xFF, 0xFF, 0xFF, 0xFF, 0xA4, 0x00, 0x00,
  0x00, 0x00, 0x00, 0x00, 0x00, 0x00, 0x04, 0xAE, 0xFF, 0xFF, 0xFF, 0xFF, 0xFF, 0xB5, 0x10, 0x00,
  0x00, 0x00, 0x00, 0x00, 0x00, 0x00, 0x02, 0x7D, 0xFF, 0xFF, 0xFF, 0xFF, 0xFF, 0xC6, 0x10, 0x00,
  0x00, 0x00, 0x00, 0x00, 0x00, 0x00, 0x01, 0x5B, 0xFF, 0xFF, 0xFF, 0xFF, 0xFF, 0xD8, 0x20, 0x00,
  0x00, 0x00, 0x00, 0x00, 0x00, 0x00, 0x00, 0x38, 0xDF, 0xFF, 0xFF, 0xFF, 0xFF, 0xE6, 0x00, 0x00,
  0x00, 0x00, 0x00, 0x00, 0x00, 0x00, 0x00, 0x15, 0xBF, 0xFF, 0xFF, 0xFF, 0xF9, 0x00, 0x00, 0x00,
  0x00, 0x00, 0x00, 0x00, 0x00, 0x00, 0x00, 0x02, 0x9F, 0xFF, 0xFF, 0xF9, 0x00, 0x00, 0x00, 0x00,
  0x00, 0x00, 0x00, 0x00, 0x00, 0x00, 0x15, 0xAF, 0xFF, 0xFF, 0xF9, 0x00, 0x00, 0x00, 0x00, 0x00,
  0x00, 0x00, 0x00, 0x00, 0x28, 0xDF, 0xFF, 0xFF, 0xFF, 0xF9, 0x00, 0x00, 0x00, 0x00, 0x00, 0x00,
  0x00, 0x00, 0x5A, 0xEF, 0xFF, 0xFF, 0xFF, 0xFF, 0xD5, 0x00, 0x00, 0x00, 0x00, 0x00, 0x00, 0x02,
  0x7D, 0xFF, 0xFF, 0xFF, 0xFF, 0xFF, 0xC6, 0x10, 0x00, 0x00, 0x00, 0x00, 0x00, 0x04, 0xAE, 0xFF,
  0xFF, 0xFF, 0xFF, 0xFF, 0xA4, 0x00, 0x00, 0x00, 0x00, 0x00, 0x00, 0x07, 0xCF, 0xFF, 0xFF, 0xFF,
  0xFF, 0xFE, 0x93, 0x00, 0x00, 0x00, 0x00, 0x00, 0x00, 0x00, 0x2F, 0xFF, 0xFF, 0xFF, 0xFF, 0xFD,
  0x71, 0x00, 0x00, 0x00, 0x00, 0x00, 0x00, 0x00, 0x00, 0x2F, 0xFF, 0xFF, 0xFF, 0xFC, 0x61, 0x00,
  0x00, 0x00, 0x00, 0x00, 0x00, 0x00, 0x00, 0x00, 0x2F, 0xFF, 0xFF, 0xFA, 0x40, 0x00, 0x00, 0x00,
  0x00, 0x00, 0x00, 0x00, 0x00, 0x00, 0x00, 0x2F, 0xFF, 0xE9, 0x30, 0x00, 0x00, 0x00, 0x00, 0x00,
  0x00, 0x00, 0x00, 0x00, 0x00, 0x00, 0x2F, 0xD7, 0x20, 0x00, 0x00, 0x00, 0x00, 0x00, 0x00, 0x00,
  0x00, 0x00, 0x00, 0x00, 0x00, 0x16, 0x10, 0x00, 0x00, 0x00, 0x00, 0x00, 0x00, 0x00, 0x00, 0x00,
  0x00, 0x00, 0x00, 0x00, 0x00, 0x00, 0x00, 0x00, 0x00, 0x00, 0x00, 0x00, 0x00, 0x00, 0x00, 0x00,
  0x00, 0x00, 0x00, 0x00, 0x00, 0x00, 0x01, 0x10, 0x00, 0x00, 0x00, 0x00, 0x00, 0x00, 0x00, 0x00,
  0x00, 0x26, 0xAC, 0xDE, 0xDC, 0x95, 0x10, 0x00, 0x00, 0x00, 0x00, 0x00, 0x01, 0x8E, 0xFF, 0xFF,
  0xFF, 0xFF, 0xFD, 0x60, 0x00, 0x00, 0x00, 0x00, 0x01, 0xCF, 0xFF, 0xFF, 0xFF, 0xFF, 0xFF, 0xFF,
  0xA1, 0x00, 0x00, 0x00, 0x01, 0xCF, 0xFF, 0xFF, 0xFF, 0xFF, 0xFF, 0xFF, 0xFF, 0xA0, 0x00, 0x00,
  0x00, 0x7F, 0xFF, 0xFF, 0xFF, 0xFE, 0xFF, 0xFF, 0xFF, 0xFF, 0x50, 0x00, 0x00, 0x1D, 0xFF, 0xFF,
  0xFE, 0x72, 0x13, 0xAF, 0xFF, 0xFF, 0xFB, 0x00, 0x00, 0x04, 0xFF, 0xFF, 0xFF, 0x50, 0x00, 0x00,
  0xAF, 0xFF, 0xFF, 0xE2, 0x00, 0x00, 0x7F, 0xFF, 0xFF, 0xB0, 0x00, 0x00, 0x03, 0xFF, 0xFF, 0xFF,
  0x40, 0x00, 0x06, 0xCC, 0xCC, 0xC6, 0x00, 0x00, 0x00, 0x1E, 0xFF, 0xFF, 0xF4, 0x00, 0x00, 0x01,
  0x00, 0x01, 0x00, 0x00, 0x00, 0x02, 0xFF, 0xFF, 0xFF, 0x30, 0x00, 0x00, 0x00, 0x00, 0x00, 0x00,
  0x00, 0x00, 0x8F, 0xFF, 0xFF, 0xE1, 0x00, 0x00, 0x00, 0x00, 0x00, 0x00, 0x00, 0x00, 0x5F, 0xFF,
  0xFF, 0xFB, 0x00, 0x00, 0x00, 0x00, 0x00, 0x00, 0x00, 0x00, 0x6F, 0xFF, 0xFF, 0xFF, 0x40, 0x00,
  0x00, 0x00, 0x00, 0x00, 0x00, 0x01, 0x9F, 0xFF, 0xFF, 0xFF, 0x80, 0x00, 0x00, 0x00, 0x00, 0x00,
  0x00, 0x01, 0xCF, 0xFF, 0xFF, 0xFF, 0x90, 0x00, 0x00, 0x00, 0x00, 0x00, 0x00, 0x00, 0xBF, 0xFF,
  0xFF, 0xFE, 0x70, 0x00, 0x00, 0x00, 0x00, 0x00, 0x00, 0x00, 0x4F, 0xFF, 0xFF, 0xFC, 0x30, 0x00,
  0x00, 0x00, 0x00, 0x00, 0x00, 0x00, 0x09, 0xFF, 0xFF, 0xFC, 0x10, 0x00, 0x00, 0x00, 0x00, 0x00,
  0x00, 0x00, 0x00, 0xCF, 0xFF, 0xFE, 0x20, 0x00, 0x00, 0x00, 0x00, 0x00, 0x00, 0x00, 0x00, 0x0D,
  0xFF, 0xFF, 0xA0, 0x00, 0x00, 0x00, 0x00, 0x00, 0x00, 0x00, 0x00, 0x01, 0xEF, 0xFF, 0xF8, 0x00,
  0x00, 0x00, 0x00, 0x00, 0x00, 0x00, 0x00, 0x00, 0x1D, 0xDD, 0xDE, 0x70, 0x00, 0x00, 0x00, 0x00,
  0x00, 0x00, 0x00, 0x00, 0x00, 0x11, 0x11, 0x11, 0x00, 0x00, 0x00, 0x00, 0x00, 0x00, 0x00, 0x00,
  0x00, 0x00, 0x00, 0x00, 0x00, 0x00, 0x00, 0x00, 0x00, 0x00, 0x00, 0x00, 0x00, 0x00, 0x01, 0x22,
  0x00, 0x00, 0x00, 0x00, 0x00, 0x00, 0x00, 0x00, 0x00, 0x00, 0x07, 0xDF, 0xEB, 0x20, 0x00, 0x00,
  0x00, 0x00, 0x00, 0x00, 0x00, 0x00, 0x06, 0xFF, 0xFF, 0xFD, 0x10, 0x00, 0x00, 0x00, 0x00, 0x00,
  0x00, 0x00, 0x00, 0xDF, 0xFF, 0xFF, 0xF6, 0x00, 0x00, 0x00, 0x00, 0x00, 0x00, 0x00, 0x00, 0x1E,
  0xFF, 0xFF, 0xFF, 0x70, 0x00, 0x00, 0x00, 0x00, 0x00, 0x00, 0x00, 0x00, 0xCF, 0xFF, 0xFF, 0xF5,
  0x00, 0x00, 0x00, 0x00, 0x00, 0x00, 0x00, 0x00, 0x05, 0xFF, 0xFF, 0xFC, 0x10, 0x00, 0x00, 0x00,
  0x00, 0x00, 0x00, 0x00, 0x00, 0x05, 0xBE, 0xD9, 0x10, 0x00, 0x00, 0x00, 0x00, 0x00, 0x00, 0x00,
  0x00, 0x00, 0x00, 0x10, 0x00, 0x00, 0x00, 0x00, 0x00, 0x00, 0x00, 0x00, 0x00, 0x00, 0x00, 0x00,
  0x00, 0x00, 0x00, 0x00, 0x01, 0x11, 0x00, 0x00, 0x00, 0x00, 0x00, 0x00, 0x00, 0x00, 0x00, 0x00,
  0x00, 0x00, 0x00, 0x00, 0x00, 0x00, 0x00, 0x00, 0x14, 0x79, 0xBD, 0xDE, 0xED, 0xCA, 0x85, 0x20,
  0x00, 0x00, 0x00, 0x00, 0x00, 0x00, 0x00, 0x00, 0x00, 0x00, 0x00, 0x00, 0x00, 0x03, 0x9D, 0xFF,
  0xFF, 0xFF, 0xFF, 0xFF, 0xFF, 0xFE, 0xB5, 0x00, 0x00, 0x00, 0x00, 0x00, 0x00, 0x00, 0x00, 0x00,
  0x00, 0x00, 0x00, 0x3A, 0xFF, 0xFF, 0xFF, 0xFF, 0xFF, 0xFF, 0xFF, 0xFF, 0xFF, 0xFC, 0x50, 0x00,
  0x00, 0x00, 0x00, 0x00, 0x00, 0x00, 0x00, 0x00, 0x00, 0x7F, 0xFF, 0xFF, 0xFF, 0xFF, 0xFF, 0xFF,
  0xFF, 0xFF, 0xFF, 0xFF, 0xFF, 0xB2, 0x00, 0x00, 0x00, 0x00, 0x00, 0x00, 0x00, 0x00, 0x01, 0xAF,
  0xFF, 0xFF, 0xFF, 0xFF, 0xFF, 0xEE, 0xEE, 0xFF, 0xFF, 0xFF, 0xFF, 0xFF, 0xD3, 0x00, 0x00, 0x00,
  0x00, 0x00, 0x00, 0x00, 0x01, 0xBF, 0xFF, 0xFF, 0xFF, 0xEA, 0x74, 0x21, 0x11, 0x12, 0x47, 0xBE,
  0xFF, 0xFF, 0xFF, 0xE4, 0x00, 0x00, 0x00, 0x00, 0x00, 0x00, 0x00, 0xAF, 0xFF, 0xFF, 0xFD, 0x72,
  0x00, 0x00, 0x00, 0x00, 0x00, 0x00, 0x28, 0xEF, 0xFF, 0xFF, 0xE2, 0x00, 0x00, 0x00, 0x00, 0x00,
  0x00, 0x7F, 0xFF, 0xFF, 0xF9, 0x10, 0x00, 0x00, 0x00, 0x00, 0x00, 0x00, 0x00, 0x03, 0xBF, 0xFF,
  0xFF, 0xC1, 0x00, 0x00, 0x00, 0x00, 0x00, 0x2E, 0xFF, 0xFF, 0xF6, 0x00, 0x00, 0x00, 0x00, 0x00,
  0x00, 0x00, 0x00, 0x00, 0x00, 0xAF, 0xFF, 0xFF, 0x70, 0x00, 0x00, 0x00, 0x00, 0x09, 0xFF, 0xFF,
  0xF6, 0x00, 0x00, 0x00, 0x48, 0xAB, 0xB8, 0x40, 0x03, 0x54, 0x52, 0x00, 0xBF, 0xFF, 0xFE, 0x20,
  0x00, 0x00, 0x00, 0x02, 0xFF, 0xFF, 0xF9, 0x00, 0x00, 0x04, 0xCF, 0xFF, 0xFF, 0xFF, 0xA1, 0xBF,
  0xFF, 0x80, 0x02, 0xEF, 0xFF, 0xF8, 0x00, 0x00, 0x00, 0x00, 0x8F, 0xFF, 0xFD, 0x10, 0x00, 0x06,
  0xFF, 0xFF, 0xFF, 0xFF, 0xFF, 0xAB, 0xFE, 0xF7, 0x00, 0x08, 0xFF, 0xFF, 0xD1, 0x00, 0x00, 0x00,
  0x0D, 0xFF, 0xFF, 0x70, 0x00, 0x04, 0xFF, 0xFF, 0xFF, 0xFF, 0xFF, 0xFF, 0xFF, 0xFF, 0x70, 0x00,
  0x2E, 0xFF, 0xFF, 0x40, 0x00, 0x00, 0x03, 0xFF, 0xFF, 0xE2, 0x00, 0x01, 0xDF, 0xFF, 0xFF, 0xFF,
  0xFF, 0xFF, 0xFF, 0xFF, 0xF7, 0x00, 0x00, 0xAF, 0xFF, 0xF7, 0x00, 0x00, 0x00, 0x6F, 0xFF, 0xFB,
  0x00, 0x00, 0x7F, 0xFF, 0xFF, 0xB6, 0x33, 0x5A, 0xFF, 0xFF, 0xFF, 0x70, 0x00, 0x07, 0xFF, 0xFF,
  0xA0, 0x00, 0x00, 0x09, 0xFF, 0xFF, 0x70, 0x00, 0x0C, 0xFF, 0xFF, 0x80, 0x00, 0x00, 0x05, 0xFF,
  0xFF, 0xF7, 0x00, 0x00, 0x4F, 0xFF, 0xFC, 0x00, 0x00, 0x00, 0xBF, 0xFF, 0xF5, 0x00, 0x02, 0xFF,
  0xFF, 0xB0, 0x00, 0x00, 0x00, 0x09, 0xFF, 0xFF, 0x70, 0x00, 0x02, 0xFF, 0xFF, 0xD1, 0x00, 0x00,
  0x0C, 0xFF, 0xFF, 0x30, 0x00, 0x5F, 0xFF, 0xF5, 0x00, 0x00, 0x00, 0x00, 0x4F, 0xFF, 0xF7, 0x00,
  0x00, 0x1E, 0xFF, 0xFE, 0x10, 0x00, 0x01, 0xDF, 0xFF, 0xE2, 0x00, 0x07, 0xFF, 0xFF, 0x20, 0x00,
  0x00, 0x00, 0x02, 0xFF, 0xFF, 0x70, 0x00, 0x01, 0xEF, 0xFF, 0xE1, 0x00, 0x00, 0x1E, 0xFF, 0xFE,
  0x10, 0x00, 0x7F, 0xFF, 0xE1, 0x00, 0x00, 0x00, 0x00, 0x1E, 0xFF, 0xF7, 0x00, 0x00, 0x1E, 0xFF,
  0xFD, 0x10, 0x00, 0x01, 0xEF, 0xFF, 0xE1, 0x00, 0x07, 0xFF, 0xFE, 0x10, 0x00, 0x00, 0x00, 0x01,
  0xEF, 0xFF, 0x70, 0x00, 0x02, 0xEF, 0xFF, 0xC0, 0x00, 0x00, 0x1E, 0xFF, 0xFE, 0x10, 0x00, 0x6F,
  0xFF, 0xF3, 0x00, 0x00, 0x00, 0x00, 0x3F, 0xFF, 0xF7, 0x00, 0x00, 0x3F, 0xFF, 0xFA, 0x00, 0x00,
  0x00, 0xDF, 0xFF, 0xF3, 0x00, 0x04, 0xFF, 0xFF, 0x60, 0x00, 0x00, 0x00, 0x05, 0xFF, 0xFF, 0x70,
  0x00, 0x05, 0xFF, 0xFF, 0x80, 0x00, 0x00, 0x0C, 0xFF, 0xFF, 0x40, 0x00, 0x2E, 0xFF, 0xFC, 0x00,
  0x00, 0x00, 0x00, 0xBF, 0xFF, 0xF7, 0x00, 0x00, 0x7F, 0xFF, 0xF5, 0x00, 0x00, 0x00, 0xAF, 0xFF,
  0xF7, 0x00, 0x00, 0xBF, 0xFF, 0xF9, 0x00, 0x00, 0x00, 0x7F, 0xFF, 0xFF, 0x80, 0x10, 0x0C, 0xFF,
  0xFE, 0x20, 0x00, 0x00, 0x08, 0xFF, 0xFF, 0xA0, 0x00, 0x05, 0xFF, 0xFF, 0xFB, 0x63, 0x36, 0xBF,
  0xFF, 0xFF, 0xFC, 0x10, 0x18, 0xFF, 0xFF, 0xA0, 0x00, 0x00, 0x00, 0x5F, 0xFF, 0xFE, 0x10, 0x00,
  0x0C, 0xFF, 0xFF, 0xFF, 0xFF, 0xFF, 0xFF, 0xFF, 0xFF, 0xFD, 0xAC, 0xFF, 0xFF, 0xF3, 0x00, 0x00,
  0x00, 0x01, 0xEF, 0xFF, 0xF6, 0x00, 0x00, 0x3E, 0xFF, 0xFF, 0xFF, 0xFF, 0xFF, 0xF7, 0xEF, 0xFF,
  0xFF, 0xFF, 0xFF, 0xF7, 0x00, 0x00, 0x00, 0x00, 0x0A, 0xFF, 0xFF, 0xD0, 0x00, 0x00, 0x3D, 0xFF,
  0xFF, 0xFF, 0xFF, 0xF9, 0x07, 0xFF, 0xFF, 0xFF, 0xFF, 0xF8, 0x00, 0x00, 0x00, 0x00, 0x00, 0x5F,
  0xFF, 0xFF, 0x80, 0x00, 0x00, 0x18, 0xDF, 0xFF, 0xFF, 0xC5, 0x00, 0x06, 0xCF, 0xFF, 0xFE, 0xC5,
  0x00, 0x00, 0x00, 0x00, 0x00, 0x00, 0xCF, 0xFF, 0xFF, 0x50, 0x00, 0x00, 0x01, 0x35, 0x55, 0x30,
  0x00, 0x00, 0x00, 0x35, 0x55, 0x30, 0x00, 0x00, 0x00, 0x00, 0x00, 0x00, 0x05, 0xFF, 0xFF, 0xFE,
  0x50, 0x00, 0x00, 0x00, 0x00, 0x00, 0x00, 0x00, 0x00, 0x00, 0x00, 0x00, 0x00, 0x00, 0x00, 0x00,
  0x00, 0x00, 0x00, 0x0A, 0xFF, 0xFF, 0xFF, 0x81, 0x00, 0x00, 0x00, 0x00, 0x00, 0x00, 0x00, 0x00,
  0x00, 0x00, 0x00, 0x00, 0x00, 0x00, 0x00, 0x00, 0x00, 0x00, 0x1D, 0xFF, 0xFF, 0xFF, 0xD6, 0x10,
  0x00, 0x00, 0x00, 0x00, 0x00, 0x01, 0x44, 0x00, 0x00, 0x00, 0x00, 0x00, 0x00, 0x00, 0x00, 0x00,
  0x00, 0x2D, 0xFF, 0xFF, 0xFF, 0xFE, 0xA7, 0x42, 0x11, 0x11, 0x24, 0x69, 0xDF, 0xD0, 0x00, 0x00,
  0x00, 0x00, 0x00, 0x00, 0x00, 0x00, 0x00, 0x00, 0x2C, 0xFF, 0xFF, 0xFF, 0xFF, 0xFF, 0xFE, 0xEE,
  0xEF, 0xFF, 0xFF, 0xFF, 0x40, 0x00, 0x00, 0x00, 0x00, 0x00, 0x00, 0x00, 0x00, 0x00, 0x00, 0x1A,
  0xFF, 0xFF, 0xFF, 0xFF, 0xFF, 0xFF, 0xFF, 0xFF, 0xFF, 0xFF, 0xF9, 0x00, 0x00, 0x00, 0x00, 0x00,
  0x00, 0x00, 0x00, 0x00, 0x00, 0x00, 0x04, 0xCF, 0xFF, 0xFF, 0xFF, 0xFF, 0xFF, 0xFF, 0xFF, 0xFF,
  0xFF, 0xD1, 0x00, 0x00, 0x00, 0x00, 0x00, 0x00, 0x00, 0x00, 0x00, 0x00, 0x00, 0x00, 0x4A, 0xEF,
  0xFF, 0xFF, 0xFF, 0xFF, 0xFF, 0xFF, 0xFD, 0x83, 0x00, 0x00, 0x00, 0x00, 0x00, 0x00, 0x00, 0x00,
  0x00, 0x00, 0x00, 0x00, 0x00, 0x01, 0x47, 0x9B, 0xDD, 0xEE, 0xDC, 0xA8, 0x63, 0x00, 0x00, 0x00,
  0x00, 0x00, 0x00, 0x00, 0x00, 0x00, 0x00, 0x00, 0x00, 0x00, 0x00, 0x00, 0x00, 0x00, 0x00, 0x11,
  0x10, 0x00, 0x00, 0x00, 0x00, 0x00, 0x00, 0x00, 0x00, 0x00, 0x00, 0x00, 0x00, 0x00, 0x00, 0x00,
  0x00, 0x00, 0x00, 0x00, 0x00, 0x00, 0x00, 0x00, 0x00, 0x00, 0x00, 0x00, 0x00, 0x00, 0x00, 0x00,
  0x00, 0x00, 0x5B, 0xAA, 0xAA, 0xAB, 0xA2, 0x00, 0x00, 0x00, 0x00, 0x00, 0x00, 0x00, 0x00, 0x00,
  0x00, 0x00, 0x00, 0xCF, 0xFF, 0xFF, 0xFF, 0xF6, 0x00, 0x00, 0x00, 0x00, 0x00, 0x00, 0x00, 0x00,
  0x00, 0x00, 0x00, 0x02, 0xEF, 0xFF, 0xFF, 0xFF, 0xFB, 0x00, 0x00, 0x00, 0x00, 0x00, 0x00, 0x00,
  0x00, 0x00, 0x00, 0x00, 0x07, 0xFF, 0xFF, 0xFF, 0xFF, 0xFE, 0x20, 0x00, 0x00, 0x00, 0x00, 0x00,
  0x00, 0x00, 0x00, 0x00, 0x00, 0x0C, 0xFF, 0xFF, 0xFF, 0xFF, 0xFF, 0x60, 0x00, 0x00, 0x00, 0x00,
  0x00, 0x00, 0x00, 0x00, 0x00, 0x00, 0x3F, 0xFF, 0xFF, 0xEF, 0xFF, 0xFF, 0xB0, 0x00, 0x00, 0x00,
  0x00, 0x00, 0x00, 0x00, 0x00, 0x00, 0x00, 0x7F, 0xFF, 0xFF, 0x8C, 0xFF, 0xFF, 0xE2, 0x00, 0x00,
  0x00, 0x00, 0x00, 0x00, 0x00, 0x00, 0x00, 0x00, 0xCF, 0xFF, 0xFF, 0x3A, 0xFF, 0xFF, 0xF7, 0x00,
  0x00, 0x00, 0x00, 0x00, 0x00, 0x00, 0x00, 0x00, 0x03, 0xFF, 0xFF, 0xFE, 0x07, 0xFF, 0xFF, 0xFC,
  0x00, 0x00, 0x00, 0x00, 0x00, 0x00, 0x00, 0x00, 0x00, 0x07, 0xFF, 0xFF, 0xFB, 0x03, 0xFF, 0xFF,
  0xFF, 0x30, 0x00, 0x00, 0x00, 0x00, 0x00, 0x00, 0x00, 0x00, 0x0C, 0xFF, 0xFF, 0xF7, 0x01, 0xDF,
  0xFF, 0xFF, 0x70, 0x00, 0x00, 0x00, 0x00, 0x00, 0x00, 0x00, 0x00, 0x3F, 0xFF, 0xFF, 0xF4, 0x00,
  0xAF, 0xFF, 0xFF, 0xC0, 0x00, 0x00, 0x00, 0x00, 0x00, 0x00, 0x00, 0x00, 0x7F, 0xFF, 0xFF, 0xD1,
  0x00, 0x6F, 0xFF, 0xFF, 0xF3, 0x00, 0x00, 0x00, 0x00, 0x00, 0x00, 0x00, 0x00, 0xCF, 0xFF, 0xFF,
  0xA0, 0x00, 0x2E, 0xFF, 0xFF, 0xF8, 0x00, 0x00, 0x00, 0x00, 0x00, 0x00, 0x00, 0x03, 0xFF, 0xFF,
  0xFF, 0x60, 0x00, 0x0C, 0xFF, 0xFF, 0xFD, 0x00, 0x00, 0x00, 0x00, 0x00, 0x00, 0x00, 0x07, 0xFF,
  0xFF, 0xFF, 0x30, 0x00, 0x08, 0xFF, 0xFF, 0xFF, 0x40, 0x00, 0x00, 0x00, 0x00, 0x00, 0x00, 0x0C,
  0xFF, 0xFF, 0xFC, 0x00, 0x00, 0x04, 0xFF, 0xFF, 0xFF, 0x80, 0x00, 0x00, 0x00, 0x00, 0x00, 0x00,
  0x3F, 0xFF, 0xFF, 0xF8, 0x00, 0x00, 0x01, 0xDF, 0xFF, 0xFF, 0xD0, 0x00, 0x00, 0x00, 0x00, 0x00,
  0x00, 0x8F, 0xFF, 0xFF, 0xF3, 0x00, 0x00, 0x00, 0x8F, 0xFF, 0xFF, 0xF4, 0x00, 0x00, 0x00, 0x00,
  0x00, 0x00, 0xCF, 0xFF, 0xFF, 0xFA, 0x99, 0x99, 0x99, 0xBF, 0xFF, 0xFF, 0xF9, 0x00, 0x00, 0x00,
  0x00, 0x00, 0x03, 0xFF, 0xFF, 0xFF, 0xFF, 0xFF, 0xFF, 0xFF, 0xFF, 0xFF, 0xFF, 0xFD, 0x10, 0x00,
  0x00, 0x00, 0x00, 0x08, 0xFF, 0xFF, 0xFF, 0xFF, 0xFF, 0xFF, 0xFF, 0xFF, 0xFF, 0xFF, 0xFF, 0x50,
  0x00, 0x00, 0x00, 0x00, 0x0C, 0xFF, 0xFF, 0xFF, 0xFF, 0xFF, 0xFF, 0xFF, 0xFF, 0xFF, 0xFF, 0xFF,
  0x90, 0x00, 0x00, 0x00, 0x00, 0x3F, 0xFF, 0xFF, 0xFF, 0xFF, 0xFF, 0xFF, 0xFF, 0xFF, 0xFF, 0xFF,
  0xFF, 0xE1, 0x00, 0x00, 0x00, 0x00, 0x8F, 0xFF, 0xFF, 0xF8, 0x66, 0x66, 0x66, 0x66, 0x66, 0xBF,
  0xFF, 0xFF, 0xF5, 0x00, 0x00, 0x00, 0x00, 0xCF, 0xFF, 0xFF, 0xE1, 0x00, 0x00, 0x00, 0x00, 0x00,
  0x4F, 0xFF, 0xFF, 0xFA, 0x00, 0x00, 0x00, 0x03, 0xFF, 0xFF, 0xFF, 0xA0, 0x00, 0x00, 0x00, 0x00,
  0x00, 0x1D, 0xFF, 0xFF, 0xFE, 0x10, 0x00, 0x00, 0x08, 0xFF, 0xFF, 0xFF, 0x60, 0x00, 0x00, 0x00,
  0x00, 0x00, 0x09, 0xFF, 0xFF, 0xFF, 0x60, 0x00, 0x00, 0x0D, 0xFF, 0xFF, 0xFE, 0x20, 0x00, 0x00,
  0x00, 0x00, 0x00, 0x04, 0xFF, 0xFF, 0xFF, 0xA0, 0x00, 0x00, 0x3F, 0xFF, 0xFF, 0xFB, 0x00, 0x00,
  0x00, 0x00, 0x00, 0x00, 0x01, 0xDF, 0xFF, 0xFF, 0xE1, 0x00, 0x00, 0x9F, 0xFF, 0xFF, 0xF7, 0x00,
  0x00, 0x00, 0x00, 0x00, 0x00, 0x00, 0xAF, 0xFF, 0xFF, 0xF7, 0x00, 0x00, 0x9B, 0xAA, 0xAA, 0xA2,
  0x00, 0x00, 0x00, 0x00, 0x00, 0x00, 0x00, 0x4B, 0xAA, 0xAA, 0xB7, 0x00, 0x00, 0x00, 0x00, 0x00,
  0x00, 0x00, 0x00, 0x00, 0x00, 0x00, 0x00, 0x00, 0x00, 0x00, 0x00, 0x00, 0x00, 0x00, 0x00, 0x00,
  0x00, 0x00, 0x00, 0x00, 0x00, 0x00, 0x00, 0x00, 0x00, 0x00, 0x00, 0x00, 0x00, 0x01, 0xCD, 0xDD,
  0xDD, 0xDD, 0xDD, 0xDD, 0xCC, 0xB8, 0x51, 0x00, 0x00, 0x00, 0x00, 0x00, 0x01, 0xFF, 0xFF, 0xFF,
  0xFF, 0xFF, 0xFF, 0xFF, 0xFF, 0xFD, 0x70, 0x00, 0x00, 0x00, 0x00, 0x01, 0xEF, 0xFF, 0xFF, 0xFF,
  0xFF, 0xFF, 0xFF, 0xFF, 0xFF, 0xFB, 0x10, 0x00, 0x00, 0x00, 0x01, 0xEF, 0xFF, 0xFF, 0xFF, 0xFF,
  0xFF, 0xFF, 0xFF, 0xFF, 0xFF, 0xB0, 0x00, 0x00, 0x00, 0x01, 0xEF, 0xFF, 0xFF, 0xEE, 0xEE, 0xEE,
  0xFF, 0xFF, 0xFF, 0xFF, 0xF6, 0x00, 0x00, 0x00, 0x01, 0xEF, 0xFF, 0xFF, 0x51, 0x11, 0x11, 0x25,
  0xCF, 0xFF, 0xFF, 0xFC, 0x00, 0x00, 0x00, 0x01, 0xEF, 0xFF, 0xFF, 0x40, 0x00, 0x00, 0x00, 0x1C,
  0xFF, 0xFF, 0xFF, 0x20, 0x00, 0x00, 0x01, 0xEF, 0xFF, 0xFF, 0x40, 0x00, 0x00, 0x00, 0x04, 0xFF,
  0xFF, 0xFF, 0x40, 0x00, 0x00, 0x01, 0xEF, 0xFF, 0xFF, 0x40, 0x00, 0x00, 0x00, 0x01, 0xEF, 0xFF,
  0xFF, 0x40, 0x00, 0x00, 0x01, 0xEF, 0xFF, 0xFF, 0x40, 0x00, 0x00, 0x00, 0x01, 0xEF, 0xFF, 0xFF,
  0x20, 0x00, 0x00, 0x01, 0xEF, 0xFF, 0xFF, 0x40, 0x00, 0x00, 0x00, 0x05, 0xFF, 0xFF, 0xFC, 0x00,
  0x00, 0x00, 0x01, 0xEF, 0xFF, 0xFF, 0x40, 0x00, 0x00, 0x00, 0x2D, 0xFF, 0xFF, 0xF5, 0x00, 0x00,
  0x00, 0x01, 0xEF, 0xFF, 0xFF, 0x51, 0x11, 0x11, 0x37, 0xEF, 0xFF, 0xFF, 0x90, 0x00, 0x00, 0x00,
  0x01, 0xEF, 0xFF, 0xFF, 0xEE, 0xEE, 0xEE, 0xFF, 0xFF, 0xFF, 0xE7, 0x00, 0x00, 0x00, 0x00, 0x01,
  0xEF, 0xFF, 0xFF, 0xFF, 0xFF, 0xFF, 0xFF, 0xFF, 0xE7, 0x10, 0x00, 0x00, 0x00, 0x00, 0x01, 0xEF,
  0xFF, 0xFF, 0xFF, 0xFF, 0xFF, 0xFF, 0xFF, 0xFD, 0xA5, 0x00, 0x00, 0x00, 0x00, 0x01, 0xEF, 0xFF,
  0xFF, 0xFF, 0xFF, 0xFF, 0xFF, 0xFF, 0xFF, 0xFF, 0x90, 0x00, 0x00, 0x00, 0x01, 0xEF, 0xFF, 0xFF,
  0xA7, 0x87, 0x77, 0x8A, 0xEF, 0xFF, 0xFF, 0xF9, 0x00, 0x00, 0x00, 0x01, 0xEF, 0xFF, 0xFF, 0x30,
  0x00, 0x00, 0x00, 0x2A, 0xFF, 0xFF, 0xFF, 0x40, 0x00, 0x00, 0x01, 0xEF, 0xFF, 0xFF, 0x40, 0x00,
  0x00, 0x00, 0x00, 0xBF, 0xFF, 0xFF, 0xB0, 0x00, 0x00, 0x01, 0xEF, 0xFF, 0xFF, 0x40, 0x00, 0x00,
  0x00, 0x00, 0x4F, 0xFF, 0xFF, 0xE1, 0x00, 0x00, 0x01, 0xEF, 0xFF, 0xFF, 0x40, 0x00, 0x00, 0x00,
  0x00, 0x1E, 0xFF, 0xFF, 0xF4, 0x00, 0x00, 0x01, 0xEF, 0xFF, 0xFF, 0x40, 0x00, 0x00, 0x00, 0x00,
  0x1E, 0xFF, 0xFF, 0xF4, 0x00, 0x00, 0x01, 0xEF, 0xFF, 0xFF, 0x40, 0x00, 0x00, 0x00, 0x00, 0x5F,
  0xFF, 0xFF, 0xF3, 0x00, 0x00, 0x01, 0xEF, 0xFF, 0xFF, 0x40, 0x00, 0x00, 0x00, 0x01, 0xCF, 0xFF,
  0xFF, 0xE1, 0x00, 0x00, 0x01, 0xEF, 0xFF, 0xFF, 0x51, 0x11, 0x11, 0x13, 0x7D, 0xFF, 0xFF, 0xFF,
  0xB0, 0x00, 0x00, 0x01, 0xEF, 0xFF, 0xFF, 0xEE, 0xEE, 0xEE, 0xEF, 0xFF, 0xFF, 0xFF, 0xFF, 0x40,
  0x00, 0x00, 0x01, 0xEF, 0xFF, 0xFF, 0xFF, 0xFF, 0xFF, 0xFF, 0xFF, 0xFF, 0xFF, 0xF9, 0x00, 0x00,
  0x00, 0x01, 0xEF, 0xFF, 0xFF, 0xFF, 0xFF, 0xFF, 0xFF, 0xFF, 0xFF, 0xFF, 0x90, 0x00, 0x00, 0x00,
  0x01, 0xEF, 0xFF, 0xFF, 0xFF, 0xFF, 0xFF, 0xFF, 0xFF, 0xFF, 0xD6, 0x00, 0x00, 0x00, 0x00, 0x01,
  0xDE, 0xEE, 0xEE, 0xEE, 0xEE, 0xEE, 0xEE, 0xDB, 0x95, 0x00, 0x00, 0x00, 0x00, 0x00, 0x00, 0x11,
  0x11, 0x11, 0x11, 0x11, 0x11, 0x11, 0x10, 0x00, 0x00, 0x00, 0x00, 0x00, 0x00, 0x00, 0x00, 0x00,
  0x00, 0x00, 0x00, 0x00, 0x11, 0x00, 0x00, 0x00, 0x00, 0x00, 0x00, 0x00, 0x00, 0x00, 0x00, 0x00,
  0x00, 0x00, 0x04, 0x8B, 0xDD, 0xED, 0xC9, 0x62, 0x00, 0x00, 0x00, 0x00, 0x00, 0x00, 0x00, 0x00,
  0x00, 0x00, 0x6C, 0xFF, 0xFF, 0xFF, 0xFF, 0xFF, 0xE9, 0x20, 0x00, 0x00, 0x00, 0x00, 0x00, 0x00,
  0x00, 0x03, 0xBF, 0xFF, 0xFF, 0xFF, 0xFF, 0xFF, 0xFF, 0xFE, 0x60, 0x00, 0x00, 0x00, 0x00, 0x00,
  0x00, 0x04, 0xEF, 0xFF, 0xFF, 0xFF, 0xFF, 0xFF, 0xFF, 0xFF, 0xFF, 0x80, 0x00, 0x00, 0x00, 0x00,
  0x00, 0x03, 0xEF, 0xFF, 0xFF, 0xFF, 0xFF, 0xFF, 0xFF, 0xFF, 0xFF, 0xFF, 0x80, 0x00, 0x00, 0x00,
  0x00, 0x01, 0xDF, 0xFF, 0xFF, 0xFF, 0xEB, 0xA9, 0xAD, 0xFF, 0xFF, 0xFF, 0xFF, 0x40, 0x00, 0x00,
  0x00, 0x00, 0x9F, 0xFF, 0xFF, 0xFF, 0x82, 0x00, 0x00, 0x15, 0xDF, 0xFF, 0xFF, 0xFC, 0x00, 0x00,
  0x00, 0x00, 0x3F, 0xFF, 0xFF, 0xFE, 0x50, 0x00, 0x00, 0x00, 0x02, 0xCF, 0xFF, 0xFF, 0xF5, 0x00,
  0x00, 0x00, 0x09, 0xFF, 0xFF, 0xFF, 0x50, 0x00, 0x00, 0x00, 0x00, 0x02, 0xEF, 0xFF, 0xFF, 0xA0,
  0x00, 0x00, 0x01, 0xEF, 0xFF, 0xFF, 0xA0, 0x00, 0x00, 0x00, 0x00, 0x00, 0x08, 0xFF, 0xFF, 0xFE,
  0x10, 0x00, 0x00, 0x5F, 0xFF, 0xFF, 0xF3, 0x00, 0x00, 0x00, 0x00, 0x00, 0x00, 0x4E, 0xEE, 0xEE,
  0xE2, 0x00, 0x00, 0x08, 0xFF, 0xFF, 0xFC, 0x00, 0x00, 0x00, 0x00, 0x00, 0x00, 0x00, 0x22, 0x22,
  0x22, 0x10, 0x00, 0x00, 0xAF, 0xFF, 0xFF, 0x90, 0x00, 0x00, 0x00, 0x00, 0x00, 0x00, 0x00, 0x00,
  0x00, 0x00, 0x00, 0x00, 0x0C, 0xFF, 0xFF, 0xF7, 0x00, 0x00, 0x00, 0x00, 0x00, 0x00, 0x00, 0x00,
  0x00, 0x00, 0x00, 0x00, 0x01, 0xDF, 0xFF, 0xFF, 0x50, 0x00, 0x00, 0x00, 0x00, 0x00, 0x00, 0x00,
  0x00, 0x00, 0x00, 0x00, 0x00, 0x1E, 0xFF, 0xFF, 0xF4, 0x00, 0x00, 0x00, 0x00, 0x00, 0x00, 0x00,
  0x00, 0x00, 0x00, 0x00, 0x00, 0x01, 0xEF, 0xFF, 0xFF, 0x40, 0x00, 0x00, 0x00, 0x00, 0x00, 0x00,
  0x00, 0x00, 0x00, 0x00, 0x00, 0x00, 0x1D, 0xFF, 0xFF, 0xF5, 0x00, 0x00, 0x00, 0x00, 0x00, 0x00,
  0x00, 0x00, 0x00, 0x00, 0x00, 0x00, 0x00, 0xCF, 0xFF, 0xFF, 0x60, 0x00, 0x00, 0x00, 0x00, 0x00,
  0x00, 0x00, 0x00, 0x00, 0x00, 0x00, 0x00, 0x0B, 0xFF, 0xFF, 0xF9, 0x00, 0x00, 0x00, 0x00, 0x00,
  0x00, 0x00, 0x00, 0x00, 0x00, 0x00, 0x00, 0x00, 0x8F, 0xFF, 0xFF, 0xC0, 0x00, 0x00, 0x00, 0x00,
  0x00, 0x00, 0x02, 0x22, 0x22, 0x21, 0x00, 0x00, 0x05, 0xFF, 0xFF, 0xFF, 0x30, 0x00, 0x00, 0x00,
  0x00, 0x00, 0x04, 0xEE, 0xEE, 0xEE, 0x30, 0x00, 0x00, 0x1E, 0xFF, 0xFF, 0xFA, 0x00, 0x00, 0x00,
  0x00, 0x00, 0x00, 0x8F, 0xFF, 0xFF, 0xE1, 0x00, 0x00, 0x00, 0xAF, 0xFF, 0xFF, 0xF5, 0x00, 0x00,
  0x00, 0x00, 0x00, 0x2E, 0xFF, 0xFF, 0xFA, 0x00, 0x00, 0x00, 0x03, 0xFF, 0xFF, 0xFF, 0xE4, 0x00,
  0x00, 0x00, 0x00, 0x2C, 0xFF, 0xFF, 0xFF, 0x40, 0x00, 0x00, 0x00, 0x0A, 0xFF, 0xFF, 0xFF, 0xF8,
  0x20, 0x00, 0x01, 0x5D, 0xFF, 0xFF, 0xFF, 0xB0, 0x00, 0x00, 0x00, 0x00, 0x2D, 0xFF, 0xFF, 0xFF,
  0xFE, 0xB9, 0x9A, 0xDF, 0xFF, 0xFF, 0xFF, 0xE3, 0x00, 0x00, 0x00, 0x00, 0x00, 0x4F, 0xFF, 0xFF,
  0xFF, 0xFF, 0xFF, 0xFF, 0xFF, 0xFF, 0xFF, 0xF6, 0x00, 0x00, 0x00, 0x00, 0x00, 0x00, 0x4E, 0xFF,
  0xFF, 0xFF, 0xFF, 0xFF, 0xFF, 0xFF, 0xFF, 0xF7, 0x00, 0x00, 0x00, 0x00, 0x00, 0x00, 0x00, 0x3C,
  0xFF, 0xFF, 0xFF, 0xFF, 0xFF, 0xFF, 0xFF, 0xD5, 0x00, 0x00, 0x00, 0x00, 0x00, 0x00, 0x00, 0x00,
  0x06, 0xDF, 0xFF, 0xFF, 0xFF, 0xFF, 0xFE, 0x92, 0x00, 0x00, 0x00, 0x00, 0x00, 0x00, 0x00, 0x00,
  0x00, 0x00, 0x48, 0xBD, 0xDE, 0xDC, 0x96, 0x10, 0x00, 0x00, 0x00, 0x00, 0x00, 0x00, 0x00, 0x00,
  0x00, 0x00, 0x00, 0x00, 0x01, 0x10, 0x00, 0x00, 0x00, 0x00, 0x00, 0x00, 0x00, 0x00, 0x00, 0x11,
  0x11, 0x11, 0x11, 0x11, 0x11, 0x00, 0x00, 0x00, 0x00, 0x00, 0x00, 0x00, 0x00, 0x00, 0x01, 0xEE,
  0xEE, 0xEE, 0xEE, 0xEE, 0xED, 0xDB, 0x95, 0x10, 0x00, 0x00, 0x00, 0x00, 0x00, 0x00, 0x01, 0xFF,
  0xFF, 0xFF, 0xFF, 0xFF, 0xFF, 0xFF, 0xFF, 0xE9, 0x30, 0x00, 0x00, 0x00, 0x00, 0x00, 0x01, 0xFF,
  0xFF, 0xFF, 0xFF, 0xFF, 0xFF, 0xFF, 0xFF, 0xFF, 0xE7, 0x00, 0x00, 0x00, 0x00, 0x00, 0x01, 0xFF,
  0xFF, 0xFF, 0xFF, 0xFF, 0xFF, 0xFF, 0xFF, 0xFF, 0xFF, 0xA0, 0x00, 0x00, 0x00, 0x00, 0x01, 0xFF,
  0xFF, 0xFF, 0xFF, 0xFF, 0xFF, 0xFF, 0xFF, 0xFF, 0xFF, 0xFA, 0x00, 0x00, 0x00, 0x00, 0x01, 0xFF,
  0xFF, 0xFF, 0x97, 0x87, 0x88, 0xAD, 0xFF, 0xFF, 0xFF, 0xFF, 0x70, 0x00, 0x00, 0x00, 0x01, 0xFF,
  0xFF, 0xFE, 0x10, 0x00, 0x00, 0x01, 0x4B, 0xFF, 0xFF, 0xFF, 0xF3, 0x00, 0x00, 0x00, 0x01, 0xFF,
  0xFF, 0xFE, 0x30, 0x00, 0x00, 0x00, 0x00, 0x8F, 0xFF, 0xFF, 0xFA, 0x00, 0x00, 0x00, 0x01, 0xFF,
  0xFF, 0xFE, 0x20, 0x00, 0x00, 0x00, 0x00, 0x0A, 0xFF, 0xFF, 0xFE, 0x20, 0x00, 0x00, 0x01, 0xFF,
  0xFF, 0xFE, 0x20, 0x00, 0x00, 0x00, 0x00, 0x02, 0xEF, 0xFF, 0xFF, 0x70, 0x00, 0x00, 0x01, 0xFF,
  0xFF, 0xFE, 0x20, 0x00, 0x00, 0x00, 0x00, 0x00, 0x9F, 0xFF, 0xFF, 0xA0, 0x00, 0x00, 0x01, 0xFF,
  0xFF, 0xFE, 0x20, 0x00, 0x00, 0x00, 0x00, 0x00, 0x5F, 0xFF, 0xFF, 0xD1, 0x00, 0x00, 0x01, 0xFF,
  0xFF, 0xFE, 0x20, 0x00, 0x00, 0x00, 0x00, 0x00, 0x2E, 0xFF, 0xFF, 0xF2, 0x00, 0x00, 0x01, 0xFF,
  0xFF, 0xFE, 0x20, 0x00, 0x00, 0x00, 0x00, 0x00, 0x1D, 0xFF, 0xFF, 0xF3, 0x00, 0x00, 0x01, 0xFF,
  0xFF, 0xFE, 0x20, 0x00, 0x00, 0x00, 0x00, 0x00, 0x0D, 0xFF, 0xFF, 0xF4, 0x00, 0x00, 0x01, 0xFF,
  0xFF, 0xFE, 0x20, 0x00, 0x00, 0x00, 0x00, 0x00, 0x0D, 0xFF, 0xFF, 0xF5, 0x00, 0x00, 0x01, 0xFF,
  0xFF, 0xFE, 0x20, 0x00, 0x00, 0x00, 0x00, 0x00, 0x0D, 0xFF, 0xFF, 0xF4, 0x00, 0x00, 0x01, 0xFF,
  0xFF, 0xFE, 0x20, 0x00, 0x00, 0x00, 0x00, 0x00, 0x1D, 0xFF, 0xFF, 0xF3, 0x00, 0x00, 0x01, 0xFF,
  0xFF, 0xFE, 0x20, 0x00, 0x00, 0x00, 0x00, 0x00, 0x2E, 0xFF, 0xFF, 0xF2, 0x00, 0x00, 0x01, 0xFF,
  0xFF, 0xFE, 0x20, 0x00, 0x00, 0x00, 0x00, 0x00, 0x5F, 0xFF, 0xFF, 0xD1, 0x00, 0x00, 0x01, 0xFF,
  0xFF, 0xFE, 0x20, 0x00, 0x00, 0x00, 0x00, 0x00, 0x9F, 0xFF, 0xFF, 0xA0, 0x00, 0x00, 0x01, 0xFF,
  0xFF, 0xFE, 0x20, 0x00, 0x00, 0x00, 0x00, 0x02, 0xEF, 0xFF, 0xFF, 0x70, 0x00, 0x00, 0x01, 0xFF,
  0xFF, 0xFE, 0x20, 0x00, 0x00, 0x00, 0x00, 0x0A, 0xFF, 0xFF, 0xFE, 0x20, 0x00, 0x00, 0x01, 0xFF,
  0xFF, 0xFE, 0x30, 0x00, 0x00, 0x00, 0x00, 0x8F, 0xFF, 0xFF, 0xFA, 0x00, 0x00, 0x00, 0x01, 0xFF,
  0xFF, 0xFE, 0x10, 0x00, 0x00, 0x01, 0x4B, 0xFF, 0xFF, 0xFF, 0xF3, 0x00, 0x00, 0x00, 0x01, 0xFF,
  0xFF, 0xFF, 0x97, 0x87, 0x88, 0xAD, 0xFF, 0xFF, 0xFF, 0xFF, 0x70, 0x00, 0x00, 0x00, 0x01, 0xFF,
  0xFF, 0xFF, 0xFF, 0xFF, 0xFF, 0xFF, 0xFF, 0xFF, 0xFF, 0xFA, 0x00, 0x00, 0x00, 0x00, 0x01, 0xFF,
  0xFF, 0xFF, 0xFF, 0xFF, 0xFF, 0xFF, 0xFF, 0xFF, 0xFF, 0xA0, 0x00, 0x00, 0x00, 0x00, 0x01, 0xFF,
  0xFF, 0xFF, 0xFF, 0xFF, 0xFF, 0xFF, 0xFF, 0xFF, 0xE7, 0x00, 0x00, 0x00, 0x00, 0x00, 0x01, 0xFF,
  0xFF, 0xFF, 0xFF, 0xFF, 0xFF, 0xFF, 0xFF, 0xE9, 0x30, 0x00, 0x00, 0x00, 0x00, 0x00, 0x01, 0xEE,
  0xEE, 0xEE, 0xEE, 0xEE, 0xED, 0xDB, 0x95, 0x10, 0x00, 0x00, 0x00, 0x00, 0x00, 0x00, 0x00, 0x11,
  0x11, 0x11, 0x11, 0x11, 0x11, 0x00, 0x00, 0x00, 0x00, 0x00, 0x00, 0x00, 0x00, 0x00, 0x00, 0x11,
  0x11, 0x11, 0x11, 0x11, 0x11, 0x11, 0x11, 0x11, 0x11, 0x00, 0x00, 0x00, 0x01, 0xDE, 0xEE, 0xEE,
  0xEE, 0xEE, 0xEE, 0xEE, 0xEE, 0xEE, 0xEE, 0x70, 0x00, 0x00, 0x01, 0xEF, 0xFF, 0xFF, 0xFF, 0xFF,
  0xFF, 0xFF, 0xFF, 0xFF, 0xFF, 0x80, 0x00, 0x00, 0x01, 0xEF, 0xFF, 0xFF, 0xFF, 0xFF, 0xFF, 0xFF,
  0xFF, 0xFF, 0xFF, 0x70, 0x00, 0x00, 0x01, 0xEF, 0xFF, 0xFF, 0xFF, 0xFF, 0xFF, 0xFF, 0xFF, 0xFF,
  0xEF, 0x70, 0x00, 0x00, 0x01, 0xEF, 0xFF, 0xFF, 0xFF, 0xFF, 0xFF, 0xFF, 0xFF, 0xFF, 0xFF, 0x80,
  0x00, 0x00, 0x01, 0xEF, 0xFF, 0xFF, 0xA7, 0x87, 0x77, 0x77, 0x77, 0x77, 0x77, 0x40, 0x00, 0x00,
  0x01, 0xEF, 0xFF, 0xFF, 0x30, 0x00, 0x00, 0x00, 0x00, 0x00, 0x00, 0x00, 0x00, 0x00, 0x01, 0xEF,
  0xFF, 0xFF, 0x40, 0x00, 0x00, 0x00, 0x00, 0x00, 0x00, 0x00, 0x00, 0x00, 0x01, 0xEF, 0xFF, 0xFF,
  0x40, 0x00, 0x00, 0x00, 0x00, 0x00, 0x00, 0x00, 0x00, 0x00, 0x01, 0xEF, 0xFF, 0xFF, 0x40, 0x00,
  0x00, 0x00, 0x00, 0x00, 0x00, 0x00, 0x00, 0x00, 0x01, 0xEF, 0xFF, 0xFF, 0x40, 0x00, 0x00, 0x00,
  0x00, 0x00, 0x00, 0x00, 0x00, 0x00, 0x01, 0xEF, 0xFF, 0xFF, 0x40, 0x00, 0x00, 0x00, 0x00, 0x00,
  0x00, 0x00, 0x00, 0x00, 0x01, 0xEF, 0xFF, 0xFF, 0x51, 0x11, 0x11, 0x11, 0x11, 0x11, 0x10, 0x00,
  0x00, 0x00, 0x01, 0xEF, 0xFF, 0xFF, 0xEE, 0xEE, 0xEE, 0xEE, 0xEE, 0xEE, 0xE7, 0x00, 0x00, 0x00,
  0x01, 0xEF, 0xFF, 0xFF, 0xFF, 0xFF, 0xFF, 0xFF, 0xFF, 0xFF, 0xF8, 0x00, 0x00, 0x00, 0x01, 0xEF,
  0xFF, 0xFF, 0xFF, 0xFF, 0xFF, 0xFF, 0xFF, 0xFF, 0xF7, 0x00, 0x00, 0x00, 0x01, 0xEF, 0xFF, 0xFF,
  0xFF, 0xFF, 0xFF, 0xFF, 0xFF, 0xFF, 0xF8, 0x00, 0x00, 0x00, 0x01, 0xEF, 0xFF, 0xFF, 0xDD, 0xDD,
  0xDD, 0xDD, 0xDD, 0xDD, 0xD6, 0x00, 0x00, 0x00, 0x01, 0xEF, 0xFF, 0xFF, 0x50, 0x10, 0x00, 0x00,
  0x00, 0x00, 0x10, 0x00, 0x00, 0x00, 0x01, 0xEF, 0xFF, 0xFF, 0x40, 0x00, 0x00, 0x00, 0x00, 0x00,
  0x00, 0x00, 0x00, 0x00, 0x01, 0xEF, 0xFF, 0xFF, 0x40, 0x00, 0x00, 0x00, 0x00, 0x00, 0x00, 0x00,
  0x00, 0x00, 0x01, 0xEF, 0xFF, 0xFF, 0x40, 0x00, 0x00, 0x00, 0x00, 0x00, 0x00, 0x00, 0x00, 0x00,
  0x01, 0xEF, 0xFF, 0xFF, 0x40, 0x00, 0x00, 0x00, 0x00, 0x00, 0x00, 0x00, 0x00, 0x00, 0x01, 0xEF,
  0xFF, 0xFF, 0x40, 0x00, 0x00, 0x00, 0x00, 0x00, 0x00, 0x00, 0x00, 0x00, 0x01, 0xEF, 0xFF, 0xFF,
  0x30, 0x00, 0x00, 0x00, 0x00, 0x00, 0x00, 0x00, 0x00, 0x00, 0x01, 0xEF, 0xFF, 0xFF, 0xA7, 0x87,
  0x77, 0x77, 0x77, 0x77, 0x77, 0x40, 0x00, 0x00, 0x01, 0xEF, 0xFF, 0xFF, 0xFF, 0xFF, 0xFF, 0xFF,
  0xFF, 0xFF, 0xFF, 0x80, 0x00, 0x00, 0x01, 0xEF, 0xFF, 0xFF, 0xFF, 0xFF, 0xFF, 0xFF, 0xFF, 0xFF,
  0xEF, 0x70, 0x00, 0x00, 0x01, 0xEF, 0xFF, 0xFF, 0xFF, 0xFF, 0xFF, 0xFF, 0xFF, 0xFF, 0xFF, 0x70,
  0x00, 0x00, 0x01, 0xEF, 0xFF, 0xFF, 0xFF, 0xFF, 0xFF, 0xFF, 0xFF, 0xFF, 0xFF, 0x80, 0x00, 0x00,
  0x01, 0xDE, 0xEE, 0xEE, 0xEE, 0xEE, 0xEE, 0xEE, 0xEE, 0xEE, 0xEE, 0x70, 0x00, 0x00, 0x00, 0x11,
  0x11, 0x11, 0x11, 0x11, 0x11, 0x11, 0x11, 0x11, 0x11, 0x00, 0x00, 0x00, 0x00, 0x11, 0x11, 0x11,
  0x11, 0x11, 0x11, 0x11, 0x11, 0x11, 0x11, 0x00, 0x00, 0x00, 0x1D, 0xEE, 0xEE, 0xEE, 0xEE, 0xEE,
  0xEE, 0xEE, 0xEE, 0xEE, 0xD1, 0x00, 0x00, 0x01, 0xEF, 0xFF, 0xFF, 0xFF, 0xFF, 0xFF, 0xFF, 0xFF,
  0xFF, 0xFE, 0x10, 0x00, 0x00, 0x1E, 0xFF, 0xFF, 0xFF, 0xFF, 0xFF, 0xFF, 0xFF, 0xFF, 0xFF, 0xE1,
  0x00, 0x00, 0x01, 0xEF, 0xFF, 0xFF, 0xFF, 0xFF, 0xFF, 0xFF, 0xFF, 0xFF, 0xFE, 0x10, 0x00, 0x00,
  0x1E, 0xFF, 0xFF, 0xFF, 0xFF, 0xFF, 0xFF, 0xFF, 0xFF, 0xFF, 0xF1, 0x00, 0x00, 0x01, 0xEF, 0xFF,
  0xFF, 0xA7, 0x87, 0x77, 0x77, 0x77, 0x77, 0x77, 0x00, 0x00, 0x00, 0x1E, 0xFF, 0xFF, 0xF3, 0x00,
  0x00, 0x00, 0x00, 0x00, 0x00, 0x00, 0x00, 0x00, 0x01, 0xEF, 0xFF, 0xFF, 0x40, 0x00, 0x00, 0x00,
  0x00, 0x00, 0x00, 0x00, 0x00, 0x00, 0x1E, 0xFF, 0xFF, 0xF4, 0x00, 0x00, 0x00, 0x00, 0x00, 0x00,
  0x00, 0x00, 0x00, 0x01, 0xEF, 0xFF, 0xFF, 0x40, 0x00, 0x00, 0x00, 0x00, 0x00, 0x00, 0x00, 0x00,
  0x00, 0x1E, 0xFF, 0xFF, 0xF4, 0x00, 0x00, 0x00, 0x00, 0x00, 0x00, 0x00, 0x00, 0x00, 0x01, 0xEF,
  0xFF, 0xFF, 0x40, 0x00, 0x00, 0x00, 0x00, 0x00, 0x00, 0x00, 0x00, 0x00, 0x1E, 0xFF, 0xFF, 0xF4,
  0x00, 0x00, 0x00, 0x00, 0x00, 0x00, 0x00, 0x00, 0x00, 0x01, 0xEF, 0xFF, 0xFF, 0x50, 0x10, 0x00,
  0x00, 0x00, 0x00, 0x00, 0x00, 0x00, 0x00, 0x1E, 0xFF, 0xFF, 0xFD, 0xDD, 0xDD, 0xDD, 0xDD, 0xDD,
  0xD9, 0x00, 0x00, 0x00, 0x01, 0xEF, 0xFF, 0xFF, 0xFF, 0xFF, 0xFF, 0xFF, 0xFF, 0xFF, 0xB0, 0x00,
  0x00, 0x00, 0x1E, 0xFF, 0xFF, 0xFF, 0xFF, 0xFF, 0xFF, 0xFF, 0xFF, 0xFB, 0x00, 0x00, 0x00, 0x01,
  0xEF, 0xFF, 0xFF, 0xFF, 0xFF, 0xFF, 0xFF, 0xFF, 0xFF, 0xB0, 0x00, 0x00, 0x00, 0x1E, 0xFF, 0xFF,
  0xFE, 0xEE, 0xEE, 0xEE, 0xEE, 0xEE, 0xEA, 0x00, 0x00, 0x00, 0x01, 0xEF, 0xFF, 0xFF, 0x51, 0x11,
  0x11, 0x11, 0x11, 0x11, 0x10, 0x00, 0x00, 0x00, 0x1E, 0xFF, 0xFF, 0xF4, 0x00, 0x00, 0x00, 0x00,
  0x00, 0x00, 0x00, 0x00, 0x00, 0x01, 0xEF, 0xFF, 0xFF, 0x40, 0x00, 0x00, 0x00, 0x00, 0x00, 0x00,
  0x00, 0x00, 0x00, 0x1E, 0xFF, 0xFF, 0xF4, 0x00, 0x00, 0x00, 0x00, 0x00, 0x00, 0x00, 0x00, 0x00,
  0x01, 0xEF, 0xFF, 0xFF, 0x40, 0x00, 0x00, 0x00, 0x00, 0x00, 0x00, 0x00, 0x00, 0x00, 0x1E, 0xFF,
  0xFF, 0xF4, 0x00, 0x00, 0x00, 0x00, 0x00, 0x00, 0x00, 0x00, 0x00, 0x01, 0xEF, 0xFF, 0xFF, 0x40,
  0x00, 0x00, 0x00, 0x00, 0x00, 0x00, 0x00, 0x00, 0x00, 0x1E, 0xFF, 0xFF, 0xF4, 0x00, 0x00, 0x00,
  0x00, 0x00, 0x00, 0x00, 0x00, 0x00, 0x01, 0xEF, 0xFF, 0xFF, 0x40, 0x00, 0x00, 0x00, 0x00, 0x00,
  0x00, 0x00, 0x00, 0x00, 0x1E, 0xFF, 0xFF, 0xF4, 0x00, 0x00, 0x00, 0x00, 0x00, 0x00, 0x00, 0x00,
  0x00, 0x01, 0xFF, 0xFF, 0xFF, 0x50, 0x00, 0x00, 0x00, 0x00, 0x00, 0x00, 0x00, 0x00, 0x00, 0x1A,
  0xBB, 0xBB, 0xB3, 0x00, 0x00, 0x00, 0x00, 0x00, 0x00, 0x00, 0x00, 0x00, 0x00, 0x00, 0x00, 0x00,
  0x00, 0x00, 0x00, 0x00, 0x00, 0x00, 0x00, 0x00, 0x00, 0x00, 0x00, 0x00, 0x00, 0x00, 0x00, 0x00,
  0x00, 0x11, 0x10, 0x00, 0x00, 0x00, 0x00, 0x00, 0x00, 0x00, 0x00, 0x00, 0x00, 0x00, 0x00, 0x00,
  0x37, 0xAC, 0xDE, 0xDC, 0x96, 0x20, 0x00, 0x00, 0x00, 0x00, 0x00, 0x00, 0x00, 0x00, 0x00, 0x00,
  0x5C, 0xFF, 0xFF, 0xFF, 0xFF, 0xFF, 0xFA, 0x40, 0x00, 0x00, 0x00, 0x00, 0x00, 0x00, 0x00, 0x00,
  0x2A, 0xFF, 0xFF, 0xFF, 0xFF, 0xFF, 0xFF, 0xFF, 0xF8, 0x00, 0x00, 0x00, 0x00, 0x00, 0x00, 0x00,
  0x03, 0xDF, 0xFF, 0xFF, 0xFF, 0xFF, 0xFF, 0xFF, 0xFF, 0xFF, 0xB1, 0x00, 0x00, 0x00, 0x00, 0x00,
  0x00, 0x2E, 0xFF, 0xFF, 0xFF, 0xFF, 0xFF, 0xFF, 0xFF, 0xFF, 0xFF, 0xFB, 0x00, 0x00, 0x00, 0x00,
  0x00, 0x01, 0xCF, 0xFF, 0xFF, 0xFF, 0xFC, 0xA9, 0xAD, 0xFF, 0xFF, 0xFF, 0xFF, 0x80, 0x00, 0x00,
  0x00, 0x00, 0x08, 0xFF, 0xFF, 0xFF, 0xF9, 0x20, 0x00, 0x01, 0x4C, 0xFF, 0xFF, 0xFF, 0xF3, 0x00,
  0x00, 0x00, 0x00, 0x3F, 0xFF, 0xFF, 0xFE, 0x50, 0x00, 0x00, 0x00, 0x01, 0xAF, 0xFF, 0xFF, 0xFA,
  0x00, 0x00, 0x00, 0x00, 0x9F, 0xFF, 0xFF, 0xF6, 0x00, 0x00, 0x00, 0x00, 0x00, 0x1D, 0xFF, 0xFF,
  0xFE, 0x10, 0x00, 0x00, 0x01, 0xEF, 0xFF, 0xFF, 0xA0, 0x00, 0x00, 0x00, 0x00, 0x00, 0x06, 0xFF,
  0xFF, 0xFF, 0x50, 0x00, 0x00, 0x05, 0xFF, 0xFF, 0xFF, 0x30, 0x00, 0x00, 0x00, 0x00, 0x00, 0x01,
  0x66, 0x66, 0x66, 0x20, 0x00, 0x00, 0x08, 0xFF, 0xFF, 0xFC, 0x00, 0x00, 0x00, 0x00, 0x00, 0x00,
  0x00, 0x00, 0x00, 0x00, 0x00, 0x00, 0x00, 0x0A, 0xFF, 0xFF, 0xF9, 0x00, 0x00, 0x00, 0x00, 0x00,
  0x00, 0x00, 0x00, 0x00, 0x00, 0x00, 0x00, 0x00, 0x0C, 0xFF, 0xFF, 0xF7, 0x00, 0x00, 0x00, 0x00,
  0x00, 0x00, 0x00, 0x00, 0x00, 0x00, 0x00, 0x00, 0x00, 0x1D, 0xFF, 0xFF, 0xF5, 0x00, 0x00, 0x00,
  0x01, 0x33, 0x33, 0x33, 0x33, 0x33, 0x33, 0x20, 0x00, 0x00, 0x1E, 0xFF, 0xFF, 0xF4, 0x00, 0x00,
  0x00, 0x03, 0xFF, 0xFF, 0xFF, 0xFF, 0xFF, 0xFF, 0xB0, 0x00, 0x00, 0x1E, 0xFF, 0xFF, 0xF4, 0x00,
  0x00, 0x00, 0x03, 0xFF, 0xFF, 0xFF, 0xFF, 0xFF, 0xFF, 0xB0, 0x00, 0x00, 0x1D, 0xFF, 0xFF, 0xF5,
  0x00, 0x00, 0x00, 0x03, 0xFF, 0xFF, 0xFF, 0xFF, 0xFF, 0xFF, 0xB0, 0x00, 0x00, 0x0C, 0xFF, 0xFF,
  0xF7, 0x00, 0x00, 0x00, 0x03, 0xFF, 0xFF, 0xFF, 0xFF, 0xFF, 0xFF, 0xB0, 0x00, 0x00, 0x0A, 0xFF,
  0xFF, 0xF9, 0x00, 0x00, 0x00, 0x03, 0xCC, 0xCC, 0xCC, 0xEF, 0xFF, 0xFF, 0xA0, 0x00, 0x00, 0x08,
  0xFF, 0xFF, 0xFC, 0x00, 0x00, 0x00, 0x00, 0x00, 0x00, 0x00, 0x8F, 0xFF, 0xFF, 0xA0, 0x00, 0x00,
  0x05, 0xFF, 0xFF, 0xFF, 0x40, 0x00, 0x00, 0x00, 0x00, 0x00, 0x00, 0xAF, 0xFF, 0xFF, 0x80, 0x00,
  0x00, 0x01, 0xEF, 0xFF, 0xFF, 0xA0, 0x00, 0x00, 0x00, 0x00, 0x00, 0x01, 0xEF, 0xFF, 0xFF, 0x50,
  0x00, 0x00, 0x00, 0x9F, 0xFF, 0xFF, 0xF5, 0x00, 0x00, 0x00, 0x00, 0x00, 0x08, 0xFF, 0xFF, 0xFE,
  0x10, 0x00, 0x00, 0x00, 0x3F, 0xFF, 0xFF, 0xFE, 0x50, 0x00, 0x00, 0x00, 0x00, 0x6F, 0xFF, 0xFF,
  0xFA, 0x00, 0x00, 0x00, 0x00, 0x09, 0xFF, 0xFF, 0xFF, 0xF9, 0x20, 0x00, 0x00, 0x29, 0xFF, 0xFF,
  0xFF, 0xF3, 0x00, 0x00, 0x00, 0x00, 0x01, 0xDF, 0xFF, 0xFF, 0xFF, 0xFC, 0xA9, 0xAC, 0xFF, 0xFF,
  0xFF, 0xFF, 0x90, 0x00, 0x00, 0x00, 0x00, 0x00, 0x3E, 0xFF, 0xFF, 0xFF, 0xFF, 0xFF, 0xFF, 0xFF,
  0xFF, 0xFF, 0xFC, 0x10, 0x00, 0x00, 0x00, 0x00, 0x00, 0x04, 0xEF, 0xFF, 0xFF, 0xFF, 0xFF, 0xFF,
  0xFF, 0xFF, 0xFF, 0xC2, 0x00, 0x00, 0x00, 0x00, 0x00, 0x00, 0x00, 0x2B, 0xFF, 0xFF, 0xFF, 0xFF,
  0xFF, 0xFF, 0xFF, 0xFA, 0x10, 0x00, 0x00, 0x00, 0x00, 0x00, 0x00, 0x00, 0x00, 0x5C, 0xFF, 0xFF,
  0xFF, 0xFF, 0xFF, 0xFB, 0x40, 0x00, 0x00, 0x00, 0x00, 0x00, 0x00, 0x00, 0x00, 0x00, 0x00, 0x37,
  0xAC, 0xDE, 0xDC, 0xA7, 0x30, 0x00, 0x00, 0x00, 0x00, 0x00, 0x00, 0x00, 0x00, 0x00, 0x00, 0x00,
  0x00, 0x00, 0x11, 0x10, 0x00, 0x00, 0x00, 0x00, 0x00, 0x00, 0x00, 0x00, 0x00, 0x11, 0x11, 0x11,
  0x00, 0x00, 0x00, 0x00, 0x00, 0x00, 0x00, 0x11, 0x11, 0x11, 0x00, 0x00, 0x00, 0x00, 0xDE, 0xEE,
  0xEE, 0x60, 0x00, 0x00, 0x00, 0x00, 0x00, 0x02, 0xEE, 0xEE, 0xEE, 0x30, 0x00, 0x00, 0x00, 0xEF,
  0xFF, 0xFF, 0x60, 0x00, 0x00, 0x00, 0x00, 0x00, 0x02, 0xFF, 0xFF, 0xFF, 0x40, 0x00, 0x00, 0x00,
  0xEF, 0xFF, 0xFF, 0x60, 0x00, 0x00, 0x00, 0x00, 0x00, 0x02, 0xFF, 0xFF, 0xFF, 0x40, 0x00, 0x00,
  0x00, 0xEF, 0xFF, 0xFF, 0x60, 0x00, 0x00, 0x00, 0x00, 0x00, 0x02, 0xFF, 0xFF, 0xFF, 0x40, 0x00,
  0x00, 0x00, 0xEF, 0xFF, 0xFF, 0x60, 0x00, 0x00, 0x00, 0x00, 0x00, 0x02, 0xFF, 0xFF, 0xFF, 0x40,
  0x00, 0x00, 0x00, 0xEF, 0xFF, 0xFF, 0x60, 0x00, 0x00, 0x00, 0x00, 0x00, 0x02, 0xFF, 0xFF, 0xFF,
  0x40, 0x00, 0x00, 0x00, 0xEF, 0xFF, 0xFF, 0x60, 0x00, 0x00, 0x00, 0x00, 0x00, 0x02, 0xFF, 0xFF,
  0xFF, 0x40, 0x00, 0x00, 0x00, 0xEF, 0xFF, 0xFF, 0x60, 0x00, 0x00, 0x00, 0x00, 0x00, 0x02, 0xFF,
  0xFF, 0xFF, 0x40, 0x00, 0x00, 0x00, 0xEF, 0xFF, 0xFF, 0x60, 0x00, 0x00, 0x00, 0x00, 0x00, 0x02,
  0xFF, 0xFF, 0xFF, 0x40, 0x00, 0x00, 0x00, 0xEF, 0xFF, 0xFF, 0x60, 0x00, 0x00, 0x00, 0x00, 0x00,
  0x02, 0xFF, 0xFF, 0xFF, 0x40, 0x00, 0x00, 0x00, 0xEF, 0xFF, 0xFF, 0x60, 0x00, 0x00, 0x00, 0x00,
  0x00, 0x03, 0xFF, 0xFF, 0xFF, 0x40, 0x00, 0x00, 0x00, 0xEF, 0xFF, 0xFF, 0x60, 0x00, 0x00, 0x00,
  0x00, 0x00, 0x01, 0xFF, 0xFF, 0xFF, 0x40, 0x00, 0x00, 0x00, 0xEF, 0xFF, 0xFF, 0xB7, 0x87, 0x77,
  0x77, 0x77, 0x78, 0x79, 0xFF, 0xFF, 0xFF, 0x40, 0x00, 0x00, 0x00, 0xEF, 0xFF, 0xFF, 0xFF, 0xFF,
  0xFF, 0xFF, 0xFF, 0xFF, 0xFF, 0xFF, 0xFF, 0xFF, 0x40, 0x00, 0x00, 0x00, 0xEF, 0xFF, 0xFF, 0xFF,
  0xFF, 0xFF, 0xFF, 0xFF, 0xFF, 0xFF, 0xFF, 0xFF, 0xFF, 0x40, 0x00, 0x00, 0x00, 0xEF, 0xFF, 0xFF,
  0xFF, 0xFF, 0xFF, 0xFF, 0xFF, 0xFF, 0xFF, 0xFF, 0xFF, 0xFF, 0x40, 0x00, 0x00, 0x00, 0xEF, 0xFF,
  0xFF, 0xFF, 0xFF, 0xFF, 0xFF, 0xFF, 0xFF, 0xFF, 0xFF, 0xFF, 0xFF, 0x40, 0x00, 0x00, 0x00, 0xEF,
  0xFF, 0xFF, 0xFE, 0xEE, 0xEE, 0xEE, 0xEE, 0xEE, 0xEE, 0xFF, 0xFF, 0xFF, 0x40, 0x00, 0x00, 0x00,
  0xEF, 0xFF, 0xFF, 0x71, 0x11, 0x11, 0x11, 0x11, 0x11, 0x13, 0xFF, 0xFF, 0xFF, 0x40, 0x00, 0x00,
  0x00, 0xEF, 0xFF, 0xFF, 0x60, 0x00, 0x00, 0x00, 0x00, 0x00, 0x02, 0xFF, 0xFF, 0xFF, 0x40, 0x00,
  0x00, 0x00, 0xEF, 0xFF, 0xFF, 0x60, 0x00, 0x00, 0x00, 0x00, 0x00, 0x02, 0xFF, 0xFF, 0xFF, 0x40,
  0x00, 0x00, 0x00, 0xEF, 0xFF, 0xFF, 0x60, 0x00, 0x00, 0x00, 0x00, 0x00, 0x02, 0xFF, 0xFF, 0xFF,
  0x40, 0x00, 0x00, 0x00, 0xEF, 0xFF, 0xFF, 0x60, 0x00, 0x00, 0x00, 0x00, 0x00, 0x02, 0xFF, 0xFF,
  0xFF, 0x40, 0x00, 0x00, 0x00, 0xEF, 0xFF, 0xFF, 0x60, 0x00, 0x00, 0x00, 0x00, 0x00, 0x02, 0xFF,
  0xFF, 0xFF, 0x40, 0x00, 0x00, 0x00, 0xEF, 0xFF, 0xFF, 0x60, 0x00, 0x00, 0x00, 0x00, 0x00, 0x02,
  0xFF, 0xFF, 0xFF, 0x40, 0x00, 0x00, 0x00, 0xEF, 0xFF, 0xFF, 0x60, 0x00, 0x00, 0x00, 0x00, 0x00,
  0x02, 0xFF, 0xFF, 0xFF, 0x40, 0x00, 0x00, 0x00, 0xEF, 0xFF, 0xFF, 0x60, 0x00, 0x00, 0x00, 0x00,
  0x00, 0x02, 0xFF, 0xFF, 0xFF, 0x40, 0x00, 0x00, 0x00, 0xEF, 0xFF, 0xFF, 0x60, 0x00, 0x00, 0x00,
  0x00, 0x00, 0x02, 0xFF, 0xFF, 0xFF, 0x40, 0x00, 0x00, 0x00, 0xEF, 0xFF, 0xFF, 0x60, 0x00, 0x00,
  0x00, 0x00, 0x00, 0x02, 0xFF, 0xFF, 0xFF, 0x40, 0x00, 0x00, 0x00, 0xEF, 0xFF, 0xFF, 0x60, 0x00,
  0x00, 0x00, 0x00, 0x00, 0x02, 0xFF, 0xFF, 0xFF, 0x40, 0x00, 0x00, 0x00, 0xDE, 0xEE, 0xEE, 0x60,
  0x00, 0x00, 0x00, 0x00, 0x00, 0x02, 0xEE, 0xEE, 0xEE, 0x30, 0x00, 0x00, 0x00, 0x11, 0x11, 0x11,
  0x00, 0x00, 0x00, 0x00, 0x00, 0x00, 0x00, 0x11, 0x11, 0x11, 0x00, 0x00, 0x00, 0x00, 0x11, 0x11,
  0x11, 0x00, 0x00, 0x00, 0x01, 0xDE, 0xEE, 0xEE, 0x40, 0x00, 0x00, 0x01, 0xEF, 0xFF, 0xFF, 0x40,
  0x00, 0x00, 0x01, 0xEF, 0xFF, 0xFF, 0x40, 0x00, 0x00, 0x01, 0xEF, 0xFF, 0xFF, 0x40, 0x00, 0x00,
  0x01, 0xEF, 0xFF, 0xFF, 0x40, 0x00, 0x00, 0x01, 0xEF, 0xFF, 0xFF, 0x40, 0x00, 0x00, 0x01, 0xEF,
  0xFF, 0xFF, 0x40, 0x00, 0x00, 0x01, 0xEF, 0xFF, 0xFF, 0x40, 0x00, 0x00, 0x01, 0xEF, 0xFF, 0xFF,
  0x40, 0x00, 0x00, 0x01, 0xEF, 0xFF, 0xFF, 0x40, 0x00, 0x00, 0x01, 0xEF, 0xFF, 0xFF, 0x40, 0x00,
  0x00, 0x01, 0xEF, 0xFF, 0xFF, 0x40, 0x00, 0x00, 0x01, 0xEF, 0xFF, 0xFF, 0x40, 0x00, 0x00, 0x01,
  0xEF, 0xFF, 0xFF, 0x40, 0x00, 0x00, 0x01, 0xEF, 0xFF, 0xFF, 0x40, 0x00, 0x00, 0x01, 0xEF, 0xFF,
  0xFF, 0x40, 0x00, 0x00, 0x01, 0xEF, 0xFF, 0xFF, 0x40, 0x00, 0x00, 0x01, 0xEF, 0xFF, 0xFF, 0x40,
  0x00, 0x00, 0x01, 0xEF, 0xFF, 0xFF, 0x40, 0x00, 0x00, 0x01, 0xEF, 0xFF, 0xFF, 0x40, 0x00, 0x00,
  0x01, 0xEF, 0xFF, 0xFF, 0x40, 0x00, 0x00, 0x01, 0xEF, 0xFF, 0xFF, 0x40, 0x00, 0x00, 0x01, 0xEF,
  0xFF, 0xFF, 0x40, 0x00, 0x00, 0x01, 0xEF, 0xFF, 0xFF, 0x40, 0x00, 0x00, 0x01, 0xEF, 0xFF, 0xFF,
  0x40, 0x00, 0x00, 0x01, 0xEF, 0xFF, 0xFF, 0x40, 0x00, 0x00, 0x01, 0xEF, 0xFF, 0xFF, 0x40, 0x00,
  0x00, 0x01, 0xEF, 0xFF, 0xFF, 0x40, 0x00, 0x00, 0x01, 0xEF, 0xFF, 0xFF, 0x40, 0x00, 0x00, 0x01,
  0xEF, 0xFF, 0xFF, 0x40, 0x00, 0x00, 0x01, 0xDE, 0xEE, 0xEE, 0x40, 0x00, 0x00, 0x00, 0x11, 0x11,
  0x11, 0x00, 0x00, 0x00, 0x00, 0x00, 0x00, 0x00, 0x00, 0x00, 0x00, 0x00, 0x00, 0x00, 0x00, 0x00,
  0x00, 0x00, 0x00, 0x00, 0x00, 0x00, 0x00, 0x00, 0x03, 0xBA, 0xAA, 0xBA, 0x10, 0x00, 0x00, 0x00,
  0x00, 0x00, 0x00, 0x00, 0x00, 0x00, 0x5F, 0xFF, 0xFF, 0xF1, 0x00, 0x00, 0x00, 0x00, 0x00, 0x00,
  0x00, 0x00, 0x00, 0x04, 0xFF, 0xFF, 0xFE, 0x10, 0x00, 0x00, 0x00, 0x00, 0x00, 0x00, 0x00, 0x00,
  0x00, 0x4F, 0xFF, 0xFF, 0xE1, 0x00, 0x00, 0x00, 0x00, 0x00, 0x00, 0x00, 0x00, 0x00, 0x04, 0xFF,
  0xFF, 0xFE, 0x10, 0x00, 0x00, 0x00, 0x00, 0x00, 0x00, 0x00, 0x00, 0x00, 0x4F, 0xFF, 0xFF, 0xE1,
  0x00, 0x00, 0x00, 0x00, 0x00, 0x00, 0x00, 0x00, 0x00, 0x04, 0xFF, 0xFF, 0xFE, 0x10, 0x00, 0x00,
  0x00, 0x00, 0x00, 0x00, 0x00, 0x00, 0x00, 0x4F, 0xFF, 0xFF, 0xE1, 0x00, 0x00, 0x00, 0x00, 0x00,
  0x00, 0x00, 0x00, 0x00, 0x04, 0xFF, 0xFF, 0xFE, 0x10, 0x00, 0x00, 0x00, 0x00, 0x00, 0x00, 0x00,
  0x00, 0x00, 0x4F, 0xFF, 0xFF, 0xE1, 0x00, 0x00, 0x00, 0x00, 0x00, 0x00, 0x00, 0x00, 0x00, 0x04,
  0xFF, 0xFF, 0xFE, 0x10, 0x00, 0x00, 0x00, 0x00, 0x00, 0x00, 0x00, 0x00, 0x00, 0x4F, 0xFF, 0xFF,
  0xE1, 0x00, 0x00, 0x00, 0x00, 0x00, 0x00, 0x00, 0x00, 0x00, 0x04, 0xFF, 0xFF, 0xFE, 0x10, 0x00,
  0x00, 0x00, 0x00, 0x00, 0x00, 0x00, 0x00, 0x00, 0x4F, 0xFF, 0xFF, 0xE1, 0x00, 0x00, 0x00, 0x00,
  0x00, 0x00, 0x00, 0x00, 0x00, 0x04, 0xFF, 0xFF, 0xFE, 0x10, 0x00, 0x00, 0x00, 0x00, 0x00, 0x00,
  0x00, 0x00, 0x00, 0x4F, 0xFF, 0xFF, 0xE1, 0x00, 0x00, 0x00, 0x00, 0x00, 0x00, 0x00, 0x00, 0x00,
  0x04, 0xFF, 0xFF, 0xFE, 0x10, 0x00, 0x00, 0x00, 0x00, 0x00, 0x00, 0x00, 0x00, 0x00, 0x4F, 0xFF,
  0xFF, 0xE1, 0x00, 0x00, 0x00, 0x00, 0x00, 0x00, 0x00, 0x00, 0x00, 0x04, 0xFF, 0xFF, 0xFE, 0x10,
  0x00, 0x00, 0x00, 0x00, 0x00, 0x00, 0x00, 0x00, 0x00, 0x4F, 0xFF, 0xFF, 0xE1, 0x00, 0x00, 0x05,
  0xAA, 0xAA, 0xA8, 0x00, 0x00, 0x00, 0x04, 0xFF, 0xFF, 0xFE, 0x10, 0x00, 0x00, 0x8F, 0xFF, 0xFF,
  0xC0, 0x00, 0x00, 0x00, 0x4F, 0xFF, 0xFF, 0xE1, 0x00, 0x00, 0x07, 0xFF, 0xFF, 0xFB, 0x00, 0x00,
  0x00, 0x04, 0xFF, 0xFF, 0xFE, 0x10, 0x00, 0x00, 0x7F, 0xFF, 0xFF, 0xC0, 0x00, 0x00, 0x00, 0x5F,
  0xFF, 0xFF, 0xD1, 0x00, 0x00, 0x05, 0xFF, 0xFF, 0xFF, 0x20, 0x00, 0x00, 0x09, 0xFF, 0xFF, 0xFB,
  0x00, 0x00, 0x00, 0x2F, 0xFF, 0xFF, 0xF9, 0x00, 0x00, 0x03, 0xEF, 0xFF, 0xFF, 0x90, 0x00, 0x00,
  0x00, 0xBF, 0xFF, 0xFF, 0xFA, 0x31, 0x25, 0xDF, 0xFF, 0xFF, 0xF4, 0x00, 0x00, 0x00, 0x04, 0xFF,
  0xFF, 0xFF, 0xFF, 0xEE, 0xFF, 0xFF, 0xFF, 0xFB, 0x00, 0x00, 0x00, 0x00, 0x09, 0xFF, 0xFF, 0xFF,
  0xFF, 0xFF, 0xFF, 0xFF, 0xFE, 0x30, 0x00, 0x00, 0x00, 0x00, 0x09, 0xFF, 0xFF, 0xFF, 0xFF, 0xFF,
  0xFF, 0xFE, 0x40, 0x00, 0x00, 0x00, 0x00, 0x00, 0x06, 0xDF, 0xFF, 0xFF, 0xFF, 0xFF, 0xFA, 0x20,
  0x00, 0x00, 0x00, 0x00, 0x00, 0x00, 0x01, 0x59, 0xCD, 0xEE, 0xDB, 0x83, 0x00, 0x00, 0x00, 0x00,
  0x00, 0x00, 0x00, 0x00, 0x00, 0x00, 0x01, 0x10, 0x00, 0x00, 0x00, 0x00, 0x00, 0x00, 0x00, 0x00,
  0x11, 0x11, 0x11, 0x00, 0x00, 0x00, 0x00, 0x00, 0x00, 0x11, 0x11, 0x11, 0x11, 0x00, 0x00, 0x01,
  0xEE, 0xEE, 0xED, 0x20, 0x00, 0x00, 0x00, 0x00, 0x05, 0xEE, 0xEE, 0xEE, 0xE4, 0x00, 0x00, 0x01,
  0xFF, 0xFF, 0xFF, 0x20, 0x00, 0x00, 0x00, 0x00, 0x3E, 0xFF, 0xFF, 0xFF, 0x60, 0x00, 0x00, 0x01,
  0xFF, 0xFF, 0xFE, 0x20, 0x00, 0x00, 0x00, 0x01, 0xDF, 0xFF, 0xFF, 0xF8, 0x00, 0x00, 0x00, 0x01,
  0xFF, 0xFF, 0xFE, 0x20, 0x00, 0x00, 0x00, 0x0B, 0xFF, 0xFF, 0xFF, 0xA0, 0x00, 0x00, 0x00, 0x01,
  0xFF, 0xFF, 0xFE, 0x20, 0x00, 0x00, 0x00, 0x9F, 0xFF, 0xFF, 0xFC, 0x10, 0x00, 0x00, 0x00, 0x01,
  0xFF, 0xFF, 0xFE, 0x20, 0x00, 0x00, 0x06, 0xFF, 0xFF, 0xFF, 0xE2, 0x00, 0x00, 0x00, 0x00, 0x01,
  0xFF, 0xFF, 0xFE, 0x20, 0x00, 0x00, 0x4F, 0xFF, 0xFF, 0xFF, 0x40, 0x00, 0x00, 0x00, 0x00, 0x01,
  0xFF, 0xFF, 0xFE, 0x20, 0x00, 0x02, 0xEF, 0xFF, 0xFF, 0xF6, 0x00, 0x00, 0x00, 0x00, 0x00, 0x01,
  0xFF, 0xFF, 0xFE, 0x20, 0x00, 0x1C, 0xFF, 0xFF, 0xFF, 0x80, 0x00, 0x00, 0x00, 0x00, 0x00, 0x01,
  0xFF, 0xFF, 0xFE, 0x20, 0x00, 0xAF, 0xFF, 0xFF, 0xFA, 0x00, 0x00, 0x00, 0x00, 0x00, 0x00, 0x01,
  0xFF, 0xFF, 0xFE, 0x20, 0x07, 0xFF, 0xFF, 0xFF, 0xC1, 0x00, 0x00, 0x00, 0x00, 0x00, 0x00, 0x01,
  0xFF, 0xFF, 0xFE, 0x30, 0x4F, 0xFF, 0xFF, 0xFD, 0x20, 0x00, 0x00, 0x00, 0x00, 0x00, 0x00, 0x01,
  0xFF, 0xFF, 0xFE, 0x21, 0xDF, 0xFF, 0xFF, 0xE3, 0x00, 0x00, 0x00, 0x00, 0x00, 0x00, 0x00, 0x01,
  0xFF, 0xFF, 0xFE, 0x29, 0xFF, 0xFF, 0xFF, 0x90, 0x00, 0x00, 0x00, 0x00, 0x00, 0x00, 0x00, 0x01,
  0xFF, 0xFF, 0xFE, 0x7F, 0xFF, 0xFF, 0xFF, 0xE3, 0x00, 0x00, 0x00, 0x00, 0x00, 0x00, 0x00, 0x01,
  0xFF, 0xFF, 0xFE, 0xEF, 0xFF, 0xFF, 0xFF, 0xFB, 0x00, 0x00, 0x00, 0x00, 0x00, 0x00, 0x00, 0x01,
  0xFF, 0xFF, 0xFF, 0xFF, 0xFF, 0xFF, 0xFF, 0xFF, 0x60, 0x00, 0x00, 0x00, 0x00, 0x00, 0x00, 0x01,
  0xFF, 0xFF, 0xFF, 0xFF, 0xFE, 0xEF, 0xFF, 0xFF, 0xE2, 0x00, 0x00, 0x00, 0x00, 0x00, 0x00, 0x01,
  0xFF, 0xFF, 0xFF, 0xFF, 0xF5, 0x4F, 0xFF, 0xFF, 0xFB, 0x00, 0x00, 0x00, 0x00, 0x00, 0x00, 0x01,
  0xFF, 0xFF, 0xFF, 0xFF, 0x70, 0x0A, 0xFF, 0xFF, 0xFF, 0x60, 0x00, 0x00, 0x00, 0x00, 0x00, 0x01,
  0xFF, 0xFF, 0xFF, 0xF8, 0x00, 0x02, 0xEF, 0xFF, 0xFF, 0xE2, 0x00, 0x00, 0x00, 0x00, 0x00, 0x01,
  0xFF, 0xFF, 0xFF, 0xA0, 0x00, 0x00, 0x6F, 0xFF, 0xFF, 0xFA, 0x00, 0x00, 0x00, 0x00, 0x00, 0x01,
  0xFF, 0xFF, 0xFE, 0x20, 0x00, 0x00, 0x0B, 0xFF, 0xFF, 0xFF, 0x60, 0x00, 0x00, 0x00, 0x00, 0x01,
  0xFF, 0xFF, 0xFE, 0x20, 0x00, 0x00, 0x02, 0xEF, 0xFF, 0xFF, 0xE2, 0x00, 0x00, 0x00, 0x00, 0x01,
  0xFF, 0xFF, 0xFE, 0x20, 0x00, 0x00, 0x00, 0x7F, 0xFF, 0xFF, 0xFA, 0x00, 0x00, 0x00, 0x00, 0x01,
  0xFF, 0xFF, 0xFE, 0x20, 0x00, 0x00, 0x00, 0x0C, 0xFF, 0xFF, 0xFF, 0x50, 0x00, 0x00, 0x00, 0x01,
  0xFF, 0xFF, 0xFE, 0x20, 0x00, 0x00, 0x00, 0x03, 0xFF, 0xFF, 0xFF, 0xE1, 0x00, 0x00, 0x00, 0x01,
  0xFF, 0xFF, 0xFE, 0x20, 0x00, 0x00, 0x00, 0x00, 0x8F, 0xFF, 0xFF, 0xFA, 0x00, 0x00, 0x00, 0x01,
  0xFF, 0xFF, 0xFE, 0x20, 0x00, 0x00, 0x00, 0x00, 0x1D, 0xFF, 0xFF, 0xFF, 0x50, 0x00, 0x00, 0x01,
  0xFF, 0xFF, 0xFF, 0x20, 0x00, 0x00, 0x00, 0x00, 0x04, 0xFF, 0xFF, 0xFF, 0xE1, 0x00, 0x00, 0x01,
  0xEE, 0xEE, 0xED, 0x20, 0x00, 0x00, 0x00, 0x00, 0x00, 0x9E, 0xEE, 0xEE, 0xE9, 0x00, 0x00, 0x00,
  0x11, 0x11, 0x11, 0x00, 0x00, 0x00, 0x00, 0x00, 0x00, 0x01, 0x11, 0x11, 0x11, 0x00, 0x00, 0x00,
  0x11, 0x11, 0x11, 0x00, 0x00, 0x00, 0x00, 0x00, 0x00, 0x00, 0x00, 0x00, 0x01, 0xDE, 0xEE, 0xEE,
  0x40, 0x00, 0x00, 0x00, 0x00, 0x00, 0x00, 0x00, 0x00, 0x01, 0xEF, 0xFF, 0xFF, 0x40, 0x00, 0x00,
  0x00, 0x00, 0x00, 0x00, 0x00, 0x00, 0x01, 0xEF, 0xFF, 0xFF, 0x40, 0x00, 0x00, 0x00, 0x00, 0x00,
  0x00, 0x00, 0x00, 0x01, 0xEF, 0xFF, 0xFF, 0x40, 0x00, 0x00, 0x00, 0x00, 0x00, 0x00, 0x00, 0x00,
  0x01, 0xEF, 0xFF, 0xFF, 0x40, 0x00, 0x00, 0x00, 0x00, 0x00, 0x00, 0x00, 0x00, 0x01, 0xEF, 0xFF,
  0xFF, 0x40, 0x00, 0x00, 0x00, 0x00, 0x00, 0x00, 0x00, 0x00, 0x01, 0xEF, 0xFF, 0xFF, 0x40, 0x00,
  0x00, 0x00, 0x00, 0x00, 0x00, 0x00, 0x00, 0x01, 0xEF, 0xFF, 0xFF, 0x40, 0x00, 0x00, 0x00, 0x00,
  0x00, 0x00, 0x00, 0x00, 0x01, 0xEF, 0xFF, 0xFF, 0x40, 0x00, 0x00, 0x00, 0x00, 0x00, 0x00, 0x00,
  0x00, 0x01, 0xEF, 0xFF, 0xFF, 0x40, 0x00, 0x00, 0x00, 0x00, 0x00, 0x00, 0x00, 0x00, 0x01, 0xEF,
  0xFF, 0xFF, 0x40, 0x00, 0x00, 0x00, 0x00, 0x00, 0x00, 0x00, 0x00, 0x01, 0xEF, 0xFF, 0xFF, 0x40,
  0x00, 0x00, 0x00, 0x00, 0x00, 0x00, 0x00, 0x00, 0x01, 0xEF, 0xFF, 0xFF, 0x40, 0x00, 0x00, 0x00,
  0x00, 0x00, 0x00, 0x00, 0x00, 0x01, 0xEF, 0xFF, 0xFF, 0x40, 0x00, 0x00, 0x00, 0x00, 0x00, 0x00,
  0x00, 0x00, 0x01, 0xEF, 0xFF, 0xFF, 0x40, 0x00, 0x00, 0x00, 0x00, 0x00, 0x00, 0x00, 0x00, 0x01,
  0xEF, 0xFF, 0xFF, 0x40, 0x00, 0x00, 0x00, 0x00, 0x00, 0x00, 0x00, 0x00, 0x01, 0xEF, 0xFF, 0xFF,
  0x40, 0x00, 0x00, 0x00, 0x00, 0x00, 0x00, 0x00, 0x00, 0x01, 0xEF, 0xFF, 0xFF, 0x40, 0x00, 0x00,
  0x00, 0x00, 0x00, 0x00, 0x00, 0x00, 0x01, 0xEF, 0xFF, 0xFF, 0x40, 0x00, 0x00, 0x00, 0x00, 0x00,
  0x00, 0x00, 0x00, 0x01, 0xEF, 0xFF, 0xFF, 0x40, 0x00, 0x00, 0x00, 0x00, 0x00, 0x00, 0x00, 0x00,
  0x01, 0xEF, 0xFF, 0xFF, 0x40, 0x00, 0x00, 0x00, 0x00, 0x00, 0x00, 0x00, 0x00, 0x01, 0xEF, 0xFF,
  0xFF, 0x40, 0x00, 0x00, 0x00, 0x00, 0x00, 0x00, 0x00, 0x00, 0x01, 0xEF, 0xFF, 0xFF, 0x40, 0x00,
  0x00, 0x00, 0x00, 0x00, 0x00, 0x00, 0x00, 0x01, 0xEF, 0xFF, 0xFF, 0x40, 0x00, 0x00, 0x00, 0x00,
  0x00, 0x00, 0x00, 0x00, 0x01, 0xEF, 0xFF, 0xFF, 0x30, 0x00, 0x00, 0x00, 0x00, 0x00, 0x00, 0x00,
  0x00, 0x01, 0xEF, 0xFF, 0xFF, 0xA7, 0x87, 0x77, 0x77, 0x77, 0x77, 0x74, 0x00, 0x00, 0x01, 0xEF,
  0xFF, 0xFF, 0xFF, 0xFF, 0xFF, 0xFF, 0xFF, 0xFF, 0xF8, 0x00, 0x00, 0x01, 0xEF, 0xFF, 0xFF, 0xFF,
  0xFF, 0xFF, 0xFF, 0xFF, 0xFE, 0xF7, 0x00, 0x00, 0x01, 0xEF, 0xFF, 0xFF, 0xFF, 0xFF, 0xFF, 0xFF,
  0xFF, 0xFF, 0xF8, 0x00, 0x00, 0x01, 0xEF, 0xFF, 0xFF, 0xFF, 0xFF, 0xFF, 0xFF, 0xFF, 0xFF, 0xF8,
  0x00, 0x00, 0x01, 0xDE, 0xEE, 0xEE, 0xEE, 0xEE, 0xEE, 0xEE, 0xEE, 0xEE, 0xE7, 0x00, 0x00, 0x00,
  0x11, 0x11, 0x11, 0x11, 0x11, 0x11, 0x11, 0x11, 0x11, 0x10, 0x00, 0x00, 0x00, 0x11, 0x11, 0x11,
  0x11, 0x11, 0x00, 0x00, 0x00, 0x00, 0x00, 0x00, 0x00, 0x01, 0x11, 0x11, 0x11, 0x11, 0x00, 0x00,
  0x00, 0x00, 0xDE, 0xEE, 0xEE, 0xEE, 0xED, 0x20, 0x00, 0x00, 0x00, 0x00, 0x00, 0x00, 0xBE, 0xEE,
  0xEE, 0xEE, 0xEE, 0x30, 0x00, 0x00, 0x00, 0xEF, 0xFF, 0xFF, 0xFF, 0xFF, 0x70, 0x00, 0x00, 0x00,
  0x00, 0x00, 0x02, 0xFF, 0xFF, 0xFF, 0xFF, 0xFF, 0x40, 0x00, 0x00, 0x00, 0xEF, 0xFF, 0xFF, 0xFF,
  0xFF, 0xC0, 0x00, 0x00, 0x00, 0x00, 0x00, 0x07, 0xFF, 0xFF, 0xFF, 0xFF, 0xFF, 0x40, 0x00, 0x00,
  0x00, 0xEF, 0xFF, 0xFF, 0xFF, 0xFF, 0xF3, 0x00, 0x00, 0x00, 0x00, 0x00, 0x0C, 0xFF, 0xFF, 0xFF,
  0xFF, 0xFF, 0x40, 0x00, 0x00, 0x00, 0xEF, 0xFF, 0xFF, 0xFF, 0xFF, 0xF7, 0x00, 0x00, 0x00, 0x00,
  0x00, 0x3F, 0xFF, 0xFF, 0xFF, 0xFF, 0xFF, 0x40, 0x00, 0x00, 0x00, 0xEF, 0xFF, 0xFF, 0xFF, 0xFF,
  0xFC, 0x00, 0x00, 0x00, 0x00, 0x00, 0x8F, 0xFF, 0xFF, 0xFF, 0xFF, 0xFF, 0x40, 0x00, 0x00, 0x00,
  0xEF, 0xFF, 0xFF, 0xCF, 0xFF, 0xFF, 0x30, 0x00, 0x00, 0x00, 0x00, 0xCF, 0xFF, 0xFB, 0xFF, 0xFF,
  0xFF, 0x40, 0x00, 0x00, 0x00, 0xEF, 0xFF, 0xFF, 0x9E, 0xFF, 0xFF, 0x80, 0x00, 0x00, 0x00, 0x03,
  0xFF, 0xFF, 0xF8, 0xEF, 0xFF, 0xFF, 0x40, 0x00, 0x00, 0x00, 0xEF, 0xFF, 0xFF, 0x6C, 0xFF, 0xFF,
  0xD1, 0x00, 0x00, 0x00, 0x08, 0xFF, 0xFF, 0xE4, 0xFF, 0xFF, 0xFF, 0x40, 0x00, 0x00, 0x00, 0xEF,
  0xFF, 0xFF, 0x58, 0xFF, 0xFF, 0xF4, 0x00, 0x00, 0x00, 0x1D, 0xFF, 0xFF, 0xC2, 0xFF, 0xFF, 0xFF,
  0x40, 0x00, 0x00, 0x00, 0xEF, 0xFF, 0xFF, 0x54, 0xFF, 0xFF, 0xF9, 0x00, 0x00, 0x00, 0x4F, 0xFF,
  0xFF, 0x81, 0xFF, 0xFF, 0xFF, 0x40, 0x00, 0x00, 0x00, 0xEF, 0xFF, 0xFF, 0x61, 0xEF, 0xFF, 0xFD,
  0x10, 0x00, 0x00, 0x9F, 0xFF, 0xFF, 0x41, 0xFF, 0xFF, 0xFF, 0x40, 0x00, 0x00, 0x00, 0xEF, 0xFF,
  0xFF, 0x60, 0xCF, 0xFF, 0xFF, 0x50, 0x00, 0x01, 0xDF, 0xFF, 0xFE, 0x12, 0xFF, 0xFF, 0xFF, 0x40,
  0x00, 0x00, 0x00, 0xEF, 0xFF, 0xFF, 0x60, 0x7F, 0xFF, 0xFF, 0xA0, 0x00, 0x04, 0xFF, 0xFF, 0xFB,
  0x02, 0xFF, 0xFF, 0xFF, 0x40, 0x00, 0x00, 0x00, 0xEF, 0xFF, 0xFF, 0x60, 0x4F, 0xFF, 0xFF, 0xE1,
  0x00, 0x09, 0xFF, 0xFF, 0xF7, 0x02, 0xFF, 0xFF, 0xFF, 0x40, 0x00, 0x00, 0x00, 0xEF, 0xFF, 0xFF,
  0x60, 0x1D, 0xFF, 0xFF, 0xF4, 0x00, 0x1D, 0xFF, 0xFF, 0xF3, 0x02, 0xFF, 0xFF, 0xFF, 0x40, 0x00,
  0x00, 0x00, 0xEF, 0xFF, 0xFF, 0x60, 0x08, 0xFF, 0xFF, 0xF8, 0x00, 0x3F, 0xFF, 0xFF, 0xC0, 0x02,
  0xFF, 0xFF, 0xFF, 0x40, 0x00, 0x00, 0x00, 0xEF, 0xFF, 0xFF, 0x60, 0x04, 0xFF, 0xFF, 0xFC, 0x00,
  0x6F, 0xFF, 0xFF, 0x70, 0x02, 0xFF, 0xFF, 0xFF, 0x40, 0x00, 0x00, 0x00, 0xEF, 0xFF, 0xFF, 0x60,
  0x00, 0xDF, 0xFF, 0xFE, 0x20, 0xAF, 0xFF, 0xFF, 0x30, 0x02, 0xFF, 0xFF, 0xFF, 0x40, 0x00, 0x00,
  0x00, 0xEF, 0xFF, 0xFF, 0x60, 0x00, 0x8F, 0xFF, 0xFF, 0x40, 0xDF, 0xFF, 0xFB, 0x00, 0x02, 0xFF,
  0xFF, 0xFF, 0x40, 0x00, 0x00, 0x00, 0xEF, 0xFF, 0xFF, 0x60, 0x00, 0x3F, 0xFF, 0xFF, 0x71, 0xFF,
  0xFF, 0xF6, 0x00, 0x02, 0xFF, 0xFF, 0xFF, 0x40, 0x00, 0x00, 0x00, 0xEF, 0xFF, 0xFF, 0x60, 0x00,
  0x0C, 0xFF, 0xFF, 0xA4, 0xFF, 0xFF, 0xE2, 0x00, 0x02, 0xFF, 0xFF, 0xFF, 0x40, 0x00, 0x00, 0x00,
  0xEF, 0xFF, 0xFF, 0x60, 0x00, 0x07, 0xFF, 0xFF, 0xC9, 0xFF, 0xFF, 0xB0, 0x00, 0x02, 0xFF, 0xFF,
  0xFF, 0x40, 0x00, 0x00, 0x00, 0xEF, 0xFF, 0xFF, 0x60, 0x00, 0x02, 0xEF, 0xFF, 0xEE, 0xFF, 0xFF,
  0x60, 0x00, 0x02, 0xFF, 0xFF, 0xFF, 0x40, 0x00, 0x00, 0x00, 0xEF, 0xFF, 0xFF, 0x60, 0x00, 0x00,
  0xBF, 0xFF, 0xFF, 0xFF, 0xFE, 0x20, 0x00, 0x02, 0xFF, 0xFF, 0xFF, 0x40, 0x00, 0x00, 0x00, 0xEF,
  0xFF, 0xFF, 0x60, 0x00, 0x00, 0x6F, 0xFF, 0xFF, 0xFF, 0xFB, 0x00, 0x00, 0x02, 0xFF, 0xFF, 0xFF,
  0x40, 0x00, 0x00, 0x00, 0xEF, 0xFF, 0xFF, 0x60, 0x00, 0x00, 0x2E, 0xFF, 0xFF, 0xFF, 0xF6, 0x00,
  0x00, 0x02, 0xFF, 0xFF, 0xFF, 0x40, 0x00, 0x00, 0x00, 0xEF, 0xFF, 0xFF, 0x60, 0x00, 0x00, 0x0B,
  0xFF, 0xFF, 0xFF, 0xE2, 0x00, 0x00, 0x02, 0xFF, 0xFF, 0xFF, 0x40, 0x00, 0x00, 0x00, 0xEF, 0xFF,
  0xFF, 0x60, 0x00, 0x00, 0x05, 0xFF, 0xFF, 0xFF, 0xA0, 0x00, 0x00, 0x02, 0xFF, 0xFF, 0xFF, 0x40,
  0x00, 0x00, 0x00, 0xEF, 0xFF, 0xFF, 0x60, 0x00, 0x00, 0x01, 0xEF, 0xFF, 0xFF, 0x50, 0x00, 0x00,
  0x02, 0xFF, 0xFF, 0xFF, 0x40, 0x00, 0x00, 0x00, 0xDE, 0xEE, 0xEE, 0x50, 0x00, 0x00, 0x00, 0x9E,
  0xEE, 0xED, 0x10, 0x00, 0x00, 0x02, 0xEE, 0xEE, 0xEE, 0x30, 0x00, 0x00, 0x00, 0x11, 0x11, 0x11,
  0x00, 0x00, 0x00, 0x00, 0x01, 0x11, 0x11, 0x00, 0x00, 0x00, 0x00, 0x11, 0x11, 0x11, 0x00, 0x00,
  0x00, 0x00, 0x11, 0x11, 0x11, 0x10, 0x00, 0x00, 0x00, 0x00, 0x00, 0x00, 0x11, 0x11, 0x11, 0x00,
  0x00, 0x00, 0x01, 0xEE, 0xEE, 0xEE, 0xD3, 0x00, 0x00, 0x00, 0x00, 0x00, 0x02, 0xDE, 0xEE, 0xEE,
  0x10, 0x00, 0x00, 0x01, 0xFF, 0xFF, 0xFF, 0xFB, 0x00, 0x00, 0x00, 0x00, 0x00, 0x03, 0xFF, 0xFF,
  0xFF, 0x10, 0x00, 0x00, 0x01, 0xFF, 0xFF, 0xFF, 0xFF, 0x50, 0x00, 0x00, 0x00, 0x00, 0x03, 0xEF,
  0xFF, 0xFF, 0x10, 0x00, 0x00, 0x01, 0xFF, 0xFF, 0xFF, 0xFF, 0xD1, 0x00, 0x00, 0x00, 0x00, 0x03,
  0xEF, 0xFF, 0xFF, 0x10, 0x00, 0x00, 0x01, 0xFF, 0xFF, 0xFF, 0xFF, 0xF8, 0x00, 0x00, 0x00, 0x00,
  0x03, 0xEF, 0xFF, 0xFF, 0x10, 0x00, 0x00, 0x01, 0xFF, 0xFF, 0xFF, 0xFF, 0xFE, 0x30, 0x00, 0x00,
  0x00, 0x03, 0xEF, 0xFF, 0xFF, 0x10, 0x00, 0x00, 0x01, 0xFF, 0xFF, 0xFF, 0xFF, 0xFF, 0xB0, 0x00,
  0x00, 0x00, 0x03, 0xEF, 0xFF, 0xFF, 0x10, 0x00, 0x00, 0x01, 0xFF, 0xFF, 0xFF, 0xFF, 0xFF, 0xF5,
  0x00, 0x00, 0x00, 0x03, 0xEF, 0xFF, 0xFF, 0x10, 0x00, 0x00, 0x01, 0xFF, 0xFF, 0xFE, 0xBF, 0xFF,
  0xFD, 0x10, 0x00, 0x00, 0x03, 0xEF, 0xFF, 0xFF, 0x10, 0x00, 0x00, 0x01, 0xFF, 0xFF, 0xFE, 0x5E,
  0xFF, 0xFF, 0x80, 0x00, 0x00, 0x03, 0xEF, 0xFF, 0xFF, 0x10, 0x00, 0x00, 0x01, 0xFF, 0xFF, 0xFF,
  0x29, 0xFF, 0xFF, 0xE2, 0x00, 0x00, 0x03, 0xEF, 0xFF, 0xFF, 0x10, 0x00, 0x00, 0x01, 0xFF, 0xFF,
  0xFF, 0x22, 0xFF, 0xFF, 0xFB, 0x00, 0x00, 0x03, 0xEF, 0xFF, 0xFF, 0x10, 0x00, 0x00, 0x01, 0xFF,
  0xFF, 0xFE, 0x30, 0xAF, 0xFF, 0xFF, 0x50, 0x00, 0x03, 0xEF, 0xFF, 0xFF, 0x10, 0x00, 0x00, 0x01,
  0xFF, 0xFF, 0xFE, 0x30, 0x3F, 0xFF, 0xFF, 0xD1, 0x00, 0x03, 0xEF, 0xFF, 0xFF, 0x10, 0x00, 0x00,
  0x01, 0xFF, 0xFF, 0xFE, 0x30, 0x09, 0xFF, 0xFF, 0xF7, 0x00, 0x03, 0xEF, 0xFF, 0xFF, 0x10, 0x00,
  0x00, 0x01, 0xFF, 0xFF, 0xFE, 0x30, 0x02, 0xEF, 0xFF, 0xFE, 0x20, 0x03, 0xEF, 0xFF, 0xFF, 0x10,
  0x00, 0x00, 0x01, 0xFF, 0xFF, 0xFE, 0x30, 0x00, 0x7F, 0xFF, 0xFF, 0xA0, 0x03, 0xEF, 0xFF, 0xFF,
  0x10, 0x00, 0x00, 0x01, 0xFF, 0xFF, 0xFE, 0x30, 0x00, 0x1D, 0xFF, 0xFF, 0xF4, 0x03, 0xEF, 0xFF,
  0xFF, 0x10, 0x00, 0x00, 0x01, 0xFF, 0xFF, 0xFE, 0x30, 0x00, 0x05, 0xFF, 0xFF, 0xFB, 0x03, 0xEF,
  0xFF, 0xFF, 0x10, 0x00, 0x00, 0x01, 0xFF, 0xFF, 0xFE, 0x30, 0x00, 0x00, 0xBF, 0xFF, 0xFF, 0x32,
  0xFF, 0xFF, 0xFF, 0x10, 0x00, 0x00, 0x01, 0xFF, 0xFF, 0xFE, 0x30, 0x00, 0x00, 0x3E, 0xFF, 0xFF,
  0xA2, 0xFF, 0xFF, 0xFF, 0x10, 0x00, 0x00, 0x01, 0xFF, 0xFF, 0xFE, 0x30, 0x00, 0x00, 0x08, 0xFF,
  0xFF, 0xE5, 0xEF, 0xFF, 0xFF, 0x10, 0x00, 0x00, 0x01, 0xFF, 0xFF, 0xFE, 0x30, 0x00, 0x00, 0x01,
  0xDF, 0xFF, 0xFB, 0xEF, 0xFF, 0xFF, 0x10, 0x00, 0x00, 0x01, 0xFF, 0xFF, 0xFE, 0x30, 0x00, 0x00,
  0x00, 0x5F, 0xFF, 0xFF, 0xFF, 0xFF, 0xFF, 0x10, 0x00, 0x00, 0x01, 0xFF, 0xFF, 0xFE, 0x30, 0x00,
  0x00, 0x00, 0x0B, 0xFF, 0xFF, 0xFF, 0xFF, 0xFF, 0x10, 0x00, 0x00, 0x01, 0xFF, 0xFF, 0xFE, 0x30,
  0x00, 0x00, 0x00, 0x03, 0xEF, 0xFF, 0xFF, 0xFF, 0xFF, 0x10, 0x00, 0x00, 0x01, 0xFF, 0xFF, 0xFE,
  0x30, 0x00, 0x00, 0x00, 0x00, 0x8F, 0xFF, 0xFF, 0xFF, 0xFF, 0x10, 0x00, 0x00, 0x01, 0xFF, 0xFF,
  0xFE, 0x30, 0x00, 0x00, 0x00, 0x00, 0x1D, 0xFF, 0xFF, 0xFF, 0xFF, 0x10, 0x00, 0x00, 0x01, 0xFF,
  0xFF, 0xFE, 0x30, 0x00, 0x00, 0x00, 0x00, 0x05, 0xFF, 0xFF, 0xFF, 0xFF, 0x10, 0x00, 0x00, 0x01,
  0xFF, 0xFF, 0xFF, 0x30, 0x00, 0x00, 0x00, 0x00, 0x00, 0xBF, 0xFF, 0xFF, 0xFF, 0x10, 0x00, 0x00,
  0x01, 0xEE, 0xEE, 0xED, 0x20, 0x00, 0x00, 0x00, 0x00, 0x00, 0x3D, 0xEE, 0xEE, 0xEE, 0x10, 0x00,
  0x00, 0x00, 0x11, 0x11, 0x11, 0x00, 0x00, 0x00, 0x00, 0x00, 0x00, 0x01, 0x11, 0x11, 0x11, 0x00,
  0x00, 0x00, 0x00, 0x00, 0x00, 0x00, 0x00, 0x00, 0x00, 0x11, 0x00, 0x00, 0x00, 0x00, 0x00, 0x00,
  0x00, 0x00, 0x00, 0x00, 0x00, 0x00, 0x00, 0x01, 0x48, 0xBD, 0xDD, 0xDB, 0x84, 0x10, 0x00, 0x00,
  0x00, 0x00, 0x00, 0x00, 0x00, 0x00, 0x00, 0x01, 0x7D, 0xFF, 0xFF, 0xFF, 0xFF, 0xFF, 0xD7, 0x10,
  0x00, 0x00, 0x00, 0x00, 0x00, 0x00, 0x00, 0x00, 0x3C, 0xFF, 0xFF, 0xFF, 0xFF, 0xFF, 0xFF, 0xFF,
  0xC3, 0x00, 0x00, 0x00, 0x00, 0x00, 0x00, 0x00, 0x05, 0xEF, 0xFF, 0xFF, 0xFF, 0xFF, 0xFF, 0xFF,
  0xFF, 0xFE, 0x50, 0x00, 0x00, 0x00, 0x00, 0x00, 0x00, 0x4F, 0xFF, 0xFF, 0xFF, 0xFF, 0xFF, 0xFF,
  0xFF, 0xFF, 0xFF, 0xF4, 0x00, 0x00, 0x00, 0x00, 0x00, 0x02, 0xEF, 0xFF, 0xFF, 0xFF, 0xEB, 0x99,
  0xBE, 0xFF, 0xFF, 0xFF, 0xFE, 0x20, 0x00, 0x00, 0x00, 0x00, 0x0A, 0xFF, 0xFF, 0xFF, 0xE7, 0x10,
  0x00, 0x01, 0x6E, 0xFF, 0xFF, 0xFF, 0xA0, 0x00, 0x00, 0x00, 0x00, 0x4F, 0xFF, 0xFF, 0xFD, 0x30,
  0x00, 0x00, 0x00, 0x03, 0xDF, 0xFF, 0xFF, 0xF4, 0x00, 0x00, 0x00, 0x00, 0xAF, 0xFF, 0xFF, 0xE3,
  0x00, 0x00, 0x00, 0x00, 0x00, 0x3E, 0xFF, 0xFF, 0xFA, 0x00, 0x00, 0x00, 0x02, 0xEF, 0xFF, 0xFF,
  0x80, 0x00, 0x00, 0x00, 0x00, 0x00, 0x08, 0xFF, 0xFF, 0xFE, 0x20, 0x00, 0x00, 0x06, 0xFF, 0xFF,
  0xFE, 0x20, 0x00, 0x00, 0x00, 0x00, 0x00, 0x02, 0xEF, 0xFF, 0xFF, 0x60, 0x00, 0x00, 0x09, 0xFF,
  0xFF, 0xFA, 0x00, 0x00, 0x00, 0x00, 0x00, 0x00, 0x00, 0xAF, 0xFF, 0xFF, 0x90, 0x00, 0x00, 0x0B,
  0xFF, 0xFF, 0xF7, 0x00, 0x00, 0x00, 0x00, 0x00, 0x00, 0x00, 0x7F, 0xFF, 0xFF, 0xB0, 0x00, 0x00,
  0x1D, 0xFF, 0xFF, 0xF5, 0x00, 0x00, 0x00, 0x00, 0x00, 0x00, 0x00, 0x5F, 0xFF, 0xFF, 0xD1, 0x00,
  0x00, 0x1E, 0xFF, 0xFF, 0xF3, 0x00, 0x00, 0x00, 0x00, 0x00, 0x00, 0x00, 0x3F, 0xFF, 0xFF, 0xE1,
  0x00, 0x00, 0x1E, 0xFF, 0xFF, 0xF3, 0x00, 0x00, 0x00, 0x00, 0x00, 0x00, 0x00, 0x3F, 0xFF, 0xFF,
  0xE1, 0x00, 0x00, 0x1E, 0xFF, 0xFF, 0xF3, 0x00, 0x00, 0x00, 0x00, 0x00, 0x00, 0x00, 0x3F, 0xFF,
  0xFF, 0xE1, 0x00, 0x00, 0x1E, 0xFF, 0xFF, 0xF3, 0x00, 0x00, 0x00, 0x00, 0x00, 0x00, 0x00, 0x3F,
  0xFF, 0xFF, 0xE1, 0x00, 0x00, 0x1D, 0xFF, 0xFF, 0xF5, 0x00, 0x00, 0x00, 0x00, 0x00, 0x00, 0x00,
  0x5F, 0xFF, 0xFF, 0xD1, 0x00, 0x00, 0x0B, 0xFF, 0xFF, 0xF7, 0x00, 0x00, 0x00, 0x00, 0x00, 0x00,
  0x00, 0x7F, 0xFF, 0xFF, 0xB0, 0x00, 0x00, 0x09, 0xFF, 0xFF, 0xFA, 0x00, 0x00, 0x00, 0x00, 0x00,
  0x00, 0x00, 0xAF, 0xFF, 0xFF, 0x90, 0x00, 0x00, 0x06, 0xFF, 0xFF, 0xFE, 0x20, 0x00, 0x00, 0x00,
  0x00, 0x00, 0x02, 0xEF, 0xFF, 0xFF, 0x60, 0x00, 0x00, 0x02, 0xFF, 0xFF, 0xFF, 0x80, 0x00, 0x00,
  0x00, 0x00, 0x00, 0x08, 0xFF, 0xFF, 0xFE, 0x20, 0x00, 0x00, 0x00, 0xAF, 0xFF, 0xFF, 0xE3, 0x00,
  0x00, 0x00, 0x00, 0x00, 0x3E, 0xFF, 0xFF, 0xFA, 0x00, 0x00, 0x00, 0x00, 0x4F, 0xFF, 0xFF, 0xFD,
  0x30, 0x00, 0x00, 0x00, 0x03, 0xDF, 0xFF, 0xFF, 0xF4, 0x00, 0x00, 0x00, 0x00, 0x0A, 0xFF, 0xFF,
  0xFF, 0xE7, 0x10, 0x00, 0x01, 0x6E, 0xFF, 0xFF, 0xFF, 0xA0, 0x00, 0x00, 0x00, 0x00, 0x02, 0xEF,
  0xFF, 0xFF, 0xFF, 0xEB, 0x99, 0xBE, 0xFF, 0xFF, 0xFF, 0xFE, 0x20, 0x00, 0x00, 0x00, 0x00, 0x00,
  0x4F, 0xFF, 0xFF, 0xFF, 0xFF, 0xFF, 0xFF, 0xFF, 0xFF, 0xFF, 0xF4, 0x00, 0x00, 0x00, 0x00, 0x00,
  0x00, 0x05, 0xEF, 0xFF, 0xFF, 0xFF, 0xFF, 0xFF, 0xFF, 0xFF, 0xFE, 0x50, 0x00, 0x00, 0x00, 0x00,
  0x00, 0x00, 0x00, 0x3C, 0xFF, 0xFF, 0xFF, 0xFF, 0xFF, 0xFF, 0xFF, 0xC3, 0x00, 0x00, 0x00, 0x00,
  0x00, 0x00, 0x00, 0x00, 0x01, 0x7D, 0xFF, 0xFF, 0xFF, 0xFF, 0xFF, 0xD7, 0x10, 0x00, 0x00, 0x00,
  0x00, 0x00, 0x00, 0x00, 0x00, 0x00, 0x01, 0x48, 0xBD, 0xEE, 0xDB, 0x85, 0x10, 0x00, 0x00, 0x00,
  0x00, 0x00, 0x00, 0x00, 0x00, 0x00, 0x00, 0x00, 0x00, 0x00, 0x11, 0x00, 0x00, 0x00, 0x00, 0x00,
  0x00, 0x00, 0x00, 0x00, 0x00, 0x11, 0x11, 0x11, 0x11, 0x11, 0x11, 0x11, 0x00, 0x00, 0x00, 0x00,
  0x00, 0x00, 0x00, 0x00, 0xDE, 0xEE, 0xEE, 0xEE, 0xEE, 0xEE, 0xED, 0xC9, 0x61, 0x00, 0x00, 0x00,
  0x00, 0x00, 0x00, 0xEF, 0xFF, 0xFF, 0xFF, 0xFF, 0xFF, 0xFF, 0xFF, 0xFE, 0x70, 0x00, 0x00, 0x00,
  0x00, 0x00, 0xDF, 0xFF, 0xFF, 0xFF, 0xFF, 0xFF, 0xFF, 0xFF, 0xFF, 0xFC, 0x20, 0x00, 0x00, 0x00,
  0x00, 0xEF, 0xFF, 0xFF, 0xFF, 0xFF, 0xFF, 0xFF, 0xFF, 0xFF, 0xFF, 0xC1, 0x00, 0x00, 0x00, 0x00,
  0xEF, 0xFF, 0xFF, 0xED, 0xDD, 0xDD, 0xEF, 0xFF, 0xFF, 0xFF, 0xFA, 0x00, 0x00, 0x00, 0x00, 0xEF,
  0xFF, 0xFF, 0x70, 0x00, 0x00, 0x14, 0xAF, 0xFF, 0xFF, 0xFF, 0x40, 0x00, 0x00, 0x00, 0xEF, 0xFF,
  0xFF, 0x70, 0x00, 0x00, 0x00, 0x07, 0xFF, 0xFF, 0xFF, 0x90, 0x00, 0x00, 0x00, 0xEF, 0xFF, 0xFF,
  0x70, 0x00, 0x00, 0x00, 0x00, 0xBF, 0xFF, 0xFF, 0xD0, 0x00, 0x00, 0x00, 0xEF, 0xFF, 0xFF, 0x70,
  0x00, 0x00, 0x00, 0x00, 0x5F, 0xFF, 0xFF, 0xE2, 0x00, 0x00, 0x00, 0xEF, 0xFF, 0xFF, 0x70, 0x00,
  0x00, 0x00, 0x00, 0x3F, 0xFF, 0xFF, 0xF3, 0x00, 0x00, 0x00, 0xEF, 0xFF, 0xFF, 0x70, 0x00, 0x00,
  0x00, 0x00, 0x3F, 0xFF, 0xFF, 0xF3, 0x00, 0x00, 0x00, 0xEF, 0xFF, 0xFF, 0x70, 0x00, 0x00, 0x00,
  0x00, 0x5F, 0xFF, 0xFF, 0xF3, 0x00, 0x00, 0x00, 0xEF, 0xFF, 0xFF, 0x70, 0x00, 0x00, 0x00, 0x00,
  0xAF, 0xFF, 0xFF, 0xE1, 0x00, 0x00, 0x00, 0xEF, 0xFF, 0xFF, 0x70, 0x00, 0x00, 0x00, 0x04, 0xFF,
  0xFF, 0xFF, 0xA0, 0x00, 0x00, 0x00, 0xEF, 0xFF, 0xFF, 0x60, 0x00, 0x00, 0x02, 0x7E, 0xFF, 0xFF,
  0xFF, 0x50, 0x00, 0x00, 0x00, 0xEF, 0xFF, 0xFF, 0xCA, 0xAA, 0xAA, 0xBE, 0xFF, 0xFF, 0xFF, 0xFB,
  0x00, 0x00, 0x00, 0x00, 0xEF, 0xFF, 0xFF, 0xFF, 0xFF, 0xFF, 0xFF, 0xFF, 0xFF, 0xFF, 0xE2, 0x00,
  0x00, 0x00, 0x00, 0xEF, 0xFF, 0xFF, 0xFF, 0xFF, 0xFF, 0xFF, 0xFF, 0xFF, 0xFD, 0x30, 0x00, 0x00,
  0x00, 0x00, 0xEF, 0xFF, 0xFF, 0xFF, 0xFF, 0xFF, 0xFF, 0xFF, 0xFF, 0x91, 0x00, 0x00, 0x00, 0x00,
  0x00, 0xEF, 0xFF, 0xFF, 0xFF, 0xFF, 0xFF, 0xFF, 0xDB, 0x83, 0x00, 0x00, 0x00, 0x00, 0x00, 0x00,
  0xEF, 0xFF, 0xFF, 0x83, 0x33, 0x33, 0x32, 0x10, 0x00, 0x00, 0x00, 0x00, 0x00, 0x00, 0x00, 0xEF,
  0xFF, 0xFF, 0x60, 0x00, 0x00, 0x00, 0x00, 0x00, 0x00, 0x00, 0x00, 0x00, 0x00, 0x00, 0xEF, 0xFF,
  0xFF, 0x70, 0x00, 0x00, 0x00, 0x00, 0x00, 0x00, 0x00, 0x00, 0x00, 0x00, 0x00, 0xEF, 0xFF, 0xFF,
  0x70, 0x00, 0x00, 0x00, 0x00, 0x00, 0x00, 0x00, 0x00, 0x00, 0x00, 0x00, 0xEF, 0xFF, 0xFF, 0x70,
  0x00, 0x00, 0x00, 0x00, 0x00, 0x00, 0x00, 0x00, 0x00, 0x00, 0x00, 0xEF, 0xFF, 0xFF, 0x70, 0x00,
  0x00, 0x00, 0x00, 0x00, 0x00, 0x00, 0x00, 0x00, 0x00, 0x00, 0xEF, 0xFF, 0xFF, 0x70, 0x00, 0x00,
  0x00, 0x00, 0x00, 0x00, 0x00, 0x00, 0x00, 0x00, 0x00, 0xDF, 0xFF, 0xFF, 0x70, 0x00, 0x00, 0x00,
  0x00, 0x00, 0x00, 0x00, 0x00, 0x00, 0x00, 0x00, 0xEF, 0xFF, 0xFF, 0x70, 0x00, 0x00, 0x00, 0x00,
  0x00, 0x00, 0x00, 0x00, 0x00, 0x00, 0x00, 0xDE, 0xEE, 0xEE, 0x60, 0x00, 0x00, 0x00, 0x00, 0x00,
  0x00, 0x00, 0x00, 0x00, 0x00, 0x00, 0x11, 0x11, 0x11, 0x00, 0x00, 0x00, 0x00, 0x00, 0x00, 0x00,
  0x00, 0x00, 0x00, 0x00, 0x00, 0x00, 0x00, 0x00, 0x00, 0x00, 0x00, 0x11, 0x00, 0x00, 0x00, 0x00,
  0x00, 0x00, 0x00, 0x00, 0x00, 0x00, 0x00, 0x00, 0x00, 0x01, 0x58, 0xBD, 0xEE, 0xDB, 0x85, 0x10,
  0x00, 0x00, 0x00, 0x00, 0x00, 0x00, 0x00, 0x00, 0x00, 0x01, 0x7D, 0xFF, 0xFF, 0xFF, 0xFF, 0xFF,
  0xD7, 0x10, 0x00, 0x00, 0x00, 0x00, 0x00, 0x00, 0x00, 0x00, 0x4D, 0xFF, 0xFF, 0xFF, 0xFF, 0xFF,
  0xFF, 0xFF, 0xC4, 0x00, 0x00, 0x00, 0x00, 0x00, 0x00, 0x00, 0x06, 0xFF, 0xFF, 0xFF, 0xFF, 0xFF,
  0xFF, 0xFF, 0xFF, 0xFF, 0x60, 0x00, 0x00, 0x00, 0x00, 0x00, 0x00, 0x5F, 0xFF, 0xFF, 0xFF, 0xFF,
  0xFF, 0xFF, 0xFF, 0xFF, 0xFF, 0xF5, 0x00, 0x00, 0x00, 0x00, 0x00, 0x03, 0xEF, 0xFF, 0xFF, 0xFF,
  0xD9, 0x88, 0x9D, 0xFF, 0xFF, 0xFF, 0xFE, 0x20, 0x00, 0x00, 0x00, 0x00, 0x0B, 0xFF, 0xFF, 0xFF,
  0xD5, 0x00, 0x00, 0x00, 0x5D, 0xFF, 0xFF, 0xFF, 0xB0, 0x00, 0x00, 0x00, 0x00, 0x5F, 0xFF, 0xFF,
  0xFC, 0x20, 0x00, 0x00, 0x00, 0x02, 0xCF, 0xFF, 0xFF, 0xF4, 0x00, 0x00, 0x00, 0x00, 0xBF, 0xFF,
  0xFF, 0xE2, 0x00, 0x00, 0x00, 0x00, 0x00, 0x2E, 0xFF, 0xFF, 0xFB, 0x00, 0x00, 0x00, 0x02, 0xFF,
  0xFF, 0xFF, 0x70, 0x00, 0x00, 0x00, 0x00, 0x00, 0x06, 0xFF, 0xFF, 0xFF, 0x20, 0x00, 0x00, 0x06,
  0xFF, 0xFF, 0xFE, 0x10, 0x00, 0x00, 0x00, 0x00, 0x00, 0x01, 0xEF, 0xFF, 0xFF, 0x60, 0x00, 0x00,
  0x09, 0xFF, 0xFF, 0xFA, 0x00, 0x00, 0x00, 0x00, 0x00, 0x00, 0x00, 0xAF, 0xFF, 0xFF, 0x90, 0x00,
  0x00, 0x0B, 0xFF, 0xFF, 0xF6, 0x00, 0x00, 0x00, 0x00, 0x00, 0x00, 0x00, 0x6F, 0xFF, 0xFF, 0xB0,
  0x00, 0x00, 0x1D, 0xFF, 0xFF, 0xF4, 0x00, 0x00, 0x00, 0x00, 0x00, 0x00, 0x00, 0x4F, 0xFF, 0xFF,
  0xD1, 0x00, 0x00, 0x1E, 0xFF, 0xFF, 0xF3, 0x00, 0x00, 0x00, 0x00, 0x00, 0x00, 0x00, 0x3F, 0xFF,
  0xFF, 0xE1, 0x00, 0x00, 0x1E, 0xFF, 0xFF, 0xF3, 0x00, 0x00, 0x00, 0x00, 0x00, 0x00, 0x00, 0x3F,
  0xFF, 0xFF, 0xE1, 0x00, 0x00, 0x1E, 0xFF, 0xFF, 0xF3, 0x00, 0x00, 0x00, 0x00, 0x00, 0x00, 0x00,
  0x3F, 0xFF, 0xFF, 0xE1, 0x00, 0x00, 0x1E, 0xFF, 0xFF, 0xF4, 0x00, 0x00, 0x00, 0x00, 0x00, 0x00,
  0x00, 0x4F, 0xFF, 0xFF, 0xE1, 0x00, 0x00, 0x0C, 0xFF, 0xFF, 0xF5, 0x00, 0x00, 0x00, 0x00, 0x00,
  0x00, 0x00, 0x5F, 0xFF, 0xFF, 0xD0, 0x00, 0x00, 0x0A, 0xFF, 0xFF, 0xF8, 0x00, 0x00, 0x00, 0x00,
  0x00, 0x00, 0x00, 0x8F, 0xFF, 0xFF, 0xB0, 0x00, 0x00, 0x08, 0xFF, 0xFF, 0xFC, 0x00, 0x00, 0x05,
  0x76, 0x67, 0x40, 0x00, 0xCF, 0xFF, 0xFF, 0x80, 0x00, 0x00, 0x04, 0xFF, 0xFF, 0xFF, 0x30, 0x00,
  0x05, 0xFF, 0xFF, 0xE3, 0x03, 0xFF, 0xFF, 0xFF, 0x50, 0x00, 0x00, 0x01, 0xDF, 0xFF, 0xFF, 0xB0,
  0x00, 0x00, 0x7F, 0xFF, 0xFD, 0x1A, 0xFF, 0xFF, 0xFE, 0x10, 0x00, 0x00, 0x00, 0x8F, 0xFF, 0xFF,
  0xF7, 0x00, 0x00, 0x0B, 0xFF, 0xFF, 0xDF, 0xFF, 0xFF, 0xF9, 0x00, 0x00, 0x00, 0x00, 0x2E, 0xFF,
  0xFF, 0xFF, 0x70, 0x00, 0x01, 0xDF, 0xFF, 0xFF, 0xFF, 0xFF, 0xF3, 0x00, 0x00, 0x00, 0x00, 0x07,
  0xFF, 0xFF, 0xFF, 0xFC, 0x63, 0x11, 0x7F, 0xFF, 0xFF, 0xFF, 0xFF, 0x80, 0x00, 0x00, 0x00, 0x00,
  0x00, 0xAF, 0xFF, 0xFF, 0xFF, 0xFF, 0xEE, 0xEF, 0xFF, 0xFF, 0xFF, 0xFC, 0x10, 0x00, 0x00, 0x00,
  0x00, 0x00, 0x1B, 0xFF, 0xFF, 0xFF, 0xFF, 0xFF, 0xFF, 0xFF, 0xFF, 0xFF, 0xC2, 0x00, 0x00, 0x00,
  0x00, 0x00, 0x00, 0x01, 0xAF, 0xFF, 0xFF, 0xFF, 0xFF, 0xFF, 0xFF, 0xFF, 0xFF, 0xA0, 0x00, 0x00,
  0x00, 0x00, 0x00, 0x00, 0x00, 0x06, 0xDF, 0xFF, 0xFF, 0xFF, 0xFF, 0xFF, 0xFF, 0xFF, 0xF7, 0x00,
  0x00, 0x00, 0x00, 0x00, 0x00, 0x00, 0x00, 0x17, 0xBE, 0xFF, 0xFF, 0xFF, 0xFC, 0xAF, 0xFF, 0xFF,
  0x40, 0x00, 0x00, 0x00, 0x00, 0x00, 0x00, 0x00, 0x00, 0x02, 0x56, 0x77, 0x75, 0x20, 0x0A, 0xFF,
  0xFF, 0xD1, 0x00, 0x00, 0x00, 0x00, 0x00, 0x00, 0x00, 0x00, 0x00, 0x00, 0x00, 0x00, 0x00, 0x01,
  0xDF, 0xFF, 0xFB, 0x10, 0x00, 0x00, 0x00, 0x00, 0x00, 0x00, 0x00, 0x00, 0x00, 0x00, 0x00, 0x00,
  0x00, 0x3B, 0xBB, 0xBB, 0x40, 0x00, 0x00, 0x00, 0x00, 0x00, 0x00, 0x00, 0x00, 0x00, 0x00, 0x00,
  0x00, 0x00, 0x00, 0x00, 0x00, 0x00, 0x00, 0x00, 0x00, 0x11, 0x11, 0x11, 0x11, 0x11, 0x11, 0x11,
  0x00, 0x00, 0x00, 0x00, 0x00, 0x00, 0x00, 0x00, 0xDE, 0xEE, 0xEE, 0xEE, 0xEE, 0xEE, 0xED, 0xC9,
  0x61, 0x00, 0x00, 0x00, 0x00, 0x00, 0x00, 0xEF, 0xFF, 0xFF, 0xFF, 0xFF, 0xFF, 0xFF, 0xFF, 0xFE,
  0x81, 0x00, 0x00, 0x00, 0x00, 0x00, 0xDF, 0xFF, 0xFF, 0xFF, 0xFF, 0xFF, 0xFF, 0xFF, 0xFF, 0xFC,
  0x20, 0x00, 0x00, 0x00, 0x00, 0xEF, 0xFF, 0xFF, 0xFF, 0xFF, 0xFF, 0xFF, 0xFF, 0xFF, 0xFF, 0xD2,
  0x00, 0x00, 0x00, 0x00, 0xEF, 0xFF, 0xFF, 0xFE, 0xEE, 0xEE, 0xFF, 0xFF, 0xFF, 0xFF, 0xFA, 0x00,
  0x00, 0x00, 0x00, 0xEF, 0xFF, 0xFF, 0x71, 0x11, 0x11, 0x25, 0xAF, 0xFF, 0xFF, 0xFF, 0x40, 0x00,
  0x00, 0x00, 0xEF, 0xFF, 0xFF, 0x60, 0x00, 0x00, 0x00, 0x07, 0xFF, 0xFF, 0xFF, 0xA0, 0x00, 0x00,
  0x00, 0xEF, 0xFF, 0xFF, 0x70, 0x00, 0x00, 0x00, 0x00, 0xBF, 0xFF, 0xFF, 0xD0, 0x00, 0x00, 0x00,
  0xEF, 0xFF, 0xFF, 0x70, 0x00, 0x00, 0x00, 0x00, 0x5F, 0xFF, 0xFF, 0xE2, 0x00, 0x00, 0x00, 0xEF,
  0xFF, 0xFF, 0x70, 0x00, 0x00, 0x00, 0x00, 0x3F, 0xFF, 0xFF, 0xF3, 0x00, 0x00, 0x00, 0xEF, 0xFF,
  0xFF, 0x70, 0x00, 0x00, 0x00, 0x00, 0x3F, 0xFF, 0xFF, 0xF3, 0x00, 0x00, 0x00, 0xEF, 0xFF, 0xFF,
  0x70, 0x00, 0x00, 0x00, 0x00, 0x4F, 0xFF, 0xFF, 0xF3, 0x00, 0x00, 0x00, 0xEF, 0xFF, 0xFF, 0x70,
  0x00, 0x00, 0x00, 0x00, 0x9F, 0xFF, 0xFF, 0xE1, 0x00, 0x00, 0x00, 0xEF, 0xFF, 0xFF, 0x70, 0x00,
  0x00, 0x00, 0x05, 0xFF, 0xFF, 0xFF, 0xB0, 0x00, 0x00, 0x00, 0xEF, 0xFF, 0xFF, 0x70, 0x10, 0x00,
  0x13, 0x9F, 0xFF, 0xFF, 0xFF, 0x60, 0x00, 0x00, 0x00, 0xEF, 0xFF, 0xFF, 0xED, 0xDD, 0xDD, 0xEF,
  0xFF, 0xFF, 0xFF, 0xFD, 0x10, 0x00, 0x00, 0x00, 0xEF, 0xFF, 0xFF, 0xFF, 0xFF, 0xFF, 0xFF, 0xFF,
  0xFF, 0xFF, 0xF4, 0x00, 0x00, 0x00, 0x00, 0xEF, 0xFF, 0xFF, 0xFF, 0xFF, 0xFF, 0xFF, 0xFF, 0xFF,
  0xFE, 0x50, 0x00, 0x00, 0x00, 0x00, 0xEF, 0xFF, 0xFF, 0xFF, 0xFF, 0xFF, 0xFF, 0xFF, 0xFF, 0xA3,
  0x00, 0x00, 0x00, 0x00, 0x00, 0xEF, 0xFF, 0xFF, 0xFE, 0xEE, 0xEF, 0xFF, 0xFF, 0xFE, 0x20, 0x00,
  0x00, 0x00, 0x00, 0x00, 0xEF, 0xFF, 0xFF, 0x71, 0x11, 0x15, 0xFF, 0xFF, 0xFF, 0xA0, 0x00, 0x00,
  0x00, 0x00, 0x00, 0xEF, 0xFF, 0xFF, 0x60, 0x00, 0x00, 0xBF, 0xFF, 0xFF, 0xF3, 0x00, 0x00, 0x00,
  0x00, 0x00, 0xEF, 0xFF, 0xFF, 0x70, 0x00, 0x00, 0x3F, 0xFF, 0xFF, 0xFB, 0x00, 0x00, 0x00, 0x00,
  0x00, 0xEF, 0xFF, 0xFF, 0x70, 0x00, 0x00, 0x09, 0xFF, 0xFF, 0xFF, 0x40, 0x00, 0x00, 0x00, 0x00,
  0xEF, 0xFF, 0xFF, 0x70, 0x00, 0x00, 0x02, 0xEF, 0xFF, 0xFF, 0xC0, 0x00, 0x00, 0x00, 0x00, 0xEF,
  0xFF, 0xFF, 0x70, 0x00, 0x00, 0x00, 0x8F, 0xFF, 0xFF, 0xF5, 0x00, 0x00, 0x00, 0x00, 0xEF, 0xFF,
  0xFF, 0x70, 0x00, 0x00, 0x00, 0x1E, 0xFF, 0xFF, 0xFD, 0x10, 0x00, 0x00, 0x00, 0xEF, 0xFF, 0xFF,
  0x70, 0x00, 0x00, 0x00, 0x07, 0xFF, 0xFF, 0xFF, 0x70, 0x00, 0x00, 0x00, 0xDF, 0xFF, 0xFF, 0x70,
  0x00, 0x00, 0x00, 0x01, 0xDF, 0xFF, 0xFF, 0xD1, 0x00, 0x00, 0x00, 0xEF, 0xFF, 0xFF, 0x70, 0x00,
  0x00, 0x00, 0x00, 0x6F, 0xFF, 0xFF, 0xF8, 0x00, 0x00, 0x00, 0xDE, 0xEE, 0xEE, 0x60, 0x00, 0x00,
  0x00, 0x00, 0x0B, 0xEE, 0xEE, 0xED, 0x20, 0x00, 0x00, 0x11, 0x11, 0x11, 0x00, 0x00, 0x00, 0x00,
  0x00, 0x00, 0x11, 0x11, 0x11, 0x00, 0x00, 0x00, 0x00, 0x00, 0x00, 0x00, 0x00, 0x11, 0x10, 0x00,
  0x00, 0x00, 0x00, 0x00, 0x00, 0x00, 0x00, 0x00, 0x00, 0x01, 0x58, 0xBD, 0xEE, 0xDC, 0xA7, 0x20,
  0x00, 0x00, 0x00, 0x00, 0x00, 0x00, 0x00, 0x00, 0x7D, 0xFF, 0xFF, 0xFF, 0xFF, 0xFF, 0xFA, 0x30,
  0x00, 0x00, 0x00, 0x00, 0x00, 0x00, 0x3C, 0xFF, 0xFF, 0xFF, 0xFF, 0xFF, 0xFF, 0xFF, 0xF7, 0x00,
  0x00, 0x00, 0x00, 0x00, 0x03, 0xEF, 0xFF, 0xFF, 0xFF, 0xFF, 0xFF, 0xFF, 0xFF, 0xFF, 0x80, 0x00,
  0x00, 0x00, 0x00, 0x1D, 0xFF, 0xFF, 0xFF, 0xFF, 0xFF, 0xFF, 0xFF, 0xFF, 0xFF, 0xF5, 0x00, 0x00,
  0x00, 0x00, 0x8F, 0xFF, 0xFF, 0xFF, 0xDA, 0x88, 0x9C, 0xFF, 0xFF, 0xFF, 0xFD, 0x10, 0x00, 0x00,
  0x01, 0xEF, 0xFF, 0xFF, 0xE6, 0x00, 0x00, 0x00, 0x4C, 0xFF, 0xFF, 0xFF, 0x50, 0x00, 0x00, 0x04,
  0xFF, 0xFF, 0xFF, 0x60, 0x00, 0x00, 0x00, 0x02, 0xDF, 0xFF, 0xFF, 0x80, 0x00, 0x00, 0x06, 0xFF,
  0xFF, 0xFE, 0x10, 0x00, 0x00, 0x00, 0x00, 0x8F, 0xFF, 0xFF, 0xB0, 0x00, 0x00, 0x06, 0xFF, 0xFF,
  0xFD, 0x10, 0x00, 0x00, 0x00, 0x00, 0x26, 0x66, 0x66, 0x40, 0x00, 0x00, 0x06, 0xFF, 0xFF, 0xFF,
  0x50, 0x00, 0x00, 0x00, 0x00, 0x00, 0x00, 0x00, 0x00, 0x00, 0x00, 0x03, 0xFF, 0xFF, 0xFF, 0xE5,
  0x00, 0x00, 0x00, 0x00, 0x00, 0x00, 0x00, 0x00, 0x00, 0x00, 0x00, 0xCF, 0xFF, 0xFF, 0xFF, 0xC7,
  0x30, 0x00, 0x00, 0x00, 0x00, 0x00, 0x00, 0x00, 0x00, 0x00, 0x4F, 0xFF, 0xFF, 0xFF, 0xFF, 0xFD,
  0x96, 0x30, 0x00, 0x00, 0x00, 0x00, 0x00, 0x00, 0x00, 0x07, 0xFF, 0xFF, 0xFF, 0xFF, 0xFF, 0xFF,
  0xFC, 0x83, 0x00, 0x00, 0x00, 0x00, 0x00, 0x00, 0x00, 0x5D, 0xFF, 0xFF, 0xFF, 0xFF, 0xFF, 0xFF,
  0xFF, 0x92, 0x00, 0x00, 0x00, 0x00, 0x00, 0x00, 0x01, 0x8D, 0xFF, 0xFF, 0xFF, 0xFF, 0xFF, 0xFF,
  0xFD, 0x50, 0x00, 0x00, 0x00, 0x00, 0x00, 0x00, 0x01, 0x59, 0xDF, 0xFF, 0xFF, 0xFF, 0xFF, 0xFF,
  0xF5, 0x00, 0x00, 0x00, 0x00, 0x00, 0x00, 0x00, 0x00, 0x03, 0x69, 0xDF, 0xFF, 0xFF, 0xFF, 0xFE,
  0x20, 0x00, 0x00, 0x00, 0x00, 0x00, 0x00, 0x00, 0x00, 0x00, 0x04, 0x9F, 0xFF, 0xFF, 0xFF, 0x90,
  0x00, 0x00, 0x00, 0x00, 0x00, 0x00, 0x00, 0x00, 0x00, 0x00, 0x03, 0xDF, 0xFF, 0xFF, 0xD1, 0x00,
  0x00, 0x13, 0x33, 0x33, 0x20, 0x00, 0x00, 0x00, 0x00, 0x00, 0x6F, 0xFF, 0xFF, 0xF3, 0x00, 0x00,
  0x3F, 0xFF, 0xFF, 0xC0, 0x00, 0x00, 0x00, 0x00, 0x00, 0x2F, 0xFF, 0xFF, 0xF4, 0x00, 0x00, 0x2E,
  0xFF, 0xFF, 0xF3, 0x00, 0x00, 0x00, 0x00, 0x00, 0x5F, 0xFF, 0xFF, 0xF3, 0x00, 0x00, 0x0D, 0xFF,
  0xFF, 0xFC, 0x10, 0x00, 0x00, 0x00, 0x00, 0xCF, 0xFF, 0xFF, 0xE1, 0x00, 0x00, 0x09, 0xFF, 0xFF,
  0xFF, 0xC4, 0x00, 0x00, 0x00, 0x3B, 0xFF, 0xFF, 0xFF, 0xC0, 0x00, 0x00, 0x03, 0xFF, 0xFF, 0xFF,
  0xFF, 0xC9, 0x88, 0x9C, 0xFF, 0xFF, 0xFF, 0xFF, 0x60, 0x00, 0x00, 0x00, 0x9F, 0xFF, 0xFF, 0xFF,
  0xFF, 0xFF, 0xFF, 0xFF, 0xFF, 0xFF, 0xFC, 0x10, 0x00, 0x00, 0x00, 0x0B, 0xFF, 0xFF, 0xFF, 0xFF,
  0xFF, 0xFF, 0xFF, 0xFF, 0xFF, 0xE2, 0x00, 0x00, 0x00, 0x00, 0x01, 0x9F, 0xFF, 0xFF, 0xFF, 0xFF,
  0xFF, 0xFF, 0xFF, 0xFC, 0x30, 0x00, 0x00, 0x00, 0x00, 0x00, 0x04, 0xBF, 0xFF, 0xFF, 0xFF, 0xFF,
  0xFF, 0xFD, 0x70, 0x00, 0x00, 0x00, 0x00, 0x00, 0x00, 0x00, 0x03, 0x79, 0xCD, 0xEE, 0xDC, 0xA8,
  0x40, 0x00, 0x00, 0x00, 0x00, 0x00, 0x00, 0x00, 0x00, 0x00, 0x00, 0x01, 0x11, 0x10, 0x00, 0x00,
  0x00, 0x00, 0x00, 0x00, 0x00, 0x01, 0x11, 0x11, 0x11, 0x11, 0x11, 0x11, 0x11, 0x11, 0x11, 0x11,
  0x11, 0x10, 0x00, 0x00, 0x7E, 0xEE, 0xEE, 0xEE, 0xEE, 0xEE, 0xEE, 0xEE, 0xEE, 0xEE, 0xEE, 0xEE,
  0xE7, 0x00, 0x00, 0x8F, 0xFF, 0xFF, 0xFF, 0xFF, 0xFF, 0xFF, 0xFF, 0xFF, 0xFF, 0xFF, 0xFF, 0xF8,
  0x00, 0x00, 0x7F, 0xFF, 0xFF, 0xFF, 0xFF, 0xFF, 0xFF, 0xFF, 0xFF, 0xFF, 0xFF, 0xFF, 0xF7, 0x00,
  0x00, 0x7F, 0xEF, 0xFF, 0xFF, 0xFF, 0xFF, 0xFF, 0xFF, 0xFF, 0xFF, 0xFF, 0xFE, 0xF7, 0x00, 0x00,
  0x8F, 0xFF, 0xFF, 0xFF, 0xFF, 0xFF, 0xFF, 0xFF, 0xFF, 0xFF, 0xFF, 0xFF, 0xF8, 0x00, 0x00, 0x59,
  0x99, 0x99, 0x99, 0x9B, 0xFF, 0xFF, 0xFF, 0x99, 0x99, 0x99, 0x99, 0x95, 0x00, 0x00, 0x00, 0x00,
  0x00, 0x00, 0x03, 0xFF, 0xFF, 0xFE, 0x00, 0x00, 0x00, 0x00, 0x00, 0x00, 0x00, 0x00, 0x00, 0x00,
  0x00, 0x04, 0xFF, 0xFF, 0xFE, 0x10, 0x00, 0x00, 0x00, 0x00, 0x00, 0x00, 0x00, 0x00, 0x00, 0x00,
  0x04, 0xFF, 0xFF, 0xFE, 0x10, 0x00, 0x00, 0x00, 0x00, 0x00, 0x00, 0x00, 0x00, 0x00, 0x00, 0x04,
  0xFF, 0xFF, 0xFE, 0x10, 0x00, 0x00, 0x00, 0x00, 0x00, 0x00, 0x00, 0x00, 0x00, 0x00, 0x04, 0xFF,
  0xFF, 0xFE, 0x10, 0x00, 0x00, 0x00, 0x00, 0x00, 0x00, 0x00, 0x00, 0x00, 0x00, 0x04, 0xFF, 0xFF,
  0xFE, 0x10, 0x00, 0x00, 0x00, 0x00, 0x00, 0x00, 0x00, 0x00, 0x00, 0x00, 0x04, 0xFF, 0xFF, 0xFE,
  0x10, 0x00, 0x00, 0x00, 0x00, 0x00, 0x00, 0x00, 0x00, 0x00, 0x00, 0x04, 0xFF, 0xFF, 0xFE, 0x10,
  0x00, 0x00, 0x00, 0x00, 0x00, 0x00, 0x00, 0x00, 0x00, 0x00, 0x04, 0xFF, 0xFF, 0xFE, 0x10, 0x00,
  0x00, 0x00, 0x00, 0x00, 0x00, 0x00, 0x00, 0x00, 0x00, 0x04, 0xFF, 0xFF, 0xFE, 0x10, 0x00, 0x00,
  0x00, 0x00, 0x00, 0x00, 0x00, 0x00, 0x00, 0x00, 0x04, 0xFF, 0xFF, 0xFE, 0x10, 0x00, 0x00, 0x00,
  0x00, 0x00, 0x00, 0x00, 0x00, 0x00, 0x00, 0x04, 0xFF, 0xFF, 0xFE, 0x10, 0x00, 0x00, 0x00, 0x00,
  0x00, 0x00, 0x00, 0x00, 0x00, 0x00, 0x04, 0xFF, 0xFF, 0xFE, 0x10, 0x00, 0x00, 0x00, 0x00, 0x00,
  0x00, 0x00, 0x00, 0x00, 0x00, 0x04, 0xFF, 0xFF, 0xFE, 0x10, 0x00, 0x00, 0x00, 0x00, 0x00, 0x00,
  0x00, 0x00, 0x00, 0x00, 0x04, 0xFF, 0xFF, 0xFE, 0x10, 0x00, 0x00, 0x00, 0x00, 0x00, 0x00, 0x00,
  0x00, 0x00, 0x00, 0x04, 0xFF, 0xFF, 0xFE, 0x10, 0x00, 0x00, 0x00, 0x00, 0x00, 0x00, 0x00, 0x00,
  0x00, 0x00, 0x04, 0xFF, 0xFF, 0xFE, 0x10, 0x00, 0x00, 0x00, 0x00, 0x00, 0x00, 0x00, 0x00, 0x00,
  0x00, 0x04, 0xFF, 0xFF, 0xFE, 0x10, 0x00, 0x00, 0x00, 0x00, 0x00, 0x00, 0x00, 0x00, 0x00, 0x00,
  0x04, 0xFF, 0xFF, 0xFE, 0x10, 0x00, 0x00, 0x00, 0x00, 0x00, 0x00, 0x00, 0x00, 0x00, 0x00, 0x04,
  0xFF, 0xFF, 0xFE, 0x10, 0x00, 0x00, 0x00, 0x00, 0x00, 0x00, 0x00, 0x00, 0x00, 0x00, 0x04, 0xFF,
  0xFF, 0xFE, 0x10, 0x00, 0x00, 0x00, 0x00, 0x00, 0x00, 0x00, 0x00, 0x00, 0x00, 0x04, 0xFF, 0xFF,
  0xFE, 0x10, 0x00, 0x00, 0x00, 0x00, 0x00, 0x00, 0x00, 0x00, 0x00, 0x00, 0x04, 0xFF, 0xFF, 0xFE,
  0x10, 0x00, 0x00, 0x00, 0x00, 0x00, 0x00, 0x00, 0x00, 0x00, 0x00, 0x04, 0xFF, 0xFF, 0xFE, 0x10,
  0x00, 0x00, 0x00, 0x00, 0x00, 0x00, 0x00, 0x00, 0x00, 0x00, 0x05, 0xFF, 0xFF, 0xFF, 0x10, 0x00,
  0x00, 0x00, 0x00, 0x00, 0x00, 0x00, 0x00, 0x00, 0x00, 0x03, 0xBA, 0xAA, 0xBA, 0x10, 0x00, 0x00,
  0x00, 0x00, 0x00, 0x00, 0x00, 0x00, 0x00, 0x00, 0x00, 0x00, 0x00, 0x00, 0x00, 0x00, 0x00, 0x00,
  0x00, 0x00, 0x00, 0x00, 0x00, 0x00, 0x00, 0x00, 0x00, 0x00, 0x00, 0x00, 0x00, 0x00, 0x00, 0x00,
  0x00, 0x00, 0x00, 0x00, 0x1A, 0xBA, 0xAA, 0xB3, 0x00, 0x00, 0x00, 0x00, 0x00, 0x01, 0xAB, 0xAA,
  0xAB, 0x30, 0x00, 0x00, 0x01, 0xFF, 0xFF, 0xFF, 0x50, 0x00, 0x00, 0x00, 0x00, 0x00, 0x1F, 0xFF,
  0xFF, 0xF5, 0x00, 0x00, 0x00, 0x1E, 0xFF, 0xFF, 0xF4, 0x00, 0x00, 0x00, 0x00, 0x00, 0x01, 0xEF,
  0xFF, 0xFF, 0x40, 0x00, 0x00, 0x01, 0xEF, 0xFF, 0xFF, 0x40, 0x00, 0x00, 0x00, 0x00, 0x00, 0x1E,
  0xFF, 0xFF, 0xF4, 0x00, 0x00, 0x00, 0x1E, 0xFF, 0xFF, 0xF4, 0x00, 0x00, 0x00, 0x00, 0x00, 0x01,
  0xEF, 0xFF, 0xFF, 0x40, 0x00, 0x00, 0x01, 0xEF, 0xFF, 0xFF, 0x40, 0x00, 0x00, 0x00, 0x00, 0x00,
  0x1E, 0xFF, 0xFF, 0xF4, 0x00, 0x00, 0x00, 0x1E, 0xFF, 0xFF, 0xF4, 0x00, 0x00, 0x00, 0x00, 0x00,
  0x01, 0xEF, 0xFF, 0xFF, 0x40, 0x00, 0x00, 0x01, 0xEF, 0xFF, 0xFF, 0x40, 0x00, 0x00, 0x00, 0x00,
  0x00, 0x1E, 0xFF, 0xFF, 0xF4, 0x00, 0x00, 0x00, 0x1E, 0xFF, 0xFF, 0xF4, 0x00, 0x00, 0x00, 0x00,
  0x00, 0x01, 0xEF, 0xFF, 0xFF, 0x40, 0x00, 0x00, 0x01, 0xEF, 0xFF, 0xFF, 0x40, 0x00, 0x00, 0x00,
  0x00, 0x00, 0x1E, 0xFF, 0xFF, 0xF4, 0x00, 0x00, 0x00, 0x1E, 0xFF, 0xFF, 0xF4, 0x00, 0x00, 0x00,
  0x00, 0x00, 0x01, 0xEF, 0xFF, 0xFF, 0x40, 0x00, 0x00, 0x01, 0xEF, 0xFF, 0xFF, 0x40, 0x00, 0x00,
  0x00, 0x00, 0x00, 0x1E, 0xFF, 0xFF, 0xF4, 0x00, 0x00, 0x00, 0x1E, 0xFF, 0xFF, 0xF4, 0x00, 0x00,
  0x00, 0x00, 0x00, 0x01, 0xEF, 0xFF, 0xFF, 0x40, 0x00, 0x00, 0x01, 0xEF, 0xFF, 0xFF, 0x40, 0x00,
  0x00, 0x00, 0x00, 0x00, 0x1E, 0xFF, 0xFF, 0xF4, 0x00, 0x00, 0x00, 0x1E, 0xFF, 0xFF, 0xF4, 0x00,
  0x00, 0x00, 0x00, 0x00, 0x01, 0xEF, 0xFF, 0xFF, 0x40, 0x00, 0x00, 0x01, 0xEF, 0xFF, 0xFF, 0x40,
  0x00, 0x00, 0x00, 0x00, 0x00, 0x1E, 0xFF, 0xFF, 0xF4, 0x00, 0x00, 0x00, 0x1E, 0xFF, 0xFF, 0xF4,
  0x00, 0x00, 0x00, 0x00, 0x00, 0x01, 0xEF, 0xFF, 0xFF, 0x40, 0x00, 0x00, 0x01, 0xEF, 0xFF, 0xFF,
  0x40, 0x00, 0x00, 0x00, 0x00, 0x00, 0x1E, 0xFF, 0xFF, 0xF4, 0x00, 0x00, 0x00, 0x1E, 0xFF, 0xFF,
  0xF4, 0x00, 0x00, 0x00, 0x00, 0x00, 0x01, 0xEF, 0xFF, 0xFF, 0x40, 0x00, 0x00, 0x01, 0xEF, 0xFF,
  0xFF, 0x40, 0x00, 0x00, 0x00, 0x00, 0x00, 0x1E, 0xFF, 0xFF, 0xF4, 0x00, 0x00, 0x00, 0x1E, 0xFF,
  0xFF, 0xF5, 0x00, 0x00, 0x00, 0x00, 0x00, 0x01, 0xEF, 0xFF, 0xFF, 0x40, 0x00, 0x00, 0x01, 0xEF,
  0xFF, 0xFF, 0x60, 0x00, 0x00, 0x00, 0x00, 0x00, 0x3F, 0xFF, 0xFF, 0xF4, 0x00, 0x00, 0x00, 0x0C,
  0xFF, 0xFF, 0xFA, 0x00, 0x00, 0x00, 0x00, 0x00, 0x06, 0xFF, 0xFF, 0xFF, 0x20, 0x00, 0x00, 0x00,
  0xAF, 0xFF, 0xFF, 0xF3, 0x00, 0x00, 0x00, 0x00, 0x01, 0xDF, 0xFF, 0xFF, 0xD0, 0x00, 0x00, 0x00,
  0x06, 0xFF, 0xFF, 0xFF, 0xC1, 0x00, 0x00, 0x00, 0x00, 0x9F, 0xFF, 0xFF, 0xF9, 0x00, 0x00, 0x00,
  0x00, 0x1E, 0xFF, 0xFF, 0xFF, 0xD5, 0x10, 0x00, 0x03, 0xBF, 0xFF, 0xFF, 0xFF, 0x40, 0x00, 0x00,
  0x00, 0x00, 0x6F, 0xFF, 0xFF, 0xFF, 0xFD, 0xA9, 0xAC, 0xFF, 0xFF, 0xFF, 0xFF, 0xA0, 0x00, 0x00,
  0x00, 0x00, 0x00, 0xBF, 0xFF, 0xFF, 0xFF, 0xFF, 0xFF, 0xFF, 0xFF, 0xFF, 0xFF, 0xD1, 0x00, 0x00,
  0x00, 0x00, 0x00, 0x01, 0xBF, 0xFF, 0xFF, 0xFF, 0xFF, 0xFF, 0xFF, 0xFF, 0xFF, 0xD3, 0x00, 0x00,
  0x00, 0x00, 0x00, 0x00, 0x01, 0x9F, 0xFF, 0xFF, 0xFF, 0xFF, 0xFF, 0xFF, 0xFF, 0xB2, 0x00, 0x00,
  0x00, 0x00, 0x00, 0x00, 0x00, 0x00, 0x4B, 0xFF, 0xFF, 0xFF, 0xFF, 0xFF, 0xFC, 0x60, 0x00, 0x00,
  0x00, 0x00, 0x00, 0x00, 0x00, 0x00, 0x00, 0x03, 0x7A, 0xCD, 0xED, 0xCB, 0x84, 0x00, 0x00, 0x00,
  0x00, 0x00, 0x00, 0x00, 0x00, 0x00, 0x00, 0x00, 0x00, 0x00, 0x11, 0x10, 0x00, 0x00, 0x00, 0x00,
  0x00, 0x00, 0x00, 0x00, 0x11, 0x11, 0x11, 0x10, 0x00, 0x00, 0x00, 0x00, 0x00, 0x00, 0x00, 0x01,
  0x11, 0x11, 0x11, 0x00, 0x00, 0xBE, 0xEE, 0xEE, 0xE4, 0x00, 0x00, 0x00, 0x00, 0x00, 0x00, 0x00,
  0x5E, 0xEE, 0xEE, 0xE9, 0x00, 0x00, 0x7F, 0xFF, 0xFF, 0xF9, 0x00, 0x00, 0x00, 0x00, 0x00, 0x00,
  0x00, 0xAF, 0xFF, 0xFF, 0xF5, 0x00, 0x00, 0x2E, 0xFF, 0xFF, 0xFD, 0x10, 0x00, 0x00, 0x00, 0x00,
  0x00, 0x01, 0xEF, 0xFF, 0xFF, 0xE1, 0x00, 0x00, 0x0B, 0xFF, 0xFF, 0xFF, 0x40, 0x00, 0x00, 0x00,
  0x00, 0x00, 0x05, 0xFF, 0xFF, 0xFF, 0x90, 0x00, 0x00, 0x06, 0xFF, 0xFF, 0xFF, 0x90, 0x00, 0x00,
  0x00, 0x00, 0x00, 0x0A, 0xFF, 0xFF, 0xFF, 0x40, 0x00, 0x00, 0x01, 0xEF, 0xFF, 0xFF, 0xD1, 0x00,
  0x00, 0x00, 0x00, 0x00, 0x1D, 0xFF, 0xFF, 0xFD, 0x10, 0x00, 0x00, 0x00, 0xAF, 0xFF, 0xFF, 0xF4,
  0x00, 0x00, 0x00, 0x00, 0x00, 0x4F, 0xFF, 0xFF, 0xF9, 0x00, 0x00, 0x00, 0x00, 0x5F, 0xFF, 0xFF,
  0xF9, 0x00, 0x00, 0x00, 0x00, 0x00, 0x9F, 0xFF, 0xFF, 0xF4, 0x00, 0x00, 0x00, 0x00, 0x1E, 0xFF,
  0xFF, 0xFD, 0x10, 0x00, 0x00, 0x00, 0x01, 0xDF, 0xFF, 0xFF, 0xD0, 0x00, 0x00, 0x00, 0x00, 0x09,
  0xFF, 0xFF, 0xFF, 0x40, 0x00, 0x00, 0x00, 0x04, 0xFF, 0xFF, 0xFF, 0x80, 0x00, 0x00, 0x00, 0x00,
  0x05, 0xFF, 0xFF, 0xFF, 0x90, 0x00, 0x00, 0x00, 0x08, 0xFF, 0xFF, 0xFF, 0x40, 0x00, 0x00, 0x00,
  0x00, 0x01, 0xDF, 0xFF, 0xFF, 0xD1, 0x00, 0x00, 0x00, 0x0C, 0xFF, 0xFF, 0xFD, 0x00, 0x00, 0x00,
  0x00, 0x00, 0x00, 0x9F, 0xFF, 0xFF, 0xF4, 0x00, 0x00, 0x00, 0x3F, 0xFF, 0xFF, 0xF8, 0x00, 0x00,
  0x00, 0x00, 0x00, 0x00, 0x4F, 0xFF, 0xFF, 0xF8, 0x00, 0x00, 0x00, 0x8F, 0xFF, 0xFF, 0xF3, 0x00,
  0x00, 0x00, 0x00, 0x00, 0x00, 0x0D, 0xFF, 0xFF, 0xFD, 0x10, 0x00, 0x00, 0xCF, 0xFF, 0xFF, 0xC0,
  0x00, 0x00, 0x00, 0x00, 0x00, 0x00, 0x08, 0xFF, 0xFF, 0xFF, 0x30, 0x00, 0x03, 0xFF, 0xFF, 0xFF,
  0x80, 0x00, 0x00, 0x00, 0x00, 0x00, 0x00, 0x03, 0xFF, 0xFF, 0xFF, 0x80, 0x00, 0x07, 0xFF, 0xFF,
  0xFF, 0x30, 0x00, 0x00, 0x00, 0x00, 0x00, 0x00, 0x00, 0xCF, 0xFF, 0xFF, 0xC0, 0x00, 0x0B, 0xFF,
  0xFF, 0xFC, 0x00, 0x00, 0x00, 0x00, 0x00, 0x00, 0x00, 0x00, 0x7F, 0xFF, 0xFF, 0xE2, 0x00, 0x1E,
  0xFF, 0xFF, 0xF7, 0x00, 0x00, 0x00, 0x00, 0x00, 0x00, 0x00, 0x00, 0x3F, 0xFF, 0xFF, 0xF6, 0x00,
  0x4F, 0xFF, 0xFF, 0xF3, 0x00, 0x00, 0x00, 0x00, 0x00, 0x00, 0x00, 0x00, 0x0B, 0xFF, 0xFF, 0xFA,
  0x00, 0x8F, 0xFF, 0xFF, 0xC0, 0x00, 0x00, 0x00, 0x00, 0x00, 0x00, 0x00, 0x00, 0x06, 0xFF, 0xFF,
  0xFD, 0x10, 0xCF, 0xFF, 0xFF, 0x70, 0x00, 0x00, 0x00, 0x00, 0x00, 0x00, 0x00, 0x00, 0x02, 0xEF,
  0xFF, 0xFF, 0x31, 0xEF, 0xFF, 0xFF, 0x20, 0x00, 0x00, 0x00, 0x00, 0x00, 0x00, 0x00, 0x00, 0x00,
  0xBF, 0xFF, 0xFF, 0x64, 0xFF, 0xFF, 0xFB, 0x00, 0x00, 0x00, 0x00, 0x00, 0x00, 0x00, 0x00, 0x00,
  0x00, 0x6F, 0xFF, 0xFF, 0xA8, 0xFF, 0xFF, 0xF6, 0x00, 0x00, 0x00, 0x00, 0x00, 0x00, 0x00, 0x00,
  0x00, 0x00, 0x2E, 0xFF, 0xFF, 0xDD, 0xFF, 0xFF, 0xE2, 0x00, 0x00, 0x00, 0x00, 0x00, 0x00, 0x00,
  0x00, 0x00, 0x00, 0x0A, 0xFF, 0xFF, 0xFF, 0xFF, 0xFF, 0xB0, 0x00, 0x00, 0x00, 0x00, 0x00, 0x00,
  0x00, 0x00, 0x00, 0x00, 0x05, 0xFF, 0xFF, 0xFF, 0xFF, 0xFF, 0x60, 0x00, 0x00, 0x00, 0x00, 0x00,
  0x00, 0x00, 0x00, 0x00, 0x00, 0x01, 0xEF, 0xFF, 0xFF, 0xFF, 0xFE, 0x20, 0x00, 0x00, 0x00, 0x00,
  0x00, 0x00, 0x00, 0x00, 0x00, 0x00, 0x00, 0x9F, 0xFF, 0xFF, 0xFF, 0xFB, 0x00, 0x00, 0x00, 0x00,
  0x00, 0x00, 0x00, 0x00, 0x00, 0x00, 0x00, 0x00, 0x4E, 0xEE, 0xEE, 0xEE, 0xE5, 0x00, 0x00, 0x00,
  0x00, 0x00, 0x00, 0x00, 0x00, 0x00, 0x00, 0x00, 0x00, 0x01, 0x11, 0x11, 0x11, 0x10, 0x00, 0x00,
  0x00, 0x00, 0x00, 0x00, 0x00, 0x11, 0x11, 0x11, 0x10, 0x00, 0x00, 0x00, 0x00, 0x00, 0x11, 0x11,
  0x11, 0x00, 0x00, 0x00, 0x00, 0x00, 0x01, 0x11, 0x11, 0x11, 0x00, 0x00, 0xBE, 0xEE, 0xEE, 0xD1,
  0x00, 0x00, 0x00, 0x00, 0x05, 0xEE, 0xEE, 0xEE, 0x60, 0x00, 0x00, 0x00, 0x00, 0x1D, 0xEE, 0xEE,
  0xEC, 0x00, 0x00, 0x9F, 0xFF, 0xFF, 0xF4, 0x00, 0x00, 0x00, 0x00, 0x09, 0xFF, 0xFF, 0xFF, 0xB0,
  0x00, 0x00, 0x00, 0x00, 0x4F, 0xFF, 0xFF, 0xFA, 0x00, 0x00, 0x5F, 0xFF, 0xFF, 0xF8, 0x00, 0x00,
  0x00, 0x00, 0x0C, 0xFF, 0xFF, 0xFF, 0xD1, 0x00, 0x00, 0x00, 0x00, 0x7F, 0xFF, 0xFF, 0xF6, 0x00,
  0x00, 0x1E, 0xFF, 0xFF, 0xFB, 0x00, 0x00, 0x00, 0x00, 0x2F, 0xFF, 0xFF, 0xFF, 0xF3, 0x00, 0x00,
  0x00, 0x00, 0xAF, 0xFF, 0xFF, 0xF2, 0x00, 0x00, 0x0B, 0xFF, 0xFF, 0xFE, 0x10, 0x00, 0x00, 0x00,
  0x5F, 0xFF, 0xFF, 0xFF, 0xF6, 0x00, 0x00, 0x00, 0x01, 0xDF, 0xFF, 0xFF, 0xC0, 0x00, 0x00, 0x07,
  0xFF, 0xFF, 0xFF, 0x40, 0x00, 0x00, 0x00, 0x9F, 0xFF, 0xFF, 0xFF, 0xFA, 0x00, 0x00, 0x00, 0x03,
  0xFF, 0xFF, 0xFF, 0x90, 0x00, 0x00, 0x04, 0xFF, 0xFF, 0xFF, 0x70, 0x00, 0x00, 0x00, 0xCF, 0xFF,
  0xFF, 0xFF, 0xFD, 0x10, 0x00, 0x00, 0x06, 0xFF, 0xFF, 0xFF, 0x50, 0x00, 0x00, 0x01, 0xEF, 0xFF,
  0xFF, 0xA0, 0x00, 0x00, 0x02, 0xEF, 0xFF, 0xFF, 0xFF, 0xFF, 0x30, 0x00, 0x00, 0x09, 0xFF, 0xFF,
  0xFE, 0x20, 0x00, 0x00, 0x00, 0xAF, 0xFF, 0xFF, 0xD1, 0x00, 0x00, 0x05, 0xFF, 0xFF, 0xDD, 0xFF,
  0xFF, 0x60, 0x00, 0x00, 0x0C, 0xFF, 0xFF, 0xFB, 0x00, 0x00, 0x00, 0x00, 0x7F, 0xFF, 0xFF, 0xF3,
  0x00, 0x00, 0x09, 0xFF, 0xFF, 0xAA, 0xFF, 0xFF, 0xA0, 0x00, 0x00, 0x2F, 0xFF, 0xFF, 0xF8, 0x00,
  0x00, 0x00, 0x00, 0x3F, 0xFF, 0xFF, 0xF6, 0x00, 0x00, 0x0C, 0xFF, 0xFF, 0x87, 0xFF, 0xFF, 0xD1,
  0x00, 0x00, 0x5F, 0xFF, 0xFF, 0xF4, 0x00, 0x00, 0x00, 0x00, 0x0D, 0xFF, 0xFF, 0xFA, 0x00, 0x00,
  0x2E, 0xFF, 0xFF, 0x54, 0xFF, 0xFF, 0xF3, 0x00, 0x00, 0x9F, 0xFF, 0xFF, 0xE1, 0x00, 0x00, 0x00,
  0x00, 0x09, 0xFF, 0xFF, 0xFC, 0x00, 0x00, 0x5F, 0xFF, 0xFF, 0x32, 0xFF, 0xFF, 0xF6, 0x00, 0x00,
  0xCF, 0xFF, 0xFF, 0xA0, 0x00, 0x00, 0x00, 0x00, 0x06, 0xFF, 0xFF, 0xFF, 0x20, 0x00, 0x9F, 0xFF,
  0xFE, 0x11, 0xDF, 0xFF, 0xFA, 0x00, 0x02, 0xEF, 0xFF, 0xFF, 0x70, 0x00, 0x00, 0x00, 0x00, 0x02,
  0xEF, 0xFF, 0xFF, 0x50, 0x00, 0xCF, 0xFF, 0xFC, 0x00, 0xBF, 0xFF, 0xFD, 0x00, 0x04, 0xFF, 0xFF,
  0xFF, 0x30, 0x00, 0x00, 0x00, 0x00, 0x00, 0xCF, 0xFF, 0xFF, 0x90, 0x02, 0xEF, 0xFF, 0xF8, 0x00,
  0x7F, 0xFF, 0xFF, 0x30, 0x08, 0xFF, 0xFF, 0xFD, 0x00, 0x00, 0x00, 0x00, 0x00, 0x00, 0x8F, 0xFF,
  0xFF, 0xB0, 0x05, 0xFF, 0xFF, 0xF4, 0x00, 0x4F, 0xFF, 0xFF, 0x50, 0x0B, 0xFF, 0xFF, 0xF9, 0x00,
  0x00, 0x00, 0x00, 0x00, 0x00, 0x5F, 0xFF, 0xFF, 0xE1, 0x08, 0xFF, 0xFF, 0xE2, 0x00, 0x1D, 0xFF,
  0xFF, 0x90, 0x1D, 0xFF, 0xFF, 0xF6, 0x00, 0x00, 0x00, 0x00, 0x00, 0x00, 0x1E, 0xFF, 0xFF, 0xF3,
  0x0B, 0xFF, 0xFF, 0xB0, 0x00, 0x0B, 0xFF, 0xFF, 0xC0, 0x2F, 0xFF, 0xFF, 0xE2, 0x00, 0x00, 0x00,
  0x00, 0x00, 0x00, 0x0B, 0xFF, 0xFF, 0xF5, 0x0D, 0xFF, 0xFF, 0x80, 0x00, 0x07, 0xFF, 0xFF, 0xE0,
  0x4F, 0xFF, 0xFF, 0xC0, 0x00, 0x00, 0x00, 0x00, 0x00, 0x00, 0x07, 0xFF, 0xFF, 0xF7, 0x1F, 0xFF,
  0xFF, 0x40, 0x00, 0x03, 0xFF, 0xFF, 0xF2, 0x6F, 0xFF, 0xFF, 0x80, 0x00, 0x00, 0x00, 0x00, 0x00,
  0x00, 0x04, 0xFF, 0xFF, 0xF9, 0x3F, 0xFF, 0xFE, 0x10, 0x00, 0x01, 0xDF, 0xFF, 0xF4, 0x8F, 0xFF,
  0xFF, 0x50, 0x00, 0x00, 0x00, 0x00, 0x00, 0x00, 0x01, 0xDF, 0xFF, 0xFB, 0x7F, 0xFF, 0xFB, 0x00,
  0x00, 0x00, 0xAF, 0xFF, 0xF7, 0xAF, 0xFF, 0xFE, 0x10, 0x00, 0x00, 0x00, 0x00, 0x00, 0x00, 0x00,
  0xAF, 0xFF, 0xFD, 0xBF, 0xFF, 0xF7, 0x00, 0x00, 0x00, 0x6F, 0xFF, 0xFB, 0xCF, 0xFF, 0xFB, 0x00,
  0x00, 0x00, 0x00, 0x00, 0x00, 0x00, 0x00, 0x6F, 0xFF, 0xFF, 0xEF, 0xFF, 0xF4, 0x00, 0x00, 0x00,
  0x3F, 0xFF, 0xFF, 0xFF, 0xFF, 0xF7, 0x00, 0x00, 0x00, 0x00, 0x00, 0x00, 0x00, 0x00, 0x3F, 0xFF,
  0xFF, 0xFF, 0xFF, 0xD1, 0x00, 0x00, 0x00, 0x1D, 0xFF, 0xFF, 0xFF, 0xFF, 0xF4, 0x00, 0x00, 0x00,
  0x00, 0x00, 0x00, 0x00, 0x00, 0x0D, 0xFF, 0xFF, 0xFF, 0xFF, 0xB0, 0x00, 0x00, 0x00, 0x0A, 0xFF,
  0xFF, 0xFF, 0xFF, 0xD1, 0x00, 0x00, 0x00, 0x00, 0x00, 0x00, 0x00, 0x00, 0x09, 0xFF, 0xFF, 0xFF,
  0xFF, 0x70, 0x00, 0x00, 0x00, 0x06, 0xFF, 0xFF, 0xFF, 0xFF, 0xA0, 0x00, 0x00, 0x00, 0x00, 0x00,
  0x00, 0x00, 0x00, 0x05, 0xFF, 0xFF, 0xFF, 0xFF, 0x30, 0x00, 0x00, 0x00, 0x02, 0xFF, 0xFF, 0xFF,
  0xFF, 0x60, 0x00, 0x00, 0x00, 0x00, 0x00, 0x00, 0x00, 0x00, 0x02, 0xFF, 0xFF, 0xFF, 0xFD, 0x10,
  0x00, 0x00, 0x00, 0x00, 0xCF, 0xFF, 0xFF, 0xFF, 0x30, 0x00, 0x00, 0x00, 0x00, 0x00, 0x00, 0x00,
  0x00, 0x00, 0xBE, 0xEE, 0xEE, 0xEA, 0x00, 0x00, 0x00, 0x00, 0x00, 0x9E, 0xEE, 0xEE, 0xEC, 0x00,
  0x00, 0x00, 0x00, 0x00, 0x00, 0x00, 0x00, 0x00, 0x00, 0x01, 0x11, 0x11, 0x10, 0x00, 0x00, 0x00,
  0x00, 0x00, 0x01, 0x11, 0x11, 0x11, 0x00, 0x00, 0x00, 0x00, 0x00, 0x00, 0x01, 0x11, 0x11, 0x11,
  0x00, 0x00, 0x00, 0x00, 0x00, 0x00, 0x01, 0x11, 0x11, 0x11, 0x00, 0x00, 0x00, 0x9E, 0xEE, 0xEE,
  0xE9, 0x00, 0x00, 0x00, 0x00, 0x00, 0x05, 0xEE, 0xEE, 0xEE, 0xA0, 0x00, 0x00, 0x01, 0xEF, 0xFF,
  0xFF, 0xF4, 0x00, 0x00, 0x00, 0x00, 0x02, 0xEF, 0xFF, 0xFF, 0xE2, 0x00, 0x00, 0x00, 0x05, 0xFF,
  0xFF, 0xFF, 0xD1, 0x00, 0x00, 0x00, 0x00, 0xAF, 0xFF, 0xFF, 0xF6, 0x00, 0x00, 0x00, 0x00, 0x0A,
  0xFF, 0xFF, 0xFF, 0x80, 0x00, 0x00, 0x00, 0x5F, 0xFF, 0xFF, 0xFB, 0x00, 0x00, 0x00, 0x00, 0x00,
  0x1E, 0xFF, 0xFF, 0xFF, 0x30, 0x00, 0x00, 0x1D, 0xFF, 0xFF, 0xFE, 0x20, 0x00, 0x00, 0x00, 0x00,
  0x00, 0x5F, 0xFF, 0xFF, 0xFC, 0x00, 0x00, 0x09, 0xFF, 0xFF, 0xFF, 0x60, 0x00, 0x00, 0x00, 0x00,
  0x00, 0x00, 0xAF, 0xFF, 0xFF, 0xF6, 0x00, 0x04, 0xFF, 0xFF, 0xFF, 0xB0, 0x00, 0x00, 0x00, 0x00,
  0x00, 0x00, 0x02, 0xEF, 0xFF, 0xFF, 0xE1, 0x00, 0xCF, 0xFF, 0xFF, 0xE2, 0x00, 0x00, 0x00, 0x00,
  0x00, 0x00, 0x00, 0x06, 0xFF, 0xFF, 0xFF, 0x80, 0x5F, 0xFF, 0xFF, 0xF7, 0x00, 0x00, 0x00, 0x00,
  0x00, 0x00, 0x00, 0x00, 0x0A, 0xFF, 0xFF, 0xFE, 0x1C, 0xFF, 0xFF, 0xFB, 0x00, 0x00, 0x00, 0x00,
  0x00, 0x00, 0x00, 0x00, 0x00, 0x2E, 0xFF, 0xFF, 0xFC, 0xFF, 0xFF, 0xFE, 0x30, 0x00, 0x00, 0x00,
  0x00, 0x00, 0x00, 0x00, 0x00, 0x00, 0x6F, 0xFF, 0xFF, 0xFF, 0xFF, 0xFF, 0x70, 0x00, 0x00, 0x00,
  0x00, 0x00, 0x00, 0x00, 0x00, 0x00, 0x00, 0xBF, 0xFF, 0xFF, 0xFF, 0xFF, 0xC0, 0x00, 0x00, 0x00,
  0x00, 0x00, 0x00, 0x00, 0x00, 0x00, 0x00, 0x02, 0xEF, 0xFF, 0xFF, 0xFF, 0xF3, 0x00, 0x00, 0x00,
  0x00, 0x00, 0x00, 0x00, 0x00, 0x00, 0x00, 0x00, 0x06, 0xFF, 0xFF, 0xFF, 0xF7, 0x00, 0x00, 0x00,
  0x00, 0x00, 0x00, 0x00, 0x00, 0x00, 0x00, 0x00, 0x00, 0x4F, 0xFF, 0xFF, 0xFF, 0x80, 0x00, 0x00,
  0x00, 0x00, 0x00, 0x00, 0x00, 0x00, 0x00, 0x00, 0x00, 0x1D, 0xFF, 0xFF, 0xFF, 0xFF, 0x40, 0x00,
  0x00, 0x00, 0x00, 0x00, 0x00, 0x00, 0x00, 0x00, 0x00, 0x09, 0xFF, 0xFF, 0xFF, 0xFF, 0xFC, 0x10,
  0x00, 0x00, 0x00, 0x00, 0x00, 0x00, 0x00, 0x00, 0x00, 0x05, 0xFF, 0xFF, 0xFF, 0xFF, 0xFF, 0xF8,
  0x00, 0x00, 0x00, 0x00, 0x00, 0x00, 0x00, 0x00, 0x00, 0x01, 0xEF, 0xFF, 0xFF, 0xEF, 0xFF, 0xFF,
  0xF4, 0x00, 0x00, 0x00, 0x00, 0x00, 0x00, 0x00, 0x00, 0x00, 0xAF, 0xFF, 0xFF, 0xE4, 0xEF, 0xFF,
  0xFF, 0xD1, 0x00, 0x00, 0x00, 0x00, 0x00, 0x00, 0x00, 0x00, 0x6F, 0xFF, 0xFF, 0xF8, 0x08, 0xFF,
  0xFF, 0xFF, 0x90, 0x00, 0x00, 0x00, 0x00, 0x00, 0x00, 0x00, 0x2E, 0xFF, 0xFF, 0xFD, 0x10, 0x1D,
  0xFF, 0xFF, 0xFF, 0x40, 0x00, 0x00, 0x00, 0x00, 0x00, 0x00, 0x0B, 0xFF, 0xFF, 0xFF, 0x50, 0x00,
  0x5F, 0xFF, 0xFF, 0xFD, 0x10, 0x00, 0x00, 0x00, 0x00, 0x00, 0x07, 0xFF, 0xFF, 0xFF, 0xA0, 0x00,
  0x00, 0xAF, 0xFF, 0xFF, 0xF9, 0x00, 0x00, 0x00, 0x00, 0x00, 0x03, 0xEF, 0xFF, 0xFF, 0xE1, 0x00,
  0x00, 0x02, 0xEF, 0xFF, 0xFF, 0xF4, 0x00, 0x00, 0x00, 0x00, 0x00, 0xCF, 0xFF, 0xFF, 0xF5, 0x00,
  0x00, 0x00, 0x06, 0xFF, 0xFF, 0xFF, 0xD1, 0x00, 0x00, 0x00, 0x00, 0x8F, 0xFF, 0xFF, 0xFA, 0x00,
  0x00, 0x00, 0x00, 0x0B, 0xFF, 0xFF, 0xFF, 0x90, 0x00, 0x00, 0x00, 0x4F, 0xFF, 0xFF, 0xFD, 0x10,
  0x00, 0x00, 0x00, 0x00, 0x2E, 0xFF, 0xFF, 0xFF, 0x40, 0x00, 0x00, 0x1D, 0xFF, 0xFF, 0xFF, 0x50,
  0x00, 0x00, 0x00, 0x00, 0x00, 0x7F, 0xFF, 0xFF, 0xFD, 0x10, 0x00, 0x08, 0xEE, 0xEE, 0xEE, 0x90,
  0x00, 0x00, 0x00, 0x00, 0x00, 0x00, 0xBE, 0xEE, 0xEE, 0xE8, 0x00, 0x00, 0x11, 0x11, 0x11, 0x10,
  0x00, 0x00, 0x00, 0x00, 0x00, 0x00, 0x00, 0x11, 0x11, 0x11, 0x10, 0x00, 0x00, 0x11, 0x11, 0x11,
  0x10, 0x00, 0x00, 0x00, 0x00, 0x00, 0x00, 0x00, 0x11, 0x11, 0x11, 0x10, 0x00, 0x07, 0xEE, 0xEE,
  0xEE, 0xB0, 0x00, 0x00, 0x00, 0x00, 0x00, 0x00, 0x9E, 0xEE, 0xEE, 0xE8, 0x00, 0x00, 0x1D, 0xFF,
  0xFF, 0xFF, 0x50, 0x00, 0x00, 0x00, 0x00, 0x00, 0x3F, 0xFF, 0xFF, 0xFE, 0x20, 0x00, 0x00, 0x5F,
  0xFF, 0xFF, 0xFC, 0x00, 0x00, 0x00, 0x00, 0x00, 0x0A, 0xFF, 0xFF, 0xFF, 0x70, 0x00, 0x00, 0x00,
  0xBF, 0xFF, 0xFF, 0xF6, 0x00, 0x00, 0x00, 0x00, 0x04, 0xFF, 0xFF, 0xFF, 0xD1, 0x00, 0x00, 0x00,
  0x03, 0xFF, 0xFF, 0xFF, 0xD1, 0x00, 0x00, 0x00, 0x00, 0xBF, 0xFF, 0xFF, 0xF5, 0x00, 0x00, 0x00,
  0x00, 0x09, 0xFF, 0xFF, 0xFF, 0x70, 0x00, 0x00, 0x00, 0x4F, 0xFF, 0xFF, 0xFB, 0x00, 0x00, 0x00,
  0x00, 0x00, 0x1E, 0xFF, 0xFF, 0xFE, 0x10, 0x00, 0x00, 0x0B, 0xFF, 0xFF, 0xFF, 0x30, 0x00, 0x00,
  0x00, 0x00, 0x00, 0x7F, 0xFF, 0xFF, 0xF8, 0x00, 0x00, 0x05, 0xFF, 0xFF, 0xFF, 0x90, 0x00, 0x00,
  0x00, 0x00, 0x00, 0x00, 0xCF, 0xFF, 0xFF, 0xE2, 0x00, 0x00, 0xCF, 0xFF, 0xFF, 0xE1, 0x00, 0x00,
  0x00, 0x00, 0x00, 0x00, 0x04, 0xFF, 0xFF, 0xFF, 0x90, 0x00, 0x5F, 0xFF, 0xFF, 0xF6, 0x00, 0x00,
  0x00, 0x00, 0x00, 0x00, 0x00, 0x0A, 0xFF, 0xFF, 0xFE, 0x20, 0x0C, 0xFF, 0xFF, 0xFC, 0x00, 0x00,
  0x00, 0x00, 0x00, 0x00, 0x00, 0x00, 0x2E, 0xFF, 0xFF, 0xF9, 0x05, 0xFF, 0xFF, 0xFF, 0x40, 0x00,
  0x00, 0x00, 0x00, 0x00, 0x00, 0x00, 0x00, 0x8F, 0xFF, 0xFF, 0xE1, 0xBF, 0xFF, 0xFF, 0xA0, 0x00,
  0x00, 0x00, 0x00, 0x00, 0x00, 0x00, 0x00, 0x01, 0xDF, 0xFF, 0xFF, 0xAE, 0xFF, 0xFF, 0xE2, 0x00,
  0x00, 0x00, 0x00, 0x00, 0x00, 0x00, 0x00, 0x00, 0x05, 0xFF, 0xFF, 0xFF, 0xFF, 0xFF, 0xF8, 0x00,
  0x00, 0x00, 0x00, 0x00, 0x00, 0x00, 0x00, 0x00, 0x00, 0x0B, 0xFF, 0xFF, 0xFF, 0xFF, 0xFD, 0x10,
  0x00, 0x00, 0x00, 0x00, 0x00, 0x00, 0x00, 0x00, 0x00, 0x00, 0x3F, 0xFF, 0xFF, 0xFF, 0xFF, 0x60,
  0x00, 0x00, 0x00, 0x00, 0x00, 0x00, 0x00, 0x00, 0x00, 0x00, 0x00, 0x9F, 0xFF, 0xFF, 0xFF, 0xC0,
  0x00, 0x00, 0x00, 0x00, 0x00, 0x00, 0x00, 0x00, 0x00, 0x00, 0x00, 0x01, 0xDF, 0xFF, 0xFF, 0xF4,
  0x00, 0x00, 0x00, 0x00, 0x00, 0x00, 0x00, 0x00, 0x00, 0x00, 0x00, 0x00, 0x08, 0xFF, 0xFF, 0xFC,
  0x00, 0x00, 0x00, 0x00, 0x00, 0x00, 0x00, 0x00, 0x00, 0x00, 0x00, 0x00, 0x00, 0x7F, 0xFF, 0xFF,
  0xB0, 0x00, 0x00, 0x00, 0x00, 0x00, 0x00, 0x00, 0x00, 0x00, 0x00, 0x00, 0x00, 0x08, 0xFF, 0xFF,
  0xFB, 0x00, 0x00, 0x00, 0x00, 0x00, 0x00, 0x00, 0x00, 0x00, 0x00, 0x00, 0x00, 0x00, 0x7F, 0xFF,
  0xFF, 0xB0, 0x00, 0x00, 0x00, 0x00, 0x00, 0x00, 0x00, 0x00, 0x00, 0x00, 0x00, 0x00, 0x07, 0xFF,
  0xFF, 0xFB, 0x00, 0x00, 0x00, 0x00, 0x00, 0x00, 0x00, 0x00, 0x00, 0x00, 0x00, 0x00, 0x00, 0x7F,
  0xFF, 0xFF, 0xB0, 0x00, 0x00, 0x00, 0x00, 0x00, 0x00, 0x00, 0x00, 0x00, 0x00, 0x00, 0x00, 0x07,
  0xFF, 0xFF, 0xFB, 0x00, 0x00, 0x00, 0x00, 0x00, 0x00, 0x00, 0x00, 0x00, 0x00, 0x00, 0x00, 0x00,
  0x7F, 0xFF, 0xFF, 0xB0, 0x00, 0x00, 0x00, 0x00, 0x00, 0x00, 0x00, 0x00, 0x00, 0x00, 0x00, 0x00,
  0x07, 0xFF, 0xFF, 0xFB, 0x00, 0x00, 0x00, 0x00, 0x00, 0x00, 0x00, 0x00, 0x00, 0x00, 0x00, 0x00,
  0x00, 0x7F, 0xFF, 0xFF, 0xB0, 0x00, 0x00, 0x00, 0x00, 0x00, 0x00, 0x00, 0x00, 0x00, 0x00, 0x00,
  0x00, 0x08, 0xFF, 0xFF, 0xFB, 0x00, 0x00, 0x00, 0x00, 0x00, 0x00, 0x00, 0x00, 0x00, 0x00, 0x00,
  0x00, 0x00, 0x7E, 0xEE, 0xEE, 0xA0, 0x00, 0x00, 0x00, 0x00, 0x00, 0x00, 0x00, 0x00, 0x00, 0x00,
  0x00, 0x00, 0x00, 0x11, 0x11, 0x11, 0x00, 0x00, 0x00, 0x00, 0x00, 0x00, 0x00, 0x00, 0x00, 0x11,
  0x11, 0x11, 0x11, 0x11, 0x11, 0x11, 0x11, 0x11, 0x11, 0x11, 0x00, 0x00, 0x00, 0x07, 0xEE, 0xEE,
  0xEE, 0xEE, 0xEE, 0xEE, 0xEE, 0xEE, 0xEE, 0xEE, 0xEE, 0x70, 0x00, 0x00, 0x08, 0xFF, 0xFF, 0xFF,
  0xFF, 0xFF, 0xFF, 0xFF, 0xFF, 0xFF, 0xFF, 0xFF, 0x80, 0x00, 0x00, 0x07, 0xFF, 0xFF, 0xFF, 0xFF,
  0xFF, 0xFF, 0xFF, 0xFF, 0xFF, 0xFF, 0xFF, 0x80, 0x00, 0x00, 0x08, 0xFF, 0xFF, 0xFF, 0xFF, 0xFF,
  0xFF, 0xFF, 0xFF, 0xFF, 0xFF, 0xFF, 0x70, 0x00, 0x00, 0x07, 0xEE, 0xEE, 0xEE, 0xEE, 0xEE, 0xEE,
  0xEE, 0xEF, 0xFF, 0xFF, 0xFD, 0x10, 0x00, 0x00, 0x00, 0x11, 0x11, 0x11, 0x11, 0x11, 0x11, 0x10,
  0x5F, 0xFF, 0xFF, 0xF4, 0x00, 0x00, 0x00, 0x00, 0x00, 0x00, 0x00, 0x00, 0x00, 0x00, 0x02, 0xEF,
  0xFF, 0xFF, 0x80, 0x00, 0x00, 0x00, 0x00, 0x00, 0x00, 0x00, 0x00, 0x00, 0x00, 0x1C, 0xFF, 0xFF,
  0xFC, 0x10, 0x00, 0x00, 0x00, 0x00, 0x00, 0x00, 0x00, 0x00, 0x00, 0x00, 0x9F, 0xFF, 0xFF, 0xF4,
  0x00, 0x00, 0x00, 0x00, 0x00, 0x00, 0x00, 0x00, 0x00, 0x00, 0x05, 0xFF, 0xFF, 0xFF, 0x80, 0x00,
  0x00, 0x00, 0x00, 0x00, 0x00, 0x00, 0x00, 0x00, 0x00, 0x2E, 0xFF, 0xFF, 0xFC, 0x00, 0x00, 0x00,
  0x00, 0x00, 0x00, 0x00, 0x00, 0x00, 0x00, 0x00, 0xAF, 0xFF, 0xFF, 0xF3, 0x00, 0x00, 0x00, 0x00,
  0x00, 0x00, 0x00, 0x00, 0x00, 0x00, 0x06, 0xFF, 0xFF, 0xFF, 0x70, 0x00, 0x00, 0x00, 0x00, 0x00,
  0x00, 0x00, 0x00, 0x00, 0x00, 0x2E, 0xFF, 0xFF, 0xFC, 0x00, 0x00, 0x00, 0x00, 0x00, 0x00, 0x00,
  0x00, 0x00, 0x00, 0x00, 0xBF, 0xFF, 0xFF, 0xE3, 0x00, 0x00, 0x00, 0x00, 0x00, 0x00, 0x00, 0x00,
  0x00, 0x00, 0x06, 0xFF, 0xFF, 0xFF, 0x70, 0x00, 0x00, 0x00, 0x00, 0x00, 0x00, 0x00, 0x00, 0x00,
  0x00, 0x2E, 0xFF, 0xFF, 0xFB, 0x00, 0x00, 0x00, 0x00, 0x00, 0x00, 0x00, 0x00, 0x00, 0x00, 0x00,
  0xBF, 0xFF, 0xFF, 0xE2, 0x00, 0x00, 0x00, 0x00, 0x00, 0x00, 0x00, 0x00, 0x00, 0x00, 0x07, 0xFF,
  0xFF, 0xFF, 0x60, 0x00, 0x00, 0x00, 0x00, 0x00, 0x00, 0x00, 0x00, 0x00, 0x00, 0x3E, 0xFF, 0xFF,
  0xFB, 0x00, 0x00, 0x00, 0x00, 0x00, 0x00, 0x00, 0x00, 0x00, 0x00, 0x00, 0xCF, 0xFF, 0xFF, 0xE2,
  0x00, 0x00, 0x00, 0x00, 0x00, 0x00, 0x00, 0x00, 0x00, 0x00, 0x08, 0xFF, 0xFF, 0xFF, 0x50, 0x00,
  0x00, 0x00, 0x00, 0x00, 0x00, 0x00, 0x00, 0x00, 0x00, 0x3F, 0xFF, 0xFF, 0xF9, 0x00, 0x00, 0x00,
  0x00, 0x00, 0x00, 0x00, 0x00, 0x00, 0x00, 0x01, 0xCF, 0xFF, 0xFF, 0xC1, 0x00, 0x00, 0x00, 0x00,
  0x00, 0x00, 0x00, 0x00, 0x00, 0x00, 0x08, 0xFF, 0xFF, 0xFE, 0x20, 0x00, 0x00, 0x00, 0x00, 0x00,
  0x00, 0x00, 0x00, 0x00, 0x00, 0x4F, 0xFF, 0xFF, 0xF5, 0x01, 0x11, 0x11, 0x11, 0x11, 0x11, 0x11,
  0x00, 0x00, 0x00, 0x01, 0xDF, 0xFF, 0xFF, 0xFE, 0xEE, 0xEE, 0xEE, 0xEE, 0xEE, 0xEE, 0xEE, 0x70,
  0x00, 0x00, 0x07, 0xFF, 0xFF, 0xFF, 0xFF, 0xFF, 0xFF, 0xFF, 0xFF, 0xFF, 0xFF, 0xFF, 0x80, 0x00,
  0x00, 0x08, 0xFF, 0xFF, 0xFF, 0xFF, 0xFF, 0xFF, 0xFF, 0xFF, 0xFF, 0xFF, 0xFF, 0x70, 0x00, 0x00,
  0x08, 0xFF, 0xFF, 0xFF, 0xFF, 0xFF, 0xFF, 0xFF, 0xFF, 0xFF, 0xFF, 0xFF, 0x80, 0x00, 0x00, 0x07,
  0xEE, 0xEE, 0xEE, 0xEE, 0xEE, 0xEE, 0xEE, 0xEE, 0xEE, 0xEE, 0xEE, 0x70, 0x00, 0x00, 0x00, 0x11,
  0x11, 0x11, 0x11, 0x11, 0x11, 0x11, 0x11, 0x11, 0x11, 0x11, 0x00, 0x00, 0x00, 0x00, 0x01, 0x11,
  0x11, 0x11, 0x11, 0x10, 0x00, 0x00, 0x00, 0x5E, 0xEE, 0xEE, 0xEE, 0xEE, 0xD0, 0x00, 0x00, 0x00,
  0x6F, 0xFF, 0xFF, 0xFF, 0xFF, 0xE0, 0x00, 0x00, 0x00, 0x6F, 0xFF, 0xFF, 0xFF, 0xFF, 0xD0, 0x00,
  0x00, 0x00, 0x6F, 0xFF, 0xFF, 0xFF, 0xFF, 0xE0, 0x00, 0x00, 0x00, 0x6F, 0xFF, 0xFF, 0xEC, 0xCC,
  0xB0, 0x00, 0x00, 0x00, 0x6F, 0xFF, 0xFF, 0xC0, 0x00, 0x00, 0x00, 0x00, 0x00, 0x6F, 0xFF, 0xFF,
  0xC0, 0x00, 0x00, 0x00, 0x00, 0x00, 0x6F, 0xFF, 0xFF, 0xC0, 0x00, 0x00, 0x00, 0x00, 0x00, 0x6F,
  0xFF, 0xFF, 0xC0, 0x00, 0x00, 0x00, 0x00, 0x00, 0x6F, 0xFF, 0xFF, 0xC0, 0x00, 0x00, 0x00, 0x00,
  0x00, 0x6F, 0xFF, 0xFF, 0xC0, 0x00, 0x00, 0x00, 0x00, 0x00, 0x6F, 0xFF, 0xFF, 0xC0, 0x00, 0x00,
  0x00, 0x00, 0x00, 0x6F, 0xFF, 0xFF, 0xC0, 0x00, 0x00, 0x00, 0x00, 0x00, 0x6F, 0xFF, 0xFF, 0xC0,
  0x00, 0x00, 0x00, 0x00, 0x00, 0x6F, 0xFF, 0xFF, 0xC0, 0x00, 0x00, 0x00, 0x00, 0x00, 0x6F, 0xFF,
  0xFF, 0xC0, 0x00, 0x00, 0x00, 0x00, 0x00, 0x6F, 0xFF, 0xFF, 0xC0, 0x00, 0x00, 0x00, 0x00, 0x00,
  0x6F, 0xFF, 0xFF, 0xC0, 0x00, 0x00, 0x00, 0x00, 0x00, 0x6F, 0xFF, 0xFF, 0xC0, 0x00, 0x00, 0x00,
  0x00, 0x00, 0x6F, 0xFF, 0xFF, 0xC0, 0x00, 0x00, 0x00, 0x00, 0x00, 0x6F, 0xFF, 0xFF, 0xC0, 0x00,
  0x00, 0x00, 0x00, 0x00, 0x6F, 0xFF, 0xFF, 0xC0, 0x00, 0x00, 0x00, 0x00, 0x00, 0x6F, 0xFF, 0xFF,
  0xC0, 0x00, 0x00, 0x00, 0x00, 0x00, 0x6F, 0xFF, 0xFF, 0xC0, 0x00, 0x00, 0x00, 0x00, 0x00, 0x6F,
  0xFF, 0xFF, 0xC0, 0x00, 0x00, 0x00, 0x00, 0x00, 0x6F, 0xFF, 0xFF, 0xC0, 0x00, 0x00, 0x00, 0x00,
  0x00, 0x6F, 0xFF, 0xFF, 0xC0, 0x00, 0x00, 0x00, 0x00, 0x00, 0x6F, 0xFF, 0xFF, 0xC0, 0x00, 0x00,
  0x00, 0x00, 0x00, 0x6F, 0xFF, 0xFF, 0xC0, 0x00, 0x00, 0x00, 0x00, 0x00, 0x6F, 0xFF, 0xFF, 0xC0,
  0x00, 0x00, 0x00, 0x00, 0x00, 0x6F, 0xFF, 0xFF, 0xC0, 0x00, 0x00, 0x00, 0x00, 0x00, 0x6F, 0xFF,
  0xFF, 0xC0, 0x00, 0x00, 0x00, 0x00, 0x00, 0x6F, 0xFF, 0xFF, 0xC0, 0x00, 0x00, 0x00, 0x00, 0x00,
  0x6F, 0xFF, 0xFF, 0xEC, 0xCC, 0xB0, 0x00, 0x00, 0x00, 0x6F, 0xFF, 0xFF, 0xFF, 0xFF, 0xE0, 0x00,
  0x00, 0x00, 0x6F, 0xFF, 0xFF, 0xFF, 0xFF, 0xD0, 0x00, 0x00, 0x00, 0x6F, 0xFF, 0xFF, 0xFF, 0xFF,
  0xE0, 0x00, 0x00, 0x00, 0x5E, 0xEE, 0xEE, 0xEE, 0xEE, 0xD0, 0x00, 0x00, 0x00, 0x01, 0x11, 0x11,
  0x11, 0x11, 0x10, 0x00, 0x01, 0x11, 0x11, 0x10, 0x00, 0x00, 0x00, 0x00, 0x00, 0x05, 0xEE, 0xEE,
  0xB0, 0x00, 0x00, 0x00, 0x00, 0x00, 0x02, 0xFF, 0xFF, 0xF2, 0x00, 0x00, 0x00, 0x00, 0x00, 0x00,
  0xCF, 0xFF, 0xF5, 0x00, 0x00, 0x00, 0x00, 0x00, 0x00, 0x8F, 0xFF, 0xF9, 0x00, 0x00, 0x00, 0x00,
  0x00, 0x00, 0x5F, 0xFF, 0xFD, 0x00, 0x00, 0x00, 0x00, 0x00, 0x00, 0x1E, 0xFF, 0xFF, 0x30, 0x00,
  0x00, 0x00, 0x00, 0x00, 0x0B, 0xFF, 0xFF, 0x60, 0x00, 0x00, 0x00, 0x00, 0x00, 0x08, 0xFF, 0xFF,
  0xA0, 0x00, 0x00, 0x00, 0x00, 0x00, 0x04, 0xFF, 0xFF, 0xD1, 0x00, 0x00, 0x00, 0x00, 0x00, 0x01,
  0xEF, 0xFF, 0xF3, 0x00, 0x00, 0x00, 0x00, 0x00, 0x00, 0xBF, 0xFF, 0xF7, 0x00, 0x00, 0x00, 0x00,
  0x00, 0x00, 0x7F, 0xFF, 0xFA, 0x00, 0x00, 0x00, 0x00, 0x00, 0x00, 0x4F, 0xFF, 0xFD, 0x10, 0x00,
  0x00, 0x00, 0x00, 0x00, 0x1D, 0xFF, 0xFF, 0x30, 0x00, 0x00, 0x00, 0x00, 0x00, 0x0A, 0xFF, 0xFF,
  0x70, 0x00, 0x00, 0x00, 0x00, 0x00, 0x07, 0xFF, 0xFF, 0xB0, 0x00, 0x00, 0x00, 0x00, 0x00, 0x03,
  0xFF, 0xFF, 0xE1, 0x00, 0x00, 0x00, 0x00, 0x00, 0x01, 0xDF, 0xFF, 0xF4, 0x00, 0x00, 0x00, 0x00,
  0x00, 0x00, 0xAF, 0xFF, 0xF8, 0x00, 0x00, 0x00, 0x00, 0x00, 0x00, 0x6F, 0xFF, 0xFB, 0x00, 0x00,
  0x00, 0x00, 0x00, 0x00, 0x3F, 0xFF, 0xFE, 0x10, 0x00, 0x00, 0x00, 0x00, 0x00, 0x1D, 0xFF, 0xFF,
  0x40, 0x00, 0x00, 0x00, 0x00, 0x00, 0x0A, 0xFF, 0xFF, 0x80, 0x00, 0x00, 0x00, 0x00, 0x00, 0x06,
  0xFF, 0xFF, 0xC0, 0x00, 0x00, 0x00, 0x00, 0x00, 0x02, 0xFF, 0xFF, 0xE2, 0x00, 0x00, 0x00, 0x00,
  0x00, 0x00, 0xCF, 0xFF, 0xF5, 0x00, 0x00, 0x00, 0x00, 0x00, 0x00, 0x9F, 0xFF, 0xF9, 0x00, 0x00,
  0x00, 0x00, 0x00, 0x00, 0x5F, 0xFF, 0xFC, 0x00, 0x00, 0x00, 0x00, 0x00, 0x00, 0x2E, 0xFF, 0xFF,
  0x20, 0x00, 0x00, 0x00, 0x00, 0x00, 0x0C, 0xFF, 0xFF, 0x50, 0x00, 0x00, 0x00, 0x00, 0x00, 0x09,
  0xFF, 0xFF, 0x90, 0x00, 0x00, 0x00, 0x00, 0x00, 0x05, 0xFF, 0xFF, 0xC0, 0x00, 0x00, 0x00, 0x00,
  0x00, 0x02, 0xEF, 0xFF, 0xF2, 0x00, 0x00, 0x00, 0x00, 0x00, 0x00, 0xCF, 0xFF, 0xF6, 0x00, 0x00,
  0x00, 0x00, 0x00, 0x00, 0x8F, 0xFF, 0xFA, 0x00, 0x00, 0x00, 0x00, 0x00, 0x00, 0x4F, 0xFF, 0xFD,
  0x10, 0x00, 0x00, 0x00, 0x00, 0x00, 0x1D, 0xEE, 0xEE, 0x30, 0x00, 0x00, 0x00, 0x00, 0x00, 0x01,
  0x11, 0x11, 0x00, 0x00, 0x01, 0x11, 0x11, 0x11, 0x11, 0x10, 0x00, 0x00, 0x00, 0x0D, 0xEE, 0xEE,
  0xEE, 0xEE, 0xE5, 0x00, 0x00, 0x00, 0x0E, 0xFF, 0xFF, 0xFF, 0xFF, 0xF6, 0x00, 0x00, 0x00, 0x0D,
  0xFF, 0xFF, 0xFF, 0xFF, 0xF6, 0x00, 0x00, 0x00, 0x0E, 0xFF, 0xFF, 0xFF, 0xFF, 0xF6, 0x00, 0x00,
  0x00, 0x0B, 0xCC, 0xCE, 0xFF, 0xFF, 0xF6, 0x00, 0x00, 0x00, 0x00, 0x00, 0x0C, 0xFF, 0xFF, 0xF6,
  0x00, 0x00, 0x00, 0x00, 0x00, 0x0C, 0xFF, 0xFF, 0xF6, 0x00, 0x00, 0x00, 0x00, 0x00, 0x0C, 0xFF,
  0xFF, 0xF6, 0x00, 0x00, 0x00, 0x00, 0x00, 0x0C, 0xFF, 0xFF, 0xF6, 0x00, 0x00, 0x00, 0x00, 0x00,
  0x0C, 0xFF, 0xFF, 0xF6, 0x00, 0x00, 0x00, 0x00, 0x00, 0x0C, 0xFF, 0xFF, 0xF6, 0x00, 0x00, 0x00,
  0x00, 0x00, 0x0C, 0xFF, 0xFF, 0xF6, 0x00, 0x00, 0x00, 0x00, 0x00, 0x0C, 0xFF, 0xFF, 0xF6, 0x00,
  0x00, 0x00, 0x00, 0x00, 0x0C, 0xFF, 0xFF, 0xF6, 0x00, 0x00, 0x00, 0x00, 0x00, 0x0C, 0xFF, 0xFF,
  0xF6, 0x00, 0x00, 0x00, 0x00, 0x00, 0x0C, 0xFF, 0xFF, 0xF6, 0x00, 0x00, 0x00, 0x00, 0x00, 0x0C,
  0xFF, 0xFF, 0xF6, 0x00, 0x00, 0x00, 0x00, 0x00, 0x0C, 0xFF, 0xFF, 0xF6, 0x00, 0x00, 0x00, 0x00,
  0x00, 0x0C, 0xFF, 0xFF, 0xF6, 0x00, 0x00, 0x00, 0x00, 0x00, 0x0C, 0xFF, 0xFF, 0xF6, 0x00, 0x00,
  0x00, 0x00, 0x00, 0x0C, 0xFF, 0xFF, 0xF6, 0x00, 0x00, 0x00, 0x00, 0x00, 0x0C, 0xFF, 0xFF, 0xF6,
  0x00, 0x00, 0x00, 0x00, 0x00, 0x0C, 0xFF, 0xFF, 0xF6, 0x00, 0x00, 0x00, 0x00, 0x00, 0x0C, 0xFF,
  0xFF, 0xF6, 0x00, 0x00, 0x00, 0x00, 0x00, 0x0C, 0xFF, 0xFF, 0xF6, 0x00, 0x00, 0x00, 0x00, 0x00,
  0x0C, 0xFF, 0xFF, 0xF6, 0x00, 0x00, 0x00, 0x00, 0x00, 0x0C, 0xFF, 0xFF, 0xF6, 0x00, 0x00, 0x00,
  0x00, 0x00, 0x0C, 0xFF, 0xFF, 0xF6, 0x00, 0x00, 0x00, 0x00, 0x00, 0x0C, 0xFF, 0xFF, 0xF6, 0x00,
  0x00, 0x00, 0x00, 0x00, 0x0C, 0xFF, 0xFF, 0xF6, 0x00, 0x00, 0x00, 0x00, 0x00, 0x0C, 0xFF, 0xFF,
  0xF6, 0x00, 0x00, 0x00, 0x00, 0x00, 0x0C, 0xFF, 0xFF, 0xF6, 0x00, 0x00, 0x00, 0x00, 0x00, 0x0C,
  0xFF, 0xFF, 0xF6, 0x00, 0x00, 0x00, 0x0B, 0xCC, 0xCE, 0xFF, 0xFF, 0xF6, 0x00, 0x00, 0x00, 0x0E,
  0xFF, 0xFF, 0xFF, 0xFF, 0xF6, 0x00, 0x00, 0x00, 0x0D, 0xFF, 0xFF, 0xFF, 0xFF, 0xF6, 0x00, 0x00,
  0x00, 0x0E, 0xFF, 0xFF, 0xFF, 0xFF, 0xF6, 0x00, 0x00, 0x00, 0x0D, 0xEE, 0xEE, 0xEE, 0xEE, 0xE5,
  0x00, 0x00, 0x00, 0x01, 0x11, 0x11, 0x11, 0x11, 0x10, 0x00, 0x00, 0x00, 0x00, 0x00, 0x00, 0x00,
  0x00, 0x00, 0x00, 0x00, 0x00, 0x00, 0x00, 0x00, 0x00, 0x00, 0x7B, 0xBB, 0xB7, 0x00, 0x00, 0x00,
  0x00, 0x00, 0x00, 0x00, 0x02, 0xFF, 0xFF, 0xFE, 0x20, 0x00, 0x00, 0x00, 0x00, 0x00, 0x00, 0x08,
  0xFF, 0xFF, 0xFF, 0x80, 0x00, 0x00, 0x00, 0x00, 0x00, 0x00, 0x1E, 0xFF, 0xFF, 0xFF, 0xD1, 0x00,
  0x00, 0x00, 0x00, 0x00, 0x00, 0x7F, 0xFF, 0xCC, 0xFF, 0xF7, 0x00, 0x00, 0x00, 0x00, 0x00, 0x01,
  0xDF, 0xFF, 0x45, 0xFF, 0xFD, 0x10, 0x00, 0x00, 0x00, 0x00, 0x07, 0xFF, 0xFD, 0x01, 0xEF, 0xFF,
  0x60, 0x00, 0x00, 0x00, 0x00, 0x1D, 0xFF, 0xF7, 0x00, 0x8F, 0xFF, 0xC0, 0x00, 0x00, 0x00, 0x00,
  0x6F, 0xFF, 0xE2, 0x00, 0x2E, 0xFF, 0xF5, 0x00, 0x00, 0x00, 0x00, 0xCF, 0xFF, 0x90, 0x00, 0x0A,
  0xFF, 0xFC, 0x00, 0x00, 0x00, 0x05, 0xFF, 0xFF, 0x30, 0x00, 0x04, 0xFF, 0xFF, 0x40, 0x00, 0x00,
  0x0C, 0xFE, 0xFB, 0x00, 0x00, 0x00, 0xCF, 0xEF, 0xB0, 0x00, 0x00, 0x5F, 0xFF, 0xF5, 0x00, 0x00,
  0x00, 0x6F, 0xFF, 0xF4, 0x00, 0x00, 0x34, 0x44, 0x40, 0x00, 0x00, 0x00, 0x14, 0x44, 0x42, 0x00,
  0x00, 0x00, 0x00, 0x00, 0x00, 0x00, 0x00, 0x00, 0x00, 0x00, 0x00, 0x00, 0x00, 0x00, 0x00, 0x00,
  0x00, 0x00, 0x00, 0x00, 0x00, 0x00, 0x00, 0x00, 0x00, 0x00, 0x00, 0x00, 0x00, 0x00, 0x00, 0x00,
  0x00, 0x00, 0x00, 0x00, 0x00, 0x00, 0x00, 0x00, 0x00, 0x00, 0x00, 0x00, 0x00, 0x00, 0x00, 0x00,
  0x00, 0x00, 0x00, 0x00, 0x00, 0x00, 0x00, 0x00, 0x00, 0x00, 0x00, 0x00, 0x00, 0x00, 0x00, 0x00,
  0x00, 0x00, 0x00, 0x00, 0x00, 0x00, 0x00, 0x00, 0x00, 0x00, 0x00, 0x00, 0x00, 0x00, 0x00, 0x00,
  0x00, 0x00, 0x00, 0x00, 0x00, 0x00, 0x00, 0x00, 0x00, 0x00, 0x00, 0x00, 0x00, 0x00, 0x00, 0x00,
  0x00, 0x00, 0x00, 0x00, 0x00, 0x00, 0x00, 0x00, 0x00, 0x00, 0x00, 0x00, 0x00, 0x00, 0x00, 0x00,
  0x00, 0x00, 0x00, 0x00, 0x00, 0x00, 0x00, 0x00, 0x00, 0x00, 0x00, 0x00, 0x00, 0x00, 0x00, 0x00,
  0x00, 0x00, 0x00, 0x00, 0x00, 0x00, 0x00, 0x00, 0x00, 0x00, 0x00, 0x00, 0x00, 0x00, 0x00, 0x00,
  0x00, 0x00, 0x00, 0x00, 0x00, 0x00, 0x00, 0x00, 0x00, 0x00, 0x00, 0x00, 0x00, 0x00, 0x00, 0x00,
  0x00, 0x00, 0x00, 0x00, 0x00, 0x00, 0x00, 0x00, 0x00, 0x00, 0x00, 0x00, 0x00, 0x00, 0x00, 0x00,
  0x00, 0x00, 0x00, 0x00, 0x00, 0x00, 0x00, 0x00, 0x00, 0x00, 0x00, 0x00, 0x00, 0x00, 0x00, 0x00,
  0x00, 0x00, 0x00, 0x00, 0x00, 0x00, 0x1C, 0xDD, 0xDD, 0xDD, 0xDD, 0xDD, 0xDD, 0xDD, 0xDD, 0xDD,
  0xC1, 0x1E, 0xFF, 0xFF, 0xFF, 0xFF, 0xFF, 0xFF, 0xFF, 0xFF, 0xFF, 0xE1, 0x1E, 0xFF, 0xFF, 0xFF,
  0xFF, 0xFF, 0xFF, 0xFF, 0xFF, 0xFF, 0xE1, 0x1E, 0xFF, 0xFF, 0xFF, 0xFF, 0xFF, 0xFF, 0xFF, 0xFF,
  0xFF, 0xE1, 0x1D, 0xEE, 0xEE, 0xEE, 0xEE, 0xEE, 0xEE, 0xEE, 0xEE, 0xEE, 0xD1, 0x01, 0x11, 0x11,
  0x11, 0x11, 0x11, 0x11, 0x11, 0x11, 0x11, 0x10, 0x00, 0x00, 0x11, 0x11, 0x11, 0x00, 0x00, 0x00,
  0x00, 0x00, 0x00, 0x4E, 0xEE, 0xEE, 0x70, 0x00, 0x00, 0x00, 0x00, 0x00, 0x08, 0xFF, 0xFF, 0xE1,
  0x00, 0x00, 0x00, 0x00, 0x00, 0x01, 0xCF, 0xFF, 0xF7, 0x00, 0x00, 0x00, 0x00, 0x00, 0x00, 0x3F,
  0xFF, 0xFD, 0x10, 0x00, 0x00, 0x00, 0x00, 0x00, 0x08, 0xFF, 0xFF, 0x50, 0x00, 0x00, 0x00, 0x00,
  0x00, 0x00, 0xCF, 0xFF, 0xD1, 0x00, 0x00, 0x00, 0x00, 0x00, 0x00, 0x26, 0x66, 0x61, 0x00, 0x00,
  0x00, 0x00, 0x00, 0x00, 0x00, 0x00, 0x00, 0x00, 0x00, 0x00, 0x00, 0x00, 0x00, 0x00, 0x00, 0x00,
  0x00, 0x00, 0x00, 0x00, 0x00, 0x00, 0x00, 0x00, 0x00, 0x00, 0x00, 0x00, 0x00, 0x00, 0x00, 0x00,
  0x00, 0x00, 0x00, 0x00, 0x00, 0x00, 0x00, 0x00, 0x00, 0x00, 0x00, 0x00, 0x00, 0x00, 0x00, 0x00,
  0x00, 0x00, 0x00, 0x00, 0x00, 0x00, 0x00, 0x00, 0x00, 0x00, 0x00, 0x00, 0x00, 0x00, 0x00, 0x00,
  0x00, 0x00, 0x00, 0x00, 0x00, 0x00, 0x00, 0x00, 0x00, 0x00, 0x00, 0x00, 0x00, 0x00, 0x00, 0x00,
  0x00, 0x00, 0x00, 0x00, 0x00, 0x00, 0x00, 0x00, 0x00, 0x00, 0x00, 0x00, 0x00, 0x00, 0x00, 0x00,
  0x00, 0x00, 0x00, 0x00, 0x00, 0x00, 0x00, 0x00, 0x00, 0x00, 0x00, 0x00, 0x00, 0x00, 0x00, 0x00,
  0x00, 0x00, 0x00, 0x00, 0x00, 0x00, 0x00, 0x00, 0x00, 0x00, 0x00, 0x00, 0x00, 0x00, 0x00, 0x00,
  0x00, 0x00, 0x00, 0x00, 0x00, 0x00, 0x00, 0x00, 0x00, 0x00, 0x00, 0x00, 0x00, 0x00, 0x00, 0x00,
  0x00, 0x00, 0x00, 0x00, 0x00, 0x00, 0x00, 0x00, 0x00, 0x00, 0x00, 0x00, 0x00, 0x00, 0x00, 0x00,
  0x00, 0x00, 0x00, 0x00, 0x00, 0x00, 0x00, 0x00, 0x00, 0x00, 0x00, 0x00, 0x00, 0x00, 0x00, 0x00,
  0x00, 0x00, 0x00, 0x00, 0x00, 0x00, 0x00, 0x00, 0x00, 0x00, 0x00, 0x00, 0x00, 0x00, 0x00, 0x00,
  0x00, 0x00, 0x00, 0x00, 0x00, 0x00, 0x00, 0x00, 0x00, 0x00, 0x00, 0x00, 0x00, 0x00, 0x00, 0x00,
  0x00, 0x00, 0x00, 0x00, 0x00, 0x00, 0x00, 0x00, 0x00, 0x00, 0x00, 0x00, 0x00, 0x00, 0x00, 0x00,
  0x00, 0x00, 0x00, 0x00, 0x00, 0x00, 0x00, 0x00, 0x00, 0x00, 0x00, 0x00, 0x00, 0x00, 0x00, 0x00,
  0x00, 0x00, 0x00, 0x00, 0x00, 0x00, 0x00, 0x00, 0x00, 0x00, 0x00, 0x15, 0x8A, 0xBB, 0xA8, 0x51,
  0x00, 0x00, 0x00, 0x00, 0x00, 0x00, 0x00, 0x29, 0xEF, 0xFF, 0xFF, 0xFF, 0xFE, 0x82, 0x00, 0x00,
  0x00, 0x00, 0x00, 0x04, 0xDF, 0xFF, 0xFF, 0xFF, 0xFF, 0xFF, 0xFD, 0x40, 0x00, 0x00, 0x00, 0x00,
  0x4E, 0xFF, 0xFF, 0xFF, 0xFF, 0xFF, 0xFF, 0xFF, 0xE3, 0x00, 0x00, 0x00, 0x01, 0xDF, 0xFF, 0xFF,
  0xFF, 0xEE, 0xFF, 0xFF, 0xFF, 0xFB, 0x00, 0x00, 0x00, 0x07, 0xFF, 0xFF, 0xFF, 0x94, 0x22, 0x5C,
  0xFF, 0xFF, 0xFF, 0x30, 0x00, 0x00, 0x09, 0xDE, 0xFF, 0xF6, 0x00, 0x00, 0x01, 0xDF, 0xFF, 0xFF,
  0x70, 0x00, 0x00, 0x00, 0x13, 0x47, 0x70, 0x00, 0x00, 0x00, 0x9F, 0xFF, 0xFF, 0x80, 0x00, 0x00,
  0x00, 0x00, 0x00, 0x00, 0x00, 0x00, 0x00, 0xAF, 0xFF, 0xFF, 0x90, 0x00, 0x00, 0x00, 0x00, 0x00,
  0x00, 0x00, 0x12, 0x48, 0xFF, 0xFF, 0xFF, 0x90, 0x00, 0x00, 0x00, 0x00, 0x03, 0x69, 0xBC, 0xDE,
  0xFF, 0xFF, 0xFF, 0xFF, 0x90, 0x00, 0x00, 0x00, 0x05, 0xBF, 0xFF, 0xFF, 0xFF, 0xFF, 0xFF, 0xFF,
  0xFF, 0x90, 0x00, 0x00, 0x00, 0x9F, 0xFF, 0xFF, 0xFF, 0xFF, 0xFF, 0xFF, 0xFF, 0xFF, 0x90, 0x00,
  0x00, 0x08, 0xFF, 0xFF, 0xFF, 0xFE, 0xCB, 0x84, 0x9F, 0xFF, 0xFF, 0x90, 0x00, 0x00, 0x2E, 0xFF,
  0xFF, 0xFC, 0x52, 0x00, 0x00, 0x8F, 0xFF, 0xFF, 0x90, 0x00, 0x00, 0x6F, 0xFF, 0xFF, 0xB0, 0x00,
  0x00, 0x00, 0x9F, 0xFF, 0xFF, 0x90, 0x00, 0x00, 0x8F, 0xFF, 0xFF, 0x60, 0x00, 0x00, 0x00, 0xBF,
  0xFF, 0xFF, 0x90, 0x00, 0x00, 0x8F, 0xFF, 0xFF, 0x60, 0x00, 0x00, 0x04, 0xFF, 0xFF, 0xFF, 0x90,
  0x00, 0x00, 0x7F, 0xFF, 0xFF, 0xC1, 0x00, 0x00, 0x4D, 0xFF, 0xFF, 0xFF, 0x90, 0x00, 0x00, 0x4F,
  0xFF, 0xFF, 0xFD, 0x86, 0x7A, 0xFF, 0xFF, 0xFF, 0xFF, 0x90, 0x00, 0x00, 0x0C, 0xFF, 0xFF, 0xFF,
  0xFF, 0xFF, 0xFF, 0xBF, 0xFF, 0xFF, 0x90, 0x00, 0x00, 0x03, 0xEF, 0xFF, 0xFF, 0xFF, 0xFF, 0xFA,
  0x4F, 0xFF, 0xFF, 0x80, 0x00, 0x00, 0x00, 0x4D, 0xFF, 0xFF, 0xFF, 0xFF, 0xA0, 0x4F, 0xFF, 0xFF,
  0x90, 0x00, 0x00, 0x00, 0x01, 0x6A, 0xDE, 0xEC, 0x94, 0x00, 0x28, 0x88, 0x88, 0x50, 0x00, 0x00,
  0x00, 0x00, 0x00, 0x11, 0x10, 0x00, 0x00, 0x00, 0x00, 0x00, 0x00, 0x00, 0x00, 0x00, 0x11, 0x11,
  0x10, 0x00, 0x00, 0x00, 0x00, 0x00, 0x00, 0x00, 0x00, 0x00, 0x00, 0x08, 0xEE, 0xEE, 0xE8, 0x00,
  0x00, 0x00, 0x00, 0x00, 0x00, 0x00, 0x00, 0x00, 0x00, 0x09, 0xFF, 0xFF, 0xF9, 0x00, 0x00, 0x00,
  0x00, 0x00, 0x00, 0x00, 0x00, 0x00, 0x00, 0x08, 0xFF, 0xFF, 0xF9, 0x00, 0x00, 0x00, 0x00, 0x00,
  0x00, 0x00, 0x00, 0x00, 0x00, 0x08, 0xFF, 0xFF, 0xF9, 0x00, 0x00, 0x00, 0x00, 0x00, 0x00, 0x00,
  0x00, 0x00, 0x00, 0x08, 0xFF, 0xFF, 0xF9, 0x00, 0x00, 0x00, 0x00, 0x00, 0x00, 0x00, 0x00, 0x00,
  0x00, 0x08, 0xFF, 0xFF, 0xF9, 0x00, 0x00, 0x00, 0x00, 0x00, 0x00, 0x00, 0x00, 0x00, 0x00, 0x08,
  0xFF, 0xFF, 0xF9, 0x00, 0x00, 0x00, 0x00, 0x00, 0x00, 0x00, 0x00, 0x00, 0x00, 0x08, 0xFF, 0xFF,
  0xF9, 0x00, 0x00, 0x12, 0x21, 0x00, 0x00, 0x00, 0x00, 0x00, 0x00, 0x08, 0xFF, 0xFF, 0xF9, 0x00,
  0x3A, 0xDE, 0xEE, 0xC6, 0x10, 0x00, 0x00, 0x00, 0x00, 0x08, 0xFF, 0xFF, 0xF9, 0x06, 0xEF, 0xFF,
  0xFF, 0xFF, 0xD4, 0x00, 0x00, 0x00, 0x00, 0x08, 0xFF, 0xFF, 0xF8, 0x4F, 0xFF, 0xFF, 0xFF, 0xFF,
  0xFF, 0x40, 0x00, 0x00, 0x00, 0x08, 0xFF, 0xFF, 0xFA, 0xCF, 0xFF, 0xFF, 0xFF, 0xFF, 0xFF, 0xE2,
  0x00, 0x00, 0x00, 0x08, 0xFF, 0xFF, 0xFF, 0xFF, 0xFD, 0xCE, 0xFF, 0xFF, 0xFF, 0xFA, 0x00, 0x00,
  0x00, 0x08, 0xFF, 0xFF, 0xFF, 0xFC, 0x41, 0x02, 0x7F, 0xFF, 0xFF, 0xFF, 0x30, 0x00, 0x00, 0x08,
  0xFF, 0xFF, 0xFF, 0xD1, 0x00, 0x00, 0x06, 0xFF, 0xFF, 0xFF, 0x80, 0x00, 0x00, 0x08, 0xFF, 0xFF,
  0xFF, 0x50, 0x00, 0x00, 0x00, 0xBF, 0xFF, 0xFF, 0xC0, 0x00, 0x00, 0x08, 0xFF, 0xFF, 0xFD, 0x00,
  0x00, 0x00, 0x00, 0x5F, 0xFF, 0xFF, 0xE1, 0x00, 0x00, 0x08, 0xFF, 0xFF, 0xFA, 0x00, 0x00, 0x00,
  0x00, 0x2E, 0xFF, 0xFF, 0xF3, 0x00, 0x00, 0x08, 0xFF, 0xFF, 0xF8, 0x00, 0x00, 0x00, 0x00, 0x0D,
  0xFF, 0xFF, 0xF4, 0x00, 0x00, 0x08, 0xFF, 0xFF, 0xF7, 0x00, 0x00, 0x00, 0x00, 0x0D, 0xFF, 0xFF,
  0xF5, 0x00, 0x00, 0x08, 0xFF, 0xFF, 0xF7, 0x00, 0x00, 0x00, 0x00, 0x0D, 0xFF, 0xFF, 0xF5, 0x00,
  0x00, 0x08, 0xFF, 0xFF, 0xF8, 0x00, 0x00, 0x00, 0x00, 0x1D, 0xFF, 0xFF, 0xF4, 0x00, 0x00, 0x08,
  0xFF, 0xFF, 0xFA, 0x00, 0x00, 0x00, 0x00, 0x2E, 0xFF, 0xFF, 0xF3, 0x00, 0x00, 0x08, 0xFF, 0xFF,
  0xFE, 0x10, 0x00, 0x00, 0x00, 0x6F, 0xFF, 0xFF, 0xE1, 0x00, 0x00, 0x08, 0xFF, 0xFF, 0xFF, 0x60,
  0x00, 0x00, 0x00, 0xCF, 0xFF, 0xFF, 0xB0, 0x00, 0x00, 0x08, 0xFF, 0xFF, 0xFF, 0xE3, 0x00, 0x00,
  0x07, 0xFF, 0xFF, 0xFF, 0x70, 0x00, 0x00, 0x08, 0xFF, 0xFF, 0xFF, 0xFE, 0x62, 0x13, 0x9F, 0xFF,
  0xFF, 0xFE, 0x20, 0x00, 0x00, 0x08, 0xFF, 0xFF, 0xFE, 0xFF, 0xFF, 0xEF, 0xFF, 0xFF, 0xFF, 0xF9,
  0x00, 0x00, 0x00, 0x08, 0xFF, 0xFF, 0xF8, 0xCF, 0xFF, 0xFF, 0xFF, 0xFF, 0xFF, 0xD1, 0x00, 0x00,
  0x00, 0x08, 0xFE, 0xFE, 0xF6, 0x3F, 0xFF, 0xFF, 0xFF, 0xFF, 0xFD, 0x30, 0x00, 0x00, 0x00, 0x09,
  0xFF, 0xFF, 0xF8, 0x04, 0xDF, 0xFF, 0xFF, 0xFF, 0xB2, 0x00, 0x00, 0x00, 0x00, 0x04, 0x77, 0x77,
  0x73, 0x00, 0x28, 0xCD, 0xEC, 0x95, 0x00, 0x00, 0x00, 0x00, 0x00, 0x00, 0x00, 0x00, 0x00, 0x00,
  0x00, 0x01, 0x10, 0x00, 0x00, 0x00, 0x00, 0x00, 0x00, 0x00, 0x00, 0x00, 0x00, 0x00, 0x00, 0x00,
  0x00, 0x00, 0x00, 0x00, 0x00, 0x00, 0x00, 0x00, 0x00, 0x02, 0x69, 0xAB, 0xA8, 0x62, 0x00, 0x00,
  0x00, 0x00, 0x00, 0x00, 0x00, 0x03, 0xBF, 0xFF, 0xFF, 0xFF, 0xFE, 0xA2, 0x00, 0x00, 0x00, 0x00,
  0x00, 0x00, 0x7F, 0xFF, 0xFF, 0xFF, 0xFF, 0xFF, 0xFE, 0x50, 0x00, 0x00, 0x00, 0x00, 0x08, 0xFF,
  0xFF, 0xFF, 0xFF, 0xFF, 0xFF, 0xFF, 0xF6, 0x00, 0x00, 0x00, 0x00, 0x5F, 0xFF, 0xFF, 0xFF, 0xFF,
  0xFF, 0xFF, 0xFF, 0xFE, 0x20, 0x00, 0x00, 0x01, 0xEF, 0xFF, 0xFF, 0xF9, 0x43, 0x59, 0xFF, 0xFF,
  0xFF, 0xA0, 0x00, 0x00, 0x07, 0xFF, 0xFF, 0xFF, 0x60, 0x00, 0x00, 0x6F, 0xFF, 0xFF, 0xF2, 0x00,
  0x00, 0x0C, 0xFF, 0xFF, 0xF9, 0x00, 0x00, 0x00, 0x0A, 0xFF, 0xFF, 0xF5, 0x00, 0x00, 0x2F, 0xFF,
  0xFF, 0xF3, 0x00, 0x00, 0x00, 0x04, 0xDA, 0x75, 0x20, 0x00, 0x00, 0x5F, 0xFF, 0xFF, 0xD0, 0x00,
  0x00, 0x00, 0x00, 0x00, 0x00, 0x00, 0x00, 0x00, 0x7F, 0xFF, 0xFF, 0xA0, 0x00, 0x00, 0x00, 0x00,
  0x00, 0x00, 0x00, 0x00, 0x00, 0x8F, 0xFF, 0xFF, 0x90, 0x00, 0x00, 0x00, 0x00, 0x00, 0x00, 0x00,
  0x00, 0x00, 0x8F, 0xFF, 0xFF, 0x90, 0x00, 0x00, 0x00, 0x00, 0x00, 0x00, 0x00, 0x00, 0x00, 0x7F,
  0xFF, 0xFF, 0xA0, 0x00, 0x00, 0x00, 0x00, 0x00, 0x00, 0x00, 0x00, 0x00, 0x6F, 0xFF, 0xFF, 0xC0,
  0x00, 0x00, 0x00, 0x00, 0x00, 0x00, 0x00, 0x00, 0x00, 0x3F, 0xFF, 0xFF, 0xE2, 0x00, 0x00, 0x00,
  0x03, 0xB9, 0x64, 0x10, 0x00, 0x00, 0x1D, 0xFF, 0xFF, 0xF7, 0x00, 0x00, 0x00, 0x09, 0xFF, 0xFF,
  0xE5, 0x00, 0x00, 0x09, 0xFF, 0xFF, 0xFE, 0x30, 0x00, 0x00, 0x3E, 0xFF, 0xFF, 0xF3, 0x00, 0x00,
  0x02, 0xFF, 0xFF, 0xFF, 0xE6, 0x11, 0x16, 0xEF, 0xFF, 0xFF, 0xB0, 0x00, 0x00, 0x00, 0x8F, 0xFF,
  0xFF, 0xFF, 0xED, 0xEF, 0xFF, 0xFF, 0xFF, 0x40, 0x00, 0x00, 0x00, 0x0B, 0xFF, 0xFF, 0xFF, 0xFF,
  0xFF, 0xFF, 0xFF, 0xF8, 0x00, 0x00, 0x00, 0x00, 0x01, 0xAF, 0xFF, 0xFF, 0xFF, 0xFF, 0xFF, 0xFF,
  0x80, 0x00, 0x00, 0x00, 0x00, 0x00, 0x06, 0xDF, 0xFF, 0xFF, 0xFF, 0xFF, 0xD5, 0x00, 0x00, 0x00,
  0x00, 0x00, 0x00, 0x00, 0x16, 0x9C, 0xDE, 0xDC, 0x95, 0x00, 0x00, 0x00, 0x00, 0x00, 0x00, 0x00,
  0x00, 0x00, 0x00, 0x11, 0x10, 0x00, 0x00, 0x00, 0x00, 0x00, 0x00, 0x00, 0x00, 0x00, 0x00, 0x00,
  0x00, 0x00, 0x00, 0x11, 0x11, 0x11, 0x00, 0x00, 0x00, 0x00, 0x00, 0x00, 0x00, 0x00, 0x00, 0x00,
  0x00, 0xBE, 0xEE, 0xEE, 0x50, 0x00, 0x00, 0x00, 0x00, 0x00, 0x00, 0x00, 0x00, 0x00, 0x00, 0xCF,
  0xFF, 0xFF, 0x50, 0x00, 0x00, 0x00, 0x00, 0x00, 0x00, 0x00, 0x00, 0x00, 0x00, 0xCF, 0xFF, 0xFF,
  0x50, 0x00, 0x00, 0x00, 0x00, 0x00, 0x00, 0x00, 0x00, 0x00, 0x00, 0xCF, 0xFF, 0xFF, 0x50, 0x00,
  0x00, 0x00, 0x00, 0x00, 0x00, 0x00, 0x00, 0x00, 0x00, 0xCF, 0xFF, 0xFF, 0x50, 0x00, 0x00, 0x00,
  0x00, 0x00, 0x00, 0x00, 0x00, 0x00, 0x00, 0xCF, 0xFF, 0xFF, 0x50, 0x00, 0x00, 0x00, 0x00, 0x00,
  0x00, 0x00, 0x00, 0x00, 0x00, 0xCF, 0xFF, 0xFF, 0x50, 0x00, 0x00, 0x00, 0x00, 0x00, 0x00, 0x12,
  0x21, 0x00, 0x00, 0xCF, 0xFF, 0xFF, 0x50, 0x00, 0x00, 0x00, 0x00, 0x02, 0x7C, 0xEE, 0xED, 0x92,
  0x00, 0xCF, 0xFF, 0xFF, 0x50, 0x00, 0x00, 0x00, 0x00, 0x5E, 0xFF, 0xFF, 0xFF, 0xFE, 0x50, 0xCF,
  0xFF, 0xFF, 0x50, 0x00, 0x00, 0x00, 0x06, 0xFF, 0xFF, 0xFF, 0xFF, 0xFF, 0xF3, 0xBF, 0xFF, 0xFF,
  0x50, 0x00, 0x00, 0x00, 0x4F, 0xFF, 0xFF, 0xFF, 0xFF, 0xFF, 0xFC, 0xDF, 0xFF, 0xFF, 0x50, 0x00,
  0x00, 0x01, 0xDF, 0xFF, 0xFF, 0xFF, 0xDC, 0xDF, 0xFF, 0xFF, 0xFF, 0xFF, 0x50, 0x00, 0x00, 0x06,
  0xFF, 0xFF, 0xFF, 0xE5, 0x10, 0x15, 0xEF, 0xFF, 0xFF, 0xFF, 0x50, 0x00, 0x00, 0x0B, 0xFF, 0xFF,
  0xFE, 0x30, 0x00, 0x00, 0x3E, 0xFF, 0xFF, 0xFF, 0x50, 0x00, 0x00, 0x2E, 0xFF, 0xFF, 0xF7, 0x00,
  0x00, 0x00, 0x07, 0xFF, 0xFF, 0xFF, 0x50, 0x00, 0x00, 0x4F, 0xFF, 0xFF, 0xE2, 0x00, 0x00, 0x00,
  0x02, 0xEF, 0xFF, 0xFF, 0x50, 0x00, 0x00, 0x6F, 0xFF, 0xFF, 0xC0, 0x00, 0x00, 0x00, 0x00, 0xCF,
  0xFF, 0xFF, 0x50, 0x00, 0x00, 0x7F, 0xFF, 0xFF, 0xA0, 0x00, 0x00, 0x00, 0x00, 0xAF, 0xFF, 0xFF,
  0x50, 0x00, 0x00, 0x8F, 0xFF, 0xFF, 0x90, 0x00, 0x00, 0x00, 0x00, 0x9F, 0xFF, 0xFF, 0x50, 0x00,
  0x00, 0x8F, 0xFF, 0xFF, 0x90, 0x00, 0x00, 0x00, 0x00, 0x9F, 0xFF, 0xFF, 0x50, 0x00, 0x00, 0x7F,
  0xFF, 0xFF, 0xA0, 0x00, 0x00, 0x00, 0x00, 0xBF, 0xFF, 0xFF, 0x50, 0x00, 0x00, 0x6F, 0xFF, 0xFF,
  0xD0, 0x00, 0x00, 0x00, 0x00, 0xDF, 0xFF, 0xFF, 0x50, 0x00, 0x00, 0x4F, 0xFF, 0xFF, 0xF3, 0x00,
  0x00, 0x00, 0x03, 0xFF, 0xFF, 0xFF, 0x50, 0x00, 0x00, 0x1E, 0xFF, 0xFF, 0xF9, 0x00, 0x00, 0x00,
  0x09, 0xFF, 0xFF, 0xFF, 0x50, 0x00, 0x00, 0x0A, 0xFF, 0xFF, 0xFF, 0x40, 0x00, 0x00, 0x5F, 0xFF,
  0xFF, 0xFF, 0x50, 0x00, 0x00, 0x05, 0xFF, 0xFF, 0xFF, 0xE7, 0x21, 0x27, 0xEF, 0xFF, 0xFF, 0xFF,
  0x50, 0x00, 0x00, 0x00, 0xCF, 0xFF, 0xFF, 0xFF, 0xFE, 0xFF, 0xFF, 0xEF, 0xFF, 0xFF, 0x50, 0x00,
  0x00, 0x00, 0x3F, 0xFF, 0xFF, 0xFF, 0xFF, 0xFF, 0xFA, 0x9F, 0xFF, 0xFF, 0x50, 0x00, 0x00, 0x00,
  0x05, 0xFF, 0xFF, 0xFF, 0xFF, 0xFF, 0xE2, 0x8F, 0xFF, 0xFF, 0x50, 0x00, 0x00, 0x00, 0x00, 0x4C,
  0xFF, 0xFF, 0xFF, 0xFC, 0x30, 0xAF, 0xFF, 0xFF, 0x60, 0x00, 0x00, 0x00, 0x00, 0x01, 0x6A, 0xDE,
  0xDB, 0x71, 0x00, 0x47, 0x77, 0x77, 0x20, 0x00, 0x00, 0x00, 0x00, 0x00, 0x00, 0x01, 0x10, 0x00,
  0x00, 0x00, 0x00, 0x00, 0x00, 0x00, 0x00, 0x00, 0x00, 0x00, 0x00, 0x00, 0x00, 0x00, 0x00, 0x00,
  0x00, 0x00, 0x00, 0x00, 0x00, 0x00, 0x00, 0x00, 0x26, 0x9A, 0xBA, 0x96, 0x20, 0x00, 0x00, 0x00,
  0x00, 0x00, 0x00, 0x00, 0x03, 0xAF, 0xFF, 0xFF, 0xFF, 0xFF, 0xA3, 0x00, 0x00, 0x00, 0x00, 0x00,
  0x00, 0x06, 0xEF, 0xFF, 0xFF, 0xFF, 0xFF, 0xFF, 0xE6, 0x00, 0x00, 0x00, 0x00, 0x00, 0x07, 0xFF,
  0xFF, 0xFF, 0xFF, 0xFF, 0xFF, 0xFF, 0xF7, 0x00, 0x00, 0x00, 0x00, 0x04, 0xFF, 0xFF, 0xFF, 0xFF,
  0xEE, 0xFF, 0xFF, 0xFF, 0xF4, 0x00, 0x00, 0x00, 0x01, 0xDF, 0xFF, 0xFF, 0xE7, 0x32, 0x26, 0xDF,
  0xFF, 0xFF, 0xC0, 0x00, 0x00, 0x00, 0x6F, 0xFF, 0xFF, 0xE3, 0x00, 0x00, 0x01, 0xCF, 0xFF, 0xFF,
  0x50, 0x00, 0x00, 0x0B, 0xFF, 0xFF, 0xF7, 0x01, 0x00, 0x01, 0x04, 0xFF, 0xFF, 0xFA, 0x00, 0x00,
  0x02, 0xFF, 0xFF, 0xFE, 0x10, 0x00, 0x00, 0x00, 0x0C, 0xFF, 0xFF, 0xD0, 0x00, 0x00, 0x5F, 0xFF,
  0xFF, 0xD3, 0x33, 0x33, 0x33, 0x33, 0xBF, 0xFF, 0xFF, 0x20, 0x00, 0x06, 0xFF, 0xFF, 0xFF, 0xFF,
  0xFF, 0xFF, 0xFF, 0xFF, 0xFF, 0xFF, 0xF3, 0x00, 0x00, 0x7F, 0xFF, 0xFF, 0xFF, 0xFF, 0xFF, 0xFF,
  0xFF, 0xFF, 0xFF, 0xFF, 0x40, 0x00, 0x07, 0xFF, 0xFF, 0xFF, 0xFF, 0xFF, 0xFF, 0xFF, 0xFF, 0xFF,
  0xFF, 0xF4, 0x00, 0x00, 0x7F, 0xFF, 0xFF, 0xEB, 0xBB, 0xBB, 0xBB, 0xBB, 0xBB, 0xBB, 0xBB, 0x30,
  0x00, 0x05, 0xFF, 0xFF, 0xFB, 0x00, 0x00, 0x00, 0x00, 0x00, 0x00, 0x00, 0x00, 0x00, 0x00, 0x3F,
  0xFF, 0xFF, 0xE1, 0x00, 0x00, 0x00, 0x00, 0x00, 0x00, 0x00, 0x00, 0x00, 0x00, 0xDF, 0xFF, 0xFF,
  0x50, 0x00, 0x00, 0x00, 0x04, 0x41, 0x00, 0x00, 0x00, 0x00, 0x08, 0xFF, 0xFF, 0xFD, 0x20, 0x00,
  0x00, 0x03, 0xFF, 0xEC, 0xA6, 0x00, 0x00, 0x00, 0x2F, 0xFF, 0xFF, 0xFD, 0x51, 0x00, 0x16, 0xEF,
  0xFF, 0xFF, 0x90, 0x00, 0x00, 0x00, 0x8F, 0xFF, 0xFF, 0xFF, 0xDC, 0xCE, 0xFF, 0xFF, 0xFF, 0xE2,
  0x00, 0x00, 0x00, 0x00, 0xBF, 0xFF, 0xFF, 0xFF, 0xFF, 0xFF, 0xFF, 0xFF, 0xF6, 0x00, 0x00, 0x00,
  0x00, 0x01, 0xAF, 0xFF, 0xFF, 0xFF, 0xFF, 0xFF, 0xFF, 0xF7, 0x00, 0x00, 0x00, 0x00, 0x00, 0x00,
  0x6D, 0xFF, 0xFF, 0xFF, 0xFF, 0xFF, 0xB4, 0x00, 0x00, 0x00, 0x00, 0x00, 0x00, 0x00, 0x15, 0x9C,
  0xDE, 0xED, 0xB8, 0x40, 0x00, 0x00, 0x00, 0x00, 0x00, 0x00, 0x00, 0x00, 0x00, 0x01, 0x11, 0x10,
  0x00, 0x00, 0x00, 0x00, 0x00, 0x00, 0x00, 0x00, 0x00, 0x05, 0xAD, 0xEE, 0xDB, 0x93, 0x00, 0x00,
  0x00, 0x00, 0x3C, 0xFF, 0xFF, 0xFF, 0xFF, 0x40, 0x00, 0x00, 0x00, 0x2E, 0xFF, 0xFF, 0xFF, 0xFF,
  0xD1, 0x00, 0x00, 0x00, 0x0A, 0xFF, 0xFF, 0xFF, 0xFF, 0xFA, 0x00, 0x00, 0x00, 0x02, 0xFF, 0xFF,
  0xFF, 0xFD, 0xCE, 0x70, 0x00, 0x00, 0x00, 0x6F, 0xFF, 0xFF, 0xF6, 0x00, 0x11, 0x00, 0x00, 0x00,
  0x07, 0xFF, 0xFF, 0xFC, 0x00, 0x00, 0x00, 0x00, 0x00, 0x00, 0x7F, 0xFF, 0xFF, 0xB0, 0x00, 0x00,
  0x00, 0x01, 0x23, 0x29, 0xFF, 0xFF, 0xFC, 0x22, 0x22, 0x10, 0x00, 0x8F, 0xFF, 0xFF, 0xFF, 0xFF,
  0xFF, 0xFF, 0xF8, 0x00, 0x07, 0xFF, 0xFF, 0xFF, 0xFF, 0xFF, 0xFF, 0xFF, 0x80, 0x00, 0x7F, 0xFF,
  0xFF, 0xFF, 0xFF, 0xFF, 0xFF, 0xF7, 0x00, 0x08, 0xFF, 0xFF, 0xFF, 0xFF, 0xFF, 0xFF, 0xFF, 0x80,
  0x00, 0x5B, 0xAA, 0xDF, 0xFF, 0xFF, 0xEA, 0xAA, 0xB5, 0x00, 0x00, 0x00, 0x07, 0xFF, 0xFF, 0xFB,
  0x00, 0x00, 0x00, 0x00, 0x00, 0x00, 0x8F, 0xFF, 0xFF, 0xB0, 0x00, 0x00, 0x00, 0x00, 0x00, 0x07,
  0xFF, 0xFF, 0xFB, 0x00, 0x00, 0x00, 0x00, 0x00, 0x00, 0x7F, 0xFF, 0xFF, 0xB0, 0x00, 0x00, 0x00,
  0x00, 0x00, 0x07, 0xFF, 0xFF, 0xFB, 0x00, 0x00, 0x00, 0x00, 0x00, 0x00, 0x7F, 0xFF, 0xFF, 0xB0,
  0x00, 0x00, 0x00, 0x00, 0x00, 0x07, 0xFF, 0xFF, 0xFB, 0x00, 0x00, 0x00, 0x00, 0x00, 0x00, 0x7F,
  0xFF, 0xFF, 0xB0, 0x00, 0x00, 0x00, 0x00, 0x00, 0x07, 0xFF, 0xFF, 0xFB, 0x00, 0x00, 0x00, 0x00,
  0x00, 0x00, 0x7F, 0xFF, 0xFF, 0xB0, 0x00, 0x00, 0x00, 0x00, 0x00, 0x07, 0xFF, 0xFF, 0xFB, 0x00,
  0x00, 0x00, 0x00, 0x00, 0x00, 0x7F, 0xFF, 0xFF, 0xB0, 0x00, 0x00, 0x00, 0x00, 0x00, 0x07, 0xFF,
  0xFF, 0xFB, 0x00, 0x00, 0x00, 0x00, 0x00, 0x00, 0x7F, 0xFF, 0xFF, 0xB0, 0x00, 0x00, 0x00, 0x00,
  0x00, 0x07, 0xFF, 0xFF, 0xFB, 0x00, 0x00, 0x00, 0x00, 0x00, 0x00, 0x7F, 0xFF, 0xFF, 0xB0, 0x00,
  0x00, 0x00, 0x00, 0x00, 0x08, 0xFF, 0xFF, 0xFB, 0x00, 0x00, 0x00, 0x00, 0x00, 0x00, 0x6D, 0xDD,
  0xDD, 0x90, 0x00, 0x00, 0x00, 0x00, 0x00, 0x00, 0x11, 0x11, 0x10, 0x00, 0x00, 0x00, 0x00, 0x00,
  0x00, 0x00, 0x00, 0x00, 0x00, 0x00, 0x00, 0x00, 0x00, 0x00, 0x00, 0x00, 0x00, 0x00, 0x00, 0x00,
  0x00, 0x37, 0x9A, 0xA8, 0x40, 0x00, 0x67, 0x77, 0x77, 0x30, 0x00, 0x00, 0x00, 0x00, 0x2A, 0xFF,
  0xFF, 0xFF, 0xFB, 0x20, 0xDF, 0xFF, 0xFF, 0x60, 0x00, 0x00, 0x00, 0x03, 0xDF, 0xFF, 0xFF, 0xFF,
  0xFF, 0xD1, 0xCF, 0xFF, 0xFF, 0x50, 0x00, 0x00, 0x00, 0x2D, 0xFF, 0xFF, 0xFF, 0xFF, 0xFF, 0xF9,
  0xCF, 0xFF, 0xFF, 0x50, 0x00, 0x00, 0x00, 0xAF, 0xFF, 0xFF, 0xFF, 0xFF, 0xFF, 0xFF, 0xFF, 0xFF,
  0xFF, 0x50, 0x00, 0x00, 0x04, 0xFF, 0xFF, 0xFF, 0xF9, 0x43, 0x5A, 0xFF, 0xFF, 0xFF, 0xFF, 0x50,
  0x00, 0x00, 0x0A, 0xFF, 0xFF, 0xFF, 0x50, 0x00, 0x00, 0x8F, 0xFF, 0xFF, 0xFF, 0x50, 0x00, 0x00,
  0x1E, 0xFF, 0xFF, 0xF9, 0x00, 0x00, 0x00, 0x0B, 0xFF, 0xFF, 0xFF, 0x50, 0x00, 0x00, 0x4F, 0xFF,
  0xFF, 0xF3, 0x00, 0x00, 0x00, 0x05, 0xFF, 0xFF, 0xFF, 0x50, 0x00, 0x00, 0x6F, 0xFF, 0xFF, 0xC0,
  0x00, 0x00, 0x00, 0x02, 0xEF, 0xFF, 0xFF, 0x50, 0x00, 0x00, 0x7F, 0xFF, 0xFF, 0xA0, 0x00, 0x00,
  0x00, 0x00, 0xDF, 0xFF, 0xFF, 0x50, 0x00, 0x00, 0x8F, 0xFF, 0xFF, 0x90, 0x00, 0x00, 0x00, 0x00,
  0xCF, 0xFF, 0xFF, 0x50, 0x00, 0x00, 0x8F, 0xFF, 0xFF, 0x90, 0x00, 0x00, 0x00, 0x00, 0xCF, 0xFF,
  0xFF, 0x50, 0x00, 0x00, 0x7F, 0xFF, 0xFF, 0xA0, 0x00, 0x00, 0x00, 0x01, 0xDF, 0xFF, 0xFF, 0x50,
  0x00, 0x00, 0x6F, 0xFF, 0xFF, 0xD0, 0x00, 0x00, 0x00, 0x02, 0xEF, 0xFF, 0xFF, 0x50, 0x00, 0x00,
  0x4F, 0xFF, 0xFF, 0xF3, 0x00, 0x00, 0x00, 0x06, 0xFF, 0xFF, 0xFF, 0x50, 0x00, 0x00, 0x1E, 0xFF,
  0xFF, 0xFA, 0x00, 0x00, 0x00, 0x1D, 0xFF, 0xFF, 0xFF, 0x50, 0x00, 0x00, 0x0A, 0xFF, 0xFF, 0xFF,
  0x81, 0x00, 0x02, 0xBF, 0xFF, 0xFF, 0xFF, 0x50, 0x00, 0x00, 0x04, 0xFF, 0xFF, 0xFF, 0xFD, 0x98,
  0x9E, 0xFF, 0xFF, 0xFF, 0xFF, 0x50, 0x00, 0x00, 0x00, 0xAF, 0xFF, 0xFF, 0xFF, 0xFF, 0xFF, 0xFC,
  0xDF, 0xFF, 0xFF, 0x50, 0x00, 0x00, 0x00, 0x1D, 0xFF, 0xFF, 0xFF, 0xFF, 0xFF, 0xF2, 0xBF, 0xFF,
  0xFF, 0x50, 0x00, 0x00, 0x00, 0x02, 0xCF, 0xFF, 0xFF, 0xFF, 0xFF, 0x60, 0xCF, 0xFF, 0xFF, 0x50,
  0x00, 0x00, 0x00, 0x00, 0x07, 0xCF, 0xFF, 0xFF, 0xC4, 0x00, 0xCF, 0xFF, 0xFF, 0x50, 0x00, 0x00,
  0x00, 0x00, 0x00, 0x03, 0x56, 0x63, 0x00, 0x00, 0xCF, 0xFF, 0xFF, 0x50, 0x00, 0x00, 0x00, 0x00,
  0x00, 0x00, 0x00, 0x00, 0x00, 0x00, 0xDF, 0xFF, 0xFF, 0x40, 0x00, 0x00, 0x00, 0x00, 0x01, 0x10,
  0x00, 0x00, 0x00, 0x01, 0xEF, 0xFF, 0xFF, 0x30, 0x00, 0x00, 0x00, 0x26, 0x9E, 0xC1, 0x00, 0x00,
  0x00, 0x07, 0xFF, 0xFF, 0xFD, 0x10, 0x00, 0x00, 0x07, 0xEF, 0xFF, 0xFB, 0x20, 0x00, 0x00, 0x6E,
  0xFF, 0xFF, 0xF9, 0x00, 0x00, 0x00, 0x04, 0xFF, 0xFF, 0xFF, 0xEA, 0x88, 0x9C, 0xFF, 0xFF, 0xFF,
  0xE2, 0x00, 0x00, 0x00, 0x00, 0x8F, 0xFF, 0xFF, 0xFF, 0xFF, 0xFF, 0xFF, 0xFF, 0xFF, 0x60, 0x00,
  0x00, 0x00, 0x00, 0x09, 0xFF, 0xFF, 0xFF, 0xFF, 0xFF, 0xFF, 0xFF, 0xF6, 0x00, 0x00, 0x00, 0x00,
  0x00, 0x00, 0x5C, 0xFF, 0xFF, 0xFF, 0xFF, 0xFF, 0xFB, 0x30, 0x00, 0x00, 0x00, 0x00, 0x00, 0x00,
  0x00, 0x48, 0xBD, 0xEE, 0xDC, 0xA7, 0x30, 0x00, 0x00, 0x00, 0x00, 0x00, 0x00, 0x00, 0x00, 0x00,
  0x00, 0x11, 0x10, 0x00, 0x00, 0x00, 0x00, 0x00, 0x00, 0x00, 0x00, 0x11, 0x11, 0x11, 0x00, 0x00,
  0x00, 0x00, 0x00, 0x00, 0x00, 0x00, 0x00, 0x00, 0x07, 0xEE, 0xEE, 0xE9, 0x00, 0x00, 0x00, 0x00,
  0x00, 0x00, 0x00, 0x00, 0x00, 0x00, 0x08, 0xFF, 0xFF, 0xF9, 0x00, 0x00, 0x00, 0x00, 0x00, 0x00,
  0x00, 0x00, 0x00, 0x00, 0x07, 0xFF, 0xFF, 0xF9, 0x00, 0x00, 0x00, 0x00, 0x00, 0x00, 0x00, 0x00,
  0x00, 0x00, 0x07, 0xFF, 0xFF, 0xF9, 0x00, 0x00, 0x00, 0x00, 0x00, 0x00, 0x00, 0x00, 0x00, 0x00,
  0x07, 0xFF, 0xFF, 0xF9, 0x00, 0x00, 0x00, 0x00, 0x00, 0x00, 0x00, 0x00, 0x00, 0x00, 0x07, 0xFF,
  0xFF, 0xF9, 0x00, 0x00, 0x00, 0x00, 0x00, 0x00, 0x00, 0x00, 0x00, 0x00, 0x07, 0xFF, 0xFF, 0xF9,
  0x00, 0x00, 0x00, 0x00, 0x00, 0x00, 0x00, 0x00, 0x00, 0x00, 0x07, 0xFF, 0xFF, 0xF9, 0x00, 0x00,
  0x13, 0x43, 0x20, 0x00, 0x00, 0x00, 0x00, 0x00, 0x07, 0xFF, 0xFF, 0xF9, 0x00, 0x3A, 0xEF, 0xFF,
  0xEB, 0x50, 0x00, 0x00, 0x00, 0x00, 0x07, 0xFF, 0xFF, 0xF9, 0x06, 0xFF, 0xFF, 0xFF, 0xFF, 0xFA,
  0x10, 0x00, 0x00, 0x00, 0x07, 0xFF, 0xFF, 0xF8, 0x4F, 0xFF, 0xFF, 0xFF, 0xFF, 0xFF, 0xA0, 0x00,
  0x00, 0x00, 0x07, 0xFF, 0xFF, 0xFB, 0xDF, 0xFF, 0xFF, 0xFF, 0xFF, 0xFF, 0xF5, 0x00, 0x00, 0x00,
  0x07, 0xFF, 0xFF, 0xFF, 0xFF, 0xDA, 0xAC, 0xFF, 0xFF, 0xFF, 0xFC, 0x00, 0x00, 0x00, 0x07, 0xFF,
  0xFF, 0xFF, 0xF7, 0x10, 0x00, 0x6E, 0xFF, 0xFF, 0xFF, 0x30, 0x00, 0x00, 0x07, 0xFF, 0xFF, 0xFF,
  0x80, 0x00, 0x00, 0x07, 0xFF, 0xFF, 0xFF, 0x60, 0x00, 0x00, 0x07, 0xFF, 0xFF, 0xFE, 0x20, 0x00,
  0x00, 0x01, 0xEF, 0xFF, 0xFF, 0x70, 0x00, 0x00, 0x07, 0xFF, 0xFF, 0xFC, 0x00, 0x00, 0x00, 0x00,
  0xCF, 0xFF, 0xFF, 0x70, 0x00, 0x00, 0x07, 0xFF, 0xFF, 0xFB, 0x00, 0x00, 0x00, 0x00, 0xBF, 0xFF,
  0xFF, 0x70, 0x00, 0x00, 0x07, 0xFF, 0xFF, 0xFB, 0x00, 0x00, 0x00, 0x00, 0xBF, 0xFF, 0xFF, 0x70,
  0x00, 0x00, 0x07, 0xFF, 0xFF, 0xFB, 0x00, 0x00, 0x00, 0x00, 0xBF, 0xFF, 0xFF, 0x70, 0x00, 0x00,
  0x07, 0xFF, 0xFF, 0xFB, 0x00, 0x00, 0x00, 0x00, 0xBF, 0xFF, 0xFF, 0x70, 0x00, 0x00, 0x07, 0xFF,
  0xFF, 0xFB, 0x00, 0x00, 0x00, 0x00, 0xBF, 0xFF, 0xFF, 0x70, 0x00, 0x00, 0x07, 0xFF, 0xFF, 0xFB,
  0x00, 0x00, 0x00, 0x00, 0xBF, 0xFF, 0xFF, 0x70, 0x00, 0x00, 0x07, 0xFF, 0xFF, 0xFB, 0x00, 0x00,
  0x00, 0x00, 0xBF, 0xFF, 0xFF, 0x70, 0x00, 0x00, 0x07, 0xFF, 0xFF, 0xFB, 0x00, 0x00, 0x00, 0x00,
  0xBF, 0xFF, 0xFF, 0x70, 0x00, 0x00, 0x07, 0xFF, 0xFF, 0xFB, 0x00, 0x00, 0x00, 0x00, 0xBF, 0xFF,
  0xFF, 0x70, 0x00, 0x00, 0x07, 0xFF, 0xFF, 0xFB, 0x00, 0x00, 0x00, 0x00, 0xBF, 0xFF, 0xFF, 0x70,
  0x00, 0x00, 0x07, 0xFF, 0xFF, 0xFB, 0x00, 0x00, 0x00, 0x00, 0xBF, 0xFF, 0xFF, 0x70, 0x00, 0x00,
  0x07, 0xFF, 0xFF, 0xFB, 0x00, 0x00, 0x00, 0x00, 0xBF, 0xFF, 0xFF, 0x70, 0x00, 0x00, 0x08, 0xFF,
  0xFF, 0xFB, 0x00, 0x00, 0x00, 0x00, 0xBF, 0xFF, 0xFF, 0x80, 0x00, 0x00, 0x07, 0xEE, 0xEE, 0xEA,
  0x00, 0x00, 0x00, 0x00, 0xAE, 0xEE, 0xEE, 0x70, 0x00, 0x00, 0x00, 0x11, 0x11, 0x11, 0x00, 0x00,
  0x00, 0x00, 0x11, 0x11, 0x11, 0x00, 0x00, 0x00, 0x01, 0xDF, 0xFF, 0xFD, 0x10, 0x00, 0x00, 0x06,
  0xFF, 0xFF, 0xFF, 0x60, 0x00, 0x00, 0x07, 0xFF, 0xFF, 0xFF, 0x70, 0x00, 0x00, 0x03, 0xFF, 0xFF,
  0xFF, 0x30, 0x00, 0x00, 0x00, 0x6E, 0xFF, 0xE6, 0x00, 0x00, 0x00, 0x00, 0x02, 0x55, 0x20, 0x00,
  0x00, 0x00, 0x00, 0x00, 0x00, 0x00, 0x00, 0x00, 0x00, 0x00, 0x00, 0x00, 0x00, 0x00, 0x00, 0x00,
  0x03, 0xAA, 0xAA, 0xA9, 0x10, 0x00, 0x00, 0x05, 0xFF, 0xFF, 0xFF, 0x10, 0x00, 0x00, 0x04, 0xFF,
  0xFF, 0xFE, 0x10, 0x00, 0x00, 0x04, 0xFF, 0xFF, 0xFE, 0x10, 0x00, 0x00, 0x04, 0xFF, 0xFF, 0xFE,
  0x10, 0x00, 0x00, 0x04, 0xFF, 0xFF, 0xFE, 0x10, 0x00, 0x00, 0x04, 0xFF, 0xFF, 0xFE, 0x10, 0x00,
  0x00, 0x04, 0xFF, 0xFF, 0xFE, 0x10, 0x00, 0x00, 0x04, 0xFF, 0xFF, 0xFE, 0x10, 0x00, 0x00, 0x04,
  0xFF, 0xFF, 0xFE, 0x10, 0x00, 0x00, 0x04, 0xFF, 0xFF, 0xFE, 0x10, 0x00, 0x00, 0x04, 0xFF, 0xFF,
  0xFE, 0x10, 0x00, 0x00, 0x04, 0xFF, 0xFF, 0xFE, 0x10, 0x00, 0x00, 0x04, 0xFF, 0xFF, 0xFE, 0x10,
  0x00, 0x00, 0x04, 0xFF, 0xFF, 0xFE, 0x10, 0x00, 0x00, 0x04, 0xFF, 0xFF, 0xFE, 0x10, 0x00, 0x00,
  0x04, 0xFF, 0xFF, 0xFE, 0x10, 0x00, 0x00, 0x04, 0xFF, 0xFF, 0xFE, 0x10, 0x00, 0x00, 0x04, 0xFF,
  0xFF, 0xFE, 0x10, 0x00, 0x00, 0x04, 0xFF, 0xFF, 0xFE, 0x10, 0x00, 0x00, 0x04, 0xFF, 0xFF, 0xFE,
  0x10, 0x00, 0x00, 0x04, 0xFF, 0xFF, 0xFE, 0x10, 0x00, 0x00, 0x04, 0xEE, 0xEE, 0xED, 0x10, 0x00,
  0x00, 0x00, 0x11, 0x11, 0x11, 0x00, 0x00, 0x00, 0x00, 0x00, 0x00, 0x00, 0x00, 0x00, 0x00, 0x00,
  0x04, 0xDD, 0xDD, 0xDC, 0x10, 0x00, 0x00, 0x00, 0x4F, 0xFF, 0xFF, 0xF1, 0x00, 0x00, 0x00, 0x04,
  0xFF, 0xFF, 0xFE, 0x10, 0x00, 0x00, 0x00, 0x4F, 0xFF, 0xFF, 0xE1, 0x00, 0x00, 0x00, 0x04, 0xFF,
  0xFF, 0xFE, 0x10, 0x00, 0x00, 0x00, 0x4F, 0xFF, 0xFF, 0xE1, 0x00, 0x00, 0x00, 0x04, 0xFF, 0xFF,
  0xFE, 0x10, 0x00, 0x00, 0x00, 0x4F, 0xFF, 0xFF, 0xE1, 0x00, 0x00, 0x00, 0x04, 0xFF, 0xFF, 0xFE,
  0x10, 0x00, 0x00, 0x00, 0x4F, 0xFF, 0xFF, 0xE1, 0x00, 0x00, 0x00, 0x04, 0xFF, 0xFF, 0xFE, 0x10,
  0x00, 0x00, 0x00, 0x4F, 0xFF, 0xFF, 0xE1, 0x00, 0x00, 0x00, 0x04, 0xFF, 0xFF, 0xFE, 0x10, 0x00,
  0x00, 0x00, 0x4F, 0xFF, 0xFF, 0xE1, 0x00, 0x00, 0x00, 0x04, 0xFF, 0xFF, 0xFE, 0x10, 0x00, 0x00,
  0x00, 0x4F, 0xFF, 0xFF, 0xE1, 0x00, 0x00, 0x00, 0x04, 0xFF, 0xFF, 0xFE, 0x10, 0x00, 0x00, 0x00,
  0x4F, 0xFF, 0xFF, 0xE1, 0x00, 0x00, 0x00, 0x04, 0xFF, 0xFF, 0xFE, 0x10, 0x00, 0x00, 0x00, 0x4F,
  0xFF, 0xFF, 0xE1, 0x00, 0x00, 0x00, 0x04, 0xFF, 0xFF, 0xFE, 0x10, 0x00, 0x00, 0x00, 0x4F, 0xFF,
  0xFF, 0xE1, 0x00, 0x00, 0x00, 0x04, 0xFF, 0xFF, 0xFE, 0x10, 0x00, 0x00, 0x00, 0x4F, 0xFF, 0xFF,
  0xE1, 0x00, 0x00, 0x00, 0x04, 0xFF, 0xFF, 0xFE, 0x10, 0x00, 0x00, 0x00, 0x6F, 0xFF, 0xFF, 0xD1,
  0x00, 0x00, 0x11, 0x4D, 0xFF, 0xFF, 0xFC, 0x00, 0x00, 0x0A, 0xEF, 0xFF, 0xFF, 0xFF, 0x80, 0x00,
  0x00, 0xBF, 0xFF, 0xFF, 0xFF, 0xF3, 0x00, 0x00, 0x0B, 0xFF, 0xFF, 0xFF, 0xF7, 0x00, 0x00, 0x00,
  0xBF, 0xFF, 0xFF, 0xE6, 0x00, 0x00, 0x00, 0x0A, 0xED, 0xCA, 0x61, 0x00, 0x00, 0x00, 0x00, 0x11,
  0x10, 0x00, 0x00, 0x00, 0x00, 0x00, 0x00, 0x00, 0x11, 0x11, 0x10, 0x00, 0x00, 0x00, 0x00, 0x00,
  0x00, 0x00, 0x00, 0x00, 0x08, 0xEE, 0xEE, 0xE8, 0x00, 0x00, 0x00, 0x00, 0x00, 0x00, 0x00, 0x00,
  0x00, 0x09, 0xFF, 0xFF, 0xF9, 0x00, 0x00, 0x00, 0x00, 0x00, 0x00, 0x00, 0x00, 0x00, 0x08, 0xFF,
  0xFF, 0xF8, 0x00, 0x00, 0x00, 0x00, 0x00, 0x00, 0x00, 0x00, 0x00, 0x09, 0xFF, 0xFF, 0xF9, 0x00,
  0x00, 0x00, 0x00, 0x00, 0x00, 0x00, 0x00, 0x00, 0x09, 0xFF, 0xFF, 0xF9, 0x00, 0x00, 0x00, 0x00,
  0x00, 0x00, 0x00, 0x00, 0x00, 0x09, 0xFF, 0xFF, 0xF9, 0x00, 0x00, 0x00, 0x00, 0x00, 0x00, 0x00,
  0x00, 0x00, 0x09, 0xFF, 0xFF, 0xF9, 0x00, 0x00, 0x00, 0x00, 0x00, 0x00, 0x00, 0x00, 0x00, 0x09,
  0xFF, 0xFF, 0xF9, 0x00, 0x00, 0x00, 0x01, 0x11, 0x11, 0x11, 0x00, 0x00, 0x09, 0xFF, 0xFF, 0xF9,
  0x00, 0x00, 0x00, 0x3D, 0xEE, 0xEE, 0xEB, 0x10, 0x00, 0x09, 0xFF, 0xFF, 0xF9, 0x00, 0x00, 0x02,
  0xDF, 0xFF, 0xFF, 0xD2, 0x00, 0x00, 0x09, 0xFF, 0xFF, 0xF9, 0x00, 0x00, 0x1B, 0xFF, 0xFF, 0xFE,
  0x30, 0x00, 0x00, 0x09, 0xFF, 0xFF, 0xF9, 0x00, 0x00, 0x9F, 0xFF, 0xFF, 0xF5, 0x00, 0x00, 0x00,
  0x09, 0xFF, 0xFF, 0xF9, 0x00, 0x07, 0xFF, 0xFF, 0xFF, 0x70, 0x00, 0x00, 0x00, 0x09, 0xFF, 0xFF,
  0xF9, 0x00, 0x5F, 0xFF, 0xFF, 0xF9, 0x00, 0x00, 0x00, 0x00, 0x09, 0xFF, 0xFF, 0xF9, 0x03, 0xEF,
  0xFF, 0xFF, 0xB0, 0x00, 0x00, 0x00, 0x00, 0x09, 0xFF, 0xFF, 0xF8, 0x1D, 0xFF, 0xFF, 0xFD, 0x10,
  0x00, 0x00, 0x00, 0x00, 0x09, 0xFF, 0xFF, 0xFA, 0xBF, 0xFF, 0xFF, 0xE3, 0x00, 0x00, 0x00, 0x00,
  0x00, 0x09, 0xFF, 0xFF, 0xFF, 0xFF, 0xFF, 0xFE, 0x40, 0x00, 0x00, 0x00, 0x00, 0x00, 0x09, 0xFF,
  0xFF, 0xFF, 0xFF, 0xFF, 0xFE, 0x30, 0x00, 0x00, 0x00, 0x00, 0x00, 0x09, 0xFF, 0xFF, 0xFF, 0xFF,
  0xFF, 0xFF, 0xC1, 0x00, 0x00, 0x00, 0x00, 0x00, 0x09, 0xFF, 0xFF, 0xFF, 0xFF, 0xFF, 0xFF, 0xF8,
  0x00, 0x00, 0x00, 0x00, 0x00, 0x09, 0xFF, 0xFF, 0xFF, 0xFE, 0xFF, 0xFF, 0xFF, 0x40, 0x00, 0x00,
  0x00, 0x00, 0x09, 0xFF, 0xFF, 0xFF, 0x82, 0xEF, 0xFF, 0xFF, 0xD1, 0x00, 0x00, 0x00, 0x00, 0x09,
  0xFF, 0xFF, 0xFB, 0x00, 0x7F, 0xFF, 0xFF, 0xF9, 0x00, 0x00, 0x00, 0x00, 0x09, 0xFF, 0xFF, 0xF8,
  0x00, 0x0B, 0xFF, 0xFF, 0xFF, 0x40, 0x00, 0x00, 0x00, 0x09, 0xFF, 0xFF, 0xF9, 0x00, 0x03, 0xEF,
  0xFF, 0xFF, 0xD1, 0x00, 0x00, 0x00, 0x09, 0xFF, 0xFF, 0xF9, 0x00, 0x00, 0x7F, 0xFF, 0xFF, 0xF9,
  0x00, 0x00, 0x00, 0x09, 0xFF, 0xFF, 0xF9, 0x00, 0x00, 0x0B, 0xFF, 0xFF, 0xFF, 0x50, 0x00, 0x00,
  0x08, 0xFF, 0xFF, 0xF8, 0x00, 0x00, 0x02, 0xEF, 0xFF, 0xFF, 0xD1, 0x00, 0x00, 0x09, 0xFF, 0xFF,
  0xF9, 0x00, 0x00, 0x00, 0x7F, 0xFF, 0xFF, 0xFA, 0x00, 0x00, 0x08, 0xEE, 0xEE, 0xE8, 0x00, 0x00,
  0x00, 0x0A, 0xEE, 0xEE, 0xEE, 0x50, 0x00, 0x00, 0x11, 0x11, 0x10, 0x00, 0x00, 0x00, 0x00, 0x11,
  0x11, 0x11, 0x10, 0x00, 0x00, 0x11, 0x11, 0x11, 0x00, 0x00, 0x00, 0x05, 0xEE, 0xEE, 0xED, 0x20,
  0x00, 0x00, 0x06, 0xFF, 0xFF, 0xFF, 0x30, 0x00, 0x00, 0x05, 0xFF, 0xFF, 0xFE, 0x30, 0x00, 0x00,
  0x05, 0xFF, 0xFF, 0xFE, 0x30, 0x00, 0x00, 0x05, 0xFF, 0xFF, 0xFE, 0x30, 0x00, 0x00, 0x05, 0xFF,
  0xFF, 0xFE, 0x30, 0x00, 0x00, 0x05, 0xFF, 0xFF, 0xFE, 0x30, 0x00, 0x00, 0x05, 0xFF, 0xFF, 0xFE,
  0x30, 0x00, 0x00, 0x05, 0xFF, 0xFF, 0xFE, 0x30, 0x00, 0x00, 0x05, 0xFF, 0xFF, 0xFE, 0x30, 0x00,
  0x00, 0x05, 0xFF, 0xFF, 0xFE, 0x30, 0x00, 0x00, 0x05, 0xFF, 0xFF, 0xFE, 0x30, 0x00, 0x00, 0x05,
  0xFF, 0xFF, 0xFE, 0x30, 0x00, 0x00, 0x05, 0xFF, 0xFF, 0xFE, 0x30, 0x00, 0x00, 0x05, 0xFF, 0xFF,
  0xFE, 0x30, 0x00, 0x00, 0x05, 0xFF, 0xFF, 0xFE, 0x30, 0x00, 0x00, 0x05, 0xFF, 0xFF, 0xFE, 0x30,
  0x00, 0x00, 0x05, 0xFF, 0xFF, 0xFE, 0x30, 0x00, 0x00, 0x05, 0xFF, 0xFF, 0xFE, 0x30, 0x00, 0x00,
  0x05, 0xFF, 0xFF, 0xFE, 0x30, 0x00, 0x00, 0x05, 0xFF, 0xFF, 0xFE, 0x30, 0x00, 0x00, 0x05, 0xFF,
  0xFF, 0xFE, 0x30, 0x00, 0x00, 0x05, 0xFF, 0xFF, 0xFE, 0x30, 0x00, 0x00, 0x05, 0xFF, 0xFF, 0xFE,
  0x30, 0x00, 0x00, 0x05, 0xFF, 0xFF, 0xFE, 0x30, 0x00, 0x00, 0x05, 0xFF, 0xFF, 0xFE, 0x30, 0x00,
  0x00, 0x05, 0xFF, 0xFF, 0xFE, 0x30, 0x00, 0x00, 0x05, 0xFF, 0xFF, 0xFE, 0x30, 0x00, 0x00, 0x05,
  0xFF, 0xFF, 0xFE, 0x30, 0x00, 0x00, 0x06, 0xFF, 0xFF, 0xFF, 0x30, 0x00, 0x00, 0x05, 0xEE, 0xEE,
  0xED, 0x20, 0x00, 0x00, 0x00, 0x11, 0x11, 0x11, 0x00, 0x00, 0x00, 0x00, 0x00, 0x00, 0x00, 0x00,
  0x00, 0x00, 0x00, 0x00, 0x00, 0x00, 0x00, 0x00, 0x00, 0x00, 0x00, 0x00, 0x00, 0x00, 0x00, 0x04,
  0x77, 0x77, 0x72, 0x00, 0x15, 0x9A, 0xA7, 0x20, 0x00, 0x00, 0x01, 0x58, 0xAA, 0x85, 0x00, 0x00,
  0x00, 0x00, 0x00, 0x09, 0xFF, 0xFF, 0xF5, 0x04, 0xDF, 0xFF, 0xFF, 0xE6, 0x00, 0x00, 0x6D, 0xFF,
  0xFF, 0xFF, 0xD4, 0x00, 0x00, 0x00, 0x00, 0x08, 0xFE, 0xFF, 0xF4, 0x3F, 0xFF, 0xFF, 0xFF, 0xFF,
  0x50, 0x09, 0xFF, 0xFF, 0xFF, 0xFF, 0xFF, 0x50, 0x00, 0x00, 0x00, 0x08, 0xFF, 0xFF, 0xF6, 0xCF,
  0xFF, 0xFF, 0xFF, 0xFF, 0xD0, 0x7F, 0xFF, 0xFF, 0xFF, 0xFF, 0xFF, 0xE2, 0x00, 0x00, 0x00, 0x08,
  0xFF, 0xFF, 0xFC, 0xFF, 0xFF, 0xFF, 0xFF, 0xFF, 0xF7, 0xDF, 0xFF, 0xFF, 0xFF, 0xFF, 0xFF, 0xF9,
  0x00, 0x00, 0x00, 0x08, 0xFF, 0xFF, 0xFF, 0xFB, 0x64, 0x7D, 0xFF, 0xFF, 0xFF, 0xFF, 0xC6, 0x46,
  0xCF, 0xFF, 0xFF, 0xFD, 0x10, 0x00, 0x00, 0x08, 0xFF, 0xFF, 0xFF, 0xA0, 0x00, 0x02, 0xEF, 0xFF,
  0xFF, 0xFA, 0x00, 0x00, 0x0B, 0xFF, 0xFF, 0xFF, 0x30, 0x00, 0x00, 0x08, 0xFF, 0xFF, 0xFE, 0x20,
  0x00, 0x00, 0x7F, 0xFF, 0xFF, 0xE2, 0x00, 0x00, 0x03, 0xFF, 0xFF, 0xFF, 0x40, 0x00, 0x00, 0x08,
  0xFF, 0xFF, 0xFB, 0x00, 0x00, 0x00, 0x4F, 0xFF, 0xFF, 0xC0, 0x00, 0x00, 0x00, 0xDF, 0xFF, 0xFF,
  0x50, 0x00, 0x00, 0x08, 0xFF, 0xFF, 0xFA, 0x00, 0x00, 0x00, 0x3F, 0xFF, 0xFF, 0xB0, 0x00, 0x00,
  0x00, 0xDF, 0xFF, 0xFF, 0x50, 0x00, 0x00, 0x08, 0xFF, 0xFF, 0xF9, 0x00, 0x00, 0x00, 0x3F, 0xFF,
  0xFF, 0xB0, 0x00, 0x00, 0x00, 0xDF, 0xFF, 0xFF, 0x50, 0x00, 0x00, 0x08, 0xFF, 0xFF, 0xF9, 0x00,
  0x00, 0x00, 0x3F, 0xFF, 0xFF, 0xB0, 0x00, 0x00, 0x00, 0xDF, 0xFF, 0xFF, 0x50, 0x00, 0x00, 0x08,
  0xFF, 0xFF, 0xF9, 0x00, 0x00, 0x00, 0x3F, 0xFF, 0xFF, 0xB0, 0x00, 0x00, 0x00, 0xDF, 0xFF, 0xFF,
  0x50, 0x00, 0x00, 0x08, 0xFF, 0xFF, 0xF9, 0x00, 0x00, 0x00, 0x3F, 0xFF, 0xFF, 0xB0, 0x00, 0x00,
  0x00, 0xDF, 0xFF, 0xFF, 0x50, 0x00, 0x00, 0x08, 0xFF, 0xFF, 0xF9, 0x00, 0x00, 0x00, 0x3F, 0xFF,
  0xFF, 0xB0, 0x00, 0x00, 0x00, 0xDF, 0xFF, 0xFF, 0x50, 0x00, 0x00, 0x08, 0xFF, 0xFF, 0xF9, 0x00,
  0x00, 0x00, 0x3F, 0xFF, 0xFF, 0xB0, 0x00, 0x00, 0x00, 0xDF, 0xFF, 0xFF, 0x50, 0x00, 0x00, 0x08,
  0xFF, 0xFF, 0xF9, 0x00, 0x00, 0x00, 0x3F, 0xFF, 0xFF, 0xB0, 0x00, 0x00, 0x00, 0xDF, 0xFF, 0xFF,
  0x50, 0x00, 0x00, 0x08, 0xFF, 0xFF, 0xF9, 0x00, 0x00, 0x00, 0x3F, 0xFF, 0xFF, 0xB0, 0x00, 0x00,
  0x00, 0xDF, 0xFF, 0xFF, 0x50, 0x00, 0x00, 0x08, 0xFF, 0xFF, 0xF9, 0x00, 0x00, 0x00, 0x3F, 0xFF,
  0xFF, 0xB0, 0x00, 0x00, 0x00, 0xDF, 0xFF, 0xFF, 0x50, 0x00, 0x00, 0x08, 0xFF, 0xFF, 0xF9, 0x00,
  0x00, 0x00, 0x3F, 0xFF, 0xFF, 0xB0, 0x00, 0x00, 0x00, 0xDF, 0xFF, 0xFF, 0x50, 0x00, 0x00, 0x08,
  0xFF, 0xFF, 0xF9, 0x00, 0x00, 0x00, 0x3F, 0xFF, 0xFF, 0xB0, 0x00, 0x00, 0x00, 0xDF, 0xFF, 0xFF,
  0x50, 0x00, 0x00, 0x08, 0xFF, 0xFF, 0xF9, 0x00, 0x00, 0x00, 0x3F, 0xFF, 0xFF, 0xB0, 0x00, 0x00,
  0x00, 0xDF, 0xFF, 0xFF, 0x50, 0x00, 0x00, 0x08, 0xFF, 0xFF, 0xFA, 0x00, 0x00, 0x00, 0x3F, 0xFF,
  0xFF, 0xB0, 0x00, 0x00, 0x00, 0xDF, 0xFF, 0xFF, 0x50, 0x00, 0x00, 0x08, 0xEE, 0xEE, 0xE9, 0x00,
  0x00, 0x00, 0x3E, 0xEE, 0xEE, 0xA0, 0x00, 0x00, 0x00, 0xCE, 0xEE, 0xEE, 0x40, 0x00, 0x00, 0x00,
  0x11, 0x11, 0x10, 0x00, 0x00, 0x00, 0x01, 0x11, 0x11, 0x00, 0x00, 0x00, 0x00, 0x11, 0x11, 0x11,
  0x00, 0x00, 0x00, 0x00, 0x00, 0x00, 0x00, 0x00, 0x00, 0x00, 0x00, 0x00, 0x00, 0x00, 0x00, 0x00,
  0x00, 0x03, 0x77, 0x77, 0x73, 0x00, 0x03, 0x79, 0xAA, 0x84, 0x00, 0x00, 0x00, 0x00, 0x00, 0x08,
  0xFF, 0xFF, 0xF8, 0x01, 0xAF, 0xFF, 0xFF, 0xFF, 0xB3, 0x00, 0x00, 0x00, 0x00, 0x07, 0xFE, 0xFE,
  0xF6, 0x1C, 0xFF, 0xFF, 0xFF, 0xFF, 0xFE, 0x40, 0x00, 0x00, 0x00, 0x07, 0xFF, 0xFF, 0xF6, 0x8F,
  0xEF, 0xFF, 0xFF, 0xFF, 0xFF, 0xE2, 0x00, 0x00, 0x00, 0x07, 0xFF, 0xFF, 0xFB, 0xEF, 0xFF, 0xFF,
  0xFF, 0xFF, 0xFF, 0xF8, 0x00, 0x00, 0x00, 0x07, 0xFF, 0xFF, 0xFF, 0xFE, 0x95, 0x57, 0xDF, 0xFF,
  0xFF, 0xFE, 0x10, 0x00, 0x00, 0x07, 0xFF, 0xFF, 0xFF, 0xE3, 0x00, 0x00, 0x2C, 0xFF, 0xFF, 0xFF,
  0x40, 0x00, 0x00, 0x07, 0xFF, 0xFF, 0xFF, 0x50, 0x00, 0x00, 0x04, 0xFF, 0xFF, 0xFF, 0x60, 0x00,
  0x00, 0x07, 0xFF, 0xFF, 0xFE, 0x10, 0x00, 0x00, 0x00, 0xDF, 0xFF, 0xFF, 0x70, 0x00, 0x00, 0x07,
  0xFF, 0xFF, 0xFB, 0x00, 0x00, 0x00, 0x00, 0xBF, 0xFF, 0xFF, 0x70, 0x00, 0x00, 0x07, 0xFF, 0xFF,
  0xFB, 0x00, 0x00, 0x00, 0x00, 0xBF, 0xFF, 0xFF, 0x70, 0x00, 0x00, 0x07, 0xFF, 0xFF, 0xFB, 0x00,
  0x00, 0x00, 0x00, 0xBF, 0xFF, 0xFF, 0x70, 0x00, 0x00, 0x07, 0xFF, 0xFF, 0xFB, 0x00, 0x00, 0x00,
  0x00, 0xBF, 0xFF, 0xFF, 0x70, 0x00, 0x00, 0x07, 0xFF, 0xFF, 0xFB, 0x00, 0x00, 0x00, 0x00, 0xBF,
  0xFF, 0xFF, 0x70, 0x00, 0x00, 0x07, 0xFF, 0xFF, 0xFB, 0x00, 0x00, 0x00, 0x00, 0xBF, 0xFF, 0xFF,
  0x70, 0x00, 0x00, 0x07, 0xFF, 0xFF, 0xFB, 0x00, 0x00, 0x00, 0x00, 0xBF, 0xFF, 0xFF, 0x70, 0x00,
  0x00, 0x07, 0xFF, 0xFF, 0xFB, 0x00, 0x00, 0x00, 0x00, 0xBF, 0xFF, 0xFF, 0x70, 0x00, 0x00, 0x07,
  0xFF, 0xFF, 0xFB, 0x00, 0x00, 0x00, 0x00, 0xBF, 0xFF, 0xFF, 0x70, 0x00, 0x00, 0x07, 0xFF, 0xFF,
  0xFB, 0x00, 0x00, 0x00, 0x00, 0xBF, 0xFF, 0xFF, 0x70, 0x00, 0x00, 0x07, 0xFF, 0xFF, 0xFB, 0x00,
  0x00, 0x00, 0x00, 0xBF, 0xFF, 0xFF, 0x70, 0x00, 0x00, 0x07, 0xFF, 0xFF, 0xFB, 0x00, 0x00, 0x00,
  0x00, 0xBF, 0xFF, 0xFF, 0x70, 0x00, 0x00, 0x07, 0xFF, 0xFF, 0xFB, 0x00, 0x00, 0x00, 0x00, 0xBF,
  0xFF, 0xFF, 0x70, 0x00, 0x00, 0x08, 0xFF, 0xFF, 0xFB, 0x00, 0x00, 0x00, 0x00, 0xBF, 0xFF, 0xFF,
  0x80, 0x00, 0x00, 0x07, 0xEE, 0xEE, 0xEA, 0x00, 0x00, 0x00, 0x00, 0xAE, 0xEE, 0xEE, 0x70, 0x00,
  0x00, 0x00, 0x11, 0x11, 0x10, 0x00, 0x00, 0x00, 0x00, 0x01, 0x11, 0x11, 0x00, 0x00, 0x00, 0x00,
  0x00, 0x00, 0x00, 0x00, 0x00, 0x00, 0x00, 0x00, 0x00, 0x00, 0x00, 0x00, 0x00, 0x00, 0x00, 0x00,
  0x01, 0x58, 0xAA, 0xAA, 0x85, 0x10, 0x00, 0x00, 0x00, 0x00, 0x00, 0x00, 0x00, 0x01, 0x8E, 0xFF,
  0xFF, 0xFF, 0xFF, 0xE8, 0x20, 0x00, 0x00, 0x00, 0x00, 0x00, 0x00, 0x4D, 0xFF, 0xFF, 0xFF, 0xFF,
  0xFF, 0xFF, 0xD4, 0x00, 0x00, 0x00, 0x00, 0x00, 0x05, 0xFF, 0xFF, 0xFF, 0xFF, 0xFF, 0xFF, 0xFF,
  0xFF, 0x50, 0x00, 0x00, 0x00, 0x00, 0x3E, 0xFF, 0xFF, 0xFF, 0xFF, 0xFF, 0xFF, 0xFF, 0xFF, 0xE3,
  0x00, 0x00, 0x00, 0x00, 0xCF, 0xFF, 0xFF, 0xFC, 0x63, 0x36, 0xCF, 0xFF, 0xFF, 0xFC, 0x00, 0x00,
  0x00, 0x05, 0xFF, 0xFF, 0xFF, 0xA1, 0x00, 0x00, 0x1A, 0xFF, 0xFF, 0xFF, 0x50, 0x00, 0x00, 0x0B,
  0xFF, 0xFF, 0xFD, 0x10, 0x00, 0x00, 0x01, 0xDF, 0xFF, 0xFF, 0xB0, 0x00, 0x00, 0x1E, 0xFF, 0xFF,
  0xF8, 0x00, 0x00, 0x00, 0x00, 0x8F, 0xFF, 0xFF, 0xE1, 0x00, 0x00, 0x4F, 0xFF, 0xFF, 0xF3, 0x00,
  0x00, 0x00, 0x00, 0x3F, 0xFF, 0xFF, 0xF4, 0x00, 0x00, 0x6F, 0xFF, 0xFF, 0xE2, 0x00, 0x00, 0x00,
  0x00, 0x2E, 0xFF, 0xFF, 0xF6, 0x00, 0x00, 0x6F, 0xFF, 0xFF, 0xD1, 0x00, 0x00, 0x00, 0x00, 0x1D,
  0xFF, 0xFF, 0xF6, 0x00, 0x00, 0x7F, 0xFF, 0xFF, 0xD1, 0x00, 0x00, 0x00, 0x00, 0x1D, 0xFF, 0xFF,
  0xF7, 0x00, 0x00, 0x6F, 0xFF, 0xFF, 0xE1, 0x00, 0x00, 0x00, 0x00, 0x1E, 0xFF, 0xFF, 0xF6, 0x00,
  0x00, 0x5F, 0xFF, 0xFF, 0xF3, 0x00, 0x00, 0x00, 0x00, 0x3F, 0xFF, 0xFF, 0xF4, 0x00, 0x00, 0x2E,
  0xFF, 0xFF, 0xF6, 0x00, 0x00, 0x00, 0x00, 0x7F, 0xFF, 0xFF, 0xE2, 0x00, 0x00, 0x0C, 0xFF, 0xFF,
  0xFC, 0x00, 0x00, 0x00, 0x00, 0xCF, 0xFF, 0xFF, 0xC0, 0x00, 0x00, 0x07, 0xFF, 0xFF, 0xFF, 0x80,
  0x00, 0x00, 0x08, 0xFF, 0xFF, 0xFF, 0x70, 0x00, 0x00, 0x01, 0xDF, 0xFF, 0xFF, 0xF9, 0x31, 0x13,
  0x9F, 0xFF, 0xFF, 0xFD, 0x10, 0x00, 0x00, 0x00, 0x5F, 0xFF, 0xFF, 0xFF, 0xFD, 0xDF, 0xFF, 0xFF,
  0xFF, 0xF5, 0x00, 0x00, 0x00, 0x00, 0x08, 0xFF, 0xFF, 0xFF, 0xFF, 0xFF, 0xFF, 0xFF, 0xFF, 0x80,
  0x00, 0x00, 0x00, 0x00, 0x00, 0x8F, 0xFF, 0xFF, 0xFF, 0xFF, 0xFF, 0xFF, 0xF8, 0x00, 0x00, 0x00,
  0x00, 0x00, 0x00, 0x04, 0xBF, 0xFF, 0xFF, 0xFF, 0xFF, 0xFB, 0x40, 0x00, 0x00, 0x00, 0x00, 0x00,
  0x00, 0x00, 0x04, 0x8B, 0xDE, 0xED, 0xB8, 0x40, 0x00, 0x00, 0x00, 0x00, 0x00, 0x00, 0x00, 0x00,
  0x00, 0x00, 0x01, 0x10, 0x00, 0x00, 0x00, 0x00, 0x00, 0x00, 0x00, 0x00, 0x00, 0x00, 0x00, 0x00,
  0x00, 0x00, 0x00, 0x00, 0x00, 0x00, 0x00, 0x00, 0x00, 0x04, 0x77, 0x77, 0x73, 0x00, 0x05, 0x9A,
  0xA9, 0x62, 0x00, 0x00, 0x00, 0x00, 0x00, 0x09, 0xFF, 0xFF, 0xF7, 0x03, 0xCF, 0xFF, 0xFF, 0xFE,
  0x81, 0x00, 0x00, 0x00, 0x00, 0x08, 0xFE, 0xFE, 0xF5, 0x2E, 0xFF, 0xFF, 0xFF, 0xFF, 0xFC, 0x20,
  0x00, 0x00, 0x00, 0x08, 0xFF, 0xFF, 0xF6, 0xBF, 0xFF, 0xFF, 0xFF, 0xFF, 0xFF, 0xC1, 0x00, 0x00,
  0x00, 0x08, 0xFF, 0xFF, 0xFD, 0xFF, 0xFF, 0xFF, 0xFF, 0xFF, 0xFF, 0xF8, 0x00, 0x00, 0x00, 0x08,
  0xFF, 0xFF, 0xFF, 0xFE, 0x84, 0x35, 0xBF, 0xFF, 0xFF, 0xFE, 0x20, 0x00, 0x00, 0x08, 0xFF, 0xFF,
  0xFF, 0xE3, 0x00, 0x00, 0x08, 0xFF, 0xFF, 0xFF, 0x70, 0x00, 0x00, 0x08, 0xFF, 0xFF, 0xFF, 0x60,
  0x00, 0x00, 0x00, 0xCF, 0xFF, 0xFF, 0xB0, 0x00, 0x00, 0x08, 0xFF, 0xFF, 0xFD, 0x00, 0x00, 0x00,
  0x00, 0x6F, 0xFF, 0xFF, 0xE1, 0x00, 0x00, 0x08, 0xFF, 0xFF, 0xF9, 0x00, 0x00, 0x00, 0x00, 0x2E,
  0xFF, 0xFF, 0xF3, 0x00, 0x00, 0x08, 0xFF, 0xFF, 0xF7, 0x00, 0x00, 0x00, 0x00, 0x1D, 0xFF, 0xFF,
  0xF4, 0x00, 0x00, 0x08, 0xFF, 0xFF, 0xF6, 0x00, 0x00, 0x00, 0x00, 0x0D, 0xFF, 0xFF, 0xF5, 0x00,
  0x00, 0x08, 0xFF, 0xFF, 0xF6, 0x00, 0x00, 0x00, 0x00, 0x0D, 0xFF, 0xFF, 0xF5, 0x00, 0x00, 0x08,
  0xFF, 0xFF, 0xF8, 0x00, 0x00, 0x00, 0x00, 0x1D, 0xFF, 0xFF, 0xF4, 0x00, 0x00, 0x08, 0xFF, 0xFF,
  0xFB, 0x00, 0x00, 0x00, 0x00, 0x3F, 0xFF, 0xFF, 0xF2, 0x00, 0x00, 0x08, 0xFF, 0xFF, 0xFE, 0x10,
  0x00, 0x00, 0x00, 0x7F, 0xFF, 0xFF, 0xD1, 0x00, 0x00, 0x08, 0xFF, 0xFF, 0xFF, 0x80, 0x00, 0x00,
  0x01, 0xDF, 0xFF, 0xFF, 0xA0, 0x00, 0x00, 0x08, 0xFF, 0xFF, 0xFF, 0xF6, 0x00, 0x00, 0x1B, 0xFF,
  0xFF, 0xFF, 0x60, 0x00, 0x00, 0x08, 0xFF, 0xFF, 0xFF, 0xFF, 0xB7, 0x68, 0xDF, 0xFF, 0xFF, 0xFD,
  0x10, 0x00, 0x00, 0x08, 0xFF, 0xFF, 0xFE, 0xFF, 0xFF, 0xFF, 0xFF, 0xFF, 0xFF, 0xF5, 0x00, 0x00,
  0x00, 0x08, 0xFF, 0xFF, 0xF9, 0xBF, 0xFF, 0xFF, 0xFF, 0xFF, 0xFF, 0x90, 0x00, 0x00, 0x00, 0x08,
  0xFF, 0xFF, 0xF8, 0x1D, 0xFF, 0xFF, 0xFF, 0xFF, 0xF9, 0x00, 0x00, 0x00, 0x00, 0x08, 0xFF, 0xFF,
  0xF9, 0x01, 0x9F, 0xFF, 0xFF, 0xFB, 0x50, 0x00, 0x00, 0x00, 0x00, 0x08, 0xFF, 0xFF, 0xF9, 0x00,
  0x02, 0x67, 0x76, 0x30, 0x00, 0x00, 0x00, 0x00, 0x00, 0x08, 0xFF, 0xFF, 0xF9, 0x00, 0x00, 0x00,
  0x00, 0x00, 0x00, 0x00, 0x00, 0x00, 0x00, 0x08, 0xFF, 0xFF, 0xF9, 0x00, 0x00, 0x00, 0x00, 0x00,
  0x00, 0x00, 0x00, 0x00, 0x00, 0x08, 0xFF, 0xFF, 0xF9, 0x00, 0x00, 0x00, 0x00, 0x00, 0x00, 0x00,
  0x00, 0x00, 0x00, 0x08, 0xFF, 0xFF, 0xF9, 0x00, 0x00, 0x00, 0x00, 0x00, 0x00, 0x00, 0x00, 0x00,
  0x00, 0x08, 0xFF, 0xFF, 0xF9, 0x00, 0x00, 0x00, 0x00, 0x00, 0x00, 0x00, 0x00, 0x00, 0x00, 0x08,
  0xFF, 0xFF, 0xF9, 0x00, 0x00, 0x00, 0x00, 0x00, 0x00, 0x00, 0x00, 0x00, 0x00, 0x09, 0xFF, 0xFF,
  0xF9, 0x00, 0x00, 0x00, 0x00, 0x00, 0x00, 0x00, 0x00, 0x00, 0x00, 0x08, 0xEE, 0xEE, 0xE8, 0x00,
  0x00, 0x00, 0x00, 0x00, 0x00, 0x00, 0x00, 0x00, 0x00, 0x00, 0x11, 0x11, 0x10, 0x00, 0x00, 0x00,
  0x00, 0x00, 0x00, 0x00, 0x00, 0x00, 0x00, 0x00, 0x00, 0x00, 0x00, 0x00, 0x00, 0x00, 0x00, 0x00,
  0x00, 0x00, 0x00, 0x00, 0x00, 0x00, 0x00, 0x00, 0x37, 0xAB, 0xA8, 0x30, 0x00, 0x57, 0x77, 0x77,
  0x30, 0x00, 0x00, 0x00, 0x00, 0x2A, 0xFF, 0xFF, 0xFF, 0xF9, 0x10, 0xCF, 0xFF, 0xFF, 0x60, 0x00,
  0x00, 0x00, 0x04, 0xEF, 0xFF, 0xFF, 0xFF, 0xFF, 0xB0, 0xBF, 0xFF, 0xFF, 0x50, 0x00, 0x00, 0x00,
  0x2E, 0xFF, 0xFF, 0xFF, 0xFF, 0xFE, 0xF7, 0xAF, 0xFF, 0xFF, 0x50, 0x00, 0x00, 0x00, 0xBF, 0xFF,
  0xFF, 0xFF, 0xFF, 0xFF, 0xFE, 0xEF, 0xFF, 0xFF, 0x50, 0x00, 0x00, 0x05, 0xFF, 0xFF, 0xFF, 0xF9,
  0x43, 0x5A, 0xFF, 0xFF, 0xFF, 0xFF, 0x50, 0x00, 0x00, 0x0B, 0xFF, 0xFF, 0xFF, 0x50, 0x00, 0x00,
  0x6F, 0xFF, 0xFF, 0xFF, 0x50, 0x00, 0x00, 0x1E, 0xFF, 0xFF, 0xF9, 0x00, 0x00, 0x00, 0x0A, 0xFF,
  0xFF, 0xFF, 0x50, 0x00, 0x00, 0x4F, 0xFF, 0xFF, 0xE2, 0x00, 0x00, 0x00, 0x03, 0xFF, 0xFF, 0xFF,
  0x50, 0x00, 0x00, 0x6F, 0xFF, 0xFF, 0xC0, 0x00, 0x00, 0x00, 0x01, 0xDF, 0xFF, 0xFF, 0x50, 0x00,
  0x00, 0x7F, 0xFF, 0xFF, 0xA0, 0x00, 0x00, 0x00, 0x00, 0xCF, 0xFF, 0xFF, 0x50, 0x00, 0x00, 0x8F,
  0xFF, 0xFF, 0x90, 0x00, 0x00, 0x00, 0x00, 0xBF, 0xFF, 0xFF, 0x50, 0x00, 0x00, 0x8F, 0xFF, 0xFF,
  0x90, 0x00, 0x00, 0x00, 0x00, 0xBF, 0xFF, 0xFF, 0x50, 0x00, 0x00, 0x7F, 0xFF, 0xFF, 0xB0, 0x00,
  0x00, 0x00, 0x00, 0xCF, 0xFF, 0xFF, 0x50, 0x00, 0x00, 0x6F, 0xFF, 0xFF, 0xD0, 0x00, 0x00, 0x00,
  0x01, 0xEF, 0xFF, 0xFF, 0x50, 0x00, 0x00, 0x3F, 0xFF, 0xFF, 0xF4, 0x00, 0x00, 0x00, 0x05, 0xFF,
  0xFF, 0xFF, 0x50, 0x00, 0x00, 0x1D, 0xFF, 0xFF, 0xFB, 0x00, 0x00, 0x00, 0x0C, 0xFF, 0xFF, 0xFF,
  0x50, 0x00, 0x00, 0x09, 0xFF, 0xFF, 0xFF, 0x80, 0x00, 0x01, 0x9F, 0xFF, 0xFF, 0xFF, 0x50, 0x00,
  0x00, 0x03, 0xFF, 0xFF, 0xFF, 0xFC, 0x76, 0x8D, 0xFF, 0xFF, 0xFF, 0xFF, 0x50, 0x00, 0x00, 0x00,
  0x9F, 0xFF, 0xFF, 0xFF, 0xFF, 0xFF, 0xFD, 0xEF, 0xFF, 0xFF, 0x50, 0x00, 0x00, 0x00, 0x1C, 0xFF,
  0xFF, 0xFF, 0xFF, 0xFF, 0xF5, 0xBF, 0xFF, 0xFF, 0x50, 0x00, 0x00, 0x00, 0x02, 0xBF, 0xFF, 0xFF,
  0xFF, 0xFF, 0x80, 0xCF, 0xFF, 0xFF, 0x50, 0x00, 0x00, 0x00, 0x00, 0x07, 0xDF, 0xFF, 0xFF, 0xD6,
  0x00, 0xCF, 0xFF, 0xFF, 0x50, 0x00, 0x00, 0x00, 0x00, 0x00, 0x14, 0x67, 0x75, 0x10, 0x00, 0xCF,
  0xFF, 0xFF, 0x50, 0x00, 0x00, 0x00, 0x00, 0x00, 0x00, 0x00, 0x00, 0x00, 0x00, 0xCF, 0xFF, 0xFF,
  0x50, 0x00, 0x00, 0x00, 0x00, 0x00, 0x00, 0x00, 0x00, 0x00, 0x00, 0xCF, 0xFF, 0xFF, 0x50, 0x00,
  0x00, 0x00, 0x00, 0x00, 0x00, 0x00, 0x00, 0x00, 0x00, 0xCF, 0xFF, 0xFF, 0x50, 0x00, 0x00, 0x00,
  0x00, 0x00, 0x00, 0x00, 0x00, 0x00, 0x00, 0xCF, 0xFF, 0xFF, 0x50, 0x00, 0x00, 0x00, 0x00, 0x00,
  0x00, 0x00, 0x00, 0x00, 0x00, 0xCF, 0xFF, 0xFF, 0x50, 0x00, 0x00, 0x00, 0x00, 0x00, 0x00, 0x00,
  0x00, 0x00, 0x00, 0xCF, 0xFF, 0xFF, 0x50, 0x00, 0x00, 0x00, 0x00, 0x00, 0x00, 0x00, 0x00, 0x00,
  0x00, 0xCF, 0xFF, 0xFF, 0x50, 0x00, 0x00, 0x00, 0x00, 0x00, 0x00, 0x00, 0x00, 0x00, 0x00, 0xBE,
  0xEE, 0xEE, 0x50, 0x00, 0x00, 0x00, 0x00, 0x00, 0x00, 0x00, 0x00, 0x00, 0x00, 0x11, 0x11, 0x11,
  0x00, 0x00, 0x00, 0x00, 0x00, 0x00, 0x00, 0x00, 0x00, 0x00, 0x00, 0x00, 0x00, 0x37, 0x77, 0x77,
  0x40, 0x01, 0x69, 0xA9, 0x20, 0x00, 0x08, 0xFF, 0xFF, 0xF9, 0x04, 0xDF, 0xFF, 0xF4, 0x00, 0x00,
  0x7F, 0xEF, 0xEF, 0x72, 0xFF, 0xFF, 0xFF, 0x40, 0x00, 0x07, 0xFF, 0xFF, 0xF7, 0xAF, 0xFF, 0xFF,
  0xF4, 0x00, 0x00, 0x7F, 0xFF, 0xFF, 0xBE, 0xFF, 0xFF, 0xFF, 0x40, 0x00, 0x07, 0xFF, 0xFF, 0xFF,
  0xFF, 0xFE, 0xCD, 0xE4, 0x00, 0x00, 0x7F, 0xFF, 0xFF, 0xFF, 0xD5, 0x11, 0x12, 0x10, 0x00, 0x07,
  0xFF, 0xFF, 0xFF, 0xD1, 0x00, 0x00, 0x00, 0x00, 0x00, 0x7F, 0xFF, 0xFF, 0xF4, 0x00, 0x00, 0x00,
  0x00, 0x00, 0x07, 0xFF, 0xFF, 0xFD, 0x00, 0x00, 0x00, 0x00, 0x00, 0x00, 0x7F, 0xFF, 0xFF, 0xB0,
  0x00, 0x00, 0x00, 0x00, 0x00, 0x07, 0xFF, 0xFF, 0xFB, 0x00, 0x00, 0x00, 0x00, 0x00, 0x00, 0x7F,
  0xFF, 0xFF, 0xB0, 0x00, 0x00, 0x00, 0x00, 0x00, 0x07, 0xFF, 0xFF, 0xFB, 0x00, 0x00, 0x00, 0x00,
  0x00, 0x00, 0x7F, 0xFF, 0xFF, 0xB0, 0x00, 0x00, 0x00, 0x00, 0x00, 0x07, 0xFF, 0xFF, 0xFB, 0x00,
  0x00, 0x00, 0x00, 0x00, 0x00, 0x7F, 0xFF, 0xFF, 0xB0, 0x00, 0x00, 0x00, 0x00, 0x00, 0x07, 0xFF,
  0xFF, 0xFB, 0x00, 0x00, 0x00, 0x00, 0x00, 0x00, 0x7F, 0xFF, 0xFF, 0xB0, 0x00, 0x00, 0x00, 0x00,
  0x00, 0x07, 0xFF, 0xFF, 0xFB, 0x00, 0x00, 0x00, 0x00, 0x00, 0x00, 0x7F, 0xFF, 0xFF, 0xB0, 0x00,
  0x00, 0x00, 0x00, 0x00, 0x07, 0xFF, 0xFF, 0xFB, 0x00, 0x00, 0x00, 0x00, 0x00, 0x00, 0x8F, 0xFF,
  0xFF, 0xB0, 0x00, 0x00, 0x00, 0x00, 0x00, 0x07, 0xEE, 0xEE, 0xEA, 0x00, 0x00, 0x00, 0x00, 0x00,
  0x00, 0x01, 0x11, 0x11, 0x00, 0x00, 0x00, 0x00, 0x00, 0x00, 0x00, 0x00, 0x00, 0x00, 0x00, 0x00,
  0x00, 0x00, 0x00, 0x00, 0x00, 0x00, 0x00, 0x00, 0x00, 0x00, 0x36, 0x8A, 0xAA, 0xA8, 0x51, 0x00,
  0x00, 0x00, 0x00, 0x00, 0x00, 0x00, 0x5B, 0xFF, 0xFF, 0xFF, 0xFF, 0xFE, 0x92, 0x00, 0x00, 0x00,
  0x00, 0x00, 0x09, 0xFF, 0xFF, 0xFF, 0xFF, 0xFF, 0xFF, 0xFE, 0x40, 0x00, 0x00, 0x00, 0x00, 0x9F,
  0xFF, 0xFF, 0xFF, 0xFF, 0xFF, 0xFF, 0xFF, 0xE3, 0x00, 0x00, 0x00, 0x04, 0xFF, 0xFF, 0xFF, 0xFD,
  0xBB, 0xDF, 0xFF, 0xFF, 0xFC, 0x00, 0x00, 0x00, 0x0A, 0xFF, 0xFF, 0xFE, 0x61, 0x00, 0x16, 0xEF,
  0xFF, 0xFF, 0x60, 0x00, 0x00, 0x0D, 0xFF, 0xFF, 0xF8, 0x00, 0x00, 0x00, 0x6F, 0xFE, 0xC9, 0x40,
  0x00, 0x00, 0x0D, 0xFF, 0xFF, 0xF7, 0x00, 0x00, 0x00, 0x05, 0x31, 0x00, 0x00, 0x00, 0x00, 0x0C,
  0xFF, 0xFF, 0xFE, 0x40, 0x00, 0x00, 0x00, 0x00, 0x00, 0x00, 0x00, 0x00, 0x09, 0xFF, 0xFF, 0xFF,
  0xFB, 0x85, 0x21, 0x00, 0x00, 0x00, 0x00, 0x00, 0x00, 0x03, 0xFF, 0xFF, 0xFF, 0xFF, 0xFF, 0xFD,
  0xB7, 0x30, 0x00, 0x00, 0x00, 0x00, 0x00, 0x5F, 0xFF, 0xFF, 0xFF, 0xFF, 0xFF, 0xFF, 0xFC, 0x40,
  0x00, 0x00, 0x00, 0x00, 0x04, 0xCF, 0xFF, 0xFF, 0xFF, 0xFF, 0xFF, 0xFF, 0xF8, 0x00, 0x00, 0x00,
  0x00, 0x00, 0x04, 0x9C, 0xFF, 0xFF, 0xFF, 0xFF, 0xFF, 0xFF, 0x50, 0x00, 0x00, 0x00, 0x00, 0x00,
  0x00, 0x25, 0x7A, 0xDF, 0xFF, 0xFF, 0xFF, 0xD0, 0x00, 0x00, 0x00, 0x00, 0x00, 0x00, 0x00, 0x00,
  0x15, 0xDF, 0xFF, 0xFF, 0xF2, 0x00, 0x00, 0x00, 0x24, 0x68, 0x50, 0x00, 0x00, 0x00, 0x5F, 0xFF,
  0xFF, 0xF3, 0x00, 0x00, 0x5D, 0xEF, 0xFF, 0xD1, 0x00, 0x00, 0x00, 0x3F, 0xFF, 0xFF, 0xF2, 0x00,
  0x00, 0x4F, 0xFF, 0xFF, 0xFA, 0x20, 0x00, 0x02, 0xCF, 0xFF, 0xFF, 0xD0, 0x00, 0x00, 0x0B, 0xFF,
  0xFF, 0xFF, 0xEA, 0x88, 0xAE, 0xFF, 0xFF, 0xFF, 0x70, 0x00, 0x00, 0x03, 0xEF, 0xFF, 0xFF, 0xFF,
  0xFF, 0xFF, 0xFF, 0xFF, 0xFB, 0x00, 0x00, 0x00, 0x00, 0x4D, 0xFF, 0xFF, 0xFF, 0xFF, 0xFF, 0xFF,
  0xFF, 0xB1, 0x00, 0x00, 0x00, 0x00, 0x02, 0xAF, 0xFF, 0xFF, 0xFF, 0xFF, 0xFF, 0xD6, 0x00, 0x00,
  0x00, 0x00, 0x00, 0x00, 0x02, 0x7A, 0xCD, 0xEE, 0xDB, 0x85, 0x10, 0x00, 0x00, 0x00, 0x00, 0x00,
  0x00, 0x00, 0x00, 0x01, 0x11, 0x00, 0x00, 0x00, 0x00, 0x00, 0x00, 0x00, 0x00, 0x00, 0x00, 0x00,
  0x00, 0x00, 0x00, 0x00, 0x00, 0x00, 0x00, 0x00, 0x00, 0x00, 0x00, 0x00, 0x00, 0x00, 0x00, 0x00,
  0x00, 0x00, 0x00, 0x00, 0x00, 0x00, 0x00, 0x00, 0x4C, 0xCC, 0xCC, 0xB2, 0x00, 0x00, 0x00, 0x00,
  0x00, 0x6F, 0xFF, 0xFF, 0xF2, 0x00, 0x00, 0x00, 0x00, 0x00, 0x5F, 0xFF, 0xFF, 0xE2, 0x00, 0x00,
  0x00, 0x00, 0x10, 0x6F, 0xFF, 0xFF, 0xE2, 0x00, 0x00, 0x00, 0x00, 0x00, 0x5F, 0xFF, 0xFF, 0xE1,
  0x00, 0x00, 0x00, 0x03, 0x87, 0xAF, 0xFF, 0xFF, 0xF9, 0x77, 0x73, 0x00, 0x07, 0xFF, 0xFF, 0xFF,
  0xFF, 0xFF, 0xFF, 0xF7, 0x00, 0x07, 0xFE, 0xFF, 0xFF, 0xFF, 0xFF, 0xFE, 0xF6, 0x00, 0x07, 0xFF,
  0xFF, 0xFF, 0xFF, 0xFF, 0xFF, 0xF6, 0x00, 0x07, 0xFF, 0xFF, 0xFF, 0xFF, 0xFF, 0xFF, 0xF7, 0x00,
  0x03, 0x76, 0x9F, 0xFF, 0xFF, 0xE7, 0x66, 0x73, 0x00, 0x00, 0x00, 0x5F, 0xFF, 0xFF, 0xE1, 0x00,
  0x00, 0x00, 0x00, 0x00, 0x6F, 0xFF, 0xFF, 0xE2, 0x00, 0x00, 0x00, 0x00, 0x00, 0x6F, 0xFF, 0xFF,
  0xE2, 0x00, 0x00, 0x00, 0x00, 0x00, 0x6F, 0xFF, 0xFF, 0xE2, 0x00, 0x00, 0x00, 0x00, 0x00, 0x6F,
  0xFF, 0xFF, 0xE2, 0x00, 0x00, 0x00, 0x00, 0x00, 0x6F, 0xFF, 0xFF, 0xE2, 0x00, 0x00, 0x00, 0x00,
  0x00, 0x6F, 0xFF, 0xFF, 0xE2, 0x00, 0x00, 0x00, 0x00, 0x00, 0x6F, 0xFF, 0xFF, 0xE2, 0x00, 0x00,
  0x00, 0x00, 0x00, 0x6F, 0xFF, 0xFF, 0xE2, 0x00, 0x00, 0x00, 0x00, 0x00, 0x6F, 0xFF, 0xFF, 0xE2,
  0x00, 0x00, 0x00, 0x00, 0x00, 0x6F, 0xFF, 0xFF, 0xE2, 0x00, 0x00, 0x00, 0x00, 0x00, 0x5F, 0xFF,
  0xFF, 0xE2, 0x00, 0x00, 0x00, 0x00, 0x00, 0x5F, 0xFF, 0xFF, 0xF8, 0x11, 0x11, 0x00, 0x00, 0x00,
  0x2F, 0xFF, 0xFF, 0xFF, 0xED, 0xE5, 0x00, 0x00, 0x00, 0x0B, 0xFF, 0xFF, 0xFF, 0xFF, 0xF7, 0x00,
  0x00, 0x00, 0x03, 0xFF, 0xFF, 0xFF, 0xFF, 0xFA, 0x00, 0x00, 0x00, 0x00, 0x4D, 0xFF, 0xFF, 0xFF,
  0xFE, 0x00, 0x00, 0x00, 0x00, 0x01, 0x7A, 0xDE, 0xED, 0xB8, 0x10, 0x00, 0x00, 0x00, 0x00, 0x00,
  0x01, 0x10, 0x00, 0x00, 0x00, 0x00, 0x11, 0x11, 0x11, 0x00, 0x00, 0x00, 0x00, 0x11, 0x11, 0x11,
  0x00, 0x00, 0x00, 0x07, 0xEE, 0xEE, 0xEA, 0x00, 0x00, 0x00, 0x00, 0xAE, 0xEE, 0xEE, 0x70, 0x00,
  0x00, 0x08, 0xFF, 0xFF, 0xFB, 0x00, 0x00, 0x00, 0x00, 0xBF, 0xFF, 0xFF, 0x80, 0x00, 0x00, 0x07,
  0xFF, 0xFF, 0xFB, 0x00, 0x00, 0x00, 0x00, 0xBF, 0xFF, 0xFF, 0x70, 0x00, 0x00, 0x07, 0xFF, 0xFF,
  0xFB, 0x00, 0x00, 0x00, 0x00, 0xBF, 0xFF, 0xFF, 0x70, 0x00, 0x00, 0x07, 0xFF, 0xFF, 0xFB, 0x00,
  0x00, 0x00, 0x00, 0xBF, 0xFF, 0xFF, 0x70, 0x00, 0x00, 0x07, 0xFF, 0xFF, 0xFB, 0x00, 0x00, 0x00,
  0x00, 0xBF, 0xFF, 0xFF, 0x70, 0x00, 0x00, 0x07, 0xFF, 0xFF, 0xFB, 0x00, 0x00, 0x00, 0x00, 0xBF,
  0xFF, 0xFF, 0x70, 0x00, 0x00, 0x07, 0xFF, 0xFF, 0xFB, 0x00, 0x00, 0x00, 0x00, 0xBF, 0xFF, 0xFF,
  0x70, 0x00, 0x00, 0x07, 0xFF, 0xFF, 0xFB, 0x00, 0x00, 0x00, 0x00, 0xBF, 0xFF, 0xFF, 0x70, 0x00,
  0x00, 0x07, 0xFF, 0xFF, 0xFB, 0x00, 0x00, 0x00, 0x00, 0xBF, 0xFF, 0xFF, 0x70, 0x00, 0x00, 0x07,
  0xFF, 0xFF, 0xFB, 0x00, 0x00, 0x00, 0x00, 0xBF, 0xFF, 0xFF, 0x70, 0x00, 0x00, 0x07, 0xFF, 0xFF,
  0xFB, 0x00, 0x00, 0x00, 0x00, 0xBF, 0xFF, 0xFF, 0x70, 0x00, 0x00, 0x07, 0xFF, 0xFF, 0xFB, 0x00,
  0x00, 0x00, 0x00, 0xBF, 0xFF, 0xFF, 0x70, 0x00, 0x00, 0x07, 0xFF, 0xFF, 0xFB, 0x00, 0x00, 0x00,
  0x00, 0xBF, 0xFF, 0xFF, 0x70, 0x00, 0x00, 0x07, 0xFF, 0xFF, 0xFC, 0x00, 0x00, 0x00, 0x00, 0xDF,
  0xFF, 0xFF, 0x70, 0x00, 0x00, 0x07, 0xFF, 0xFF, 0xFF, 0x20, 0x00, 0x00, 0x03, 0xFF, 0xFF, 0xFF,
  0x70, 0x00, 0x00, 0x05, 0xFF, 0xFF, 0xFF, 0xA0, 0x00, 0x00, 0x1B, 0xFF, 0xFF, 0xFF, 0x70, 0x00,
  0x00, 0x02, 0xFF, 0xFF, 0xFF, 0xFA, 0x41, 0x15, 0xCF, 0xFF, 0xFF, 0xFF, 0x70, 0x00, 0x00, 0x00,
  0xBF, 0xFF, 0xFF, 0xFF, 0xFE, 0xEF, 0xFF, 0xCF, 0xFF, 0xFF, 0x70, 0x00, 0x00, 0x00, 0x4F, 0xFF,
  0xFF, 0xFF, 0xFF, 0xFF, 0xFB, 0x7F, 0xFF, 0xFF, 0x70, 0x00, 0x00, 0x00, 0x08, 0xFF, 0xFF, 0xFF,
  0xFF, 0xFF, 0xE2, 0x6F, 0xFF, 0xFF, 0x70, 0x00, 0x00, 0x00, 0x00, 0x7E, 0xFF, 0xFF, 0xFF, 0xFC,
  0x30, 0x7F, 0xFF, 0xFF, 0x80, 0x00, 0x00, 0x00, 0x00, 0x02, 0x8B, 0xDE, 0xDB, 0x61, 0x00, 0x6E,
  0xEE, 0xEE, 0x70, 0x00, 0x00, 0x00, 0x00, 0x00, 0x00, 0x11, 0x10, 0x00, 0x00, 0x01, 0x11, 0x11,
  0x00, 0x00, 0x00, 0x11, 0x11, 0x11, 0x00, 0x00, 0x00, 0x00, 0x00, 0x01, 0x11, 0x11, 0x10, 0x00,
  0x3E, 0xEE, 0xEE, 0xE5, 0x00, 0x00, 0x00, 0x00, 0x02, 0xDE, 0xEE, 0xEE, 0x50, 0x00, 0xDF, 0xFF,
  0xFF, 0xA0, 0x00, 0x00, 0x00, 0x00, 0x6F, 0xFF, 0xFF, 0xE1, 0x00, 0x07, 0xFF, 0xFF, 0xFD, 0x10,
  0x00, 0x00, 0x00, 0x0A, 0xFF, 0xFF, 0xFA, 0x00, 0x00, 0x2F, 0xFF, 0xFF, 0xF4, 0x00, 0x00, 0x00,
  0x01, 0xEF, 0xFF, 0xFF, 0x50, 0x00, 0x00, 0xBF, 0xFF, 0xFF, 0x90, 0x00, 0x00, 0x00, 0x5F, 0xFF,
  0xFF, 0xD1, 0x00, 0x00, 0x06, 0xFF, 0xFF, 0xFD, 0x00, 0x00, 0x00, 0x09, 0xFF, 0xFF, 0xF9, 0x00,
  0x00, 0x00, 0x2E, 0xFF, 0xFF, 0xF3, 0x00, 0x00, 0x01, 0xDF, 0xFF, 0xFF, 0x40, 0x00, 0x00, 0x00,
  0xAF, 0xFF, 0xFF, 0x80, 0x00, 0x00, 0x4F, 0xFF, 0xFF, 0xD0, 0x00, 0x00, 0x00, 0x05, 0xFF, 0xFF,
  0xFC, 0x00, 0x00, 0x08, 0xFF, 0xFF, 0xF8, 0x00, 0x00, 0x00, 0x00, 0x1E, 0xFF, 0xFF, 0xF3, 0x00,
  0x00, 0xCF, 0xFF, 0xFF, 0x30, 0x00, 0x00, 0x00, 0x00, 0x9F, 0xFF, 0xFF, 0x70, 0x00, 0x3F, 0xFF,
  0xFF, 0xC0, 0x00, 0x00, 0x00, 0x00, 0x04, 0xFF, 0xFF, 0xFB, 0x00, 0x07, 0xFF, 0xFF, 0xF7, 0x00,
  0x00, 0x00, 0x00, 0x00, 0x1D, 0xFF, 0xFF, 0xF2, 0x00, 0xBF, 0xFF, 0xFE, 0x20, 0x00, 0x00, 0x00,
  0x00, 0x00, 0x8F, 0xFF, 0xFF, 0x60, 0x2E, 0xFF, 0xFF, 0xB0, 0x00, 0x00, 0x00, 0x00, 0x00, 0x03,
  0xFF, 0xFF, 0xFA, 0x05, 0xFF, 0xFF, 0xF6, 0x00, 0x00, 0x00, 0x00, 0x00, 0x00, 0x0C, 0xFF, 0xFF,
  0xD0, 0x8F, 0xFF, 0xFE, 0x10, 0x00, 0x00, 0x00, 0x00, 0x00, 0x00, 0x7F, 0xFF, 0xFF, 0x3B, 0xFF,
  0xFF, 0xA0, 0x00, 0x00, 0x00, 0x00, 0x00, 0x00, 0x03, 0xFF, 0xFF, 0xF7, 0xDF, 0xFF, 0xF5, 0x00,
  0x00, 0x00, 0x00, 0x00, 0x00, 0x00, 0x0B, 0xFF, 0xFF, 0xDE, 0xFF, 0xFD, 0x10, 0x00, 0x00, 0x00,
  0x00, 0x00, 0x00, 0x00, 0x6F, 0xFF, 0xFF, 0xFF, 0xFF, 0x90, 0x00, 0x00, 0x00, 0x00, 0x00, 0x00,
  0x00, 0x02, 0xEF, 0xFF, 0xFF, 0xFF, 0xF4, 0x00, 0x00, 0x00, 0x00, 0x00, 0x00, 0x00, 0x00, 0x0A,
  0xFF, 0xFF, 0xFF, 0xFD, 0x00, 0x00, 0x00, 0x00, 0x00, 0x00, 0x00, 0x00, 0x00, 0x5F, 0xFF, 0xFF,
  0xFF, 0x80, 0x00, 0x00, 0x00, 0x00, 0x00, 0x00, 0x00, 0x00, 0x01, 0xAA, 0xAA, 0xAA, 0xA2, 0x00,
  0x00, 0x00, 0x00, 0x00, 0x00, 0x00, 0x00, 0x00, 0x00, 0x00, 0x00, 0x00, 0x00, 0x00, 0x00, 0x00,
  0x00, 0x00, 0x11, 0x11, 0x11, 0x00, 0x00, 0x00, 0x00, 0x01, 0x11, 0x11, 0x00, 0x00, 0x00, 0x00,
  0x11, 0x11, 0x11, 0x00, 0x03, 0xEE, 0xEE, 0xEE, 0x50, 0x00, 0x00, 0x00, 0xBE, 0xEE, 0xED, 0x20,
  0x00, 0x00, 0x03, 0xEE, 0xEE, 0xEE, 0x60, 0x01, 0xDF, 0xFF, 0xFF, 0x80, 0x00, 0x00, 0x03, 0xFF,
  0xFF, 0xFF, 0x50, 0x00, 0x00, 0x07, 0xFF, 0xFF, 0xFF, 0x20, 0x00, 0x9F, 0xFF, 0xFF, 0xB0, 0x00,
  0x00, 0x05, 0xFF, 0xFF, 0xFF, 0x90, 0x00, 0x00, 0x0A, 0xFF, 0xFF, 0xFC, 0x00, 0x00, 0x5F, 0xFF,
  0xFF, 0xE1, 0x00, 0x00, 0x09, 0xFF, 0xFF, 0xFF, 0xC0, 0x00, 0x00, 0x1C, 0xFF, 0xFF, 0xF8, 0x00,
  0x00, 0x2E, 0xFF, 0xFF, 0xF4, 0x00, 0x00, 0x0C, 0xFF, 0xFF, 0xFF, 0xE2, 0x00, 0x00, 0x2F, 0xFF,
  0xFF, 0xF4, 0x00, 0x00, 0x0B, 0xFF, 0xFF, 0xF7, 0x00, 0x00, 0x2E, 0xFF, 0xFF, 0xFF, 0xF4, 0x00,
  0x00, 0x5F, 0xFF, 0xFF, 0xD1, 0x00, 0x00, 0x07, 0xFF, 0xFF, 0xFA, 0x00, 0x00, 0x5F, 0xFF, 0xFF,
  0xFF, 0xF8, 0x00, 0x00, 0x9F, 0xFF, 0xFF, 0xA0, 0x00, 0x00, 0x03, 0xFF, 0xFF, 0xFD, 0x10, 0x00,
  0x8F, 0xFF, 0xEE, 0xFF, 0xFB, 0x00, 0x00, 0xBF, 0xFF, 0xFF, 0x60, 0x00, 0x00, 0x00, 0xDF, 0xFF,
  0xFF, 0x30, 0x00, 0xCF, 0xFF, 0xBA, 0xFF, 0xFE, 0x10, 0x01, 0xEF, 0xFF, 0xFE, 0x20, 0x00, 0x00,
  0x00, 0x9F, 0xFF, 0xFF, 0x60, 0x02, 0xEF, 0xFF, 0x96, 0xFF, 0xFF, 0x40, 0x04, 0xFF, 0xFF, 0xFC,
  0x00, 0x00, 0x00, 0x00, 0x5F, 0xFF, 0xFF, 0x90, 0x04, 0xFF, 0xFF, 0x53, 0xFF, 0xFF, 0x60, 0x07,
  0xFF, 0xFF, 0xF7, 0x00, 0x00, 0x00, 0x00, 0x1E, 0xFF, 0xFF, 0xC0, 0x08, 0xFF, 0xFF, 0x31, 0xEF,
  0xFF, 0xA0, 0x0A, 0xFF, 0xFF, 0xF4, 0x00, 0x00, 0x00, 0x00, 0x0B, 0xFF, 0xFF, 0xE2, 0x0B, 0xFF,
  0xFD, 0x10, 0xCF, 0xFF, 0xD0, 0x1D, 0xFF, 0xFF, 0xD0, 0x00, 0x00, 0x00, 0x00, 0x07, 0xFF, 0xFF,
  0xF4, 0x1E, 0xFF, 0xFB, 0x00, 0x8F, 0xFF, 0xF2, 0x2F, 0xFF, 0xFF, 0x90, 0x00, 0x00, 0x00, 0x00,
  0x03, 0xFF, 0xFF, 0xF6, 0x3F, 0xFF, 0xF7, 0x00, 0x4F, 0xFF, 0xF4, 0x4F, 0xFF, 0xFF, 0x50, 0x00,
  0x00, 0x00, 0x00, 0x00, 0xDF, 0xFF, 0xF9, 0x5F, 0xFF, 0xF3, 0x00, 0x1E, 0xFF, 0xF7, 0x7F, 0xFF,
  0xFE, 0x20, 0x00, 0x00, 0x00, 0x00, 0x00, 0x8F, 0xFF, 0xFB, 0xAF, 0xFF, 0xD1, 0x00, 0x0B, 0xFF,
  0xFB, 0xAF, 0xFF, 0xFB, 0x00, 0x00, 0x00, 0x00, 0x00, 0x00, 0x5F, 0xFF, 0xFE, 0xEF, 0xFF, 0x90,
  0x00, 0x07, 0xFF, 0xFE, 0xDF, 0xFF, 0xF7, 0x00, 0x00, 0x00, 0x00, 0x00, 0x00, 0x1E, 0xFF, 0xFF,
  0xFF, 0xFF, 0x50, 0x00, 0x03, 0xFF, 0xFF, 0xFF, 0xFF, 0xF3, 0x00, 0x00, 0x00, 0x00, 0x00, 0x00,
  0x0A, 0xFF, 0xFF, 0xFF, 0xFE, 0x20, 0x00, 0x00, 0xCF, 0xFF, 0xFF, 0xFF, 0xD0, 0x00, 0x00, 0x00,
  0x00, 0x00, 0x00, 0x06, 0xFF, 0xFF, 0xFF, 0xFB, 0x00, 0x00, 0x00, 0x9F, 0xFF, 0xFF, 0xFF, 0x90,
  0x00, 0x00, 0x00, 0x00, 0x00, 0x00, 0x03, 0xFF, 0xFF, 0xFF, 0xF7, 0x00, 0x00, 0x00, 0x5F, 0xFF,
  0xFF, 0xFF, 0x50, 0x00, 0x00, 0x00, 0x00, 0x00, 0x00, 0x00, 0xDF, 0xFF, 0xFF, 0xF3, 0x00, 0x00,
  0x00, 0x2F, 0xFF, 0xFF, 0xFE, 0x10, 0x00, 0x00, 0x00, 0x00, 0x00, 0x00, 0x00, 0x6B, 0xAA, 0xAB,
  0x91, 0x00, 0x00, 0x00, 0x08, 0xBA, 0xAA, 0xB8, 0x00, 0x00, 0x00, 0x00, 0x00, 0x00, 0x00, 0x00,
  0x00, 0x00, 0x00, 0x00, 0x00, 0x00, 0x00, 0x00, 0x00, 0x00, 0x00, 0x00, 0x00, 0x00, 0x00, 0x00,
  0x11, 0x11, 0x11, 0x10, 0x00, 0x00, 0x00, 0x00, 0x11, 0x11, 0x11, 0x00, 0x00, 0x6E, 0xEE, 0xEE,
  0xD2, 0x00, 0x00, 0x00, 0x1C, 0xEE, 0xEE, 0xE6, 0x00, 0x00, 0x0C, 0xFF, 0xFF, 0xF9, 0x00, 0x00,
  0x00, 0x8F, 0xFF, 0xFF, 0xC0, 0x00, 0x00, 0x03, 0xFF, 0xFF, 0xFF, 0x30, 0x00, 0x03, 0xEF, 0xFF,
  0xFF, 0x30, 0x00, 0x00, 0x00, 0x9F, 0xFF, 0xFF, 0xB0, 0x00, 0x0B, 0xFF, 0xFF, 0xF8, 0x00, 0x00,
  0x00, 0x00, 0x1E, 0xFF, 0xFF, 0xF4, 0x00, 0x4F, 0xFF, 0xFF, 0xD1, 0x00, 0x00, 0x00, 0x00, 0x06,
  0xFF, 0xFF, 0xFC, 0x00, 0xCF, 0xFF, 0xFF, 0x50, 0x00, 0x00, 0x00, 0x00, 0x00, 0xBF, 0xFF, 0xFF,
  0x33, 0xFF, 0xFF, 0xFB, 0x00, 0x00, 0x00, 0x00, 0x00, 0x00, 0x3F, 0xFF, 0xFF, 0xAA, 0xFF, 0xFF,
  0xE2, 0x00, 0x00, 0x00, 0x00, 0x00, 0x00, 0x09, 0xFF, 0xFF, 0xFF, 0xFF, 0xFF, 0x70, 0x00, 0x00,
  0x00, 0x00, 0x00, 0x00, 0x01, 0xDF, 0xFF, 0xFF, 0xFF, 0xFC, 0x10, 0x00, 0x00, 0x00, 0x00, 0x00,
  0x00, 0x00, 0x5F, 0xFF, 0xFF, 0xFF, 0xE4, 0x00, 0x00, 0x00, 0x00, 0x00, 0x00, 0x00, 0x00, 0x2E,
  0xFF, 0xFF, 0xFF, 0xD1, 0x00, 0x00, 0x00, 0x00, 0x00, 0x00, 0x00, 0x00, 0xBF, 0xFF, 0xFF, 0xFF,
  0xF8, 0x00, 0x00, 0x00, 0x00, 0x00, 0x00, 0x00, 0x05, 0xFF, 0xFF, 0xFF, 0xFF, 0xFF, 0x30, 0x00,
  0x00, 0x00, 0x00, 0x00, 0x00, 0x1D, 0xFF, 0xFF, 0xCD, 0xFF, 0xFF, 0xB0, 0x00, 0x00, 0x00, 0x00,
  0x00, 0x00, 0x9F, 0xFF, 0xFF, 0x47, 0xFF, 0xFF, 0xF6, 0x00, 0x00, 0x00, 0x00, 0x00, 0x03, 0xFF,
  0xFF, 0xFC, 0x02, 0xEF, 0xFF, 0xFE, 0x10, 0x00, 0x00, 0x00, 0x00, 0x0C, 0xFF, 0xFF, 0xF5, 0x00,
  0x8F, 0xFF, 0xFF, 0x90, 0x00, 0x00, 0x00, 0x00, 0x6F, 0xFF, 0xFF, 0xC0, 0x00, 0x2E, 0xFF, 0xFF,
  0xF4, 0x00, 0x00, 0x00, 0x02, 0xEF, 0xFF, 0xFF, 0x40, 0x00, 0x07, 0xFF, 0xFF, 0xFC, 0x10, 0x00,
  0x00, 0x09, 0xFF, 0xFF, 0xFA, 0x00, 0x00, 0x01, 0xDF, 0xFF, 0xFF, 0x70, 0x00, 0x00, 0x4F, 0xFF,
  0xFF, 0xE2, 0x00, 0x00, 0x00, 0x5F, 0xFF, 0xFF, 0xF3, 0x00, 0x01, 0xCE, 0xEE, 0xEE, 0x70, 0x00,
  0x00, 0x00, 0x0A, 0xEE, 0xEE, 0xEA, 0x00, 0x00, 0x11, 0x11, 0x11, 0x00, 0x00, 0x00, 0x00, 0x00,
  0x11, 0x11, 0x11, 0x00, 0x00, 0x11, 0x11, 0x11, 0x00, 0x00, 0x00, 0x00, 0x00, 0x00, 0x11, 0x11,
  0x11, 0x00, 0x03, 0xEE, 0xEE, 0xEE, 0x70, 0x00, 0x00, 0x00, 0x00, 0x09, 0xEE, 0xEE, 0xEC, 0x00,
  0x00, 0xCF, 0xFF, 0xFF, 0xC0, 0x00, 0x00, 0x00, 0x00, 0x1E, 0xFF, 0xFF, 0xF8, 0x00, 0x00, 0x6F,
  0xFF, 0xFF, 0xF3, 0x00, 0x00, 0x00, 0x00, 0x5F, 0xFF, 0xFF, 0xF3, 0x00, 0x00, 0x1E, 0xFF, 0xFF,
  0xF7, 0x00, 0x00, 0x00, 0x00, 0xAF, 0xFF, 0xFF, 0xB0, 0x00, 0x00, 0x0A, 0xFF, 0xFF, 0xFC, 0x00,
  0x00, 0x00, 0x01, 0xEF, 0xFF, 0xFF, 0x60, 0x00, 0x00, 0x04, 0xFF, 0xFF, 0xFF, 0x20, 0x00, 0x00,
  0x05, 0xFF, 0xFF, 0xFE, 0x10, 0x00, 0x00, 0x00, 0xDF, 0xFF, 0xFF, 0x70, 0x00, 0x00, 0x0A, 0xFF,
  0xFF, 0xF9, 0x00, 0x00, 0x00, 0x00, 0x8F, 0xFF, 0xFF, 0xB0, 0x00, 0x00, 0x2E, 0xFF, 0xFF, 0xF4,
  0x00, 0x00, 0x00, 0x00, 0x3F, 0xFF, 0xFF, 0xE2, 0x00, 0x00, 0x6F, 0xFF, 0xFF, 0xC0, 0x00, 0x00,
  0x00, 0x00, 0x0B, 0xFF, 0xFF, 0xF6, 0x00, 0x00, 0xBF, 0xFF, 0xFF, 0x70, 0x00, 0x00, 0x00, 0x00,
  0x06, 0xFF, 0xFF, 0xFB, 0x00, 0x02, 0xEF, 0xFF, 0xFE, 0x20, 0x00, 0x00, 0x00, 0x00, 0x01, 0xEF,
  0xFF, 0xFE, 0x20, 0x06, 0xFF, 0xFF, 0xFA, 0x00, 0x00, 0x00, 0x00, 0x00, 0x00, 0x9F, 0xFF, 0xFF,
  0x60, 0x0B, 0xFF, 0xFF, 0xF5, 0x00, 0x00, 0x00, 0x00, 0x00, 0x00, 0x4F, 0xFF, 0xFF, 0xA0, 0x2E,
  0xFF, 0xFF, 0xD1, 0x00, 0x00, 0x00, 0x00, 0x00, 0x00, 0x0C, 0xFF, 0xFF, 0xD0, 0x5F, 0xFF, 0xFF,
  0x80, 0x00, 0x00, 0x00, 0x00, 0x00, 0x00, 0x07, 0xFF, 0xFF, 0xF2, 0x8F, 0xFF, 0xFF, 0x30, 0x00,
  0x00, 0x00, 0x00, 0x00, 0x00, 0x02, 0xEF, 0xFF, 0xF6, 0xCF, 0xFF, 0xFB, 0x00, 0x00, 0x00, 0x00,
  0x00, 0x00, 0x00, 0x00, 0xBF, 0xFF, 0xFC, 0xEF, 0xFF, 0xF6, 0x00, 0x00, 0x00, 0x00, 0x00, 0x00,
  0x00, 0x00, 0x5F, 0xFF, 0xFF, 0xFF, 0xFF, 0xE1, 0x00, 0x00, 0x00, 0x00, 0x00, 0x00, 0x00, 0x00,
  0x1E, 0xFF, 0xFF, 0xFF, 0xFF, 0x90, 0x00, 0x00, 0x00, 0x00, 0x00, 0x00, 0x00, 0x00, 0x09, 0xFF,
  0xFF, 0xFF, 0xFF, 0x40, 0x00, 0x00, 0x00, 0x00, 0x00, 0x00, 0x00, 0x00, 0x04, 0xFF, 0xFF, 0xFF,
  0xFC, 0x00, 0x00, 0x00, 0x00, 0x00, 0x00, 0x00, 0x00, 0x00, 0x00, 0xCF, 0xFF, 0xFF, 0xF7, 0x00,
  0x00, 0x00, 0x00, 0x00, 0x00, 0x00, 0x00, 0x00, 0x00, 0x9F, 0xFF, 0xFF, 0xE2, 0x00, 0x00, 0x00,
  0x00, 0x00, 0x00, 0x00, 0x00, 0x00, 0x00, 0xBF, 0xFF, 0xFF, 0xB0, 0x00, 0x00, 0x00, 0x00, 0x00,
  0x00, 0x00, 0x00, 0x00, 0x01, 0xEF, 0xFF, 0xFF, 0x50, 0x00, 0x00, 0x00, 0x00, 0x00, 0x00, 0x00,
  0x13, 0x11, 0x2B, 0xFF, 0xFF, 0xFD, 0x10, 0x00, 0x00, 0x00, 0x00, 0x00, 0x00, 0x00, 0x5F, 0xED,
  0xFF, 0xFF, 0xFF, 0xF6, 0x00, 0x00, 0x00, 0x00, 0x00, 0x00, 0x00, 0x00, 0x9F, 0xFF, 0xFF, 0xFF,
  0xFF, 0xB0, 0x00, 0x00, 0x00, 0x00, 0x00, 0x00, 0x00, 0x00, 0xDF, 0xFF, 0xFF, 0xFF, 0xFD, 0x20,
  0x00, 0x00, 0x00, 0x00, 0x00, 0x00, 0x00, 0x04, 0xFF, 0xFF, 0xFF, 0xFF, 0xB2, 0x00, 0x00, 0x00,
  0x00, 0x00, 0x00, 0x00, 0x00, 0x03, 0x9C, 0xDE, 0xDC, 0x94, 0x00, 0x00, 0x00, 0x00, 0x00, 0x00,
  0x00, 0x00, 0x00, 0x00, 0x00, 0x11, 0x10, 0x00, 0x00, 0x00, 0x00, 0x00, 0x00, 0x00, 0x00, 0x00,
  0x00, 0x00, 0x11, 0x11, 0x11, 0x11, 0x11, 0x11, 0x11, 0x11, 0x11, 0x00, 0x00, 0x00, 0x01, 0xDE,
  0xEE, 0xEE, 0xEE, 0xEE, 0xEE, 0xEE, 0xEE, 0xEE, 0x70, 0x00, 0x00, 0x01, 0xEF, 0xFF, 0xFF, 0xFF,
  0xFF, 0xFF, 0xFF, 0xFF, 0xFF, 0x80, 0x00, 0x00, 0x01, 0xEF, 0xFF, 0xFF, 0xFF, 0xFF, 0xFF, 0xFF,
  0xFF, 0xFF, 0x70, 0x00, 0x00, 0x01, 0xFF, 0xFF, 0xFF, 0xFF, 0xFF, 0xFF, 0xFF, 0xFF, 0xFF, 0x80,
  0x00, 0x00, 0x01, 0xCD, 0xDD, 0xDD, 0xDD, 0xDD, 0xDF, 0xFF, 0xFF, 0xFE, 0x30, 0x00, 0x00, 0x00,
  0x00, 0x00, 0x00, 0x00, 0x10, 0x7F, 0xFF, 0xFF, 0xF5, 0x00, 0x00, 0x00, 0x00, 0x00, 0x00, 0x00,
  0x00, 0x04, 0xFF, 0xFF, 0xFF, 0x80, 0x00, 0x00, 0x00, 0x00, 0x00, 0x00, 0x00, 0x00, 0x2E, 0xFF,
  0xFF, 0xFB, 0x00, 0x00, 0x00, 0x00, 0x00, 0x00, 0x00, 0x00, 0x01, 0xCF, 0xFF, 0xFF, 0xE2, 0x00,
  0x00, 0x00, 0x00, 0x00, 0x00, 0x00, 0x00, 0x0A, 0xFF, 0xFF, 0xFF, 0x40, 0x00, 0x00, 0x00, 0x00,
  0x00, 0x00, 0x00, 0x00, 0x7F, 0xFF, 0xFF, 0xF8, 0x00, 0x00, 0x00, 0x00, 0x00, 0x00, 0x00, 0x00,
  0x05, 0xFF, 0xFF, 0xFF, 0xB0, 0x00, 0x00, 0x00, 0x00, 0x00, 0x00, 0x00, 0x00, 0x2E, 0xFF, 0xFF,
  0xFD, 0x10, 0x00, 0x00, 0x00, 0x00, 0x00, 0x00, 0x00, 0x01, 0xCF, 0xFF, 0xFF, 0xF4, 0x00, 0x00,
  0x00, 0x00, 0x00, 0x00, 0x00, 0x00, 0x0A, 0xFF, 0xFF, 0xFF, 0x70, 0x00, 0x00, 0x00, 0x00, 0x00,
  0x00, 0x00, 0x00, 0x7F, 0xFF, 0xFF, 0xFA, 0x00, 0x00, 0x00, 0x00, 0x00, 0x00, 0x00, 0x00, 0x05,
  0xFF, 0xFF, 0xFF, 0xC1, 0x00, 0x00, 0x00, 0x00, 0x00, 0x00, 0x00, 0x00, 0x2E, 0xFF, 0xFF, 0xFE,
  0x41, 0x11, 0x11, 0x11, 0x11, 0x00, 0x00, 0x00, 0x01, 0xCF, 0xFF, 0xFF, 0xFF, 0xEE, 0xEE, 0xEE,
  0xEE, 0xEE, 0x70, 0x00, 0x00, 0x07, 0xFF, 0xFF, 0xFF, 0xFF, 0xFF, 0xFF, 0xFF, 0xFF, 0xFF, 0x80,
  0x00, 0x00, 0x08, 0xFF, 0xFF, 0xFF, 0xFF, 0xFF, 0xFF, 0xFF, 0xFF, 0xFF, 0x70, 0x00, 0x00, 0x08,
  0xFF, 0xFF, 0xFF, 0xFF, 0xFF, 0xFF, 0xFF, 0xFF, 0xFF, 0x80, 0x00, 0x00, 0x06, 0xDC, 0xDD, 0xDD,
  0xDD, 0xDD, 0xDD, 0xDD, 0xDD, 0xCD, 0x60, 0x00, 0x00, 0x00, 0x10, 0x00, 0x00, 0x00, 0x00, 0x00,
  0x00, 0x00, 0x01, 0x00, 0x00, 0x00, 0x00, 0x00, 0x00, 0x00, 0x00, 0x00, 0x00, 0x11, 0x10, 0x00,
  0x00, 0x00, 0x00, 0x00, 0x00, 0x00, 0x37, 0xAC, 0xDE, 0xA0, 0x00, 0x00, 0x00, 0x00, 0x00, 0x00,
  0x1A, 0xFF, 0xFF, 0xFF, 0xB0, 0x00, 0x00, 0x00, 0x00, 0x00, 0x01, 0xCF, 0xFF, 0xFF, 0xFF, 0xB0,
  0x00, 0x00, 0x00, 0x00, 0x00, 0x08, 0xFF, 0xFF, 0xFF, 0xFF, 0xB0, 0x00, 0x00, 0x00, 0x00, 0x00,
  0x1E, 0xFF, 0xFF, 0xFF, 0xED, 0x90, 0x00, 0x00, 0x00, 0x00, 0x00, 0x4F, 0xFF, 0xFF, 0xF7, 0x20,
  0x00, 0x00, 0x00, 0x00, 0x00, 0x00, 0x6F, 0xFF, 0xFF, 0x80, 0x00, 0x00, 0x00, 0x00, 0x00, 0x00,
  0x00, 0x7F, 0xFF, 0xFF, 0x30, 0x00, 0x00, 0x00, 0x00, 0x00, 0x00, 0x00, 0x7F, 0xFF, 0xFE, 0x10,
  0x00, 0x00, 0x00, 0x00, 0x00, 0x00, 0x00, 0x7F, 0xFF, 0xFE, 0x10, 0x00, 0x00, 0x00, 0x00, 0x00,
  0x00, 0x00, 0x7F, 0xFF, 0xFE, 0x10, 0x00, 0x00, 0x00, 0x00, 0x00, 0x00, 0x00, 0x8F, 0xFF, 0xFE,
  0x10, 0x00, 0x00, 0x00, 0x00, 0x00, 0x00, 0x00, 0x8F, 0xFF, 0xFE, 0x10, 0x00, 0x00, 0x00, 0x00,
  0x00, 0x00, 0x00, 0xBF, 0xFF, 0xFE, 0x10, 0x00, 0x00, 0x00, 0x00, 0x00, 0x00, 0x04, 0xFF, 0xFF,
  0xFC, 0x00, 0x00, 0x00, 0x00, 0x00, 0x00, 0x34, 0x8E, 0xFF, 0xFF, 0xF9, 0x00, 0x00, 0x00, 0x00,
  0x00, 0x01, 0xFF, 0xFF, 0xFF, 0xFF, 0xD2, 0x00, 0x00, 0x00, 0x00, 0x00, 0x01, 0xEF, 0xFF, 0xFF,
  0xFB, 0x20, 0x00, 0x00, 0x00, 0x00, 0x00, 0x01, 0xEF, 0xFF, 0xFB, 0x20, 0x00, 0x00, 0x00, 0x00,
  0x00, 0x00, 0x01, 0xEF, 0xFF, 0xFD, 0x94, 0x00, 0x00, 0x00, 0x00, 0x00, 0x00, 0x01, 0xFF, 0xFF,
  0xFF, 0xFF, 0x70, 0x00, 0x00, 0x00, 0x00, 0x00, 0x01, 0xAB, 0xEF, 0xFF, 0xFF, 0xF4, 0x00, 0x00,
  0x00, 0x00, 0x00, 0x00, 0x00, 0x2A, 0xFF, 0xFF, 0xFA, 0x00, 0x00, 0x00, 0x00, 0x00, 0x00, 0x00,
  0x01, 0xDF, 0xFF, 0xFD, 0x00, 0x00, 0x00, 0x00, 0x00, 0x00, 0x00, 0x00, 0x9F, 0xFF, 0xFE, 0x10,
  0x00, 0x00, 0x00, 0x00, 0x00, 0x00, 0x00, 0x8F, 0xFF, 0xFE, 0x10, 0x00, 0x00, 0x00, 0x00, 0x00,
  0x00, 0x00, 0x7F, 0xFF, 0xFE, 0x10, 0x00, 0x00, 0x00, 0x00, 0x00, 0x00, 0x00, 0x7F, 0xFF, 0xFE,
  0x10, 0x00, 0x00, 0x00, 0x00, 0x00, 0x00, 0x00, 0x7F, 0xFF, 0xFE, 0x10, 0x00, 0x00, 0x00, 0x00,
  0x00, 0x00, 0x00, 0x7F, 0xFF, 0xFE, 0x10, 0x00, 0x00, 0x00, 0x00, 0x00, 0x00, 0x00, 0x7F, 0xFF,
  0xFF, 0x30, 0x00, 0x00, 0x00, 0x00, 0x00, 0x00, 0x00, 0x6F, 0xFF, 0xFF, 0x90, 0x00, 0x00, 0x00,
  0x00, 0x00, 0x00, 0x00, 0x4F, 0xFF, 0xFF, 0xF8, 0x20, 0x00, 0x00, 0x00, 0x00, 0x00, 0x00, 0x1E,
  0xFF, 0xFF, 0xFF, 0xED, 0x90, 0x00, 0x00, 0x00, 0x00, 0x00, 0x08, 0xFF, 0xFF, 0xFF, 0xFF, 0xB0,
  0x00, 0x00, 0x00, 0x00, 0x00, 0x01, 0xBF, 0xFF, 0xFF, 0xFF, 0xB0, 0x00, 0x00, 0x00, 0x00, 0x00,
  0x00, 0x19, 0xFF, 0xFF, 0xFF, 0xB0, 0x00, 0x00, 0x00, 0x00, 0x00, 0x00, 0x00, 0x37, 0xAC, 0xDE,
  0xA0, 0x00, 0x00, 0x00, 0x00, 0x00, 0x00, 0x00, 0x00, 0x00, 0x11, 0x10, 0x00, 0x00, 0x00, 0x00,
  0x11, 0x11, 0x11, 0x00, 0x00, 0x00, 0x00, 0x00, 0x01, 0xDE, 0xEE, 0xED, 0x10, 0x00, 0x00, 0x00,
  0x00, 0x01, 0xEF, 0xFF, 0xFE, 0x10, 0x00, 0x00, 0x00, 0x00, 0x01, 0xEF, 0xFF, 0xFE, 0x10, 0x00,
  0x00, 0x00, 0x00, 0x01, 0xEF, 0xFF, 0xFE, 0x10, 0x00, 0x00, 0x00, 0x00, 0x01, 0xEF, 0xFF, 0xFE,
  0x10, 0x00, 0x00, 0x00, 0x00, 0x01, 0xEF, 0xFF, 0xFE, 0x10, 0x00, 0x00, 0x00, 0x00, 0x01, 0xEF,
  0xFF, 0xFE, 0x10, 0x00, 0x00, 0x00, 0x00, 0x01, 0xEF, 0xFF, 0xFE, 0x10, 0x00, 0x00, 0x00, 0x00,
  0x01, 0xEF, 0xFF, 0xFE, 0x10, 0x00, 0x00, 0x00, 0x00, 0x01, 0xEF, 0xFF, 0xFE, 0x10, 0x00, 0x00,
  0x00, 0x00, 0x01, 0xEF, 0xFF, 0xFE, 0x10, 0x00, 0x00, 0x00, 0x00, 0x01, 0xEF, 0xFF, 0xFE, 0x10,
  0x00, 0x00, 0x00, 0x00, 0x01, 0xEF, 0xFF, 0xFE, 0x10, 0x00, 0x00, 0x00, 0x00, 0x01, 0xEF, 0xFF,
  0xFE, 0x10, 0x00, 0x00, 0x00, 0x00, 0x01, 0xEF, 0xFF, 0xFE, 0x10, 0x00, 0x00, 0x00, 0x00, 0x01,
  0xEF, 0xFF, 0xFE, 0x10, 0x00, 0x00, 0x00, 0x00, 0x01, 0xEF, 0xFF, 0xFE, 0x10, 0x00, 0x00, 0x00,
  0x00, 0x01, 0xEF, 0xFF, 0xFE, 0x10, 0x00, 0x00, 0x00, 0x00, 0x01, 0xEF, 0xFF, 0xFE, 0x10, 0x00,
  0x00, 0x00, 0x00, 0x01, 0xEF, 0xFF, 0xFE, 0x10, 0x00, 0x00, 0x00, 0x00, 0x01, 0xEF, 0xFF, 0xFE,
  0x10, 0x00, 0x00, 0x00, 0x00, 0x01, 0xEF, 0xFF, 0xFE, 0x10, 0x00, 0x00, 0x00, 0x00, 0x01, 0xEF,
  0xFF, 0xFE, 0x10, 0x00, 0x00, 0x00, 0x00, 0x01, 0xEF, 0xFF, 0xFE, 0x10, 0x00, 0x00, 0x00, 0x00,
  0x01, 0xEF, 0xFF, 0xFE, 0x10, 0x00, 0x00, 0x00, 0x00, 0x01, 0xEF, 0xFF, 0xFE, 0x10, 0x00, 0x00,
  0x00, 0x00, 0x01, 0xEF, 0xFF, 0xFE, 0x10, 0x00, 0x00, 0x00, 0x00, 0x01, 0xEF, 0xFF, 0xFE, 0x10,
  0x00, 0x00, 0x00, 0x00, 0x01, 0xEF, 0xFF, 0xFE, 0x10, 0x00, 0x00, 0x00, 0x00, 0x01, 0xEF, 0xFF,
  0xFE, 0x10, 0x00, 0x00, 0x00, 0x00, 0x01, 0xEF, 0xFF, 0xFE, 0x10, 0x00, 0x00, 0x00, 0x00, 0x01,
  0xEF, 0xFF, 0xFE, 0x10, 0x00, 0x00, 0x00, 0x00, 0x01, 0xEF, 0xFF, 0xFE, 0x10, 0x00, 0x00, 0x00,
  0x00, 0x01, 0xEF, 0xFF, 0xFE, 0x10, 0x00, 0x00, 0x00, 0x00, 0x01, 0xEF, 0xFF, 0xFE, 0x10, 0x00,
  0x00, 0x00, 0x00, 0x01, 0xEF, 0xFF, 0xFE, 0x10, 0x00, 0x00, 0x00, 0x00, 0x01, 0xEF, 0xFF, 0xFE,
  0x10, 0x00, 0x00, 0x00, 0x00, 0x01, 0xEF, 0xFF, 0xFE, 0x10, 0x00, 0x00, 0x00, 0x00, 0x01, 0xEF,
  0xFF, 0xFE, 0x10, 0x00, 0x00, 0x00, 0x00, 0x01, 0xEF, 0xFF, 0xFE, 0x10, 0x00, 0x00, 0x00, 0x00,
  0x01, 0xEF, 0xFF, 0xFE, 0x10, 0x00, 0x00, 0x00, 0x00, 0x01, 0xEF, 0xFF, 0xFE, 0x10, 0x00, 0x00,
  0x00, 0x00, 0x01, 0xEF, 0xFF, 0xFE, 0x10, 0x00, 0x00, 0x00, 0x00, 0x01, 0xEF, 0xFF, 0xFE, 0x10,
  0x00, 0x00, 0x00, 0x00, 0x01, 0xEF, 0xFF, 0xFE, 0x10, 0x00, 0x00, 0x00, 0x00, 0x01, 0xEF, 0xFF,
  0xFE, 0x10, 0x00, 0x00, 0x00, 0x00, 0x01, 0xEF, 0xFF, 0xFE, 0x10, 0x00, 0x00, 0x00, 0x00, 0x01,
  0xEF, 0xFF, 0xFE, 0x10, 0x00, 0x00, 0x00, 0x00, 0x01, 0xEF, 0xFF, 0xFE, 0x10, 0x00, 0x00, 0x00,
  0x00, 0x01, 0xEF, 0xFF, 0xFE, 0x10, 0x00, 0x00, 0x00, 0x00, 0x01, 0xDE, 0xEE, 0xED, 0x10, 0x00,
  0x00, 0x00, 0x00, 0x00, 0x11, 0x11, 0x11, 0x00, 0x00, 0x00, 0x00, 0x01, 0x10, 0x00, 0x00, 0x00,
  0x00, 0x00, 0x00, 0x00, 0x00, 0x00, 0x0D, 0xED, 0xB9, 0x62, 0x00, 0x00, 0x00, 0x00, 0x00, 0x00,
  0x00, 0x0E, 0xFF, 0xFF, 0xFE, 0x70, 0x00, 0x00, 0x00, 0x00, 0x00, 0x00, 0x0D, 0xFF, 0xFF, 0xFF,
  0xF9, 0x00, 0x00, 0x00, 0x00, 0x00, 0x00, 0x0E, 0xFF, 0xFF, 0xFF, 0xFF, 0x50, 0x00, 0x00, 0x00,
  0x00, 0x00, 0x0B, 0xDF, 0xFF, 0xFF, 0xFF, 0xB0, 0x00, 0x00, 0x00, 0x00, 0x00, 0x00, 0x03, 0xAF,
  0xFF, 0xFF, 0xE2, 0x00, 0x00, 0x00, 0x00, 0x00, 0x00, 0x00, 0x0C, 0xFF, 0xFF, 0xF3, 0x00, 0x00,
  0x00, 0x00, 0x00, 0x00, 0x00, 0x07, 0xFF, 0xFF, 0xF4, 0x00, 0x00, 0x00, 0x00, 0x00, 0x00, 0x00,
  0x05, 0xFF, 0xFF, 0xF4, 0x00, 0x00, 0x00, 0x00, 0x00, 0x00, 0x00, 0x05, 0xFF, 0xFF, 0xF4, 0x00,
  0x00, 0x00, 0x00, 0x00, 0x00, 0x00, 0x05, 0xFF, 0xFF, 0xF4, 0x00, 0x00, 0x00, 0x00, 0x00, 0x00,
  0x00, 0x05, 0xFF, 0xFF, 0xF4, 0x00, 0x00, 0x00, 0x00, 0x00, 0x00, 0x00, 0x05, 0xFF, 0xFF, 0xF5,
  0x00, 0x00, 0x00, 0x00, 0x00, 0x00, 0x00, 0x05, 0xFF, 0xFF, 0xF7, 0x00, 0x00, 0x00, 0x00, 0x00,
  0x00, 0x00, 0x04, 0xFF, 0xFF, 0xFC, 0x00, 0x00, 0x00, 0x00, 0x00, 0x00, 0x00, 0x01, 0xEF, 0xFF,
  0xFF, 0xA2, 0x00, 0x00, 0x00, 0x00, 0x00, 0x00, 0x00, 0x7F, 0xFF, 0xFF, 0xFE, 0xCA, 0x00, 0x00,
  0x00, 0x00, 0x00, 0x00, 0x07, 0xFF, 0xFF, 0xFF, 0xFE, 0x00, 0x00, 0x00, 0x00, 0x00, 0x00, 0x00,
  0x27, 0xEF, 0xFF, 0xFD, 0x00, 0x00, 0x00, 0x00, 0x00, 0x00, 0x00, 0x27, 0xEF, 0xFF, 0xFD, 0x00,
  0x00, 0x00, 0x00, 0x00, 0x00, 0x08, 0xFF, 0xFF, 0xFF, 0xFE, 0x00, 0x00, 0x00, 0x00, 0x00, 0x00,
  0x7F, 0xFF, 0xFF, 0xFE, 0xCA, 0x00, 0x00, 0x00, 0x00, 0x00, 0x01, 0xEF, 0xFF, 0xFF, 0x92, 0x00,
  0x00, 0x00, 0x00, 0x00, 0x00, 0x04, 0xFF, 0xFF, 0xFC, 0x00, 0x00, 0x00, 0x00, 0x00, 0x00, 0x00,
  0x05, 0xFF, 0xFF, 0xF7, 0x00, 0x00, 0x00, 0x00, 0x00, 0x00, 0x00, 0x05, 0xFF, 0xFF, 0xF5, 0x00,
  0x00, 0x00, 0x00, 0x00, 0x00, 0x00, 0x05, 0xFF, 0xFF, 0xF4, 0x00, 0x00, 0x00, 0x00, 0x00, 0x00,
  0x00, 0x05, 0xFF, 0xFF, 0xF4, 0x00, 0x00, 0x00, 0x00, 0x00, 0x00, 0x00, 0x05, 0xFF, 0xFF, 0xF4,
  0x00, 0x00, 0x00, 0x00, 0x00, 0x00, 0x00, 0x05, 0xFF, 0xFF, 0xF4, 0x00, 0x00, 0x00, 0x00, 0x00,
  0x00, 0x00, 0x07, 0xFF, 0xFF, 0xF4, 0x00, 0x00, 0x00, 0x00, 0x00, 0x00, 0x00, 0x0C, 0xFF, 0xFF,
  0xF3, 0x00, 0x00, 0x00, 0x00, 0x00, 0x00, 0x03, 0xAF, 0xFF, 0xFF, 0xE2, 0x00, 0x00, 0x00, 0x00,
  0x00, 0x0B, 0xDF, 0xFF, 0xFF, 0xFF, 0xB0, 0x00, 0x00, 0x00, 0x00, 0x00, 0x0E, 0xFF, 0xFF, 0xFF,
  0xFF, 0x50, 0x00, 0x00, 0x00, 0x00, 0x00, 0x0D, 0xFF, 0xFF, 0xFF, 0xF9, 0x00, 0x00, 0x00, 0x00,
  0x00, 0x00, 0x0E, 0xFF, 0xFF, 0xFE, 0x80, 0x00, 0x00, 0x00, 0x00, 0x00, 0x00, 0x0D, 0xED, 0xB9,
  0x62, 0x00, 0x00, 0x00, 0x00, 0x00, 0x00, 0x00, 0x01, 0x11, 0x00, 0x00, 0x00, 0x00, 0x00, 0x00,
  0x00, 0x00, 0x00, 0x00, 0x00, 0x00, 0x01, 0x10, 0x00, 0x00, 0x00, 0x00, 0x00, 0x00, 0x00, 0x00,
  0x00, 0x00, 0x00, 0x00, 0x05, 0xAD, 0xEC, 0x82, 0x00, 0x00, 0x00, 0x04, 0x44, 0x44, 0x00, 0x00,
  0x00, 0x00, 0x00, 0x9F, 0xFF, 0xFF, 0xFE, 0x60, 0x00, 0x00, 0x1F, 0xFF, 0xFE, 0x10, 0x00, 0x00,
  0x00, 0x07, 0xFF, 0xFF, 0xFF, 0xFF, 0xF7, 0x00, 0x00, 0x3F, 0xFF, 0xFD, 0x00, 0x00, 0x00, 0x00,
  0x2E, 0xFF, 0xFF, 0xFF, 0xFF, 0xFF, 0x80, 0x00, 0xAF, 0xFF, 0xFB, 0x00, 0x00, 0x00, 0x00, 0x6F,
  0xFF, 0xFF, 0xFE, 0xFF, 0xFF, 0xFC, 0x8B, 0xFF, 0xFF, 0xF8, 0x00, 0x00, 0x00, 0x00, 0xAF, 0xFF,
  0xFD, 0x41, 0x5E, 0xFF, 0xFF, 0xFF, 0xFF, 0xFF, 0xF4, 0x00, 0x00, 0x00, 0x00, 0xCF, 0xFF, 0xF6,
  0x00, 0x03, 0xDF, 0xFF, 0xFF, 0xFF, 0xFF, 0xB0, 0x00, 0x00, 0x00, 0x01, 0xEF, 0xFF, 0xF2, 0x00,
  0x00, 0x2C, 0xFF, 0xFF, 0xFF, 0xFE, 0x20, 0x00, 0x00, 0x00, 0x01, 0xAB, 0xBB, 0xA1, 0x00, 0x00,
  0x01, 0x9E, 0xFF, 0xFF, 0xB3, 0x00, 0x00, 0x00, 0x00, 0x00, 0x00, 0x00, 0x00, 0x00, 0x00, 0x00,
  0x02, 0x67, 0x74, 0x00, 0x00, 0x00, 0x00, 0x00, 0x00, 0x00, 0x00, 0x00, 0x00, 0x00, 0x00, 0x00,
  0x00, 0x00, 0x00, 0x00, 0x00, 0x00, 0x00, 0x00, 0x00, 0x00, 0x00, 0x00, 0x00, 0x00, 0x00, 0x00,
  0x00, 0x00, 0x00, 0x00, 0x00, 0x00, 0x00, 0x00, 0x00, 0x00, 0x00, 0x00, 0x00, 0x00, 0x00, 0x00,
  0x00, 0x00, 0x00, 0x00, 0x00, 0x00, 0x00, 0x00, 0x00, 0x00, 0x00, 0x00, 0x00, 0x00, 0x00, 0x00,
  0x00, 0x00, 0x00, 0x00, 0x00, 0x00, 0x00, 0x00, 0x00, 0x00, 0x00, 0x00, 0x00, 0x00, 0x00, 0x00,
  0x00, 0x00, 0x00, 0x00, 0x00, 0x00, 0x00, 0x00, 0x00, 0x00, 0x00, 0x00, 0x00, 0x00, 0x00, 0x00,
  0x00, 0x00, 0x00, 0x00, 0x00, 0x00, 0x00, 0x00, 0x00, 0x00, 0x00, 0x00, 0x00, 0x00, 0x00, 0x00,
  0x00, 0x00, 0x00, 0x00, 0x00, 0x00, 0x00, 0x00, 0x00, 0x00, 0x00, 0x00, 0x00, 0x00, 0x00,
};

static const BadgeSmoothGlyph font_helvetica_42_glyphs[] PROGMEM = {
  {0, 12, 2, 10, -1, -1}, // ' '
  {12, 16, 34, 14, -1, -32}, // '!'
  {284, 25, 33, 23, -1, -32}, // '"'
  {697, 30, 34, 28, -1, -32}, // '#'
  {1207, 30, 42, 28, -1, -36}, // '$'
  {1837, 45, 34, 43, -1, -32}, // '%'
  {2602, 30, 34, 28, -1, -32}, // '&'
  {3112, 16, 33, 14, -1, -32}, // "'"
  {3376, 18, 40, 16, -1, -34}, // '('
  {3736, 18, 40, 16, -1, -34}, // ')'
  {4096, 26, 33, 24, -1, -32}, // '*'
  {4525, 30, 25, 28, -1, -24}, // '+'
  {4900, 16, 15, 14, -1, -6}, // ','
  {5020, 22, 17, 20, -1, -16}, // '-'
  {5207, 16, 17, 14, -1, -16}, // '.'
  {5343, 18, 39, 16, -1, -34}, // '/'
  {5694, 30, 34, 28, -1, -32}, // '0'
  {6204, 20, 33, 18, -1, -32}, // '1'
  {6534, 29, 34, 27, -1, -32}, // '2'
  {7027, 29, 34, 27, -1, -32}, // '3'
  {7520, 30, 33, 28, -1, -32}, // '4'
  {8015, 28, 33, 26, -1, -32}, // '5'
  {8477, 30, 34, 28, -1, -32}, // '6'
  {8987, 26, 33, 24, -1, -32}, // '7'
  {9416, 29, 34, 27, -1, -32}, // '8'
  {9909, 30, 34, 28, -1, -32}, // '9'
  {10419, 16, 17, 14, -1, -16}, // ':'
  {10555, 16, 32, 14, -1, -24}, // ';'
  {10811, 30, 26, 28, -1, -26}, // '<'
  {11201, 30, 22, 28, -1, -21}, // '='
  {11531, 30, 26, 28, -1, -26}, // '>'
  {11921, 25, 34, 23, -1, -32}, // '?'
  {12346, 45, 42, 43, -1, -32}, // '@'
  {13291, 34, 34, 32, -1, -32}, // 'A'
  {13869, 30, 33, 28, -1, -32}, // 'B'
  {14364, 33, 34, 31, -1, -32}, // 'C'
  {14925, 32, 33, 30, -1, -32}, // 'D'
  {15453, 28, 33, 26, -1, -32}, // 'E'
  {15915, 27, 33, 25, -1, -32}, // 'F'
  {16361, 34, 34, 32, -1, -32}, // 'G'
  {16939, 34, 33, 32, -1, -32}, // 'H'
  {17500, 14, 33, 12, -1, -32}, // 'I'
  {17731, 27, 34, 25, -1, -32}, // 'J'
  {18190, 32, 33, 30, -1, -32}, // 'K'
  {18718, 26, 33, 24, -1, -32}, // 'L'
  {19147, 42, 33, 40, -1, -32}, // 'M'
  {19840, 34, 33, 32, -1, -32}, // 'N'
  {20401, 34, 34, 32, -1, -32}, // 'O'
  {20979, 30, 32, 28, -1, -32}, // 'P'
  {21459, 34, 36, 32, -1, -32}, // 'Q'
  {22071, 30, 33, 28, -1, -32}, // 'R'
  {22566, 30, 34, 28, -1, -32}, // 'S'
  {23076, 30, 34, 28, -1, -32}, // 'T'
  {23586, 33, 34, 31, -1, -32}, // 'U'
  {24147, 34, 33, 32, -1, -32}, // 'V'
  {24708, 46, 33, 44, -1, -32}, // 'W'
  {25467, 33, 33, 31, -1, -32}, // 'X'
  {26012, 33, 33, 31, -1, -32}, // 'Y'
  {26557, 30, 33, 28, -1, -32}, // 'Z'
  {27052, 18, 40, 16, -1, -34}, // '['
  {27412, 18, 39, 16, -1, -34}, // '\\'
  {27763, 18, 40, 16, -1, -34}, // ']'
  {28123, 22, 32, 20, -1, -32}, // '^'
  {28475, 22, 7, 20, -1, -1}, // '_'
  {28552, 18, 34, 16, -1, -34}, // '`'
  {28858, 26, 26, 24, -1, -24}, // 'a'
  {29196, 28, 34, 26, -1, -32}, // 'b'
  {29672, 26, 26, 24, -1, -24}, // 'c'
  {30010, 28, 34, 26, -1, -32}, // 'd'
  {30486, 27, 26, 25, -1, -24}, // 'e'
  {30837, 19, 33, 17, -1, -32}, // 'f'
  {31151, 28, 35, 26, -1, -24}, // 'g'
  {31641, 28, 33, 26, -1, -32}, // 'h'
  {32103, 14, 32, 12, -1, -32}, // 'i'
  {32327, 15, 34, 12, -2, -24}, // 'j'
  {32582, 26, 33, 24, -1, -32}, // 'k'
  {33011, 14, 33, 12, -1, -32}, // 'l'
  {33242, 40, 26, 38, -1, -24}, // 'm'
  {33762, 28, 26, 26, -1, -24}, // 'n'
  {34126, 28, 26, 26, -1, -24}, // 'o'
  {34490, 28, 34, 26, -1, -24}, // 'p'
  {34966, 28, 34, 26, -1, -24}, // 'q'
  {35442, 19, 26, 17, -1, -24}, // 'r'
  {35689, 26, 26, 24, -1, -24}, // 's'
  {36027, 18, 33, 16, -1, -32}, // 't'
  {36324, 28, 25, 26, -1, -24}, // 'u'
  {36674, 27, 26, 25, -1, -24}, // 'v'
  {37025, 38, 26, 36, -1, -24}, // 'w'
  {37519, 26, 25, 24, -1, -24}, // 'x'
  {37844, 28, 34, 26, -1, -24}, // 'y'
  {38320, 26, 25, 24, -1, -24}, // 'z'
  {38645, 22, 40, 20, -1, -34}, // '{'
  {39085, 18, 53, 16, -1, -42}, // '|'
  {39562, 22, 40, 20, -1, -34}, // '}'
  {40002, 30, 19, 28, -1, -18}, // '~'
};

static const BadgeSmoothFont font_helvetica_42 PROGMEM = {
  font_helvetica_42_alpha,
  font_helvetica_42_glyphs,
  32, 126,
  52,
  42,
  4,
};
