#pragma once
#include <stdint.h>
#include "badge_smooth_font.h"

// Auto-generated — 28px 4bpp AA (oversample×2)
static const uint8_t font_spacegrotesk_28_alpha[] PROGMEM = {
  0x00, 0x00, 0x00, 0x00, 0x00, 0x00, 0x00, 0x00, 0x00, 0x00, 0x01, 0x11, 0x10, 0x00, 0x00, 0x0A,
  0xEE, 0xA0, 0x00, 0x00, 0x0B, 0xFF, 0xA0, 0x00, 0x00, 0x0A, 0xFF, 0xA0, 0x00, 0x00, 0x0A, 0xFF,
  0xA0, 0x00, 0x00, 0x0A, 0xFF, 0xA0, 0x00, 0x00, 0x0A, 0xFF, 0xA0, 0x00, 0x00, 0x0A, 0xFF, 0xA0,
  0x00, 0x00, 0x0A, 0xFF, 0xA0, 0x00, 0x00, 0x0A, 0xFF, 0xA0, 0x00, 0x00, 0x0A, 0xFF, 0xA0, 0x00,
  0x00, 0x0A, 0xFF, 0xA0, 0x00, 0x00, 0x0A, 0xFF, 0xA0, 0x00, 0x00, 0x0B, 0xFF, 0xA0, 0x00, 0x00,
  0x02, 0x22, 0x20, 0x00, 0x00, 0x00, 0x44, 0x00, 0x00, 0x00, 0x1C, 0xFF, 0xC1, 0x00, 0x00, 0x7F,
  0xFF, 0xF7, 0x00, 0x00, 0x9F, 0xFF, 0xF9, 0x00, 0x00, 0x5F, 0xFF, 0xF6, 0x00, 0x00, 0x08, 0xDE,
  0x80, 0x00, 0x00, 0x00, 0x11, 0x00, 0x00, 0x00, 0x00, 0x11, 0x00, 0x00, 0x11, 0x00, 0x00, 0x00,
  0x07, 0xDD, 0x70, 0x07, 0xDD, 0x70, 0x00, 0x00, 0x4F, 0xFF, 0xF4, 0x4F, 0xFF, 0xF4, 0x00, 0x00,
  0x8F, 0xFF, 0xF6, 0x7F, 0xFF, 0xF8, 0x00, 0x00, 0x5F, 0xFF, 0xF7, 0x4F, 0xFF, 0xF8, 0x00, 0x00,
  0x07, 0xDE, 0xF7, 0x08, 0xEE, 0xF7, 0x00, 0x00, 0x00, 0x07, 0xF7, 0x00, 0x07, 0xF7, 0x00, 0x00,
  0x01, 0x1A, 0xF7, 0x01, 0x1A, 0xF7, 0x00, 0x00, 0x0B, 0xFF, 0xF3, 0x0C, 0xFF, 0xF3, 0x00, 0x00,
  0x0B, 0xEC, 0x60, 0x0C, 0xEC, 0x60, 0x00, 0x00, 0x01, 0x10, 0x00, 0x01, 0x10, 0x00, 0x00, 0x00,
  0x00, 0x00, 0x00, 0x00, 0x00, 0x00, 0x00, 0x00, 0x00, 0x00, 0x00, 0x00, 0x00, 0x00, 0x00, 0x00,
  0x00, 0x00, 0x00, 0x00, 0x00, 0x00, 0x00, 0x00, 0x00, 0x00, 0x00, 0x00, 0x00, 0x00, 0x00, 0x00,
  0x00, 0x00, 0x00, 0x00, 0x00, 0x00, 0x00, 0x00, 0x00, 0x00, 0x00, 0x00, 0x00, 0x00, 0x00, 0x00,
  0x00, 0x00, 0x00, 0x00, 0x00, 0x00, 0x00, 0x00, 0x00, 0x00, 0x00, 0x00, 0x00, 0x00, 0x00, 0x00,
  0x00, 0x00, 0x00, 0x00, 0x00, 0x00, 0x00, 0x00, 0x00, 0x00, 0x00, 0x00, 0x00, 0x00, 0x00, 0x00,
  0x00, 0x00, 0x00, 0x00, 0x00, 0x00, 0x00, 0x00, 0x00, 0x01, 0x11, 0x00, 0x00, 0x11, 0x10, 0x00,
  0x00, 0x00, 0x00, 0x0C, 0xEE, 0x30, 0x03, 0xEE, 0xC0, 0x00, 0x00, 0x00, 0x00, 0x0D, 0xFF, 0x30,
  0x03, 0xFF, 0xD0, 0x00, 0x00, 0x00, 0x00, 0x0D, 0xFF, 0x30, 0x03, 0xFF, 0xD0, 0x00, 0x00, 0x00,
  0x00, 0x0D, 0xFF, 0x30, 0x03, 0xFF, 0xD0, 0x00, 0x00, 0x00, 0x00, 0x0D, 0xFF, 0x30, 0x03, 0xFF,
  0xD0, 0x00, 0x00, 0x00, 0x9A, 0xAE, 0xFF, 0xBA, 0xAB, 0xFF, 0xEA, 0xA9, 0x00, 0x00, 0xEF, 0xFF,
  0xFF, 0xFF, 0xFF, 0xFF, 0xFF, 0xFE, 0x00, 0x00, 0xFF, 0xFF, 0xFF, 0xFF, 0xFF, 0xFF, 0xFF, 0xFF,
  0x00, 0x00, 0x77, 0x7E, 0xFF, 0x97, 0x79, 0xFF, 0xE7, 0x77, 0x00, 0x00, 0x00, 0x0D, 0xFF, 0x20,
  0x02, 0xFF, 0xD0, 0x00, 0x00, 0x00, 0x00, 0x0D, 0xFF, 0x20, 0x02, 0xFF, 0xD0, 0x00, 0x00, 0x00,
  0x77, 0x7E, 0xFF, 0x97, 0x79, 0xFF, 0xE7, 0x77, 0x00, 0x00, 0xFF, 0xFF, 0xFF, 0xFF, 0xFF, 0xFF,
  0xFF, 0xFF, 0x00, 0x00, 0xEF, 0xFF, 0xFF, 0xFF, 0xFF, 0xFF, 0xFF, 0xFE, 0x00, 0x00, 0x9A, 0xAE,
  0xFF, 0xBA, 0xAB, 0xFF, 0xEA, 0xA9, 0x00, 0x00, 0x00, 0x0D, 0xFF, 0x30, 0x03, 0xFF, 0xD0, 0x00,
  0x00, 0x00, 0x00, 0x0D, 0xFF, 0x30, 0x03, 0xFF, 0xD0, 0x00, 0x00, 0x00, 0x00, 0x0D, 0xFF, 0x30,
  0x03, 0xFF, 0xD0, 0x00, 0x00, 0x00, 0x00, 0x0D, 0xFF, 0x30, 0x03, 0xFF, 0xD0, 0x00, 0x00, 0x00,
  0x00, 0x0C, 0xEE, 0x30, 0x03, 0xEE, 0xC0, 0x00, 0x00, 0x00, 0x00, 0x01, 0x11, 0x00, 0x00, 0x11,
  0x10, 0x00, 0x00, 0x00, 0x00, 0x00, 0x00, 0x11, 0x11, 0x00, 0x00, 0x00, 0x00, 0x00, 0x00, 0x00,
  0x1D, 0xEE, 0x70, 0x00, 0x00, 0x00, 0x00, 0x00, 0x00, 0x01, 0xFF, 0xF7, 0x00, 0x00, 0x00, 0x00,
  0x00, 0x00, 0x00, 0x2E, 0xFF, 0x80, 0x00, 0x00, 0x00, 0x00, 0x00, 0x06, 0xBE, 0xFF, 0xFE, 0xB5,
  0x00, 0x00, 0x00, 0x00, 0x1A, 0xFF, 0xFF, 0xFF, 0xFF, 0xF9, 0x00, 0x00, 0x00, 0x09, 0xFF, 0xFF,
  0xFF, 0xFF, 0xFF, 0xF7, 0x00, 0x00, 0x03, 0xFF, 0xFD, 0x7E, 0xFF, 0xCD, 0xFF, 0xE2, 0x00, 0x00,
  0x6F, 0xFF, 0x40, 0xEF, 0xF6, 0x5F, 0xFF, 0x60, 0x00, 0x07, 0xFF, 0xF1, 0x1E, 0xFF, 0x70, 0xFF,
  0xF8, 0x00, 0x00, 0x7F, 0xFF, 0x60, 0xEF, 0xF7, 0x0D, 0xEE, 0x70, 0x00, 0x03, 0xFF, 0xFF, 0xAE,
  0xFF, 0x70, 0x22, 0x21, 0x00, 0x00, 0x0A, 0xFF, 0xFF, 0xFF, 0xFB, 0x30, 0x00, 0x00, 0x00, 0x00,
  0x19, 0xFF, 0xFF, 0xFF, 0xFF, 0xC5, 0x00, 0x00, 0x00, 0x00, 0x04, 0xAD, 0xFF, 0xFF, 0xFF, 0xF8,
  0x00, 0x00, 0x00, 0x00, 0x00, 0x2E, 0xFF, 0xFF, 0xFF, 0xF6, 0x00, 0x00, 0x56, 0x63, 0x01, 0xEF,
  0xF8, 0x6F, 0xFF, 0xC0, 0x00, 0x1F, 0xFF, 0x90, 0x2E, 0xFF, 0x70, 0xAF, 0xFE, 0x10, 0x00, 0xDF,
  0xFA, 0x01, 0xEF, 0xF8, 0x08, 0xFF, 0xE1, 0x00, 0x0A, 0xFF, 0xE3, 0x0E, 0xFF, 0x70, 0xCF, 0xFD,
  0x00, 0x00, 0x5F, 0xFF, 0xE8, 0xEF, 0xFA, 0xAF, 0xFF, 0x80, 0x00, 0x00, 0xAF, 0xFF, 0xFF, 0xFF,
  0xFF, 0xFF, 0xD2, 0x00, 0x00, 0x00, 0x9F, 0xFF, 0xFF, 0xFF, 0xFF, 0xD3, 0x00, 0x00, 0x00, 0x00,
  0x4A, 0xDF, 0xFF, 0xEC, 0x71, 0x00, 0x00, 0x00, 0x00, 0x00, 0x02, 0xEF, 0xF8, 0x00, 0x00, 0x00,
  0x00, 0x00, 0x00, 0x00, 0x1F, 0xFF, 0x70, 0x10, 0x00, 0x00, 0x00, 0x00, 0x00, 0x01, 0xDE, 0xE7,
  0x00, 0x00, 0x00, 0x00, 0x00, 0x00, 0x00, 0x01, 0x11, 0x10, 0x00, 0x00, 0x00, 0x00, 0x00, 0x00,
  0x00, 0x00, 0x00, 0x00, 0x00, 0x00, 0x00, 0x00, 0x00, 0x00, 0x05, 0x77, 0x50, 0x00, 0x00, 0x00,
  0x00, 0x33, 0x00, 0x00, 0x00, 0x3C, 0xFF, 0xFF, 0xC3, 0x00, 0x00, 0x00, 0x1E, 0xE5, 0x00, 0x00,
  0x1D, 0xFF, 0xEE, 0xFF, 0xD1, 0x00, 0x00, 0x0B, 0xFF, 0xC0, 0x00, 0x05, 0xFF, 0xD3, 0x3D, 0xFF,
  0x50, 0x00, 0x09, 0xFF, 0xE3, 0x00, 0x00, 0x7F, 0xF8, 0x00, 0x8F, 0xF7, 0x00, 0x06, 0xFF, 0xF5,
  0x00, 0x00, 0x07, 0xFF, 0x80, 0x08, 0xFF, 0x70, 0x03, 0xEF, 0xF8, 0x00, 0x00, 0x00, 0x5F, 0xFD,
  0x33, 0xDF, 0xF5, 0x02, 0xDF, 0xFA, 0x00, 0x00, 0x00, 0x01, 0xDF, 0xFE, 0xEF, 0xFD, 0x10, 0xBF,
  0xFC, 0x10, 0x00, 0x00, 0x00, 0x03, 0xCF, 0xFF, 0xFC, 0x30, 0x8F, 0xFE, 0x20, 0x00, 0x00, 0x00,
  0x00, 0x01, 0x57, 0x75, 0x10, 0x6F, 0xFF, 0x50, 0x00, 0x00, 0x00, 0x00, 0x00, 0x00, 0x00, 0x00,
  0x3E, 0xFF, 0x70, 0x00, 0x00, 0x00, 0x00, 0x00, 0x00, 0x00, 0x00, 0x1D, 0xFF, 0xA0, 0x00, 0x11,
  0x00, 0x00, 0x00, 0x00, 0x00, 0x00, 0x0B, 0xFF, 0xC0, 0x29, 0xCE, 0xDB, 0x50, 0x00, 0x00, 0x00,
  0x00, 0x08, 0xFF, 0xE2, 0x2D, 0xFF, 0xFF, 0xFF, 0x70, 0x00, 0x00, 0x00, 0x05, 0xFF, 0xF4, 0x09,
  0xFF, 0xD8, 0xAF, 0xFF, 0x20, 0x00, 0x00, 0x03, 0xEF, 0xF7, 0x01, 0xDF, 0xF4, 0x00, 0xAF, 0xF6,
  0x00, 0x00, 0x01, 0xDF, 0xF9, 0x00, 0x1E, 0xFE, 0x01, 0x07, 0xFF, 0x70, 0x00, 0x00, 0xBF, 0xFC,
  0x00, 0x00, 0xDF, 0xF4, 0x00, 0xAF, 0xF6, 0x00, 0x00, 0x9F, 0xFD, 0x20, 0x00, 0x09, 0xFF, 0xD8,
  0xAF, 0xFF, 0x30, 0x00, 0x0B, 0xFF, 0x40, 0x00, 0x00, 0x2D, 0xFF, 0xFF, 0xFF, 0x80, 0x00, 0x00,
  0x08, 0x60, 0x00, 0x00, 0x00, 0x28, 0xCD, 0xDB, 0x50, 0x00, 0x00, 0x00, 0x00, 0x00, 0x00, 0x00,
  0x00, 0x00, 0x11, 0x00, 0x00, 0x00, 0x00, 0x00, 0x00, 0x01, 0x11, 0x10, 0x00, 0x00, 0x00, 0x00,
  0x00, 0x03, 0x9C, 0xEE, 0xEE, 0x30, 0x00, 0x00, 0x00, 0x00, 0x06, 0xFF, 0xFF, 0xFF, 0xF3, 0x00,
  0x00, 0x00, 0x00, 0x04, 0xFF, 0xFF, 0xFF, 0xFF, 0x30, 0x00, 0x00, 0x00, 0x00, 0xBF, 0xFF, 0xB5,
  0x33, 0x31, 0x00, 0x00, 0x00, 0x00, 0x1D, 0xFF, 0xC0, 0x00, 0x00, 0x00, 0x00, 0x00, 0x00, 0x01,
  0xEF, 0xF8, 0x00, 0x00, 0x01, 0x22, 0x20, 0x00, 0x00, 0x0D, 0xFF, 0xA0, 0x00, 0x00, 0x8F, 0xFE,
  0x10, 0x00, 0x00, 0x7F, 0xFE, 0x50, 0x00, 0x08, 0xFF, 0xE0, 0x00, 0x00, 0x00, 0x9F, 0xFF, 0xCA,
  0xAA, 0xDF, 0xFF, 0xAA, 0x50, 0x00, 0x00, 0x4C, 0xFF, 0xFF, 0xFF, 0xFF, 0xFF, 0xF8, 0x00, 0x00,
  0x16, 0xDF, 0xFF, 0xFF, 0xFF, 0xFF, 0xFF, 0x80, 0x00, 0x1B, 0xFF, 0xEA, 0x88, 0x7B, 0xFF, 0xF8,
  0x74, 0x00, 0x08, 0xFF, 0xE3, 0x00, 0x00, 0x7F, 0xFE, 0x00, 0x00, 0x00, 0xDF, 0xF9, 0x00, 0x01,
  0x08, 0xFF, 0xE1, 0x00, 0x00, 0x1E, 0xFF, 0x80, 0x00, 0x00, 0x8F, 0xFE, 0x10, 0x00, 0x01, 0xDF,
  0xFC, 0x10, 0x00, 0x08, 0xFF, 0xE1, 0x00, 0x00, 0x0A, 0xFF, 0xFC, 0x63, 0x43, 0xAF, 0xFE, 0x10,
  0x00, 0x00, 0x4F, 0xFF, 0xFF, 0xFF, 0xFF, 0xFF, 0xE1, 0x00, 0x00, 0x00, 0x7F, 0xFF, 0xFF, 0xFF,
  0xFF, 0xFE, 0x10, 0x00, 0x00, 0x00, 0x39, 0xCE, 0xEE, 0xEE, 0xEE, 0xD1, 0x00, 0x00, 0x00, 0x00,
  0x00, 0x11, 0x11, 0x11, 0x11, 0x00, 0x00, 0x00, 0x00, 0x11, 0x00, 0x00, 0x00, 0x07, 0xDD, 0x70,
  0x00, 0x00, 0x4F, 0xFF, 0xF4, 0x00, 0x00, 0x8F, 0xFF, 0xF8, 0x00, 0x00, 0x5F, 0xFF, 0xF8, 0x00,
  0x00, 0x07, 0xDE, 0xF7, 0x00, 0x00, 0x00, 0x07, 0xF7, 0x00, 0x00, 0x01, 0x1A, 0xF7, 0x00, 0x00,
  0x0B, 0xFF, 0xF3, 0x00, 0x00, 0x0B, 0xEC, 0x60, 0x00, 0x00, 0x01, 0x10, 0x00, 0x00, 0x00, 0x00,
  0x00, 0x00, 0x00, 0x00, 0x00, 0x00, 0x00, 0x00, 0x00, 0x00, 0x00, 0x00, 0x00, 0x00, 0x00, 0x00,
  0x00, 0x00, 0x00, 0x00, 0x00, 0x00, 0x00, 0x00, 0x00, 0x00, 0x00, 0x00, 0x00, 0x00, 0x00, 0x00,
  0x00, 0x00, 0x00, 0x00, 0x00, 0x00, 0x00, 0x00, 0x00, 0x00, 0x00, 0x00, 0x00, 0x00, 0x00, 0x00,
  0x00, 0x00, 0x00, 0x00, 0x00, 0x00, 0x00, 0x00, 0x00, 0x00, 0x01, 0x00, 0x00, 0x00, 0x00, 0x02,
  0x7A, 0xCE, 0x60, 0x00, 0x00, 0x01, 0x9F, 0xFF, 0xFF, 0x70, 0x00, 0x00, 0x1C, 0xFF, 0xFF, 0xFF,
  0x60, 0x00, 0x00, 0xBF, 0xFF, 0xFA, 0x54, 0x10, 0x00, 0x05, 0xFF, 0xFE, 0x50, 0x00, 0x00, 0x00,
  0x0B, 0xFF, 0xF6, 0x00, 0x00, 0x00, 0x00, 0x1E, 0xFF, 0xC0, 0x00, 0x00, 0x00, 0x00, 0x4F, 0xFF,
  0x80, 0x00, 0x00, 0x00, 0x00, 0x5F, 0xFF, 0x60, 0x00, 0x00, 0x00, 0x00, 0x6F, 0xFF, 0x40, 0x00,
  0x00, 0x00, 0x00, 0x6F, 0xFF, 0x40, 0x00, 0x00, 0x00, 0x00, 0x6F, 0xFF, 0x40, 0x00, 0x00, 0x00,
  0x00, 0x6F, 0xFF, 0x40, 0x00, 0x00, 0x00, 0x00, 0x6F, 0xFF, 0x40, 0x00, 0x00, 0x00, 0x00, 0x6F,
  0xFF, 0x40, 0x00, 0x00, 0x00, 0x00, 0x6F, 0xFF, 0x40, 0x00, 0x00, 0x00, 0x00, 0x6F, 0xFF, 0x40,
  0x00, 0x00, 0x00, 0x00, 0x6F, 0xFF, 0x40, 0x00, 0x00, 0x00, 0x00, 0x6F, 0xFF, 0x40, 0x00, 0x00,
  0x00, 0x00, 0x5F, 0xFF, 0x60, 0x00, 0x00, 0x00, 0x00, 0x4F, 0xFF, 0x80, 0x00, 0x00, 0x00, 0x00,
  0x1E, 0xFF, 0xC0, 0x00, 0x00, 0x00, 0x00, 0x0B, 0xFF, 0xF6, 0x00, 0x00, 0x00, 0x00, 0x05, 0xFF,
  0xFE, 0x40, 0x00, 0x00, 0x00, 0x00, 0xBF, 0xFF, 0xFA, 0x54, 0x10, 0x00, 0x00, 0x1C, 0xFF, 0xFF,
  0xFF, 0x60, 0x00, 0x00, 0x01, 0x9F, 0xFF, 0xFF, 0x70, 0x00, 0x00, 0x00, 0x03, 0x7A, 0xCE, 0x60,
  0x00, 0x00, 0x00, 0x00, 0x00, 0x01, 0x00, 0x01, 0x10, 0x00, 0x00, 0x00, 0x00, 0x01, 0xDD, 0xB9,
  0x40, 0x00, 0x00, 0x00, 0x1E, 0xFF, 0xFF, 0xB3, 0x00, 0x00, 0x01, 0xEF, 0xFF, 0xFF, 0xE3, 0x00,
  0x00, 0x03, 0x58, 0xEF, 0xFF, 0xD1, 0x00, 0x00, 0x00, 0x02, 0xCF, 0xFF, 0x70, 0x00, 0x00, 0x00,
  0x02, 0xEF, 0xFD, 0x00, 0x00, 0x00, 0x00, 0x09, 0xFF, 0xF3, 0x00, 0x00, 0x00, 0x00, 0x5F, 0xFF,
  0x50, 0x00, 0x00, 0x00, 0x02, 0xFF, 0xF7, 0x00, 0x00, 0x00, 0x00, 0x1E, 0xFF, 0x80, 0x00, 0x00,
  0x00, 0x01, 0xEF, 0xF8, 0x00, 0x00, 0x00, 0x00, 0x1E, 0xFF, 0x80, 0x00, 0x00, 0x00, 0x01, 0xEF,
  0xF8, 0x00, 0x00, 0x00, 0x00, 0x1E, 0xFF, 0x80, 0x00, 0x00, 0x00, 0x01, 0xEF, 0xF8, 0x00, 0x00,
  0x00, 0x00, 0x1E, 0xFF, 0x80, 0x00, 0x00, 0x00, 0x01, 0xEF, 0xF8, 0x00, 0x00, 0x00, 0x00, 0x1E,
  0xFF, 0x80, 0x00, 0x00, 0x00, 0x01, 0xEF, 0xF8, 0x00, 0x00, 0x00, 0x00, 0x2F, 0xFF, 0x70, 0x00,
  0x00, 0x00, 0x05, 0xFF, 0xF5, 0x00, 0x00, 0x00, 0x00, 0x9F, 0xFF, 0x30, 0x00, 0x00, 0x00, 0x2E,
  0xFF, 0xD0, 0x00, 0x00, 0x00, 0x2C, 0xFF, 0xF7, 0x00, 0x00, 0x35, 0x8E, 0xFF, 0xFD, 0x10, 0x00,
  0x1E, 0xFF, 0xFF, 0xFE, 0x30, 0x00, 0x01, 0xEF, 0xFF, 0xFB, 0x30, 0x00, 0x00, 0x1D, 0xDB, 0x94,
  0x00, 0x00, 0x00, 0x00, 0x11, 0x00, 0x00, 0x00, 0x00, 0x00, 0x00, 0x00, 0x00, 0x01, 0x10, 0x00,
  0x00, 0x00, 0x00, 0x00, 0x00, 0x0A, 0xE3, 0x00, 0x00, 0x00, 0x00, 0x01, 0x82, 0x0B, 0xF3, 0x07,
  0x20, 0x00, 0x00, 0x0A, 0xFC, 0x1A, 0xF2, 0x6F, 0xB0, 0x00, 0x00, 0x04, 0xEF, 0x87, 0xE4, 0xFF,
  0x60, 0x00, 0x00, 0x00, 0x2C, 0xEC, 0xED, 0xE5, 0x00, 0x00, 0x01, 0x77, 0x65, 0xDF, 0xFF, 0x85,
  0x77, 0x10, 0x02, 0xFF, 0xFF, 0xEF, 0xFF, 0xEF, 0xFF, 0x20, 0x01, 0x77, 0x65, 0xDF, 0xFF, 0x85,
  0x77, 0x10, 0x00, 0x00, 0x2C, 0xEC, 0xED, 0xE5, 0x00, 0x00, 0x00, 0x04, 0xEF, 0x87, 0xE4, 0xFF,
  0x60, 0x00, 0x00, 0x0A, 0xFC, 0x1A, 0xF2, 0x6F, 0xB0, 0x00, 0x00, 0x01, 0x82, 0x0B, 0xF3, 0x07,
  0x20, 0x00, 0x00, 0x00, 0x00, 0x0A, 0xE3, 0x00, 0x00, 0x00, 0x00, 0x00, 0x00, 0x01, 0x10, 0x00,
  0x00, 0x00, 0x00, 0x00, 0x00, 0x00, 0x00, 0x00, 0x00, 0x00, 0x00, 0x00, 0x00, 0x00, 0x00, 0x00,
  0x00, 0x00, 0x00, 0x00, 0x00, 0x00, 0x00, 0x00, 0x00, 0x00, 0x00, 0x00, 0x00, 0x00, 0x00, 0x00,
  0x00, 0x00, 0x00, 0x00, 0x00, 0x00, 0x00, 0x00, 0x00, 0x00, 0x00, 0x00, 0x00, 0x00, 0x00, 0x00,
  0x00, 0x00, 0x00, 0x00, 0x00, 0x00, 0x00, 0x00, 0x00, 0x00, 0x00, 0x00, 0x00, 0x00, 0x11, 0x11,
  0x00, 0x00, 0x00, 0x00, 0x00, 0x00, 0x00, 0x00, 0xBE, 0xEB, 0x00, 0x00, 0x00, 0x00, 0x00, 0x00,
  0x00, 0x00, 0xCF, 0xFC, 0x00, 0x00, 0x00, 0x00, 0x00, 0x00, 0x00, 0x00, 0xCF, 0xFC, 0x00, 0x00,
  0x00, 0x00, 0x00, 0x00, 0x00, 0x00, 0xCF, 0xFC, 0x00, 0x00, 0x00, 0x00, 0x00, 0x00, 0x77, 0x77,
  0xDF, 0xFE, 0x77, 0x77, 0x00, 0x00, 0x00, 0x00, 0xEF, 0xFF, 0xFF, 0xFF, 0xFF, 0xFE, 0x00, 0x00,
  0x00, 0x00, 0xEF, 0xFF, 0xFF, 0xFF, 0xFF, 0xFE, 0x00, 0x00, 0x00, 0x00, 0x9A, 0xAA, 0xEF, 0xFE,
  0xAA, 0xA9, 0x00, 0x00, 0x00, 0x00, 0x00, 0x00, 0xCF, 0xFC, 0x00, 0x00, 0x00, 0x00, 0x00, 0x00,
  0x00, 0x00, 0xCF, 0xFC, 0x00, 0x00, 0x00, 0x00, 0x00, 0x00, 0x00, 0x00, 0xCF, 0xFC, 0x00, 0x00,
  0x00, 0x00, 0x00, 0x00, 0x00, 0x00, 0xBE, 0xEB, 0x00, 0x00, 0x00, 0x00, 0x00, 0x00, 0x00, 0x00,
  0x11, 0x11, 0x00, 0x00, 0x00, 0x00, 0x00, 0x00, 0x00, 0x00, 0x00, 0x00, 0x00, 0x00, 0x00, 0x00,
  0x00, 0x00, 0x00, 0x00, 0x00, 0x00, 0x00, 0x00, 0x00, 0x00, 0x00, 0x00, 0x00, 0x00, 0x00, 0x00,
  0x00, 0x00, 0x00, 0x00, 0x00, 0x00, 0x00, 0x00, 0x00, 0x00, 0x00, 0x00, 0x00, 0x00, 0x00, 0x00,
  0x11, 0x00, 0x00, 0x00, 0x07, 0xDD, 0x70, 0x00, 0x00, 0x4F, 0xFF, 0xF4, 0x00, 0x00, 0x8F, 0xFF,
  0xF8, 0x00, 0x00, 0x5F, 0xFF, 0xF8, 0x00, 0x00, 0x07, 0xDE, 0xF7, 0x00, 0x00, 0x00, 0x07, 0xF7,
  0x00, 0x00, 0x01, 0x1A, 0xF7, 0x00, 0x00, 0x0B, 0xFF, 0xF3, 0x00, 0x00, 0x0B, 0xEC, 0x60, 0x00,
  0x00, 0x01, 0x10, 0x00, 0x00, 0x00, 0x00, 0x00, 0x00, 0x00, 0x00, 0x00, 0x00, 0x1A, 0xAA, 0xAA,
  0xAA, 0xA1, 0x00, 0x00, 0x2F, 0xFF, 0xFF, 0xFF, 0xF2, 0x00, 0x00, 0x2F, 0xFF, 0xFF, 0xFF, 0xF2,
  0x00, 0x00, 0x17, 0x77, 0x77, 0x77, 0x71, 0x00, 0x00, 0x00, 0x00, 0x00, 0x00, 0x00, 0x00, 0x00,
  0x00, 0x00, 0x00, 0x00, 0x00, 0x00, 0x00, 0x00, 0x00, 0x00, 0x00, 0x00, 0x00, 0x00, 0x00, 0x00,
  0x00, 0x00, 0x00, 0x00, 0x00, 0x00, 0x00, 0x00, 0x00, 0x00, 0x00, 0x00, 0x00, 0x00, 0x00, 0x00,
  0x00, 0x00, 0x00, 0x00, 0x00, 0x00, 0x00, 0x00, 0x00, 0x00, 0x00, 0x00, 0x00, 0x00, 0x00, 0x00,
  0x00, 0x00, 0x00, 0x00, 0x00, 0x00, 0x00, 0x00, 0x00, 0x00, 0x00, 0x00, 0x06, 0xCD, 0x60, 0x00,
  0x00, 0x4F, 0xFF, 0xF4, 0x00, 0x00, 0x9F, 0xFF, 0xF9, 0x00, 0x00, 0x9F, 0xFF, 0xF9, 0x00, 0x00,
  0x4F, 0xFF, 0xF4, 0x00, 0x00, 0x06, 0xDD, 0x60, 0x00, 0x00, 0x00, 0x00, 0x00, 0x00, 0x00, 0x00,
  0x00, 0x00, 0x00, 0x11, 0x10, 0x00, 0x00, 0x00, 0x00, 0x0C, 0xEE, 0x90, 0x00, 0x00, 0x00, 0x00,
  0x3F, 0xFF, 0x50, 0x00, 0x00, 0x00, 0x00, 0x8F, 0xFE, 0x10, 0x00, 0x00, 0x00, 0x00, 0xCF, 0xFA,
  0x00, 0x00, 0x00, 0x00, 0x03, 0xFF, 0xF6, 0x00, 0x00, 0x00, 0x00, 0x07, 0xFF, 0xE2, 0x00, 0x00,
  0x00, 0x00, 0x0B, 0xFF, 0xB0, 0x00, 0x00, 0x00, 0x00, 0x2F, 0xFF, 0x70, 0x00, 0x00, 0x00, 0x00,
  0x6F, 0xFF, 0x20, 0x00, 0x00, 0x00, 0x00, 0xBF, 0xFC, 0x00, 0x00, 0x00, 0x00, 0x01, 0xEF, 0xF7,
  0x00, 0x00, 0x00, 0x00, 0x06, 0xFF, 0xF3, 0x00, 0x00, 0x00, 0x00, 0x0A, 0xFF, 0xC0, 0x00, 0x00,
  0x00, 0x00, 0x1E, 0xFF, 0x80, 0x00, 0x00, 0x00, 0x00, 0x5F, 0xFF, 0x40, 0x00, 0x00, 0x00, 0x00,
  0x9F, 0xFD, 0x00, 0x00, 0x00, 0x00, 0x01, 0xDF, 0xF9, 0x00, 0x00, 0x00, 0x00, 0x04, 0xFF, 0xF4,
  0x00, 0x00, 0x00, 0x00, 0x09, 0xFF, 0xD1, 0x00, 0x00, 0x00, 0x00, 0x0D, 0xFF, 0x90, 0x00, 0x00,
  0x00, 0x00, 0x4F, 0xFF, 0x50, 0x00, 0x00, 0x00, 0x00, 0x8F, 0xFE, 0x10, 0x00, 0x00, 0x00, 0x00,
  0xCF, 0xFA, 0x00, 0x00, 0x00, 0x00, 0x03, 0xFF, 0xF6, 0x00, 0x00, 0x00, 0x00, 0x07, 0xFF, 0xE2,
  0x00, 0x00, 0x00, 0x00, 0x0A, 0xEE, 0xA0, 0x00, 0x00, 0x00, 0x00, 0x01, 0x11, 0x00, 0x00, 0x00,
  0x00, 0x00, 0x00, 0x00, 0x00, 0x15, 0x89, 0x98, 0x51, 0x00, 0x00, 0x00, 0x00, 0x00, 0x07, 0xDF,
  0xFF, 0xFF, 0xFE, 0x70, 0x00, 0x00, 0x00, 0x00, 0x9F, 0xFF, 0xFF, 0xFF, 0xFF, 0xF9, 0x00, 0x00,
  0x00, 0x06, 0xFF, 0xFF, 0xB8, 0x8B, 0xFF, 0xFF, 0x60, 0x00, 0x00, 0x1D, 0xFF, 0xE4, 0x00, 0x00,
  0x4E, 0xFF, 0xD1, 0x00, 0x00, 0x4F, 0xFF, 0x60, 0x00, 0x00, 0x06, 0xFF, 0xF4, 0x00, 0x00, 0x7F,
  0xFE, 0x20, 0x00, 0x00, 0x02, 0xEF, 0xF7, 0x00, 0x00, 0x8F, 0xFD, 0x00, 0x00, 0x00, 0x00, 0xDF,
  0xF8, 0x00, 0x00, 0x8F, 0xFD, 0x00, 0x00, 0x00, 0x00, 0xDF, 0xF8, 0x00, 0x00, 0x8F, 0xFD, 0x00,
  0x00, 0x00, 0x00, 0xDF, 0xF8, 0x00, 0x00, 0x8F, 0xFD, 0x00, 0x00, 0x00, 0x00, 0xDF, 0xF8, 0x00,
  0x00, 0x8F, 0xFD, 0x00, 0x00, 0x00, 0x00, 0xDF, 0xF8, 0x00, 0x00, 0x8F, 0xFD, 0x00, 0x00, 0x00,
  0x00, 0xDF, 0xF8, 0x00, 0x00, 0x8F, 0xFD, 0x00, 0x00, 0x00, 0x00, 0xDF, 0xF8, 0x00, 0x00, 0x8F,
  0xFE, 0x10, 0x00, 0x00, 0x01, 0xEF, 0xF7, 0x00, 0x00, 0x5F, 0xFF, 0x40, 0x00, 0x00, 0x04, 0xFF,
  0xF5, 0x00, 0x00, 0x2F, 0xFF, 0xB1, 0x00, 0x00, 0x1C, 0xFF, 0xF2, 0x00, 0x00, 0x0A, 0xFF, 0xFC,
  0x64, 0x46, 0xCF, 0xFF, 0xA0, 0x00, 0x00, 0x02, 0xDF, 0xFF, 0xFF, 0xFF, 0xFF, 0xFD, 0x20, 0x00,
  0x00, 0x00, 0x2B, 0xFF, 0xFF, 0xFF, 0xFF, 0xB2, 0x00, 0x00, 0x00, 0x00, 0x00, 0x59, 0xCE, 0xEC,
  0x95, 0x00, 0x00, 0x00, 0x00, 0x00, 0x00, 0x00, 0x01, 0x10, 0x00, 0x00, 0x00, 0x00, 0x00, 0x00,
  0x00, 0x00, 0x00, 0x00, 0x00, 0x00, 0x00, 0x01, 0x11, 0x11, 0x10, 0x00, 0x00, 0x00, 0x4E, 0xEE,
  0xEE, 0xE2, 0x00, 0x00, 0x00, 0xBF, 0xFF, 0xFF, 0xF2, 0x00, 0x00, 0x03, 0xFF, 0xEB, 0xFF, 0xF2,
  0x00, 0x00, 0x09, 0xFF, 0xB4, 0xFF, 0xF2, 0x00, 0x00, 0x2E, 0xFF, 0x63, 0xFF, 0xF2, 0x00, 0x00,
  0x7F, 0xFE, 0x14, 0xFF, 0xF2, 0x00, 0x00, 0xDF, 0xFA, 0x04, 0xFF, 0xF2, 0x00, 0x06, 0xFF, 0xF4,
  0x04, 0xFF, 0xF2, 0x00, 0x08, 0xCC, 0xA0, 0x04, 0xFF, 0xF2, 0x00, 0x00, 0x00, 0x00, 0x04, 0xFF,
  0xF2, 0x00, 0x00, 0x00, 0x00, 0x04, 0xFF, 0xF2, 0x00, 0x00, 0x00, 0x00, 0x04, 0xFF, 0xF2, 0x00,
  0x00, 0x00, 0x00, 0x04, 0xFF, 0xF2, 0x00, 0x00, 0x00, 0x00, 0x04, 0xFF, 0xF2, 0x00, 0x00, 0x00,
  0x00, 0x04, 0xFF, 0xF2, 0x00, 0x00, 0x00, 0x00, 0x04, 0xFF, 0xF2, 0x00, 0x00, 0x00, 0x00, 0x04,
  0xFF, 0xF2, 0x00, 0x00, 0x00, 0x00, 0x04, 0xFF, 0xF2, 0x00, 0x00, 0x00, 0x00, 0x04, 0xFF, 0xF2,
  0x00, 0x00, 0x00, 0x00, 0x03, 0xBB, 0xB2, 0x00, 0x00, 0x00, 0x00, 0x00, 0x00, 0x00, 0x00, 0x00,
  0x00, 0x01, 0x58, 0xAA, 0x96, 0x10, 0x00, 0x00, 0x00, 0x00, 0x6D, 0xFF, 0xFF, 0xFF, 0xD6, 0x00,
  0x00, 0x00, 0x07, 0xFF, 0xFF, 0xFF, 0xFF, 0xFF, 0x80, 0x00, 0x00, 0x4F, 0xFF, 0xFA, 0x66, 0x9E,
  0xFF, 0xF5, 0x00, 0x00, 0xAF, 0xFE, 0x40, 0x00, 0x03, 0xEF, 0xFB, 0x00, 0x01, 0xDF, 0xF9, 0x00,
  0x00, 0x00, 0x8F, 0xFE, 0x10, 0x01, 0xFF, 0xF6, 0x00, 0x00, 0x00, 0x6F, 0xFF, 0x10, 0x00, 0x45,
  0x52, 0x00, 0x00, 0x00, 0x8F, 0xFE, 0x10, 0x00, 0x00, 0x00, 0x00, 0x00, 0x02, 0xEF, 0xFC, 0x00,
  0x00, 0x00, 0x00, 0x00, 0x01, 0x5D, 0xFF, 0xF7, 0x00, 0x00, 0x00, 0x00, 0x14, 0x9D, 0xFF, 0xFF,
  0xC1, 0x00, 0x00, 0x00, 0x17, 0xDF, 0xFF, 0xFF, 0xFB, 0x20, 0x00, 0x00, 0x02, 0xCF, 0xFF, 0xFF,
  0xFC, 0x60, 0x00, 0x00, 0x00, 0x1C, 0xFF, 0xFF, 0xD9, 0x40, 0x00, 0x00, 0x00, 0x00, 0x7F, 0xFF,
  0xC4, 0x10, 0x00, 0x00, 0x00, 0x00, 0x00, 0xCF, 0xFB, 0x00, 0x00, 0x00, 0x00, 0x00, 0x00, 0x01,
  0xEF, 0xF8, 0x23, 0x22, 0x22, 0x22, 0x22, 0x00, 0x01, 0xFF, 0xFF, 0xEE, 0xEE, 0xEE, 0xEE, 0xEC,
  0x00, 0x01, 0xFF, 0xFF, 0xFF, 0xFF, 0xFF, 0xFF, 0xFD, 0x00, 0x01, 0xEE, 0xEE, 0xEE, 0xEE, 0xEE,
  0xEE, 0xEC, 0x00, 0x00, 0x11, 0x11, 0x11, 0x11, 0x11, 0x11, 0x11, 0x00, 0x00, 0x00, 0x00, 0x00,
  0x00, 0x00, 0x00, 0x00, 0x00, 0x00, 0x05, 0xAA, 0xAA, 0xAA, 0xAA, 0xAA, 0xAA, 0xA5, 0x00, 0x00,
  0x8F, 0xFF, 0xFF, 0xFF, 0xFF, 0xFF, 0xFF, 0x80, 0x00, 0x08, 0xFF, 0xFF, 0xFF, 0xFF, 0xFF, 0xFF,
  0xF7, 0x00, 0x00, 0x36, 0x66, 0x66, 0x66, 0x55, 0xBF, 0xEF, 0x80, 0x00, 0x00, 0x00, 0x00, 0x00,
  0x02, 0x9E, 0xFF, 0xF7, 0x00, 0x00, 0x00, 0x00, 0x00, 0x4B, 0xFF, 0xFF, 0xC6, 0x10, 0x00, 0x00,
  0x00, 0x04, 0xBF, 0xFF, 0xFD, 0x61, 0x00, 0x00, 0x00, 0x00, 0x01, 0xEF, 0xFF, 0xC5, 0x00, 0x00,
  0x00, 0x00, 0x00, 0x00, 0x1E, 0xFF, 0xFC, 0xAA, 0x61, 0x00, 0x00, 0x00, 0x00, 0x01, 0xFF, 0xFF,
  0xFF, 0xFF, 0xD5, 0x00, 0x00, 0x00, 0x00, 0x1A, 0xBB, 0xBB, 0xDF, 0xFF, 0xF3, 0x00, 0x00, 0x00,
  0x00, 0x00, 0x00, 0x01, 0x7F, 0xFF, 0xA0, 0x00, 0x02, 0x33, 0x10, 0x00, 0x00, 0x00, 0xAF, 0xFD,
  0x00, 0x01, 0xEF, 0xF8, 0x00, 0x00, 0x00, 0x08, 0xFF, 0xE1, 0x00, 0x0D, 0xFF, 0xB0, 0x00, 0x00,
  0x00, 0xAF, 0xFE, 0x10, 0x00, 0xAF, 0xFF, 0x50, 0x00, 0x00, 0x3E, 0xFF, 0xB0, 0x00, 0x04, 0xFF,
  0xFF, 0x84, 0x23, 0x7E, 0xFF, 0xF6, 0x00, 0x00, 0x09, 0xFF, 0xFF, 0xFE, 0xFF, 0xFF, 0xFA, 0x00,
  0x00, 0x00, 0x08, 0xFF, 0xFF, 0xFF, 0xFF, 0xF9, 0x10, 0x00, 0x00, 0x00, 0x03, 0x8B, 0xDE, 0xEC,
  0x94, 0x00, 0x00, 0x00, 0x00, 0x00, 0x00, 0x01, 0x11, 0x00, 0x00, 0x00, 0x00, 0x00, 0x00, 0x00,
  0x00, 0x01, 0x11, 0x11, 0x10, 0x00, 0x00, 0x00, 0x00, 0x00, 0x00, 0xBE, 0xEE, 0xEE, 0xC0, 0x00,
  0x00, 0x00, 0x00, 0x00, 0x06, 0xFF, 0xFF, 0xFF, 0xD0, 0x00, 0x00, 0x00, 0x00, 0x00, 0x1E, 0xFF,
  0xCC, 0xFF, 0xD0, 0x00, 0x00, 0x00, 0x00, 0x00, 0x9F, 0xFF, 0x2A, 0xFF, 0xD0, 0x00, 0x00, 0x00,
  0x00, 0x03, 0xFF, 0xFA, 0x0B, 0xFF, 0xD0, 0x00, 0x00, 0x00, 0x00, 0x0B, 0xFF, 0xE2, 0x0B, 0xFF,
  0xD0, 0x00, 0x00, 0x00, 0x00, 0x5F, 0xFF, 0x80, 0x0B, 0xFF, 0xD0, 0x00, 0x00, 0x00, 0x01, 0xDF,
  0xFD, 0x10, 0x0B, 0xFF, 0xD0, 0x00, 0x00, 0x00, 0x08, 0xFF, 0xF5, 0x00, 0x0B, 0xFF, 0xD0, 0x00,
  0x00, 0x00, 0x2E, 0xFF, 0xC0, 0x00, 0x0B, 0xFF, 0xD0, 0x00, 0x00, 0x00, 0xAF, 0xFF, 0x40, 0x00,
  0x0B, 0xFF, 0xD0, 0x00, 0x00, 0x04, 0xFF, 0xF9, 0x00, 0x00, 0x0B, 0xFF, 0xD0, 0x00, 0x00, 0x07,
  0xFF, 0xF6, 0x33, 0x33, 0x3C, 0xFF, 0xD3, 0x34, 0x10, 0x07, 0xFF, 0xFF, 0xFF, 0xFF, 0xFF, 0xFF,
  0xFF, 0xFF, 0x70, 0x07, 0xFF, 0xFF, 0xFF, 0xFF, 0xFF, 0xFF, 0xFF, 0xFF, 0x70, 0x06, 0xEE, 0xEE,
  0xEE, 0xEE, 0xEF, 0xFF, 0xFE, 0xEE, 0x60, 0x00, 0x11, 0x11, 0x11, 0x11, 0x1B, 0xFF, 0xD1, 0x11,
  0x00, 0x00, 0x00, 0x00, 0x00, 0x00, 0x0B, 0xFF, 0xD0, 0x00, 0x00, 0x00, 0x00, 0x00, 0x00, 0x00,
  0x0B, 0xFF, 0xD0, 0x00, 0x00, 0x00, 0x00, 0x00, 0x00, 0x00, 0x0A, 0xEE, 0xC0, 0x00, 0x00, 0x00,
  0x00, 0x00, 0x00, 0x00, 0x01, 0x11, 0x10, 0x00, 0x00, 0x00, 0x00, 0x00, 0x00, 0x00, 0x00, 0x00,
  0x00, 0x00, 0x00, 0x6A, 0xAA, 0xAA, 0xAA, 0xAA, 0xAA, 0xA4, 0x00, 0x00, 0x9F, 0xFF, 0xFF, 0xFF,
  0xFF, 0xFF, 0xF5, 0x00, 0x00, 0x8F, 0xFF, 0xFF, 0xFF, 0xFF, 0xFF, 0xF6, 0x00, 0x00, 0x9F, 0xFE,
  0x66, 0x66, 0x66, 0x66, 0x62, 0x00, 0x00, 0x9F, 0xFC, 0x00, 0x00, 0x00, 0x00, 0x00, 0x00, 0x00,
  0x9F, 0xFD, 0x00, 0x00, 0x00, 0x00, 0x00, 0x00, 0x00, 0x9F, 0xFD, 0x00, 0x35, 0x53, 0x00, 0x00,
  0x00, 0x00, 0x9F, 0xFC, 0x3B, 0xFF, 0xFF, 0xC6, 0x00, 0x00, 0x00, 0x9F, 0xFE, 0xEF, 0xFF, 0xFF,
  0xFF, 0x70, 0x00, 0x00, 0x9F, 0xFF, 0xFF, 0xCB, 0xDF, 0xFF, 0xF4, 0x00, 0x00, 0x9F, 0xFF, 0xF5,
  0x00, 0x18, 0xFF, 0xFA, 0x00, 0x00, 0x24, 0x33, 0x20, 0x00, 0x00, 0xBF, 0xFD, 0x10, 0x00, 0x00,
  0x00, 0x00, 0x00, 0x00, 0x6F, 0xFF, 0x10, 0x01, 0x9A, 0xA4, 0x00, 0x00, 0x00, 0x5F, 0xFF, 0x20,
  0x01, 0xFF, 0xF8, 0x00, 0x00, 0x00, 0x8F, 0xFE, 0x10, 0x00, 0xCF, 0xFD, 0x10, 0x00, 0x02, 0xDF,
  0xFB, 0x00, 0x00, 0x7F, 0xFF, 0xC5, 0x33, 0x5D, 0xFF, 0xF6, 0x00, 0x00, 0x1C, 0xFF, 0xFF, 0xEF,
  0xFF, 0xFF, 0xB0, 0x00, 0x00, 0x02, 0xBF, 0xFF, 0xFF, 0xFF, 0xFB, 0x10, 0x00, 0x00, 0x00, 0x05,
  0xAD, 0xEE, 0xDA, 0x50, 0x00, 0x00, 0x00, 0x00, 0x00, 0x01, 0x11, 0x10, 0x00, 0x00, 0x00, 0x00,
  0x00, 0x00, 0x26, 0x8A, 0xA8, 0x62, 0x00, 0x00, 0x00, 0x00, 0x00, 0x8E, 0xFF, 0xFF, 0xFF, 0xE8,
  0x00, 0x00, 0x00, 0x01, 0xBF, 0xFF, 0xFF, 0xFF, 0xFF, 0xFA, 0x00, 0x00, 0x00, 0x8F, 0xFF, 0xFA,
  0x88, 0xAF, 0xFF, 0xF6, 0x00, 0x00, 0x1E, 0xFF, 0xD3, 0x00, 0x00, 0x4E, 0xFF, 0xB0, 0x00, 0x05,
  0xFF, 0xF6, 0x00, 0x01, 0x00, 0xAF, 0xFE, 0x10, 0x00, 0x7F, 0xFF, 0x20, 0x00, 0x00, 0x02, 0x55,
  0x50, 0x00, 0x07, 0xFF, 0xE1, 0x03, 0x67, 0x74, 0x00, 0x00, 0x00, 0x00, 0x8F, 0xFE, 0x29, 0xFF,
  0xFF, 0xFD, 0x50, 0x00, 0x00, 0x08, 0xFF, 0xFD, 0xFF, 0xFF, 0xFF, 0xFF, 0x60, 0x00, 0x00, 0x8F,
  0xFF, 0xFF, 0xDA, 0xBE, 0xFF, 0xFF, 0x30, 0x00, 0x08, 0xFF, 0xFE, 0x50, 0x00, 0x2A, 0xFF, 0xF9,
  0x00, 0x00, 0x8F, 0xFF, 0x70, 0x00, 0x00, 0x0D, 0xFF, 0xD0, 0x00, 0x08, 0xFF, 0xF2, 0x00, 0x00,
  0x00, 0x8F, 0xFE, 0x10, 0x00, 0x7F, 0xFE, 0x10, 0x00, 0x00, 0x08, 0xFF, 0xE1, 0x00, 0x06, 0xFF,
  0xF3, 0x00, 0x00, 0x00, 0xAF, 0xFD, 0x00, 0x00, 0x3F, 0xFF, 0xB0, 0x00, 0x00, 0x4E, 0xFF, 0xA0,
  0x00, 0x00, 0xBF, 0xFF, 0xB6, 0x44, 0x8E, 0xFF, 0xF4, 0x00, 0x00, 0x03, 0xEF, 0xFF, 0xFF, 0xFF,
  0xFF, 0xF8, 0x00, 0x00, 0x00, 0x03, 0xDF, 0xFF, 0xFF, 0xFF, 0xF8, 0x00, 0x00, 0x00, 0x00, 0x01,
  0x6A, 0xDE, 0xDC, 0x83, 0x00, 0x00, 0x00, 0x00, 0x00, 0x00, 0x01, 0x11, 0x00, 0x00, 0x00, 0x00,
  0x00, 0x00, 0x00, 0x00, 0x00, 0x00, 0x00, 0x00, 0x00, 0x5A, 0xAA, 0xAA, 0xAA, 0xAA, 0xAA, 0xAA,
  0x50, 0x08, 0xFF, 0xFF, 0xFF, 0xFF, 0xFF, 0xFF, 0xF8, 0x00, 0x8F, 0xFF, 0xFF, 0xFF, 0xFF, 0xFF,
  0xFF, 0x80, 0x03, 0x66, 0x66, 0x66, 0x66, 0x66, 0xFF, 0xF8, 0x00, 0x00, 0x00, 0x00, 0x00, 0x00,
  0x5F, 0xFF, 0x70, 0x00, 0x00, 0x00, 0x00, 0x00, 0x1D, 0xFF, 0xD1, 0x00, 0x00, 0x00, 0x00, 0x00,
  0x08, 0xFF, 0xF6, 0x00, 0x00, 0x00, 0x00, 0x00, 0x02, 0xEF, 0xFC, 0x00, 0x00, 0x00, 0x00, 0x00,
  0x00, 0xAF, 0xFF, 0x50, 0x00, 0x00, 0x00, 0x00, 0x00, 0x4F, 0xFF, 0xB0, 0x00, 0x00, 0x00, 0x00,
  0x00, 0x0C, 0xFF, 0xF3, 0x00, 0x00, 0x00, 0x00, 0x00, 0x05, 0xFF, 0xF9, 0x00, 0x00, 0x00, 0x00,
  0x00, 0x01, 0xDF, 0xFE, 0x20, 0x00, 0x00, 0x00, 0x00, 0x00, 0x7F, 0xFF, 0x80, 0x00, 0x00, 0x00,
  0x00, 0x00, 0x2E, 0xFF, 0xD1, 0x00, 0x00, 0x00, 0x00, 0x00, 0x09, 0xFF, 0xF6, 0x00, 0x00, 0x00,
  0x00, 0x00, 0x02, 0xFF, 0xFC, 0x00, 0x00, 0x00, 0x00, 0x00, 0x00, 0x6F, 0xFF, 0x60, 0x00, 0x00,
  0x00, 0x00, 0x00, 0x08, 0xFF, 0xF2, 0x00, 0x00, 0x00, 0x00, 0x00, 0x00, 0x6B, 0xBB, 0x10, 0x00,
  0x00, 0x00, 0x00, 0x00, 0x00, 0x00, 0x00, 0x00, 0x00, 0x00, 0x00, 0x00, 0x00, 0x00, 0x47, 0x9A,
  0x98, 0x51, 0x00, 0x00, 0x00, 0x00, 0x04, 0xCF, 0xFF, 0xFF, 0xFF, 0xE8, 0x00, 0x00, 0x00, 0x05,
  0xFF, 0xFF, 0xFF, 0xFF, 0xFF, 0xFB, 0x10, 0x00, 0x02, 0xEF, 0xFF, 0xD9, 0x88, 0xBF, 0xFF, 0xF7,
  0x00, 0x00, 0x6F, 0xFF, 0x91, 0x00, 0x00, 0x4E, 0xFF, 0xD0, 0x00, 0x08, 0xFF, 0xF2, 0x00, 0x00,
  0x00, 0x9F, 0xFE, 0x10, 0x00, 0x7F, 0xFE, 0x10, 0x00, 0x00, 0x08, 0xFF, 0xE1, 0x00, 0x05, 0xFF,
  0xF6, 0x00, 0x00, 0x01, 0xDF, 0xFB, 0x00, 0x00, 0x1C, 0xFF, 0xF9, 0x53, 0x46, 0xCF, 0xFF, 0x30,
  0x00, 0x00, 0x2B, 0xFF, 0xFF, 0xFF, 0xFF, 0xFC, 0x40, 0x00, 0x00, 0x00, 0x4F, 0xFF, 0xFF, 0xFF,
  0xFF, 0x40, 0x00, 0x00, 0x00, 0x8F, 0xFF, 0xFE, 0xEE, 0xFF, 0xFF, 0x90, 0x00, 0x00, 0x6F, 0xFF,
  0xC5, 0x21, 0x25, 0xBF, 0xFF, 0x60, 0x00, 0x0C, 0xFF, 0xD1, 0x00, 0x00, 0x01, 0xCF, 0xFC, 0x00,
  0x01, 0xEF, 0xF8, 0x00, 0x00, 0x00, 0x08, 0xFF, 0xE1, 0x00, 0x1E, 0xFF, 0x90, 0x00, 0x00, 0x00,
  0x8F, 0xFE, 0x10, 0x00, 0xDF, 0xFE, 0x20, 0x00, 0x00, 0x2D, 0xFF, 0xD0, 0x00, 0x08, 0xFF, 0xFE,
  0x74, 0x34, 0x7D, 0xFF, 0xF8, 0x00, 0x00, 0x1C, 0xFF, 0xFF, 0xFF, 0xFF, 0xFF, 0xFD, 0x10, 0x00,
  0x00, 0x2B, 0xFF, 0xFF, 0xFF, 0xFF, 0xFB, 0x20, 0x00, 0x00, 0x00, 0x04, 0x9C, 0xDE, 0xDC, 0x94,
  0x00, 0x00, 0x00, 0x00, 0x00, 0x00, 0x01, 0x11, 0x00, 0x00, 0x00, 0x00, 0x00, 0x00, 0x00, 0x48,
  0x9A, 0x97, 0x20, 0x00, 0x00, 0x00, 0x00, 0x04, 0xCF, 0xFF, 0xFF, 0xFF, 0x91, 0x00, 0x00, 0x00,
  0x05, 0xFF, 0xFF, 0xFF, 0xFF, 0xFF, 0xC1, 0x00, 0x00, 0x02, 0xEF, 0xFF, 0xC8, 0x8A, 0xEF, 0xFF,
  0x90, 0x00, 0x00, 0x8F, 0xFF, 0x80, 0x00, 0x02, 0xDF, 0xFF, 0x20, 0x00, 0x0C, 0xFF, 0xC0, 0x00,
  0x00, 0x04, 0xFF, 0xF6, 0x00, 0x01, 0xEF, 0xF8, 0x00, 0x00, 0x00, 0x1E, 0xFF, 0x80, 0x00, 0x1E,
  0xFF, 0x80, 0x00, 0x00, 0x01, 0xEF, 0xF8, 0x00, 0x00, 0xDF, 0xFC, 0x00, 0x00, 0x00, 0x5F, 0xFF,
  0x80, 0x00, 0x0A, 0xFF, 0xF8, 0x00, 0x00, 0x3D, 0xFF, 0xF8, 0x00, 0x00, 0x4F, 0xFF, 0xFC, 0x88,
  0xAE, 0xFF, 0xFF, 0x80, 0x00, 0x00, 0x8F, 0xFF, 0xFF, 0xFF, 0xFE, 0xFF, 0xF8, 0x00, 0x00, 0x00,
  0x7E, 0xFF, 0xFF, 0xFB, 0x3E, 0xFF, 0x80, 0x00, 0x00, 0x00, 0x27, 0x9A, 0x96, 0x00, 0xEF, 0xF8,
  0x00, 0x00, 0x22, 0x21, 0x00, 0x00, 0x00, 0x1E, 0xFF, 0x70, 0x00, 0x1D, 0xFF, 0x90, 0x10, 0x01,
  0x04, 0xFF, 0xF6, 0x00, 0x00, 0xCF, 0xFE, 0x20, 0x00, 0x01, 0xBF, 0xFF, 0x30, 0x00, 0x07, 0xFF,
  0xFD, 0x64, 0x46, 0xCF, 0xFF, 0xB0, 0x00, 0x00, 0x1C, 0xFF, 0xFF, 0xFF, 0xFF, 0xFF, 0xE2, 0x00,
  0x00, 0x00, 0x2B, 0xFF, 0xFF, 0xFF, 0xFF, 0xC3, 0x00, 0x00, 0x00, 0x00, 0x05, 0xAC, 0xEE, 0xDA,
  0x60, 0x00, 0x00, 0x00, 0x00, 0x00, 0x00, 0x01, 0x10, 0x00, 0x00, 0x00, 0x00, 0x00, 0x02, 0x77,
  0x20, 0x00, 0x00, 0x00, 0x00, 0x00, 0x00, 0x00, 0x00, 0x11, 0x00, 0x00, 0x00, 0x00, 0x00, 0x00,
  0x00, 0x00, 0x02, 0x77, 0x20, 0x00, 0x00, 0x2D, 0xFF, 0xD2, 0x00, 0x00, 0x8F, 0xFF, 0xF8, 0x00,
  0x00, 0x9F, 0xFF, 0xF9, 0x00, 0x00, 0x5F, 0xFF, 0xF5, 0x00, 0x00, 0x07, 0xDD, 0x70, 0x00, 0x00,
  0x00, 0x11, 0x00, 0x00, 0x00, 0x00, 0x11, 0x00, 0x00, 0x00, 0x07, 0xDD, 0x70, 0x00, 0x00, 0x4F,
  0xFF, 0xF4, 0x00, 0x00, 0x8F, 0xFF, 0xF8, 0x00, 0x00, 0x6F, 0xFF, 0xF6, 0x00, 0x00, 0x1B, 0xFF,
  0xB1, 0x00, 0x00, 0x00, 0x44, 0x00, 0x00, 0x00, 0x00, 0x00, 0x00, 0x00, 0x00, 0x00, 0x00, 0x00,
  0x00, 0x00, 0x00, 0x00, 0x00, 0x00, 0x00, 0x04, 0xBB, 0x40, 0x00, 0x00, 0x3F, 0xFF, 0xF3, 0x00,
  0x00, 0x8F, 0xFF, 0xF7, 0x00, 0x00, 0x6F, 0xFF, 0xF8, 0x00, 0x00, 0x09, 0xFF, 0xF7, 0x00, 0x00,
  0x00, 0x28, 0xF7, 0x00, 0x00, 0x00, 0x0A, 0xF7, 0x00, 0x00, 0x0A, 0xEF, 0xF4, 0x00, 0x00, 0x0B,
  0xFD, 0x60, 0x00, 0x00, 0x01, 0x10, 0x00, 0x00, 0x00, 0x00, 0x00, 0x00, 0x00, 0x00, 0x00, 0x00,
  0x00, 0x00, 0x00, 0x00, 0x00, 0x00, 0x00, 0x00, 0x00, 0x38, 0x20, 0x00, 0x00, 0x00, 0x00, 0x00,
  0x00, 0x14, 0x8C, 0xFF, 0x30, 0x00, 0x00, 0x00, 0x00, 0x01, 0x49, 0xDF, 0xFF, 0xFF, 0x30, 0x00,
  0x00, 0x00, 0x14, 0x9D, 0xFF, 0xFF, 0xFF, 0xEB, 0x20, 0x00, 0x00, 0x00, 0xCF, 0xFF, 0xFF, 0xFD,
  0xA6, 0x20, 0x00, 0x00, 0x00, 0x00, 0xDF, 0xFE, 0xC8, 0x41, 0x00, 0x00, 0x00, 0x00, 0x00, 0x00,
  0xDF, 0xFD, 0x30, 0x00, 0x00, 0x00, 0x00, 0x00, 0x00, 0x00, 0xEF, 0xFF, 0xFC, 0x94, 0x10, 0x00,
  0x00, 0x00, 0x00, 0x00, 0x8D, 0xFF, 0xFF, 0xFF, 0xDA, 0x62, 0x00, 0x00, 0x00, 0x00, 0x01, 0x49,
  0xDF, 0xFF, 0xFF, 0xFE, 0x30, 0x00, 0x00, 0x00, 0x00, 0x00, 0x14, 0x9D, 0xFF, 0xFF, 0x30, 0x00,
  0x00, 0x00, 0x00, 0x00, 0x00, 0x01, 0x48, 0xDF, 0x30, 0x00, 0x00, 0x00, 0x00, 0x00, 0x00, 0x00,
  0x00, 0x14, 0x10, 0x00, 0x00, 0x00, 0x00, 0x00, 0x00, 0x00, 0x00, 0x00, 0x00, 0x00, 0x00, 0x00,
  0x00, 0x00, 0x00, 0x00, 0x00, 0x00, 0x00, 0x00, 0x00, 0x00, 0x00, 0x00, 0x00, 0x00, 0x00, 0x00,
  0x00, 0x00, 0x00, 0x00, 0x00, 0x00, 0x00, 0x00, 0x00, 0x00, 0x00, 0x00, 0x00, 0x00, 0x00, 0x00,
  0x00, 0x00, 0x00, 0x00, 0x00, 0x00, 0x00, 0x00, 0x9A, 0xAA, 0xAA, 0xAA, 0xAA, 0xA9, 0x00, 0x00,
  0x00, 0x00, 0xEF, 0xFF, 0xFF, 0xFF, 0xFF, 0xFE, 0x00, 0x00, 0x00, 0x00, 0xEF, 0xFF, 0xFF, 0xFF,
  0xFF, 0xFE, 0x00, 0x00, 0x00, 0x00, 0x55, 0x55, 0x55, 0x55, 0x55, 0x55, 0x00, 0x00, 0x00, 0x00,
  0x00, 0x00, 0x00, 0x00, 0x00, 0x00, 0x00, 0x00, 0x00, 0x00, 0xBD, 0xDD, 0xDD, 0xDD, 0xDD, 0xDB,
  0x00, 0x00, 0x00, 0x00, 0xDF, 0xFF, 0xFF, 0xFF, 0xFF, 0xFD, 0x00, 0x00, 0x00, 0x00, 0xEF, 0xFF,
  0xFF, 0xFF, 0xFF, 0xFE, 0x00, 0x00, 0x00, 0x00, 0x33, 0x33, 0x33, 0x33, 0x33, 0x33, 0x00, 0x00,
  0x00, 0x00, 0x00, 0x00, 0x00, 0x00, 0x00, 0x00, 0x00, 0x00, 0x00, 0x00, 0x00, 0x00, 0x00, 0x00,
  0x00, 0x00, 0x00, 0x00, 0x00, 0x00, 0x00, 0x00, 0x00, 0x00, 0x00, 0x00, 0x00, 0x00, 0x00, 0x00,
  0x00, 0x00, 0x00, 0x00, 0x00, 0x00, 0x00, 0x00, 0x00, 0x00, 0x00, 0x00, 0x00, 0x00, 0x00, 0x00,
  0x00, 0x00, 0x00, 0x00, 0x00, 0x00, 0x00, 0x00, 0x00, 0x00, 0x00, 0x00, 0x00, 0x00, 0x00, 0x00,
  0x00, 0x00, 0x00, 0x00, 0x00, 0x00, 0x00, 0x02, 0x83, 0x00, 0x00, 0x00, 0x00, 0x00, 0x00, 0x00,
  0x00, 0x03, 0xFF, 0xC8, 0x41, 0x00, 0x00, 0x00, 0x00, 0x00, 0x00, 0x03, 0xFF, 0xFF, 0xFD, 0x94,
  0x10, 0x00, 0x00, 0x00, 0x00, 0x02, 0xBE, 0xFF, 0xFF, 0xFF, 0xD9, 0x41, 0x00, 0x00, 0x00, 0x00,
  0x02, 0x6A, 0xDF, 0xFF, 0xFF, 0xFC, 0x00, 0x00, 0x00, 0x00, 0x00, 0x00, 0x14, 0x8C, 0xEF, 0xFE,
  0x00, 0x00, 0x00, 0x00, 0x00, 0x00, 0x00, 0x03, 0xDF, 0xFD, 0x00, 0x00, 0x00, 0x00, 0x00, 0x01,
  0x49, 0xCF, 0xFF, 0xFE, 0x00, 0x00, 0x00, 0x00, 0x26, 0xAD, 0xFF, 0xFF, 0xFF, 0xD9, 0x00, 0x00,
  0x00, 0x03, 0xEF, 0xFF, 0xFF, 0xFD, 0x95, 0x10, 0x00, 0x00, 0x00, 0x03, 0xFF, 0xFF, 0xD9, 0x41,
  0x00, 0x00, 0x00, 0x00, 0x00, 0x03, 0xFD, 0x84, 0x10, 0x00, 0x00, 0x00, 0x00, 0x00, 0x00, 0x01,
  0x41, 0x00, 0x00, 0x00, 0x00, 0x00, 0x00, 0x00, 0x00, 0x00, 0x00, 0x00, 0x00, 0x00, 0x00, 0x00,
  0x00, 0x00, 0x00, 0x00, 0x00, 0x00, 0x00, 0x00, 0x00, 0x00, 0x00, 0x00, 0x00, 0x00, 0x00, 0x00,
  0x00, 0x00, 0x00, 0x00, 0x00, 0x00, 0x00, 0x00, 0x00, 0x00, 0x00, 0x00, 0x00, 0x00, 0x00, 0x00,
  0x00, 0x00, 0x00, 0x00, 0x00, 0x00, 0x00, 0x00, 0x00, 0x00, 0x00, 0x01, 0x58, 0x9A, 0x86, 0x10,
  0x00, 0x00, 0x00, 0x00, 0x5D, 0xFF, 0xFF, 0xFF, 0xE7, 0x00, 0x00, 0x00, 0x07, 0xFF, 0xFF, 0xFF,
  0xFF, 0xFF, 0x90, 0x00, 0x00, 0x3F, 0xFF, 0xFC, 0x88, 0xAF, 0xFF, 0xF5, 0x00, 0x00, 0xAF, 0xFF,
  0x60, 0x00, 0x04, 0xEF, 0xFB, 0x00, 0x00, 0xDF, 0xFB, 0x00, 0x00, 0x00, 0x9F, 0xFE, 0x10, 0x01,
  0xEF, 0xF8, 0x00, 0x00, 0x00, 0x8F, 0xFE, 0x10, 0x00, 0x33, 0x32, 0x00, 0x00, 0x01, 0xDF, 0xFC,
  0x00, 0x00, 0x00, 0x00, 0x00, 0x00, 0x3C, 0xFF, 0xF8, 0x00, 0x00, 0x00, 0x00, 0x00, 0x2A, 0xFF,
  0xFF, 0xC1, 0x00, 0x00, 0x00, 0x00, 0x03, 0xEF, 0xFF, 0xFB, 0x20, 0x00, 0x00, 0x00, 0x00, 0x0A,
  0xFF, 0xFD, 0x60, 0x00, 0x00, 0x00, 0x00, 0x00, 0x1E, 0xFF, 0xB1, 0x00, 0x00, 0x00, 0x00, 0x00,
  0x00, 0x1D, 0xEE, 0x70, 0x00, 0x00, 0x00, 0x00, 0x00, 0x00, 0x00, 0x00, 0x00, 0x00, 0x00, 0x00,
  0x00, 0x00, 0x00, 0x03, 0x76, 0x10, 0x00, 0x00, 0x00, 0x00, 0x00, 0x00, 0x6F, 0xFF, 0xC1, 0x00,
  0x00, 0x00, 0x00, 0x00, 0x00, 0xDF, 0xFF, 0xF6, 0x00, 0x00, 0x00, 0x00, 0x00, 0x01, 0xEF, 0xFF,
  0xF7, 0x00, 0x00, 0x00, 0x00, 0x00, 0x00, 0xAF, 0xFF, 0xF4, 0x00, 0x00, 0x00, 0x00, 0x00, 0x00,
  0x2A, 0xED, 0x60, 0x00, 0x00, 0x00, 0x00, 0x00, 0x00, 0x00, 0x10, 0x00, 0x00, 0x00, 0x00, 0x00,
  0x00, 0x00, 0x00, 0x00, 0x00, 0x00, 0x11, 0x10, 0x00, 0x00, 0x00, 0x00, 0x00, 0x00, 0x00, 0x00,
  0x00, 0x00, 0x00, 0x48, 0xBD, 0xDE, 0xED, 0xB8, 0x40, 0x00, 0x00, 0x00, 0x00, 0x00, 0x00, 0x00,
  0x00, 0x5C, 0xFF, 0xFF, 0xFF, 0xFF, 0xFF, 0xFB, 0x40, 0x00, 0x00, 0x00, 0x00, 0x00, 0x00, 0x19,
  0xFF, 0xFF, 0xFF, 0xFF, 0xFF, 0xFF, 0xFF, 0xF7, 0x00, 0x00, 0x00, 0x00, 0x00, 0x01, 0xBF, 0xFF,
  0xFD, 0x86, 0x43, 0x45, 0x7C, 0xFF, 0xFF, 0x80, 0x00, 0x00, 0x00, 0x00, 0x09, 0xFF, 0xFE, 0x61,
  0x00, 0x00, 0x00, 0x00, 0x4D, 0xFF, 0xF6, 0x00, 0x00, 0x00, 0x00, 0x5F, 0xFF, 0xD2, 0x00, 0x03,
  0x31, 0x00, 0x11, 0x03, 0xDF, 0xFE, 0x10, 0x00, 0x00, 0x00, 0xCF, 0xFE, 0x30, 0x05, 0xCF, 0xFE,
  0x80, 0xBE, 0xE8, 0x3F, 0xFF, 0x70, 0x00, 0x00, 0x04, 0xFF, 0xF8, 0x00, 0x6F, 0xFF, 0xFF, 0xF8,
  0xDF, 0xFA, 0x0B, 0xFF, 0xD0, 0x00, 0x00, 0x08, 0xFF, 0xE2, 0x03, 0xFF, 0xFF, 0xFE, 0xFF, 0xFF,
  0xFA, 0x06, 0xFF, 0xF3, 0x00, 0x00, 0x0B, 0xFF, 0xC0, 0x09, 0xFF, 0xFA, 0x21, 0x6E, 0xFF, 0xFA,
  0x03, 0xFF, 0xF6, 0x00, 0x00, 0x1D, 0xFF, 0x90, 0x1D, 0xFF, 0xC0, 0x00, 0x06, 0xFF, 0xFA, 0x01,
  0xEF, 0xF7, 0x00, 0x00, 0x1E, 0xFF, 0x70, 0x2F, 0xFF, 0x70, 0x00, 0x01, 0xEF, 0xFA, 0x01, 0xDF,
  0xF8, 0x00, 0x00, 0x1F, 0xFF, 0x70, 0x3F, 0xFF, 0x50, 0x00, 0x00, 0xCF, 0xFA, 0x01, 0xDF, 0xF8,
  0x00, 0x00, 0x1F, 0xFF, 0x70, 0x3F, 0xFF, 0x40, 0x00, 0x00, 0xCF, 0xFA, 0x01, 0xDF, 0xF8, 0x00,
  0x00, 0x1E, 0xFF, 0x70, 0x2F, 0xFF, 0x60, 0x00, 0x01, 0xDF, 0xFA, 0x01, 0xDF, 0xF8, 0x00, 0x00,
  0x1D, 0xFF, 0x90, 0x1D, 0xFF, 0xA0, 0x00, 0x04, 0xFF, 0xFA, 0x02, 0xEF, 0xF7, 0x00, 0x00, 0x0B,
  0xFF, 0xC0, 0x0A, 0xFF, 0xF6, 0x00, 0x2C, 0xFF, 0xFB, 0x18, 0xFF, 0xF4, 0x00, 0x00, 0x08, 0xFF,
  0xF3, 0x04, 0xFF, 0xFF, 0xCA, 0xEF, 0xFF, 0xFF, 0xEF, 0xFF, 0xD0, 0x00, 0x00, 0x03, 0xFF, 0xF9,
  0x00, 0x9F, 0xFF, 0xFF, 0xFB, 0x9F, 0xFF, 0xFF, 0xFF, 0x50, 0x00, 0x00, 0x00, 0xBF, 0xFF, 0x40,
  0x08, 0xFF, 0xFF, 0xD2, 0x1C, 0xFF, 0xFF, 0xC5, 0x00, 0x00, 0x00, 0x00, 0x4F, 0xFF, 0xE3, 0x00,
  0x37, 0x86, 0x10, 0x00, 0x33, 0x32, 0x00, 0x00, 0x00, 0x00, 0x00, 0x08, 0xFF, 0xFE, 0x71, 0x00,
  0x00, 0x00, 0x00, 0x00, 0x00, 0x00, 0x00, 0x00, 0x00, 0x00, 0x00, 0xAF, 0xFF, 0xFE, 0x97, 0x54,
  0x33, 0x33, 0x42, 0x00, 0x00, 0x00, 0x00, 0x00, 0x00, 0x00, 0x08, 0xFF, 0xFF, 0xFF, 0xFF, 0xFF,
  0xFF, 0xFA, 0x00, 0x00, 0x00, 0x00, 0x00, 0x00, 0x00, 0x00, 0x4B, 0xFF, 0xFF, 0xFF, 0xFF, 0xFF,
  0xFA, 0x00, 0x00, 0x00, 0x00, 0x00, 0x00, 0x00, 0x00, 0x00, 0x37, 0xAC, 0xDE, 0xEE, 0xEE, 0xE9,
  0x00, 0x00, 0x00, 0x00, 0x00, 0x00, 0x00, 0x00, 0x00, 0x00, 0x00, 0x11, 0x11, 0x11, 0x11, 0x00,
  0x00, 0x00, 0x00, 0x00, 0x00, 0x00, 0x01, 0x11, 0x11, 0x10, 0x00, 0x00, 0x00, 0x00, 0x00, 0x00,
  0x7E, 0xEE, 0xEE, 0xE4, 0x00, 0x00, 0x00, 0x00, 0x00, 0x00, 0xBF, 0xFF, 0xFF, 0xF7, 0x00, 0x00,
  0x00, 0x00, 0x00, 0x01, 0xEF, 0xFC, 0xDF, 0xFB, 0x00, 0x00, 0x00, 0x00, 0x00, 0x04, 0xFF, 0xF5,
  0x8F, 0xFE, 0x10, 0x00, 0x00, 0x00, 0x00, 0x08, 0xFF, 0xF2, 0x6F, 0xFF, 0x40, 0x00, 0x00, 0x00,
  0x00, 0x0B, 0xFF, 0xD0, 0x3F, 0xFF, 0x80, 0x00, 0x00, 0x00, 0x00, 0x1E, 0xFF, 0xA0, 0x0D, 0xFF,
  0xB0, 0x00, 0x00, 0x00, 0x00, 0x5F, 0xFF, 0x60, 0x0A, 0xFF, 0xE2, 0x00, 0x00, 0x00, 0x00, 0x8F,
  0xFF, 0x30, 0x06, 0xFF, 0xF5, 0x00, 0x00, 0x00, 0x00, 0xCF, 0xFD, 0x00, 0x03, 0xFF, 0xF8, 0x00,
  0x00, 0x00, 0x02, 0xFF, 0xFA, 0x00, 0x01, 0xDF, 0xFC, 0x00, 0x00, 0x00, 0x05, 0xFF, 0xF6, 0x00,
  0x00, 0xAF, 0xFF, 0x20, 0x00, 0x00, 0x09, 0xFF, 0xFB, 0xAA, 0xAA, 0xDF, 0xFF, 0x60, 0x00, 0x00,
  0x0C, 0xFF, 0xFF, 0xFF, 0xFF, 0xFF, 0xFF, 0x90, 0x00, 0x00, 0x2F, 0xFF, 0xFF, 0xFF, 0xFF, 0xFF,
  0xFF, 0xD0, 0x00, 0x00, 0x6F, 0xFF, 0xA8, 0x87, 0x78, 0x7C, 0xFF, 0xF3, 0x00, 0x00, 0x9F, 0xFF,
  0x20, 0x00, 0x00, 0x05, 0xFF, 0xF6, 0x00, 0x00, 0xDF, 0xFD, 0x00, 0x00, 0x00, 0x03, 0xFF, 0xFA,
  0x00, 0x03, 0xFF, 0xF9, 0x00, 0x00, 0x00, 0x00, 0xDF, 0xFE, 0x10, 0x04, 0xBA, 0xB4, 0x00, 0x00,
  0x00, 0x00, 0x7B, 0xBB, 0x20, 0x00, 0x00, 0x00, 0x00, 0x00, 0x00, 0x00, 0x00, 0x00, 0x00, 0x00,
  0x00, 0x00, 0x00, 0x00, 0x00, 0x00, 0x00, 0x00, 0x00, 0x00, 0x6A, 0xAA, 0xAA, 0xAA, 0xAA, 0xA9,
  0x61, 0x00, 0x00, 0x00, 0x9F, 0xFF, 0xFF, 0xFF, 0xFF, 0xFF, 0xFD, 0x50, 0x00, 0x00, 0x9F, 0xFF,
  0xFF, 0xFF, 0xFF, 0xFF, 0xFF, 0xF4, 0x00, 0x00, 0x46, 0x7F, 0xFF, 0xA7, 0x88, 0x8D, 0xFF, 0xFB,
  0x00, 0x00, 0x00, 0x1F, 0xFF, 0x40, 0x00, 0x01, 0xCF, 0xFE, 0x10, 0x00, 0x00, 0x2F, 0xFF, 0x50,
  0x00, 0x00, 0x6F, 0xFF, 0x10, 0x00, 0x00, 0x2F, 0xFF, 0x50, 0x00, 0x00, 0x7F, 0xFD, 0x10, 0x00,
  0x00, 0x2F, 0xFF, 0x50, 0x00, 0x03, 0xDF, 0xF9, 0x00, 0x00, 0x00, 0x2F, 0xFF, 0xCA, 0xAA, 0xBE,
  0xFF, 0xC1, 0x00, 0x00, 0x00, 0x2F, 0xFF, 0xFF, 0xFF, 0xFF, 0xF8, 0x00, 0x00, 0x00, 0x00, 0x2F,
  0xFF, 0xFF, 0xFF, 0xFF, 0xFB, 0x30, 0x00, 0x00, 0x00, 0x2F, 0xFF, 0xA7, 0x88, 0x8D, 0xFF, 0xF3,
  0x00, 0x00, 0x00, 0x2F, 0xFF, 0x40, 0x00, 0x01, 0xCF, 0xFB, 0x00, 0x00, 0x00, 0x2F, 0xFF, 0x50,
  0x00, 0x00, 0x6F, 0xFE, 0x10, 0x00, 0x00, 0x2F, 0xFF, 0x50, 0x00, 0x00, 0x6F, 0xFF, 0x10, 0x00,
  0x00, 0x2F, 0xFF, 0x40, 0x00, 0x00, 0xBF, 0xFE, 0x10, 0x00, 0x23, 0x5F, 0xFF, 0x85, 0x55, 0x6B,
  0xFF, 0xFB, 0x00, 0x00, 0x8F, 0xFF, 0xFF, 0xFF, 0xFF, 0xFF, 0xFF, 0xF5, 0x00, 0x00, 0x9F, 0xFF,
  0xFF, 0xFF, 0xFF, 0xFF, 0xFF, 0x80, 0x00, 0x00, 0x8E, 0xEE, 0xEE, 0xEE, 0xEE, 0xED, 0xA4, 0x00,
  0x00, 0x00, 0x01, 0x11, 0x11, 0x11, 0x11, 0x10, 0x00, 0x00, 0x00, 0x00, 0x00, 0x00, 0x04, 0x89,
  0xA9, 0x73, 0x00, 0x00, 0x00, 0x00, 0x00, 0x05, 0xDF, 0xFF, 0xFF, 0xFF, 0xB3, 0x00, 0x00, 0x00,
  0x00, 0x7F, 0xFF, 0xFF, 0xFF, 0xFF, 0xFE, 0x30, 0x00, 0x00, 0x04, 0xFF, 0xFF, 0xC9, 0x89, 0xDF,
  0xFF, 0xD1, 0x00, 0x00, 0x0C, 0xFF, 0xF8, 0x00, 0x00, 0x1A, 0xFF, 0xF6, 0x00, 0x00, 0x3F, 0xFF,
  0xA0, 0x00, 0x00, 0x01, 0xEF, 0xFA, 0x00, 0x00, 0x6F, 0xFF, 0x40, 0x00, 0x00, 0x00, 0xAF, 0xFD,
  0x00, 0x00, 0x7F, 0xFF, 0x20, 0x00, 0x00, 0x00, 0x6C, 0xCB, 0x10, 0x00, 0x8F, 0xFE, 0x10, 0x00,
  0x00, 0x00, 0x00, 0x00, 0x00, 0x00, 0x8F, 0xFE, 0x10, 0x00, 0x00, 0x00, 0x00, 0x00, 0x00, 0x00,
  0x8F, 0xFE, 0x10, 0x00, 0x00, 0x00, 0x00, 0x00, 0x00, 0x00, 0x8F, 0xFE, 0x10, 0x00, 0x00, 0x00,
  0x00, 0x00, 0x00, 0x00, 0x8F, 0xFE, 0x10, 0x00, 0x00, 0x00, 0x00, 0x00, 0x00, 0x00, 0x7F, 0xFE,
  0x20, 0x00, 0x00, 0x00, 0x6C, 0xCB, 0x10, 0x00, 0x6F, 0xFF, 0x30, 0x00, 0x00, 0x00, 0x9F, 0xFE,
  0x10, 0x00, 0x4F, 0xFF, 0x80, 0x00, 0x00, 0x00, 0xDF, 0xFB, 0x00, 0x00, 0x1D, 0xFF, 0xE4, 0x00,
  0x00, 0x07, 0xFF, 0xF8, 0x00, 0x00, 0x07, 0xFF, 0xFF, 0x85, 0x45, 0xAF, 0xFF, 0xF2, 0x00, 0x00,
  0x00, 0xBF, 0xFF, 0xFF, 0xFF, 0xFF, 0xFF, 0x60, 0x00, 0x00, 0x00, 0x19, 0xFF, 0xFF, 0xFF, 0xFF,
  0xE7, 0x00, 0x00, 0x00, 0x00, 0x00, 0x49, 0xCD, 0xED, 0xB8, 0x20, 0x00, 0x00, 0x00, 0x00, 0x00,
  0x00, 0x01, 0x11, 0x00, 0x00, 0x00, 0x00, 0x00, 0x00, 0x00, 0x00, 0x00, 0x00, 0x00, 0x00, 0x00,
  0x00, 0x00, 0x6A, 0xAA, 0xAA, 0xAA, 0xA9, 0x73, 0x00, 0x00, 0x00, 0x00, 0x9F, 0xFF, 0xFF, 0xFF,
  0xFF, 0xFF, 0xB3, 0x00, 0x00, 0x00, 0x9F, 0xFF, 0xFF, 0xFF, 0xFF, 0xFF, 0xFE, 0x40, 0x00, 0x00,
  0x46, 0x7F, 0xFF, 0xA7, 0x89, 0xDF, 0xFF, 0xD1, 0x00, 0x00, 0x00, 0x1F, 0xFF, 0x40, 0x00, 0x1A,
  0xFF, 0xF6, 0x00, 0x00, 0x00, 0x2F, 0xFF, 0x50, 0x00, 0x01, 0xDF, 0xFB, 0x00, 0x00, 0x00, 0x2F,
  0xFF, 0x50, 0x00, 0x00, 0x9F, 0xFD, 0x10, 0x00, 0x00, 0x2F, 0xFF, 0x50, 0x00, 0x00, 0x6F, 0xFE,
  0x10, 0x00, 0x00, 0x2F, 0xFF, 0x50, 0x00, 0x00, 0x6F, 0xFF, 0x10, 0x00, 0x00, 0x2F, 0xFF, 0x50,
  0x00, 0x00, 0x6F, 0xFF, 0x10, 0x00, 0x00, 0x2F, 0xFF, 0x50, 0x00, 0x00, 0x6F, 0xFF, 0x10, 0x00,
  0x00, 0x2F, 0xFF, 0x50, 0x00, 0x00, 0x6F, 0xFF, 0x10, 0x00, 0x00, 0x2F, 0xFF, 0x50, 0x00, 0x00,
  0x6F, 0xFE, 0x10, 0x00, 0x00, 0x2F, 0xFF, 0x50, 0x00, 0x00, 0x8F, 0xFE, 0x10, 0x00, 0x00, 0x2F,
  0xFF, 0x50, 0x00, 0x00, 0xCF, 0xFC, 0x00, 0x00, 0x00, 0x2F, 0xFF, 0x40, 0x00, 0x08, 0xFF, 0xF8,
  0x00, 0x00, 0x23, 0x5F, 0xFF, 0x85, 0x57, 0xBF, 0xFF, 0xF2, 0x00, 0x00, 0x8F, 0xFF, 0xFF, 0xFF,
  0xFF, 0xFF, 0xFF, 0x70, 0x00, 0x00, 0x9F, 0xFF, 0xFF, 0xFF, 0xFF, 0xFF, 0xE7, 0x00, 0x00, 0x00,
  0x8E, 0xEE, 0xEE, 0xEE, 0xED, 0xB7, 0x20, 0x00, 0x00, 0x00, 0x01, 0x11, 0x11, 0x11, 0x11, 0x00,
  0x00, 0x00, 0x00, 0x00, 0x00, 0x00, 0x00, 0x00, 0x00, 0x00, 0x00, 0x00, 0x00, 0x09, 0xAA, 0xAA,
  0xAA, 0xAA, 0xAA, 0xA9, 0x00, 0x00, 0x0E, 0xFF, 0xFF, 0xFF, 0xFF, 0xFF, 0xFE, 0x00, 0x00, 0x0D,
  0xFF, 0xFF, 0xFF, 0xFF, 0xFF, 0xFF, 0x00, 0x00, 0x0D, 0xFF, 0xD7, 0x87, 0x77, 0x77, 0x77, 0x00,
  0x00, 0x0D, 0xFF, 0xA0, 0x00, 0x00, 0x00, 0x00, 0x00, 0x00, 0x0D, 0xFF, 0xB0, 0x00, 0x00, 0x00,
  0x00, 0x00, 0x00, 0x0D, 0xFF, 0xB0, 0x00, 0x00, 0x00, 0x00, 0x00, 0x00, 0x0D, 0xFF, 0xB0, 0x00,
  0x00, 0x00, 0x00, 0x00, 0x00, 0x0D, 0xFF, 0xEA, 0xAA, 0xAA, 0xAA, 0xA2, 0x00, 0x00, 0x0D, 0xFF,
  0xFF, 0xFF, 0xFF, 0xFF, 0xF3, 0x00, 0x00, 0x0D, 0xFF, 0xFF, 0xFF, 0xFF, 0xFF, 0xF3, 0x00, 0x00,
  0x0D, 0xFF, 0xD7, 0x87, 0x77, 0x77, 0x72, 0x00, 0x00, 0x0D, 0xFF, 0xA0, 0x00, 0x00, 0x00, 0x00,
  0x00, 0x00, 0x0D, 0xFF, 0xB0, 0x00, 0x00, 0x00, 0x00, 0x00, 0x00, 0x0D, 0xFF, 0xB0, 0x00, 0x00,
  0x00, 0x00, 0x00, 0x00, 0x0D, 0xFF, 0xB0, 0x00, 0x00, 0x00, 0x00, 0x00, 0x00, 0x0D, 0xFF, 0xC3,
  0x33, 0x33, 0x33, 0x33, 0x10, 0x00, 0x0D, 0xFF, 0xFF, 0xFF, 0xFF, 0xFF, 0xFF, 0x40, 0x00, 0x0E,
  0xFF, 0xFF, 0xFF, 0xFF, 0xFF, 0xFF, 0x40, 0x00, 0x0C, 0xEE, 0xEE, 0xEE, 0xEE, 0xEE, 0xEE, 0x30,
  0x00, 0x01, 0x11, 0x11, 0x11, 0x11, 0x11, 0x11, 0x00, 0x00, 0x01, 0x11, 0x11, 0x11, 0x11, 0x11,
  0x10, 0x00, 0x01, 0xDE, 0xEE, 0xEE, 0xEE, 0xEE, 0xEE, 0x40, 0x00, 0x1E, 0xFF, 0xFF, 0xFF, 0xFF,
  0xFF, 0xF4, 0x00, 0x01, 0xEF, 0xFF, 0xFF, 0xFF, 0xFF, 0xFF, 0x40, 0x00, 0x1E, 0xFF, 0xA3, 0x43,
  0x33, 0x33, 0x31, 0x00, 0x01, 0xEF, 0xF8, 0x00, 0x00, 0x00, 0x00, 0x00, 0x00, 0x1E, 0xFF, 0x80,
  0x00, 0x00, 0x00, 0x00, 0x00, 0x01, 0xEF, 0xF8, 0x00, 0x00, 0x00, 0x00, 0x00, 0x00, 0x1E, 0xFF,
  0x80, 0x00, 0x00, 0x00, 0x00, 0x00, 0x01, 0xEF, 0xFD, 0xAA, 0xAA, 0xAA, 0xA7, 0x00, 0x00, 0x1E,
  0xFF, 0xFF, 0xFF, 0xFF, 0xFF, 0xB0, 0x00, 0x01, 0xEF, 0xFF, 0xFF, 0xFF, 0xFF, 0xFC, 0x00, 0x00,
  0x1E, 0xFF, 0xB7, 0x87, 0x77, 0x77, 0x50, 0x00, 0x01, 0xEF, 0xF7, 0x00, 0x00, 0x00, 0x00, 0x00,
  0x00, 0x1E, 0xFF, 0x80, 0x10, 0x00, 0x00, 0x00, 0x00, 0x01, 0xEF, 0xF8, 0x00, 0x00, 0x00, 0x00,
  0x00, 0x00, 0x1E, 0xFF, 0x80, 0x00, 0x00, 0x00, 0x00, 0x00, 0x01, 0xEF, 0xF8, 0x00, 0x00, 0x00,
  0x00, 0x00, 0x00, 0x1E, 0xFF, 0x80, 0x00, 0x00, 0x00, 0x00, 0x00, 0x01, 0xFF, 0xF8, 0x00, 0x00,
  0x00, 0x00, 0x00, 0x00, 0x1A, 0xBB, 0x60, 0x00, 0x00, 0x00, 0x00, 0x00, 0x00, 0x00, 0x00, 0x00,
  0x00, 0x00, 0x00, 0x00, 0x00, 0x00, 0x00, 0x15, 0x8A, 0xA8, 0x62, 0x00, 0x00, 0x00, 0x00, 0x00,
  0x06, 0xDF, 0xFF, 0xFF, 0xFE, 0x91, 0x00, 0x00, 0x00, 0x00, 0x8F, 0xFF, 0xFF, 0xFF, 0xFF, 0xFB,
  0x10, 0x00, 0x00, 0x05, 0xFF, 0xFF, 0xB8, 0x8A, 0xFF, 0xFF, 0x80, 0x00, 0x00, 0x0D, 0xFF, 0xF6,
  0x00, 0x00, 0x3D, 0xFF, 0xE1, 0x00, 0x00, 0x4F, 0xFF, 0x80, 0x00, 0x00, 0x05, 0xFF, 0xF5, 0x00,
  0x00, 0x7F, 0xFE, 0x20, 0x00, 0x00, 0x01, 0xFF, 0xF8, 0x00, 0x00, 0x8F, 0xFD, 0x00, 0x00, 0x00,
  0x00, 0x78, 0x84, 0x00, 0x00, 0x8F, 0xFD, 0x00, 0x00, 0x00, 0x00, 0x00, 0x00, 0x00, 0x00, 0x8F,
  0xFD, 0x00, 0x00, 0x00, 0x00, 0x00, 0x00, 0x00, 0x00, 0x8F, 0xFD, 0x00, 0x04, 0x77, 0x77, 0x87,
  0x84, 0x00, 0x00, 0x8F, 0xFD, 0x00, 0x0A, 0xFF, 0xFF, 0xFF, 0xF9, 0x00, 0x00, 0x8F, 0xFD, 0x00,
  0x09, 0xFF, 0xFF, 0xFE, 0xF8, 0x00, 0x00, 0x8F, 0xFD, 0x00, 0x06, 0xAA, 0xAA, 0xEF, 0xF8, 0x00,
  0x00, 0x7F, 0xFE, 0x20, 0x00, 0x00, 0x00, 0xDF, 0xF8, 0x00, 0x00, 0x5F, 0xFF, 0x60, 0x00, 0x00,
  0x03, 0xFF, 0xF8, 0x00, 0x00, 0x1E, 0xFF, 0xD2, 0x00, 0x00, 0x0A, 0xFF, 0xF8, 0x00, 0x00, 0x08,
  0xFF, 0xFE, 0x74, 0x45, 0xBF, 0xFF, 0xF8, 0x00, 0x00, 0x01, 0xCF, 0xFF, 0xFF, 0xFF, 0xFE, 0xDF,
  0xF8, 0x00, 0x00, 0x00, 0x1B, 0xFF, 0xFF, 0xFF, 0xF5, 0xAF, 0xF9, 0x00, 0x00, 0x00, 0x00, 0x5A,
  0xDE, 0xDB, 0x50, 0x69, 0x95, 0x00, 0x00, 0x00, 0x00, 0x00, 0x11, 0x10, 0x00, 0x00, 0x00, 0x00,
  0x00, 0x01, 0x11, 0x00, 0x00, 0x00, 0x00, 0x11, 0x10, 0x00, 0x00, 0x1E, 0xEE, 0x50, 0x00, 0x00,
  0x05, 0xEE, 0xE2, 0x00, 0x00, 0x2F, 0xFF, 0x60, 0x00, 0x00, 0x05, 0xFF, 0xF2, 0x00, 0x00, 0x2F,
  0xFF, 0x60, 0x00, 0x00, 0x05, 0xFF, 0xF2, 0x00, 0x00, 0x2F, 0xFF, 0x60, 0x00, 0x00, 0x05, 0xFF,
  0xF2, 0x00, 0x00, 0x2F, 0xFF, 0x60, 0x00, 0x00, 0x05, 0xFF, 0xF2, 0x00, 0x00, 0x2F, 0xFF, 0x60,
  0x00, 0x00, 0x05, 0xFF, 0xF2, 0x00, 0x00, 0x2F, 0xFF, 0x60, 0x10, 0x01, 0x05, 0xFF, 0xF2, 0x00,
  0x00, 0x2F, 0xFF, 0x50, 0x00, 0x00, 0x04, 0xFF, 0xF2, 0x00, 0x00, 0x2F, 0xFF, 0xA7, 0x87, 0x78,
  0x7A, 0xFF, 0xF2, 0x00, 0x00, 0x2F, 0xFF, 0xFF, 0xFF, 0xFF, 0xFF, 0xFF, 0xF2, 0x00, 0x00, 0x2F,
  0xFF, 0xFF, 0xFF, 0xFF, 0xFF, 0xFF, 0xF2, 0x00, 0x00, 0x2F, 0xFF, 0xCA, 0xAA, 0xAA, 0xAC, 0xFF,
  0xF2, 0x00, 0x00, 0x2F, 0xFF, 0x50, 0x00, 0x00, 0x05, 0xFF, 0xF2, 0x00, 0x00, 0x2F, 0xFF, 0x60,
  0x00, 0x00, 0x05, 0xFF, 0xF2, 0x00, 0x00, 0x2F, 0xFF, 0x60, 0x00, 0x00, 0x05, 0xFF, 0xF2, 0x00,
  0x00, 0x2F, 0xFF, 0x60, 0x00, 0x00, 0x05, 0xFF, 0xF2, 0x00, 0x00, 0x2F, 0xFF, 0x60, 0x00, 0x00,
  0x05, 0xFF, 0xF2, 0x00, 0x00, 0x2F, 0xFF, 0x60, 0x00, 0x00, 0x05, 0xFF, 0xF2, 0x00, 0x00, 0x2F,
  0xFF, 0x60, 0x00, 0x00, 0x05, 0xFF, 0xF2, 0x00, 0x00, 0x1E, 0xEE, 0x50, 0x00, 0x00, 0x05, 0xEE,
  0xE2, 0x00, 0x00, 0x01, 0x11, 0x00, 0x00, 0x00, 0x00, 0x11, 0x10, 0x00, 0x00, 0x01, 0x11, 0x10,
  0x00, 0x00, 0x0C, 0xEE, 0xC0, 0x00, 0x00, 0x0D, 0xFF, 0xD0, 0x00, 0x00, 0x0C, 0xFF, 0xD0, 0x00,
  0x00, 0x0C, 0xFF, 0xD0, 0x00, 0x00, 0x0C, 0xFF, 0xD0, 0x00, 0x00, 0x0C, 0xFF, 0xD0, 0x00, 0x00,
  0x0C, 0xFF, 0xD0, 0x00, 0x00, 0x0C, 0xFF, 0xD0, 0x00, 0x00, 0x0C, 0xFF, 0xD0, 0x00, 0x00, 0x0C,
  0xFF, 0xD0, 0x00, 0x00, 0x0C, 0xFF, 0xD0, 0x00, 0x00, 0x0C, 0xFF, 0xD0, 0x00, 0x00, 0x0C, 0xFF,
  0xD0, 0x00, 0x00, 0x0C, 0xFF, 0xD0, 0x00, 0x00, 0x0C, 0xFF, 0xD0, 0x00, 0x00, 0x0C, 0xFF, 0xD0,
  0x00, 0x00, 0x0C, 0xFF, 0xD0, 0x00, 0x00, 0x0C, 0xFF, 0xD0, 0x00, 0x00, 0x0D, 0xFF, 0xD0, 0x00,
  0x00, 0x0C, 0xEE, 0xC0, 0x00, 0x00, 0x01, 0x11, 0x10, 0x00, 0x00, 0x00, 0x00, 0x00, 0x00, 0x00,
  0x00, 0x00, 0x00, 0x00, 0x00, 0x00, 0x00, 0x5A, 0xAA, 0xAA, 0xAA, 0xAA, 0x10, 0x00, 0x00, 0x00,
  0x08, 0xFF, 0xFF, 0xFF, 0xFF, 0xF1, 0x00, 0x00, 0x00, 0x00, 0x8F, 0xFF, 0xFF, 0xFF, 0xFF, 0x10,
  0x00, 0x00, 0x00, 0x03, 0x66, 0x6F, 0xFF, 0xB6, 0x60, 0x00, 0x00, 0x00, 0x00, 0x00, 0x00, 0xEF,
  0xF7, 0x00, 0x00, 0x00, 0x00, 0x00, 0x00, 0x00, 0x1E, 0xFF, 0x80, 0x00, 0x00, 0x00, 0x00, 0x00,
  0x00, 0x01, 0xEF, 0xF8, 0x00, 0x00, 0x00, 0x00, 0x00, 0x00, 0x00, 0x1E, 0xFF, 0x80, 0x00, 0x00,
  0x00, 0x00, 0x00, 0x00, 0x01, 0xEF, 0xF8, 0x00, 0x00, 0x00, 0x00, 0x00, 0x00, 0x00, 0x1E, 0xFF,
  0x80, 0x00, 0x00, 0x00, 0x00, 0x00, 0x00, 0x01, 0xEF, 0xF8, 0x00, 0x00, 0x00, 0x22, 0x21, 0x00,
  0x00, 0x1E, 0xFF, 0x80, 0x00, 0x00, 0x1D, 0xEE, 0x70, 0x00, 0x01, 0xEF, 0xF8, 0x00, 0x00, 0x01,
  0xEF, 0xF8, 0x00, 0x00, 0x1E, 0xFF, 0x80, 0x00, 0x00, 0x1E, 0xFF, 0x90, 0x00, 0x02, 0xFF, 0xF7,
  0x00, 0x00, 0x00, 0xCF, 0xFD, 0x20, 0x00, 0x7F, 0xFF, 0x60, 0x00, 0x00, 0x08, 0xFF, 0xFD, 0x86,
  0x9F, 0xFF, 0xF2, 0x00, 0x00, 0x00, 0x1D, 0xFF, 0xFF, 0xFF, 0xFF, 0xF9, 0x00, 0x00, 0x00, 0x00,
  0x3D, 0xFF, 0xFF, 0xFF, 0xFA, 0x10, 0x00, 0x00, 0x00, 0x00, 0x17, 0xBD, 0xED, 0xB6, 0x00, 0x00,
  0x00, 0x00, 0x00, 0x00, 0x00, 0x11, 0x10, 0x00, 0x00, 0x00, 0x00, 0x00, 0x01, 0x11, 0x10, 0x00,
  0x00, 0x00, 0x11, 0x11, 0x10, 0x00, 0x0D, 0xEE, 0xA0, 0x00, 0x00, 0x09, 0xEE, 0xED, 0x30, 0x00,
  0x0E, 0xFF, 0xB0, 0x00, 0x00, 0x7F, 0xFF, 0xF5, 0x00, 0x00, 0x0D, 0xFF, 0xA0, 0x00, 0x05, 0xFF,
  0xFF, 0x70, 0x00, 0x00, 0x0D, 0xFF, 0xA0, 0x00, 0x3E, 0xFF, 0xF9, 0x00, 0x00, 0x00, 0x0D, 0xFF,
  0xA0, 0x01, 0xDF, 0xFF, 0xB0, 0x00, 0x00, 0x00, 0x0D, 0xFF, 0xA0, 0x0B, 0xFF, 0xFD, 0x10, 0x00,
  0x00, 0x00, 0x0D, 0xFF, 0xA0, 0x9F, 0xFF, 0xE3, 0x00, 0x00, 0x00, 0x00, 0x0D, 0xFF, 0xA5, 0xFF,
  0xFF, 0x40, 0x00, 0x00, 0x00, 0x00, 0x0D, 0xFF, 0xFF, 0xFF, 0xF6, 0x00, 0x00, 0x00, 0x00, 0x00,
  0x0D, 0xFF, 0xFF, 0xFF, 0x80, 0x00, 0x00, 0x00, 0x00, 0x00, 0x0D, 0xFF, 0xFF, 0xFF, 0x90, 0x00,
  0x00, 0x00, 0x00, 0x00, 0x0D, 0xFF, 0xFF, 0xFF, 0xF8, 0x00, 0x00, 0x00, 0x00, 0x00, 0x0D, 0xFF,
  0xA5, 0xFF, 0xFF, 0x60, 0x00, 0x00, 0x00, 0x00, 0x0D, 0xFF, 0xA0, 0x8F, 0xFF, 0xF5, 0x00, 0x00,
  0x00, 0x00, 0x0D, 0xFF, 0xA0, 0x0A, 0xFF, 0xFE, 0x30, 0x00, 0x00, 0x00, 0x0D, 0xFF, 0xA0, 0x01,
  0xCF, 0xFF, 0xD2, 0x00, 0x00, 0x00, 0x0D, 0xFF, 0xA0, 0x00, 0x2E, 0xFF, 0xFC, 0x10, 0x00, 0x00,
  0x0D, 0xFF, 0xA0, 0x00, 0x04, 0xFF, 0xFF, 0xA0, 0x00, 0x00, 0x0E, 0xFF, 0xB0, 0x00, 0x00, 0x6F,
  0xFF, 0xF9, 0x00, 0x00, 0x0D, 0xEE, 0xA0, 0x00, 0x00, 0x08, 0xEE, 0xEE, 0x60, 0x00, 0x01, 0x11,
  0x10, 0x00, 0x00, 0x00, 0x11, 0x11, 0x10, 0x00, 0x01, 0x11, 0x10, 0x00, 0x00, 0x00, 0x00, 0x00,
  0x00, 0x0C, 0xEE, 0xA0, 0x00, 0x00, 0x00, 0x00, 0x00, 0x00, 0x0E, 0xFF, 0xB0, 0x00, 0x00, 0x00,
  0x00, 0x00, 0x00, 0x0D, 0xFF, 0xB0, 0x00, 0x00, 0x00, 0x00, 0x00, 0x00, 0x0D, 0xFF, 0xB0, 0x00,
  0x00, 0x00, 0x00, 0x00, 0x00, 0x0D, 0xFF, 0xB0, 0x00, 0x00, 0x00, 0x00, 0x00, 0x00, 0x0D, 0xFF,
  0xB0, 0x00, 0x00, 0x00, 0x00, 0x00, 0x00, 0x0D, 0xFF, 0xB0, 0x00, 0x00, 0x00, 0x00, 0x00, 0x00,
  0x0D, 0xFF, 0xB0, 0x00, 0x00, 0x00, 0x00, 0x00, 0x00, 0x0D, 0xFF, 0xB0, 0x00, 0x00, 0x00, 0x00,
  0x00, 0x00, 0x0D, 0xFF, 0xB0, 0x00, 0x00, 0x00, 0x00, 0x00, 0x00, 0x0D, 0xFF, 0xB0, 0x00, 0x00,
  0x00, 0x00, 0x00, 0x00, 0x0D, 0xFF, 0xB0, 0x00, 0x00, 0x00, 0x00, 0x00, 0x00, 0x0D, 0xFF, 0xB0,
  0x00, 0x00, 0x00, 0x00, 0x00, 0x00, 0x0D, 0xFF, 0xB0, 0x00, 0x00, 0x00, 0x00, 0x00, 0x00, 0x0D,
  0xFF, 0xB0, 0x00, 0x00, 0x00, 0x00, 0x00, 0x00, 0x0D, 0xFF, 0xB0, 0x00, 0x00, 0x00, 0x00, 0x00,
  0x00, 0x0D, 0xFF, 0xC3, 0x33, 0x33, 0x33, 0x33, 0x10, 0x00, 0x0D, 0xFF, 0xFF, 0xFF, 0xFF, 0xFF,
  0xFF, 0x40, 0x00, 0x0E, 0xFF, 0xFF, 0xFF, 0xFF, 0xFF, 0xFF, 0x40, 0x00, 0x0C, 0xEE, 0xEE, 0xEE,
  0xEE, 0xEE, 0xEE, 0x30, 0x00, 0x01, 0x11, 0x11, 0x11, 0x11, 0x11, 0x11, 0x00, 0x00, 0x01, 0x11,
  0x11, 0x11, 0x00, 0x00, 0x00, 0x01, 0x11, 0x11, 0x11, 0x00, 0x00, 0x01, 0xDE, 0xEE, 0xEE, 0xC0,
  0x00, 0x00, 0x00, 0xCE, 0xEE, 0xEE, 0xD1, 0x00, 0x00, 0x1E, 0xFF, 0xFF, 0xFF, 0x20, 0x00, 0x00,
  0x2F, 0xFF, 0xFF, 0xFE, 0x10, 0x00, 0x01, 0xEF, 0xFF, 0xFF, 0xF5, 0x00, 0x00, 0x05, 0xFF, 0xFF,
  0xFF, 0xE1, 0x00, 0x00, 0x1E, 0xFF, 0x9B, 0xFF, 0x80, 0x00, 0x00, 0x8F, 0xFB, 0x9F, 0xFE, 0x10,
  0x00, 0x01, 0xEF, 0xF7, 0x9F, 0xFA, 0x00, 0x00, 0x0A, 0xFF, 0x97, 0xFF, 0xE1, 0x00, 0x00, 0x1E,
  0xFF, 0x76, 0xFF, 0xD0, 0x00, 0x00, 0xDF, 0xF6, 0x7F, 0xFE, 0x10, 0x00, 0x01, 0xEF, 0xF7, 0x3F,
  0xFF, 0x20, 0x00, 0x2F, 0xFF, 0x37, 0xFF, 0xE1, 0x00, 0x00, 0x1E, 0xFF, 0x81, 0xFF, 0xF5, 0x00,
  0x05, 0xFF, 0xF1, 0x8F, 0xFE, 0x10, 0x00, 0x01, 0xEF, 0xF8, 0x0D, 0xFF, 0x70, 0x10, 0x7F, 0xFD,
  0x08, 0xFF, 0xE1, 0x00, 0x00, 0x1E, 0xFF, 0x80, 0xAF, 0xFA, 0x00, 0x0A, 0xFF, 0xA0, 0x8F, 0xFE,
  0x10, 0x00, 0x01, 0xEF, 0xF8, 0x07, 0xFF, 0xD0, 0x00, 0xDF, 0xF7, 0x08, 0xFF, 0xE1, 0x00, 0x00,
  0x1E, 0xFF, 0x80, 0x5F, 0xFF, 0x20, 0x2F, 0xFF, 0x50, 0x8F, 0xFE, 0x10, 0x00, 0x01, 0xEF, 0xF8,
  0x02, 0xFF, 0xF5, 0x05, 0xFF, 0xE2, 0x08, 0xFF, 0xE1, 0x00, 0x00, 0x1E, 0xFF, 0x80, 0x0D, 0xFF,
  0x70, 0x7F, 0xFD, 0x00, 0x8F, 0xFE, 0x10, 0x00, 0x01, 0xEF, 0xF8, 0x00, 0xAF, 0xFA, 0x0A, 0xFF,
  0xA0, 0x08, 0xFF, 0xE1, 0x00, 0x00, 0x1E, 0xFF, 0x80, 0x07, 0xFF, 0xC0, 0xCF, 0xF7, 0x00, 0x8F,
  0xFE, 0x10, 0x00, 0x01, 0xEF, 0xF8, 0x00, 0x5F, 0xFE, 0x3E, 0xFF, 0x40, 0x08, 0xFF, 0xE1, 0x00,
  0x00, 0x1E, 0xFF, 0x80, 0x02, 0xFF, 0xFB, 0xFF, 0xE2, 0x00, 0x8F, 0xFE, 0x10, 0x00, 0x01, 0xEF,
  0xF8, 0x00, 0x0D, 0xFF, 0xFF, 0xFD, 0x00, 0x08, 0xFF, 0xE1, 0x00, 0x00, 0x1D, 0xEE, 0x70, 0x00,
  0x9E, 0xEE, 0xEE, 0x90, 0x00, 0x7E, 0xED, 0x10, 0x00, 0x00, 0x11, 0x10, 0x00, 0x00, 0x11, 0x11,
  0x10, 0x00, 0x00, 0x11, 0x10, 0x00, 0x00, 0x01, 0x11, 0x11, 0x11, 0x00, 0x00, 0x01, 0x11, 0x00,
  0x00, 0x01, 0xDE, 0xEE, 0xEE, 0xE2, 0x00, 0x07, 0xEE, 0xD1, 0x00, 0x00, 0x1E, 0xFF, 0xFF, 0xFF,
  0x50, 0x00, 0x8F, 0xFE, 0x10, 0x00, 0x01, 0xEF, 0xFC, 0xDF, 0xF8, 0x00, 0x08, 0xFF, 0xE1, 0x00,
  0x00, 0x1E, 0xFF, 0x79, 0xFF, 0xB0, 0x00, 0x8F, 0xFE, 0x10, 0x00, 0x01, 0xEF, 0xF7, 0x6F, 0xFE,
  0x10, 0x08, 0xFF, 0xE1, 0x00, 0x00, 0x1E, 0xFF, 0x73, 0xFF, 0xF4, 0x00, 0x8F, 0xFE, 0x10, 0x00,
  0x01, 0xEF, 0xF8, 0x1F, 0xFF, 0x70, 0x08, 0xFF, 0xE1, 0x00, 0x00, 0x1E, 0xFF, 0x80, 0xCF, 0xFA,
  0x00, 0x8F, 0xFE, 0x10, 0x00, 0x01, 0xEF, 0xF8, 0x09, 0xFF, 0xD1, 0x08, 0xFF, 0xE1, 0x00, 0x00,
  0x1E, 0xFF, 0x80, 0x6F, 0xFF, 0x30, 0x8F, 0xFE, 0x10, 0x00, 0x01, 0xEF, 0xF8, 0x03, 0xFF, 0xF6,
  0x08, 0xFF, 0xE1, 0x00, 0x00, 0x1E, 0xFF, 0x80, 0x1D, 0xFF, 0x90, 0x8F, 0xFE, 0x10, 0x00, 0x01,
  0xEF, 0xF8, 0x00, 0xAF, 0xFC, 0x08, 0xFF, 0xE1, 0x00, 0x00, 0x1E, 0xFF, 0x80, 0x07, 0xFF, 0xF0,
  0x8F, 0xFE, 0x10, 0x00, 0x01, 0xEF, 0xF8, 0x00, 0x4F, 0xFF, 0x37, 0xFF, 0xE1, 0x00, 0x00, 0x1E,
  0xFF, 0x80, 0x01, 0xEF, 0xF6, 0x7F, 0xFE, 0x10, 0x00, 0x01, 0xEF, 0xF8, 0x00, 0x0B, 0xFF, 0x97,
  0xFF, 0xE1, 0x00, 0x00, 0x1E, 0xFF, 0x80, 0x00, 0x8F, 0xFD, 0xCF, 0xFE, 0x10, 0x00, 0x01, 0xEF,
  0xF8, 0x00, 0x05, 0xFF, 0xFF, 0xFF, 0xE1, 0x00, 0x00, 0x1D, 0xEE, 0x70, 0x00, 0x2E, 0xEE, 0xEE,
  0xED, 0x10, 0x00, 0x00, 0x11, 0x10, 0x00, 0x00, 0x11, 0x11, 0x11, 0x10, 0x00, 0x00, 0x00, 0x00,
  0x04, 0x89, 0xA9, 0x84, 0x00, 0x00, 0x00, 0x00, 0x00, 0x00, 0x5C, 0xFF, 0xFF, 0xFF, 0xFC, 0x50,
  0x00, 0x00, 0x00, 0x00, 0x7F, 0xFF, 0xFF, 0xFF, 0xFF, 0xFF, 0x70, 0x00, 0x00, 0x00, 0x4F, 0xFF,
  0xFD, 0x98, 0x9C, 0xFF, 0xFF, 0x40, 0x00, 0x00, 0x0C, 0xFF, 0xF8, 0x10, 0x00, 0x07, 0xFF, 0xFC,
  0x00, 0x00, 0x03, 0xFF, 0xFA, 0x00, 0x00, 0x00, 0x0A, 0xFF, 0xF3, 0x00, 0x00, 0x6F, 0xFF, 0x40,
  0x00, 0x00, 0x00, 0x4F, 0xFF, 0x60, 0x00, 0x07, 0xFF, 0xF2, 0x00, 0x00, 0x00, 0x01, 0xEF, 0xF8,
  0x00, 0x00, 0x8F, 0xFE, 0x10, 0x00, 0x00, 0x00, 0x1E, 0xFF, 0x80, 0x00, 0x08, 0xFF, 0xE1, 0x00,
  0x00, 0x00, 0x01, 0xEF, 0xF8, 0x00, 0x00, 0x8F, 0xFE, 0x10, 0x00, 0x00, 0x00, 0x1E, 0xFF, 0x80,
  0x00, 0x08, 0xFF, 0xE1, 0x00, 0x00, 0x00, 0x01, 0xEF, 0xF8, 0x00, 0x00, 0x8F, 0xFE, 0x10, 0x00,
  0x00, 0x00, 0x1E, 0xFF, 0x80, 0x00, 0x07, 0xFF, 0xE1, 0x00, 0x00, 0x00, 0x01, 0xEF, 0xF8, 0x00,
  0x00, 0x6F, 0xFF, 0x30, 0x00, 0x00, 0x00, 0x3F, 0xFF, 0x70, 0x00, 0x04, 0xFF, 0xF8, 0x00, 0x00,
  0x00, 0x07, 0xFF, 0xF4, 0x00, 0x00, 0x1D, 0xFF, 0xE4, 0x00, 0x00, 0x04, 0xEF, 0xFD, 0x10, 0x00,
  0x00, 0x7F, 0xFF, 0xF9, 0x54, 0x58, 0xFF, 0xFF, 0x70, 0x00, 0x00, 0x00, 0xAF, 0xFF, 0xFF, 0xFF,
  0xFF, 0xFF, 0xB0, 0x00, 0x00, 0x00, 0x00, 0x9F, 0xFF, 0xFF, 0xFF, 0xFF, 0x91, 0x00, 0x00, 0x00,
  0x00, 0x00, 0x38, 0xCD, 0xED, 0xC8, 0x30, 0x00, 0x00, 0x00, 0x00, 0x00, 0x00, 0x00, 0x11, 0x10,
  0x00, 0x00, 0x00, 0x00, 0x00, 0x01, 0x11, 0x11, 0x11, 0x11, 0x00, 0x00, 0x00, 0x00, 0x01, 0xDE,
  0xEE, 0xEE, 0xEE, 0xEC, 0x71, 0x00, 0x00, 0x00, 0x1E, 0xFF, 0xFF, 0xFF, 0xFF, 0xFF, 0xD3, 0x00,
  0x00, 0x01, 0xEF, 0xFF, 0xFF, 0xFF, 0xFF, 0xFF, 0xE2, 0x00, 0x00, 0x1E, 0xFF, 0xA3, 0x43, 0x35,
  0xCF, 0xFF, 0x80, 0x00, 0x01, 0xEF, 0xF8, 0x00, 0x00, 0x01, 0xDF, 0xFC, 0x00, 0x00, 0x1E, 0xFF,
  0x80, 0x00, 0x00, 0x08, 0xFF, 0xE1, 0x00, 0x01, 0xEF, 0xF8, 0x00, 0x00, 0x00, 0x7F, 0xFE, 0x10,
  0x00, 0x1E, 0xFF, 0x80, 0x00, 0x00, 0x0A, 0xFF, 0xE1, 0x00, 0x01, 0xEF, 0xF8, 0x00, 0x00, 0x06,
  0xFF, 0xFB, 0x00, 0x00, 0x1E, 0xFF, 0xDA, 0xAA, 0xAC, 0xFF, 0xFF, 0x40, 0x00, 0x01, 0xEF, 0xFF,
  0xFF, 0xFF, 0xFF, 0xFF, 0x80, 0x00, 0x00, 0x1E, 0xFF, 0xFF, 0xFF, 0xFF, 0xFD, 0x60, 0x00, 0x00,
  0x01, 0xEF, 0xFB, 0x78, 0x77, 0x75, 0x10, 0x00, 0x00, 0x00, 0x1E, 0xFF, 0x70, 0x00, 0x00, 0x00,
  0x00, 0x00, 0x00, 0x01, 0xEF, 0xF8, 0x01, 0x00, 0x00, 0x00, 0x00, 0x00, 0x00, 0x1E, 0xFF, 0x80,
  0x00, 0x00, 0x00, 0x00, 0x00, 0x00, 0x01, 0xEF, 0xF8, 0x00, 0x00, 0x00, 0x00, 0x00, 0x00, 0x00,
  0x1E, 0xFF, 0x80, 0x00, 0x00, 0x00, 0x00, 0x00, 0x00, 0x01, 0xFF, 0xF8, 0x00, 0x00, 0x00, 0x00,
  0x00, 0x00, 0x00, 0x1A, 0xBB, 0x60, 0x00, 0x00, 0x00, 0x00, 0x00, 0x00, 0x00, 0x00, 0x00, 0x00,
  0x00, 0x00, 0x00, 0x00, 0x00, 0x00, 0x00, 0x00, 0x04, 0x79, 0x99, 0x74, 0x00, 0x00, 0x00, 0x00,
  0x00, 0x00, 0x4C, 0xFF, 0xFF, 0xFF, 0xFC, 0x40, 0x00, 0x00, 0x00, 0x00, 0x6F, 0xFF, 0xFF, 0xFF,
  0xFF, 0xFF, 0x70, 0x00, 0x00, 0x00, 0x4F, 0xFF, 0xFD, 0xA9, 0xAD, 0xFF, 0xFF, 0x40, 0x00, 0x00,
  0x0C, 0xFF, 0xF9, 0x10, 0x00, 0x18, 0xFF, 0xFC, 0x00, 0x00, 0x03, 0xFF, 0xFB, 0x00, 0x00, 0x00,
  0x0A, 0xFF, 0xF3, 0x00, 0x00, 0x6F, 0xFF, 0x40, 0x00, 0x00, 0x00, 0x4F, 0xFF, 0x60, 0x00, 0x07,
  0xFF, 0xF2, 0x00, 0x00, 0x00, 0x01, 0xEF, 0xF8, 0x00, 0x00, 0x8F, 0xFE, 0x10, 0x00, 0x00, 0x00,
  0x1E, 0xFF, 0x80, 0x00, 0x08, 0xFF, 0xE1, 0x00, 0x00, 0x00, 0x01, 0xEF, 0xF8, 0x00, 0x00, 0x8F,
  0xFE, 0x10, 0x00, 0x00, 0x00, 0x1E, 0xFF, 0x80, 0x00, 0x08, 0xFF, 0xE1, 0x00, 0x00, 0x00, 0x01,
  0xEF, 0xF8, 0x00, 0x00, 0x8F, 0xFE, 0x10, 0x00, 0x00, 0x00, 0x1E, 0xFF, 0x80, 0x00, 0x07, 0xFF,
  0xE2, 0x00, 0x00, 0x00, 0x01, 0xEF, 0xF8, 0x00, 0x00, 0x6F, 0xFF, 0x40, 0x00, 0x00, 0x00, 0x3F,
  0xFF, 0x70, 0x00, 0x03, 0xFF, 0xF9, 0x00, 0x00, 0x00, 0x09, 0xFF, 0xF4, 0x00, 0x00, 0x0D, 0xFF,
  0xF7, 0x00, 0x00, 0x06, 0xFF, 0xFD, 0x10, 0x00, 0x00, 0x5F, 0xFF, 0xFC, 0x87, 0x8C, 0xFF, 0xFF,
  0x70, 0x00, 0x00, 0x00, 0x8F, 0xFF, 0xFF, 0xFF, 0xFF, 0xFF, 0xA0, 0x00, 0x00, 0x00, 0x00, 0x6E,
  0xFF, 0xFF, 0xFF, 0xFF, 0x91, 0x00, 0x00, 0x00, 0x00, 0x00, 0x26, 0xAF, 0xFF, 0xD8, 0x30, 0x00,
  0x00, 0x00, 0x00, 0x00, 0x00, 0x01, 0xEF, 0xF7, 0x00, 0x00, 0x00, 0x00, 0x00, 0x00, 0x00, 0x00,
  0x1E, 0xFF, 0xB5, 0x40, 0x00, 0x00, 0x00, 0x00, 0x00, 0x00, 0x01, 0xDF, 0xFF, 0xFD, 0x00, 0x00,
  0x00, 0x00, 0x00, 0x00, 0x00, 0x08, 0xFF, 0xFF, 0xD0, 0x00, 0x00, 0x00, 0x00, 0x00, 0x00, 0x00,
  0x18, 0xDE, 0xEB, 0x00, 0x00, 0x00, 0x00, 0x00, 0x00, 0x00, 0x00, 0x00, 0x11, 0x10, 0x00, 0x00,
  0x00, 0x00, 0x00, 0x00, 0x00, 0x00, 0x00, 0x00, 0x00, 0x00, 0x00, 0x00, 0x19, 0xAA, 0xAA, 0xAA,
  0xAA, 0x97, 0x20, 0x00, 0x00, 0x00, 0x1F, 0xFF, 0xFF, 0xFF, 0xFF, 0xFF, 0xE8, 0x00, 0x00, 0x00,
  0x1E, 0xFF, 0xFF, 0xFF, 0xFF, 0xFF, 0xFF, 0x80, 0x00, 0x00, 0x1E, 0xFF, 0xB7, 0x88, 0x88, 0xBF,
  0xFF, 0xF2, 0x00, 0x00, 0x1E, 0xFF, 0x70, 0x00, 0x00, 0x09, 0xFF, 0xF7, 0x00, 0x00, 0x1E, 0xFF,
  0x80, 0x10, 0x00, 0x02, 0xFF, 0xF8, 0x00, 0x00, 0x1E, 0xFF, 0x80, 0x00, 0x00, 0x01, 0xEF, 0xF8,
  0x00, 0x00, 0x1E, 0xFF, 0x80, 0x00, 0x00, 0x03, 0xFF, 0xF5, 0x00, 0x00, 0x1E, 0xFF, 0x80, 0x00,
  0x00, 0x1B, 0xFF, 0xD1, 0x00, 0x00, 0x1E, 0xFF, 0xDA, 0xAA, 0xAA, 0xEF, 0xFD, 0x30, 0x00, 0x00,
  0x1E, 0xFF, 0xFF, 0xFF, 0xFF, 0xFF, 0xD2, 0x00, 0x00, 0x00, 0x1E, 0xFF, 0xFF, 0xFF, 0xFF, 0xFF,
  0xEC, 0x30, 0x00, 0x00, 0x1E, 0xFF, 0xB7, 0x87, 0x87, 0x9F, 0xFF, 0xC0, 0x00, 0x00, 0x1E, 0xFF,
  0x70, 0x00, 0x00, 0x0A, 0xFF, 0xE1, 0x00, 0x00, 0x1E, 0xFF, 0x80, 0x10, 0x01, 0x08, 0xFF, 0xE1,
  0x00, 0x00, 0x1E, 0xFF, 0x80, 0x00, 0x00, 0x08, 0xFF, 0xE1, 0x00, 0x00, 0x1E, 0xFF, 0x80, 0x00,
  0x00, 0x08, 0xFF, 0xE1, 0x00, 0x00, 0x1E, 0xFF, 0x80, 0x00, 0x00, 0x08, 0xFF, 0xE1, 0x00, 0x00,
  0x1E, 0xFF, 0x80, 0x00, 0x00, 0x08, 0xFF, 0xE1, 0x00, 0x00, 0x1D, 0xEE, 0x70, 0x00, 0x00, 0x07,
  0xEE, 0xD1, 0x00, 0x00, 0x01, 0x11, 0x00, 0x00, 0x00, 0x00, 0x11, 0x10, 0x00, 0x00, 0x00, 0x00,
  0x48, 0x9A, 0x97, 0x30, 0x00, 0x00, 0x00, 0x00, 0x04, 0xCF, 0xFF, 0xFF, 0xFF, 0xB2, 0x00, 0x00,
  0x00, 0x04, 0xFF, 0xFF, 0xFF, 0xFF, 0xFF, 0xD2, 0x00, 0x00, 0x01, 0xDF, 0xFF, 0xC8, 0x89, 0xDF,
  0xFF, 0xB0, 0x00, 0x00, 0x5F, 0xFF, 0x80, 0x00, 0x01, 0xBF, 0xFF, 0x30, 0x00, 0x07, 0xFF, 0xF2,
  0x00, 0x00, 0x03, 0xFF, 0xF7, 0x00, 0x00, 0x7F, 0xFF, 0x20, 0x00, 0x00, 0x1F, 0xFF, 0x80, 0x00,
  0x06, 0xFF, 0xFB, 0x20, 0x00, 0x01, 0x89, 0x95, 0x00, 0x00, 0x2E, 0xFF, 0xFE, 0x96, 0x30, 0x00,
  0x00, 0x00, 0x00, 0x00, 0x6F, 0xFF, 0xFF, 0xFF, 0xD8, 0x30, 0x00, 0x00, 0x00, 0x00, 0x6D, 0xFF,
  0xFF, 0xFF, 0xFF, 0x91, 0x00, 0x00, 0x00, 0x00, 0x16, 0xBE, 0xFF, 0xFF, 0xFF, 0xC1, 0x00, 0x00,
  0x00, 0x00, 0x00, 0x14, 0x8C, 0xFF, 0xFF, 0x80, 0x00, 0x09, 0x99, 0x50, 0x00, 0x00, 0x05, 0xEF,
  0xFD, 0x00, 0x01, 0xFF, 0xF9, 0x00, 0x00, 0x00, 0x09, 0xFF, 0xE1, 0x00, 0x0D, 0xFF, 0xB0, 0x00,
  0x00, 0x00, 0x8F, 0xFE, 0x10, 0x00, 0xAF, 0xFF, 0x50, 0x00, 0x00, 0x2D, 0xFF, 0xC0, 0x00, 0x03,
  0xFF, 0xFF, 0x95, 0x34, 0x7D, 0xFF, 0xF6, 0x00, 0x00, 0x07, 0xFF, 0xFF, 0xFF, 0xFF, 0xFF, 0xFB,
  0x00, 0x00, 0x00, 0x07, 0xEF, 0xFF, 0xFF, 0xFF, 0xFA, 0x10, 0x00, 0x00, 0x00, 0x02, 0x7B, 0xDE,
  0xDC, 0x94, 0x00, 0x00, 0x00, 0x00, 0x00, 0x00, 0x01, 0x11, 0x00, 0x00, 0x00, 0x00, 0x00, 0x00,
  0x00, 0x00, 0x00, 0x00, 0x00, 0x00, 0x00, 0x05, 0xAA, 0xAA, 0xAA, 0xAA, 0xAA, 0xAA, 0xAA, 0x50,
  0x08, 0xFF, 0xFF, 0xFF, 0xFF, 0xFF, 0xFF, 0xFF, 0x80, 0x08, 0xFF, 0xFF, 0xFF, 0xFF, 0xFF, 0xFF,
  0xFF, 0x80, 0x04, 0x77, 0x78, 0x7B, 0xFF, 0xF8, 0x78, 0x77, 0x40, 0x00, 0x00, 0x00, 0x07, 0xFF,
  0xE0, 0x00, 0x00, 0x00, 0x00, 0x00, 0x01, 0x08, 0xFF, 0xE1, 0x00, 0x00, 0x00, 0x00, 0x00, 0x00,
  0x08, 0xFF, 0xE1, 0x00, 0x00, 0x00, 0x00, 0x00, 0x00, 0x08, 0xFF, 0xE1, 0x00, 0x00, 0x00, 0x00,
  0x00, 0x00, 0x08, 0xFF, 0xE1, 0x00, 0x00, 0x00, 0x00, 0x00, 0x00, 0x08, 0xFF, 0xE1, 0x00, 0x00,
  0x00, 0x00, 0x00, 0x00, 0x08, 0xFF, 0xE1, 0x00, 0x00, 0x00, 0x00, 0x00, 0x00, 0x08, 0xFF, 0xE1,
  0x00, 0x00, 0x00, 0x00, 0x00, 0x00, 0x08, 0xFF, 0xE1, 0x00, 0x00, 0x00, 0x00, 0x00, 0x00, 0x08,
  0xFF, 0xE1, 0x00, 0x00, 0x00, 0x00, 0x00, 0x00, 0x08, 0xFF, 0xE1, 0x00, 0x00, 0x00, 0x00, 0x00,
  0x00, 0x08, 0xFF, 0xE1, 0x00, 0x00, 0x00, 0x00, 0x00, 0x00, 0x08, 0xFF, 0xE1, 0x00, 0x00, 0x00,
  0x00, 0x00, 0x00, 0x08, 0xFF, 0xE1, 0x00, 0x00, 0x00, 0x00, 0x00, 0x00, 0x08, 0xFF, 0xE1, 0x00,
  0x00, 0x00, 0x00, 0x00, 0x00, 0x07, 0xEE, 0xD1, 0x00, 0x00, 0x00, 0x00, 0x00, 0x00, 0x00, 0x11,
  0x10, 0x00, 0x00, 0x00, 0x00, 0x00, 0x00, 0x00, 0x00, 0x00, 0x00, 0x00, 0x00, 0x00, 0x00, 0x6B,
  0xB9, 0x00, 0x00, 0x00, 0x04, 0xBB, 0xB1, 0x00, 0x00, 0x9F, 0xFD, 0x00, 0x00, 0x00, 0x05, 0xFF,
  0xF2, 0x00, 0x00, 0x8F, 0xFD, 0x00, 0x00, 0x00, 0x05, 0xFF, 0xF2, 0x00, 0x00, 0x8F, 0xFD, 0x00,
  0x00, 0x00, 0x05, 0xFF, 0xF2, 0x00, 0x00, 0x8F, 0xFD, 0x00, 0x00, 0x00, 0x05, 0xFF, 0xF2, 0x00,
  0x00, 0x8F, 0xFD, 0x00, 0x00, 0x00, 0x05, 0xFF, 0xF2, 0x00, 0x00, 0x8F, 0xFD, 0x00, 0x00, 0x00,
  0x05, 0xFF, 0xF2, 0x00, 0x00, 0x8F, 0xFD, 0x00, 0x00, 0x00, 0x05, 0xFF, 0xF2, 0x00, 0x00, 0x8F,
  0xFD, 0x00, 0x00, 0x00, 0x05, 0xFF, 0xF2, 0x00, 0x00, 0x8F, 0xFD, 0x00, 0x00, 0x00, 0x05, 0xFF,
  0xF2, 0x00, 0x00, 0x8F, 0xFD, 0x00, 0x00, 0x00, 0x05, 0xFF, 0xF2, 0x00, 0x00, 0x8F, 0xFD, 0x00,
  0x00, 0x00, 0x05, 0xFF, 0xF2, 0x00, 0x00, 0x8F, 0xFD, 0x00, 0x00, 0x00, 0x05, 0xFF, 0xF2, 0x00,
  0x00, 0x8F, 0xFD, 0x00, 0x00, 0x00, 0x05, 0xFF, 0xF2, 0x00, 0x00, 0x6F, 0xFE, 0x20, 0x00, 0x00,
  0x08, 0xFF, 0xD1, 0x00, 0x00, 0x3F, 0xFF, 0x90, 0x00, 0x00, 0x2E, 0xFF, 0xA0, 0x00, 0x00, 0x0B,
  0xFF, 0xFA, 0x42, 0x36, 0xDF, 0xFF, 0x50, 0x00, 0x00, 0x03, 0xEF, 0xFF, 0xFE, 0xFF, 0xFF, 0xFA,
  0x00, 0x00, 0x00, 0x00, 0x4D, 0xFF, 0xFF, 0xFF, 0xFF, 0x90, 0x00, 0x00, 0x00, 0x00, 0x01, 0x7B,
  0xDE, 0xEC, 0x94, 0x00, 0x00, 0x00, 0x00, 0x00, 0x00, 0x00, 0x11, 0x10, 0x00, 0x00, 0x00, 0x00,
  0x00, 0x11, 0x10, 0x00, 0x00, 0x00, 0x00, 0x01, 0x11, 0x00, 0x05, 0xEE, 0xE8, 0x00, 0x00, 0x00,
  0x00, 0xAE, 0xEE, 0x20, 0x02, 0xFF, 0xFC, 0x00, 0x00, 0x00, 0x01, 0xEF, 0xFD, 0x00, 0x00, 0xCF,
  0xFE, 0x20, 0x00, 0x00, 0x04, 0xFF, 0xF9, 0x00, 0x00, 0x8F, 0xFF, 0x50, 0x00, 0x00, 0x08, 0xFF,
  0xF6, 0x00, 0x00, 0x5F, 0xFF, 0x80, 0x00, 0x00, 0x0B, 0xFF, 0xF2, 0x00, 0x00, 0x2E, 0xFF, 0xB0,
  0x00, 0x00, 0x1E, 0xFF, 0xC0, 0x00, 0x00, 0x0C, 0xFF, 0xE2, 0x00, 0x00, 0x4F, 0xFF, 0x90, 0x00,
  0x00, 0x08, 0xFF, 0xF4, 0x00, 0x00, 0x7F, 0xFF, 0x50, 0x00, 0x00, 0x05, 0xFF, 0xF8, 0x00, 0x00,
  0xBF, 0xFE, 0x20, 0x00, 0x00, 0x01, 0xEF, 0xFB, 0x00, 0x01, 0xDF, 0xFC, 0x00, 0x00, 0x00, 0x00,
  0xBF, 0xFE, 0x10, 0x03, 0xFF, 0xF8, 0x00, 0x00, 0x00, 0x00, 0x8F, 0xFF, 0x40, 0x07, 0xFF, 0xF5,
  0x00, 0x00, 0x00, 0x00, 0x4F, 0xFF, 0x70, 0x0A, 0xFF, 0xE2, 0x00, 0x00, 0x00, 0x00, 0x1E, 0xFF,
  0xB0, 0x1D, 0xFF, 0xC0, 0x00, 0x00, 0x00, 0x00, 0x0B, 0xFF, 0xD0, 0x3F, 0xFF, 0x80, 0x00, 0x00,
  0x00, 0x00, 0x07, 0xFF, 0xF3, 0x5F, 0xFF, 0x50, 0x00, 0x00, 0x00, 0x00, 0x04, 0xFF, 0xF6, 0x9F,
  0xFE, 0x20, 0x00, 0x00, 0x00, 0x00, 0x01, 0xEF, 0xFC, 0xDF, 0xFC, 0x00, 0x00, 0x00, 0x00, 0x00,
  0x00, 0xBF, 0xFF, 0xFF, 0xF8, 0x00, 0x00, 0x00, 0x00, 0x00, 0x00, 0x7E, 0xEE, 0xEE, 0xE4, 0x00,
  0x00, 0x00, 0x00, 0x00, 0x00, 0x01, 0x11, 0x11, 0x10, 0x00, 0x00, 0x00, 0x00, 0x11, 0x10, 0x00,
  0x00, 0x01, 0x11, 0x11, 0x10, 0x00, 0x00, 0x11, 0x10, 0x00, 0x2E, 0xEE, 0x80, 0x00, 0x09, 0xEE,
  0xEE, 0xEB, 0x00, 0x00, 0x6E, 0xEE, 0x40, 0x01, 0xEF, 0xFA, 0x00, 0x00, 0xCF, 0xFF, 0xFF, 0xE1,
  0x00, 0x08, 0xFF, 0xF2, 0x00, 0x0C, 0xFF, 0xB0, 0x00, 0x1E, 0xFF, 0x7E, 0xFF, 0x20, 0x00, 0x9F,
  0xFE, 0x10, 0x00, 0xAF, 0xFD, 0x00, 0x02, 0xFF, 0xE3, 0xDF, 0xF4, 0x00, 0x0B, 0xFF, 0xC0, 0x00,
  0x09, 0xFF, 0xE1, 0x00, 0x4F, 0xFE, 0x1C, 0xFF, 0x60, 0x00, 0xCF, 0xFA, 0x00, 0x00, 0x7F, 0xFF,
  0x20, 0x06, 0xFF, 0xC0, 0xAF, 0xF8, 0x00, 0x1E, 0xFF, 0x90, 0x00, 0x05, 0xFF, 0xF4, 0x00, 0x8F,
  0xFA, 0x08, 0xFF, 0xA0, 0x02, 0xFF, 0xF7, 0x00, 0x00, 0x3F, 0xFF, 0x50, 0x0A, 0xFF, 0x80, 0x7F,
  0xFC, 0x00, 0x3F, 0xFF, 0x50, 0x00, 0x02, 0xEF, 0xF7, 0x00, 0xCF, 0xF6, 0x05, 0xFF, 0xE1, 0x05,
  0xFF, 0xF4, 0x00, 0x00, 0x1D, 0xFF, 0x80, 0x1E, 0xFF, 0x50, 0x3F, 0xFF, 0x20, 0x6F, 0xFF, 0x20,
  0x00, 0x00, 0xCF, 0xFA, 0x02, 0xFF, 0xF3, 0x01, 0xEF, 0xF4, 0x08, 0xFF, 0xE1, 0x00, 0x00, 0x0A,
  0xFF, 0xB0, 0x4F, 0xFE, 0x10, 0x0C, 0xFF, 0x60, 0x9F, 0xFC, 0x00, 0x00, 0x00, 0x8F, 0xFD, 0x06,
  0xFF, 0xC0, 0x00, 0xAF, 0xF8, 0x0B, 0xFF, 0xA0, 0x00, 0x00, 0x06, 0xFF, 0xE0, 0x8F, 0xFA, 0x00,
  0x08, 0xFF, 0xA0, 0xCF, 0xF8, 0x00, 0x00, 0x00, 0x5F, 0xFF, 0x19, 0xFF, 0x80, 0x00, 0x7F, 0xFB,
  0x1D, 0xFF, 0x70, 0x00, 0x00, 0x03, 0xFF, 0xF4, 0xBF, 0xF7, 0x00, 0x05, 0xFF, 0xD2, 0xEF, 0xF5,
  0x00, 0x00, 0x00, 0x1E, 0xFF, 0x5D, 0xFF, 0x50, 0x00, 0x3F, 0xFE, 0x4E, 0xFF, 0x30, 0x00, 0x00,
  0x00, 0xDF, 0xFB, 0xEF, 0xF3, 0x00, 0x01, 0xEF, 0xFB, 0xFF, 0xE1, 0x00, 0x00, 0x00, 0x0B, 0xFF,
  0xFF, 0xFE, 0x10, 0x00, 0x0D, 0xFF, 0xFF, 0xFD, 0x00, 0x00, 0x00, 0x00, 0x9E, 0xEE, 0xEE, 0xC0,
  0x00, 0x00, 0xAE, 0xEE, 0xEE, 0xB0, 0x00, 0x00, 0x00, 0x00, 0x11, 0x11, 0x11, 0x00, 0x00, 0x00,
  0x11, 0x11, 0x11, 0x00, 0x00, 0x00, 0x11, 0x11, 0x00, 0x00, 0x00, 0x00, 0x11, 0x11, 0x00, 0x02,
  0xDE, 0xEE, 0x30, 0x00, 0x00, 0x02, 0xDE, 0xED, 0x20, 0x00, 0x7F, 0xFF, 0xB0, 0x00, 0x00, 0x0A,
  0xFF, 0xF8, 0x00, 0x00, 0x0C, 0xFF, 0xF4, 0x00, 0x00, 0x4F, 0xFF, 0xD1, 0x00, 0x00, 0x04, 0xFF,
  0xFC, 0x00, 0x00, 0xCF, 0xFF, 0x50, 0x00, 0x00, 0x00, 0xAF, 0xFF, 0x60, 0x05, 0xFF, 0xFB, 0x00,
  0x00, 0x00, 0x00, 0x2E, 0xFF, 0xD0, 0x0D, 0xFF, 0xF3, 0x00, 0x00, 0x00, 0x00, 0x08, 0xFF, 0xF7,
  0x6F, 0xFF, 0x90, 0x00, 0x00, 0x00, 0x00, 0x01, 0xDF, 0xFF, 0xFF, 0xFE, 0x10, 0x00, 0x00, 0x00,
  0x00, 0x00, 0x6F, 0xFF, 0xFF, 0xF6, 0x00, 0x00, 0x00, 0x00, 0x00, 0x00, 0x0C, 0xFF, 0xFF, 0xC0,
  0x00, 0x00, 0x00, 0x00, 0x00, 0x00, 0x2E, 0xFF, 0xFF, 0xE2, 0x00, 0x00, 0x00, 0x00, 0x00, 0x00,
  0x9F, 0xFF, 0xFF, 0xFA, 0x00, 0x00, 0x00, 0x00, 0x00, 0x03, 0xFF, 0xFC, 0xCF, 0xFF, 0x40, 0x00,
  0x00, 0x00, 0x00, 0x0B, 0xFF, 0xF3, 0x3F, 0xFF, 0xB0, 0x00, 0x00, 0x00, 0x00, 0x5F, 0xFF, 0xB0,
  0x0A, 0xFF, 0xF5, 0x00, 0x00, 0x00, 0x00, 0xCF, 0xFF, 0x30, 0x03, 0xFF, 0xFD, 0x10, 0x00, 0x00,
  0x06, 0xFF, 0xFA, 0x00, 0x00, 0x9F, 0xFF, 0x70, 0x00, 0x00, 0x1E, 0xFF, 0xF3, 0x00, 0x00, 0x2E,
  0xFF, 0xE1, 0x00, 0x00, 0x8F, 0xFF, 0x90, 0x00, 0x00, 0x09, 0xFF, 0xF9, 0x00, 0x02, 0xDE, 0xED,
  0x20, 0x00, 0x00, 0x02, 0xDE, 0xEE, 0x20, 0x01, 0x11, 0x11, 0x00, 0x00, 0x00, 0x00, 0x11, 0x11,
  0x10, 0x01, 0x11, 0x10, 0x00, 0x00, 0x00, 0x00, 0x01, 0x11, 0x10, 0x05, 0xEE, 0xEB, 0x00, 0x00,
  0x00, 0x00, 0xBE, 0xEE, 0x50, 0x00, 0xDF, 0xFF, 0x50, 0x00, 0x00, 0x05, 0xFF, 0xFD, 0x10, 0x00,
  0x5F, 0xFF, 0xC0, 0x00, 0x00, 0x0C, 0xFF, 0xF5, 0x00, 0x00, 0x0C, 0xFF, 0xF5, 0x00, 0x00, 0x4F,
  0xFF, 0xC0, 0x00, 0x00, 0x04, 0xFF, 0xFC, 0x00, 0x00, 0xBF, 0xFF, 0x50, 0x00, 0x00, 0x00, 0xBF,
  0xFF, 0x50, 0x04, 0xFF, 0xFC, 0x00, 0x00, 0x00, 0x00, 0x4F, 0xFF, 0xC0, 0x0B, 0xFF, 0xF4, 0x00,
  0x00, 0x00, 0x00, 0x0B, 0xFF, 0xF3, 0x3F, 0xFF, 0xB0, 0x00, 0x00, 0x00, 0x00, 0x03, 0xFF, 0xFC,
  0xCF, 0xFF, 0x40, 0x00, 0x00, 0x00, 0x00, 0x00, 0xAF, 0xFF, 0xFF, 0xFA, 0x00, 0x00, 0x00, 0x00,
  0x00, 0x00, 0x3E, 0xFF, 0xFF, 0xF3, 0x00, 0x00, 0x00, 0x00, 0x00, 0x00, 0x09, 0xFF, 0xFF, 0xA0,
  0x00, 0x00, 0x00, 0x00, 0x00, 0x00, 0x02, 0xEF, 0xFE, 0x20, 0x00, 0x00, 0x00, 0x00, 0x00, 0x00,
  0x00, 0xCF, 0xFC, 0x00, 0x00, 0x00, 0x00, 0x00, 0x00, 0x00, 0x00, 0xCF, 0xFC, 0x00, 0x00, 0x00,
  0x00, 0x00, 0x00, 0x00, 0x00, 0xCF, 0xFC, 0x00, 0x00, 0x00, 0x00, 0x00, 0x00, 0x00, 0x00, 0xCF,
  0xFC, 0x00, 0x00, 0x00, 0x00, 0x00, 0x00, 0x00, 0x00, 0xCF, 0xFC, 0x00, 0x00, 0x00, 0x00, 0x00,
  0x00, 0x00, 0x00, 0xCF, 0xFC, 0x00, 0x00, 0x00, 0x00, 0x00, 0x00, 0x00, 0x00, 0xBE, 0xEB, 0x00,
  0x00, 0x00, 0x00, 0x00, 0x00, 0x00, 0x00, 0x11, 0x11, 0x00, 0x00, 0x00, 0x00, 0x00, 0x00, 0x00,
  0x00, 0x00, 0x00, 0x00, 0x00, 0x00, 0x00, 0x3A, 0xAA, 0xAA, 0xAA, 0xAA, 0xAA, 0xA6, 0x00, 0x00,
  0x5F, 0xFF, 0xFF, 0xFF, 0xFF, 0xFF, 0xF9, 0x00, 0x00, 0x5F, 0xFF, 0xFF, 0xFF, 0xFF, 0xFF, 0xF8,
  0x00, 0x00, 0x27, 0x77, 0x78, 0x78, 0x7A, 0xFF, 0xF9, 0x00, 0x00, 0x00, 0x00, 0x00, 0x00, 0x0A,
  0xFF, 0xF9, 0x00, 0x00, 0x00, 0x00, 0x00, 0x00, 0x9F, 0xFF, 0xE3, 0x00, 0x00, 0x00, 0x00, 0x00,
  0x06, 0xFF, 0xFF, 0x50, 0x00, 0x00, 0x00, 0x00, 0x00, 0x4E, 0xFF, 0xF7, 0x00, 0x00, 0x00, 0x00,
  0x00, 0x02, 0xDF, 0xFF, 0xA0, 0x00, 0x00, 0x00, 0x00, 0x00, 0x1B, 0xFF, 0xFC, 0x10, 0x00, 0x00,
  0x00, 0x00, 0x00, 0x9F, 0xFF, 0xE2, 0x00, 0x00, 0x00, 0x00, 0x00, 0x07, 0xFF, 0xFF, 0x40, 0x00,
  0x00, 0x00, 0x00, 0x00, 0x4F, 0xFF, 0xF7, 0x00, 0x00, 0x00, 0x00, 0x00, 0x02, 0xEF, 0xFF, 0x90,
  0x00, 0x00, 0x00, 0x00, 0x00, 0x1C, 0xFF, 0xFC, 0x10, 0x00, 0x00, 0x00, 0x00, 0x00, 0x8F, 0xFF,
  0xD1, 0x00, 0x00, 0x00, 0x00, 0x00, 0x00, 0x9F, 0xFF, 0x83, 0x43, 0x33, 0x33, 0x42, 0x00, 0x00,
  0x9F, 0xFF, 0xFF, 0xFF, 0xFF, 0xFF, 0xF9, 0x00, 0x00, 0x9F, 0xFF, 0xFF, 0xFF, 0xFF, 0xFF, 0xF9,
  0x00, 0x00, 0x8E, 0xEE, 0xEE, 0xEE, 0xEE, 0xEE, 0xE8, 0x00, 0x00, 0x01, 0x11, 0x11, 0x11, 0x11,
  0x11, 0x10, 0x00, 0x00, 0x00, 0x01, 0x11, 0x11, 0x10, 0x00, 0x02, 0xAE, 0xEE, 0xEE, 0x70, 0x00,
  0x0A, 0xFF, 0xFF, 0xFF, 0x80, 0x00, 0x1E, 0xFF, 0xFF, 0xEF, 0x70, 0x00, 0x1E, 0xFF, 0xA3, 0x33,
  0x10, 0x00, 0x1E, 0xFF, 0x80, 0x00, 0x00, 0x00, 0x1E, 0xFF, 0x80, 0x00, 0x00, 0x00, 0x1E, 0xFF,
  0x80, 0x00, 0x00, 0x00, 0x1E, 0xFF, 0x80, 0x00, 0x00, 0x00, 0x1E, 0xFF, 0x80, 0x00, 0x00, 0x00,
  0x1E, 0xFF, 0x80, 0x00, 0x00, 0x00, 0x1E, 0xFF, 0x80, 0x00, 0x00, 0x00, 0x1E, 0xFF, 0x80, 0x00,
  0x00, 0x00, 0x1E, 0xFF, 0x80, 0x00, 0x00, 0x00, 0x1E, 0xFF, 0x80, 0x00, 0x00, 0x00, 0x1E, 0xFF,
  0x80, 0x00, 0x00, 0x00, 0x1E, 0xFF, 0x80, 0x00, 0x00, 0x00, 0x1E, 0xFF, 0x80, 0x00, 0x00, 0x00,
  0x1E, 0xFF, 0x80, 0x00, 0x00, 0x00, 0x1E, 0xFF, 0x80, 0x00, 0x00, 0x00, 0x1E, 0xFF, 0x80, 0x00,
  0x00, 0x00, 0x1E, 0xFF, 0x80, 0x00, 0x00, 0x00, 0x1E, 0xFF, 0x80, 0x00, 0x00, 0x00, 0x1E, 0xFF,
  0x80, 0x00, 0x00, 0x00, 0x1E, 0xFF, 0x80, 0x00, 0x00, 0x00, 0x1E, 0xFF, 0xA3, 0x33, 0x10, 0x00,
  0x1E, 0xFF, 0xFF, 0xEF, 0x70, 0x00, 0x0A, 0xFF, 0xFF, 0xFF, 0x80, 0x00, 0x02, 0xAE, 0xEE, 0xEE,
  0x70, 0x00, 0x00, 0x01, 0x11, 0x11, 0x10, 0x01, 0x11, 0x00, 0x00, 0x00, 0x00, 0x00, 0x0A, 0xEE,
  0xA0, 0x00, 0x00, 0x00, 0x00, 0x07, 0xFF, 0xF2, 0x00, 0x00, 0x00, 0x00, 0x03, 0xFF, 0xF6, 0x00,
  0x00, 0x00, 0x00, 0x00, 0xCF, 0xFA, 0x00, 0x00, 0x00, 0x00, 0x00, 0x8F, 0xFE, 0x10, 0x00, 0x00,
  0x00, 0x00, 0x4F, 0xFF, 0x50, 0x00, 0x00, 0x00, 0x00, 0x0D, 0xFF, 0x90, 0x00, 0x00, 0x00, 0x00,
  0x09, 0xFF, 0xD1, 0x00, 0x00, 0x00, 0x00, 0x04, 0xFF, 0xF4, 0x00, 0x00, 0x00, 0x00, 0x01, 0xDF,
  0xF9, 0x00, 0x00, 0x00, 0x00, 0x00, 0x9F, 0xFD, 0x00, 0x00, 0x00, 0x00, 0x00, 0x5F, 0xFF, 0x40,
  0x00, 0x00, 0x00, 0x00, 0x1E, 0xFF, 0x80, 0x00, 0x00, 0x00, 0x00, 0x0A, 0xFF, 0xC0, 0x00, 0x00,
  0x00, 0x00, 0x06, 0xFF, 0xF3, 0x00, 0x00, 0x00, 0x00, 0x01, 0xEF, 0xF7, 0x00, 0x00, 0x00, 0x00,
  0x00, 0xBF, 0xFC, 0x00, 0x00, 0x00, 0x00, 0x00, 0x6F, 0xFF, 0x20, 0x00, 0x00, 0x00, 0x00, 0x2F,
  0xFF, 0x70, 0x00, 0x00, 0x00, 0x00, 0x0B, 0xFF, 0xB0, 0x00, 0x00, 0x00, 0x00, 0x07, 0xFF, 0xE2,
  0x00, 0x00, 0x00, 0x00, 0x03, 0xFF, 0xF6, 0x00, 0x00, 0x00, 0x00, 0x00, 0xCF, 0xFA, 0x00, 0x00,
  0x00, 0x00, 0x00, 0x8F, 0xFE, 0x10, 0x00, 0x00, 0x00, 0x00, 0x3F, 0xFF, 0x50, 0x00, 0x00, 0x00,
  0x00, 0x0C, 0xEE, 0x90, 0x00, 0x00, 0x00, 0x00, 0x00, 0x11, 0x10, 0x01, 0x11, 0x11, 0x10, 0x00,
  0x00, 0x0A, 0xEE, 0xEE, 0xEA, 0x10, 0x00, 0x0B, 0xFF, 0xFF, 0xFF, 0xA0, 0x00, 0x0A, 0xFE, 0xFF,
  0xFF, 0xE1, 0x00, 0x02, 0x33, 0x3A, 0xFF, 0xE1, 0x00, 0x00, 0x00, 0x07, 0xFF, 0xE1, 0x00, 0x00,
  0x00, 0x08, 0xFF, 0xE1, 0x00, 0x00, 0x00, 0x07, 0xFF, 0xE1, 0x00, 0x00, 0x00, 0x07, 0xFF, 0xE1,
  0x00, 0x00, 0x00, 0x07, 0xFF, 0xE1, 0x00, 0x00, 0x00, 0x07, 0xFF, 0xE1, 0x00, 0x00, 0x00, 0x07,
  0xFF, 0xE1, 0x00, 0x00, 0x00, 0x07, 0xFF, 0xE1, 0x00, 0x00, 0x00, 0x07, 0xFF, 0xE1, 0x00, 0x00,
  0x00, 0x07, 0xFF, 0xE1, 0x00, 0x00, 0x00, 0x07, 0xFF, 0xE1, 0x00, 0x00, 0x00, 0x07, 0xFF, 0xE1,
  0x00, 0x00, 0x00, 0x07, 0xFF, 0xE1, 0x00, 0x00, 0x00, 0x07, 0xFF, 0xE1, 0x00, 0x00, 0x00, 0x07,
  0xFF, 0xE1, 0x00, 0x00, 0x00, 0x07, 0xFF, 0xE1, 0x00, 0x00, 0x00, 0x07, 0xFF, 0xE1, 0x00, 0x00,
  0x00, 0x07, 0xFF, 0xE1, 0x00, 0x00, 0x00, 0x08, 0xFF, 0xE1, 0x00, 0x00, 0x00, 0x07, 0xFF, 0xE1,
  0x00, 0x02, 0x33, 0x3A, 0xFF, 0xE1, 0x00, 0x0A, 0xFE, 0xFF, 0xFF, 0xE1, 0x00, 0x0B, 0xFF, 0xFF,
  0xFF, 0xA0, 0x00, 0x0A, 0xEE, 0xEE, 0xEA, 0x20, 0x00, 0x01, 0x11, 0x11, 0x10, 0x00, 0x00, 0x00,
  0x00, 0x00, 0x01, 0x11, 0x11, 0x00, 0x00, 0x00, 0x00, 0x00, 0x00, 0x00, 0x2D, 0xEE, 0xEE, 0xC1,
  0x00, 0x00, 0x00, 0x00, 0x00, 0x00, 0x8F, 0xFF, 0xFF, 0xF6, 0x00, 0x00, 0x00, 0x00, 0x00, 0x02,
  0xEF, 0xFB, 0xCF, 0xFD, 0x10, 0x00, 0x00, 0x00, 0x00, 0x09, 0xFF, 0xF2, 0x4F, 0xFF, 0x70, 0x00,
  0x00, 0x00, 0x00, 0x3E, 0xFF, 0xB0, 0x1C, 0xFF, 0xE1, 0x00, 0x00, 0x00, 0x00, 0xAF, 0xFF, 0x40,
  0x06, 0xFF, 0xF8, 0x00, 0x00, 0x00, 0x03, 0xFF, 0xFB, 0x00, 0x01, 0xDF, 0xFE, 0x20, 0x00, 0x00,
  0x0A, 0xEE, 0xE4, 0x00, 0x00, 0x6E, 0xEE, 0x80, 0x00, 0x00, 0x01, 0x11, 0x10, 0x00, 0x00, 0x01,
  0x11, 0x10, 0x00, 0x00, 0x00, 0x00, 0x00, 0x00, 0x00, 0x00, 0x00, 0x00, 0x00, 0x00, 0x00, 0x00,
  0x00, 0x00, 0x00, 0x00, 0x00, 0x00, 0x00, 0x00, 0x00, 0x00, 0x00, 0x00, 0x00, 0x00, 0x00, 0x00,
  0x00, 0x00, 0x00, 0x00, 0x00, 0x00, 0x00, 0x00, 0x00, 0x00, 0x00, 0x00, 0x00, 0x00, 0x00, 0x00,
  0x00, 0x00, 0x00, 0x00, 0x00, 0x00, 0x00, 0x00, 0x00, 0x00, 0x00, 0x00, 0x00, 0x00, 0x00, 0x00,
  0x00, 0x00, 0x00, 0x00, 0x00, 0x00, 0x00, 0x00, 0x00, 0x00, 0x00, 0x00, 0x00, 0x00, 0x00, 0x00,
  0x00, 0x00, 0x00, 0x00, 0x00, 0x00, 0x00, 0x00, 0x00, 0x00, 0x00, 0x00, 0x00, 0x00, 0x00, 0x00,
  0x00, 0x00, 0x00, 0x00, 0x00, 0x00, 0x00, 0x00, 0x00, 0x00, 0x00, 0x00, 0x00, 0x00, 0x00, 0x00,
  0x00, 0x00, 0x00, 0x00, 0x00, 0x00, 0x00, 0x00, 0x00, 0x00, 0x00, 0x00, 0x00, 0x00, 0x00, 0x00,
  0x00, 0x00, 0x00, 0x00, 0x00, 0x00, 0x00, 0x00, 0x00, 0x00, 0x00, 0x00, 0x00, 0x00, 0x00, 0x00,
  0x0B, 0xCC, 0xCC, 0xCC, 0xCC, 0xCC, 0xCC, 0xB0, 0x00, 0x00, 0x0E, 0xFF, 0xFF, 0xFF, 0xFF, 0xFF,
  0xFF, 0xE0, 0x00, 0x00, 0x0D, 0xEE, 0xEE, 0xEE, 0xEE, 0xEE, 0xEE, 0xD0, 0x00, 0x00, 0x02, 0x22,
  0x22, 0x22, 0x22, 0x22, 0x22, 0x20, 0x00, 0x00, 0x11, 0x10, 0x00, 0x00, 0x00, 0x9E, 0xED, 0x20,
  0x00, 0x00, 0x1E, 0xFF, 0x80, 0x00, 0x00, 0x04, 0xFF, 0xE1, 0x00, 0x00, 0x00, 0x9F, 0xF8, 0x00,
  0x00, 0x00, 0x02, 0x22, 0x00, 0x00, 0x00, 0x00, 0x00, 0x00, 0x00, 0x00, 0x00, 0x00, 0x00, 0x00,
  0x00, 0x00, 0x00, 0x00, 0x00, 0x00, 0x00, 0x00, 0x00, 0x00, 0x00, 0x00, 0x00, 0x00, 0x00, 0x00,
  0x00, 0x00, 0x00, 0x00, 0x00, 0x00, 0x00, 0x00, 0x00, 0x00, 0x00, 0x00, 0x00, 0x00, 0x00, 0x00,
  0x00, 0x00, 0x00, 0x00, 0x00, 0x00, 0x00, 0x00, 0x00, 0x00, 0x00, 0x00, 0x00, 0x00, 0x00, 0x00,
  0x00, 0x00, 0x00, 0x00, 0x00, 0x00, 0x00, 0x00, 0x00, 0x00, 0x00, 0x00, 0x00, 0x00, 0x00, 0x00,
  0x00, 0x00, 0x00, 0x00, 0x00, 0x00, 0x00, 0x00, 0x01, 0x11, 0x00, 0x00, 0x00, 0x00, 0x00, 0x00,
  0x05, 0xAD, 0xED, 0xB7, 0x10, 0x00, 0x00, 0x00, 0x01, 0xAF, 0xFF, 0xFF, 0xFF, 0xC2, 0x00, 0x00,
  0x00, 0x09, 0xFF, 0xFF, 0xFF, 0xFF, 0xFC, 0x00, 0x00, 0x00, 0x3F, 0xFF, 0xC5, 0x35, 0xCF, 0xFF,
  0x40, 0x00, 0x00, 0x27, 0xCE, 0x20, 0x00, 0x3F, 0xFF, 0x70, 0x00, 0x00, 0x00, 0x01, 0x11, 0x11,
  0x1E, 0xFF, 0x80, 0x00, 0x00, 0x01, 0x7B, 0xEE, 0xEE, 0xEF, 0xFF, 0x80, 0x00, 0x00, 0x1C, 0xFF,
  0xFF, 0xFF, 0xFF, 0xFF, 0x80, 0x00, 0x00, 0x9F, 0xFF, 0xB7, 0x77, 0x8F, 0xFF, 0x80, 0x00, 0x00,
  0xDF, 0xFA, 0x00, 0x00, 0x1F, 0xFF, 0x80, 0x00, 0x01, 0xEF, 0xF9, 0x00, 0x00, 0x8F, 0xFF, 0x80,
  0x00, 0x00, 0xDF, 0xFE, 0x73, 0x49, 0xFF, 0xFF, 0xD7, 0x40, 0x00, 0x8F, 0xFF, 0xFF, 0xFF, 0xF9,
  0xFF, 0xFF, 0x80, 0x00, 0x1B, 0xFF, 0xFF, 0xFF, 0x80, 0xBF, 0xFF, 0x80, 0x00, 0x00, 0x6B, 0xEE,
  0xC7, 0x00, 0x28, 0xAA, 0x50, 0x00, 0x00, 0x00, 0x11, 0x00, 0x00, 0x00, 0x00, 0x00, 0x00, 0x01,
  0x11, 0x10, 0x00, 0x00, 0x00, 0x00, 0x00, 0x00, 0x00, 0x1D, 0xEE, 0x80, 0x00, 0x00, 0x00, 0x00,
  0x00, 0x00, 0x00, 0x1E, 0xFF, 0x80, 0x00, 0x00, 0x00, 0x00, 0x00, 0x00, 0x00, 0x1E, 0xFF, 0x80,
  0x00, 0x00, 0x00, 0x00, 0x00, 0x00, 0x00, 0x1E, 0xFF, 0x80, 0x00, 0x00, 0x00, 0x00, 0x00, 0x00,
  0x00, 0x1E, 0xFF, 0x80, 0x00, 0x00, 0x00, 0x00, 0x00, 0x00, 0x00, 0x1E, 0xFF, 0x80, 0x26, 0x9A,
  0x84, 0x00, 0x00, 0x00, 0x00, 0x1E, 0xFF, 0x73, 0xDF, 0xFF, 0xFF, 0xB2, 0x00, 0x00, 0x00, 0x1E,
  0xFF, 0xDE, 0xFF, 0xFF, 0xFF, 0xFC, 0x10, 0x00, 0x00, 0x1E, 0xFF, 0xFF, 0xD8, 0x7A, 0xFF, 0xFF,
  0x90, 0x00, 0x00, 0x1E, 0xFF, 0xFA, 0x10, 0x00, 0x4E, 0xFF, 0xE2, 0x00, 0x00, 0x1E, 0xFF, 0xD1,
  0x00, 0x00, 0x06, 0xFF, 0xF5, 0x00, 0x00, 0x1E, 0xFF, 0x90, 0x00, 0x00, 0x02, 0xFF, 0xF7, 0x00,
  0x00, 0x1E, 0xFF, 0x80, 0x00, 0x00, 0x01, 0xEF, 0xF8, 0x00, 0x00, 0x1E, 0xFF, 0x80, 0x00, 0x00,
  0x01, 0xEF, 0xF8, 0x00, 0x00, 0x1E, 0xFF, 0xC0, 0x00, 0x00, 0x04, 0xFF, 0xF6, 0x00, 0x00, 0x1E,
  0xFF, 0xF5, 0x00, 0x00, 0x0B, 0xFF, 0xF3, 0x00, 0x00, 0x1E, 0xFF, 0xFF, 0x83, 0x35, 0xBF, 0xFF,
  0xC0, 0x00, 0x00, 0x1E, 0xFF, 0xFF, 0xFF, 0xEF, 0xFF, 0xFF, 0x40, 0x00, 0x00, 0x1F, 0xFF, 0x98,
  0xFF, 0xFF, 0xFF, 0xE5, 0x00, 0x00, 0x00, 0x07, 0x88, 0x40, 0x6B, 0xEE, 0xD9, 0x30, 0x00, 0x00,
  0x00, 0x00, 0x00, 0x00, 0x00, 0x11, 0x10, 0x00, 0x00, 0x00, 0x00, 0x00, 0x00, 0x00, 0x11, 0x10,
  0x00, 0x00, 0x00, 0x00, 0x00, 0x01, 0x6B, 0xDE, 0xDA, 0x60, 0x00, 0x00, 0x00, 0x00, 0x3C, 0xFF,
  0xFF, 0xFF, 0xFC, 0x20, 0x00, 0x00, 0x02, 0xEF, 0xFF, 0xFF, 0xFF, 0xFF, 0xC1, 0x00, 0x00, 0x0A,
  0xFF, 0xFB, 0x64, 0x5B, 0xFF, 0xF7, 0x00, 0x00, 0x2F, 0xFF, 0xB0, 0x00, 0x00, 0xCF, 0xFE, 0x10,
  0x00, 0x6F, 0xFF, 0x30, 0x00, 0x00, 0x5F, 0xC9, 0x10, 0x00, 0x8F, 0xFD, 0x10, 0x00, 0x00, 0x12,
  0x00, 0x00, 0x00, 0x9F, 0xFD, 0x00, 0x00, 0x00, 0x00, 0x00, 0x00, 0x00, 0x8F, 0xFD, 0x10, 0x00,
  0x00, 0x12, 0x00, 0x00, 0x00, 0x6F, 0xFF, 0x30, 0x00, 0x00, 0x5F, 0xC9, 0x10, 0x00, 0x2F, 0xFF,
  0xB0, 0x00, 0x00, 0xBF, 0xFE, 0x10, 0x00, 0x0A, 0xFF, 0xFB, 0x64, 0x5B, 0xFF, 0xF7, 0x00, 0x00,
  0x02, 0xEF, 0xFF, 0xFF, 0xFF, 0xFF, 0xC1, 0x00, 0x00, 0x00, 0x3C, 0xFF, 0xFF, 0xFF, 0xFC, 0x20,
  0x00, 0x00, 0x00, 0x01, 0x6B, 0xDE, 0xDB, 0x60, 0x00, 0x00, 0x00, 0x00, 0x00, 0x00, 0x11, 0x10,
  0x00, 0x00, 0x00, 0x00, 0x00, 0x00, 0x00, 0x00, 0x00, 0x01, 0x11, 0x10, 0x00, 0x00, 0x00, 0x00,
  0x00, 0x00, 0x00, 0x07, 0xEE, 0xE1, 0x00, 0x00, 0x00, 0x00, 0x00, 0x00, 0x00, 0x08, 0xFF, 0xF1,
  0x00, 0x00, 0x00, 0x00, 0x00, 0x00, 0x00, 0x07, 0xFF, 0xE1, 0x00, 0x00, 0x00, 0x00, 0x00, 0x00,
  0x00, 0x07, 0xFF, 0xE1, 0x00, 0x00, 0x00, 0x00, 0x00, 0x00, 0x00, 0x07, 0xFF, 0xE1, 0x00, 0x00,
  0x00, 0x00, 0x48, 0xA9, 0x62, 0x08, 0xFF, 0xE1, 0x00, 0x00, 0x00, 0x1A, 0xFF, 0xFF, 0xFE, 0x47,
  0xFF, 0xE1, 0x00, 0x00, 0x01, 0xCF, 0xFF, 0xFF, 0xFF, 0xED, 0xFF, 0xE1, 0x00, 0x00, 0x08, 0xFF,
  0xFF, 0xA7, 0x8C, 0xFF, 0xFF, 0xE1, 0x00, 0x00, 0x1E, 0xFF, 0xE4, 0x00, 0x01, 0x9F, 0xFF, 0xE1,
  0x00, 0x00, 0x5F, 0xFF, 0x70, 0x00, 0x00, 0x0D, 0xFF, 0xE1, 0x00, 0x00, 0x7F, 0xFF, 0x20, 0x00,
  0x00, 0x09, 0xFF, 0xE1, 0x00, 0x00, 0x8F, 0xFE, 0x10, 0x00, 0x00, 0x08, 0xFF, 0xE1, 0x00, 0x00,
  0x7F, 0xFF, 0x20, 0x00, 0x00, 0x08, 0xFF, 0xE1, 0x00, 0x00, 0x6F, 0xFF, 0x50, 0x00, 0x00, 0x0B,
  0xFF, 0xE1, 0x00, 0x00, 0x3F, 0xFF, 0xC1, 0x00, 0x00, 0x5F, 0xFF, 0xE1, 0x00, 0x00, 0x0B, 0xFF,
  0xFC, 0x53, 0x38, 0xFF, 0xFF, 0xE1, 0x00, 0x00, 0x03, 0xFF, 0xFF, 0xFE, 0xFF, 0xFF, 0xFF, 0xE1,
  0x00, 0x00, 0x00, 0x5E, 0xFF, 0xFF, 0xFF, 0x99, 0xFF, 0xF1, 0x00, 0x00, 0x00, 0x02, 0x9C, 0xEE,
  0xC7, 0x04, 0x88, 0x81, 0x00, 0x00, 0x00, 0x00, 0x00, 0x11, 0x00, 0x00, 0x00, 0x00, 0x00, 0x00,
  0x00, 0x00, 0x00, 0x11, 0x00, 0x00, 0x00, 0x00, 0x00, 0x00, 0x01, 0x7B, 0xDE, 0xC9, 0x30, 0x00,
  0x00, 0x00, 0x00, 0x4D, 0xFF, 0xFF, 0xFF, 0xF7, 0x00, 0x00, 0x00, 0x03, 0xEF, 0xFF, 0xFF, 0xFF,
  0xFF, 0x50, 0x00, 0x00, 0x0B, 0xFF, 0xF9, 0x44, 0x7E, 0xFF, 0xE1, 0x00, 0x00, 0x3F, 0xFF, 0x70,
  0x00, 0x04, 0xFF, 0xF6, 0x00, 0x00, 0x6F, 0xFE, 0x21, 0x11, 0x11, 0xCF, 0xFA, 0x00, 0x00, 0x8F,
  0xFF, 0xEE, 0xEE, 0xEE, 0xEF, 0xFB, 0x00, 0x00, 0x9F, 0xFF, 0xFF, 0xFF, 0xFF, 0xFF, 0xFD, 0x00,
  0x00, 0x8F, 0xFE, 0x77, 0x77, 0x78, 0x77, 0x86, 0x00, 0x00, 0x6F, 0xFE, 0x00, 0x00, 0x00, 0x10,
  0x00, 0x00, 0x00, 0x3F, 0xFF, 0x90, 0x00, 0x02, 0xEC, 0x41, 0x00, 0x00, 0x0B, 0xFF, 0xFA, 0x53,
  0x6C, 0xFF, 0xF2, 0x00, 0x00, 0x02, 0xEF, 0xFF, 0xFF, 0xFF, 0xFF, 0x80, 0x00, 0x00, 0x00, 0x3D,
  0xFF, 0xFF, 0xFF, 0xF8, 0x00, 0x00, 0x00, 0x00, 0x01, 0x7B, 0xDE, 0xDA, 0x40, 0x00, 0x00, 0x00,
  0x00, 0x00, 0x00, 0x11, 0x10, 0x00, 0x00, 0x00, 0x00, 0x00, 0x00, 0x01, 0x11, 0x11, 0x00, 0x00,
  0x00, 0x01, 0x9E, 0xEE, 0xE8, 0x00, 0x00, 0x00, 0x09, 0xFF, 0xFF, 0xF9, 0x00, 0x00, 0x00, 0x1E,
  0xFF, 0xFE, 0xE8, 0x00, 0x00, 0x00, 0x1E, 0xFF, 0xA2, 0x31, 0x00, 0x00, 0x00, 0x0E, 0xFF, 0x70,
  0x00, 0x00, 0x03, 0x65, 0x6E, 0xFF, 0xA5, 0x65, 0x00, 0x08, 0xFF, 0xFF, 0xFF, 0xFF, 0xFF, 0x10,
  0x08, 0xFF, 0xFF, 0xFF, 0xFF, 0xFF, 0x10, 0x06, 0xCB, 0xCF, 0xFF, 0xDC, 0xCB, 0x10, 0x00, 0x00,
  0x0E, 0xFF, 0x80, 0x00, 0x00, 0x00, 0x00, 0x1E, 0xFF, 0x80, 0x00, 0x00, 0x00, 0x00, 0x1E, 0xFF,
  0x80, 0x00, 0x00, 0x00, 0x00, 0x1E, 0xFF, 0x80, 0x00, 0x00, 0x00, 0x00, 0x1E, 0xFF, 0x80, 0x00,
  0x00, 0x00, 0x00, 0x1E, 0xFF, 0x80, 0x00, 0x00, 0x00, 0x00, 0x1E, 0xFF, 0x80, 0x00, 0x00, 0x00,
  0x00, 0x1E, 0xFF, 0x80, 0x00, 0x00, 0x00, 0x00, 0x1E, 0xFF, 0x80, 0x00, 0x00, 0x00, 0x00, 0x1F,
  0xFF, 0x80, 0x00, 0x00, 0x00, 0x00, 0x1A, 0xBB, 0x60, 0x00, 0x00, 0x00, 0x00, 0x00, 0x00, 0x00,
  0x00, 0x00, 0x00, 0x00, 0x00, 0x00, 0x00, 0x00, 0x00, 0x00, 0x00, 0x00, 0x00, 0x00, 0x00, 0x49,
  0xAA, 0x72, 0x03, 0x55, 0x50, 0x00, 0x00, 0x00, 0x2B, 0xFF, 0xFF, 0xFE, 0x37, 0xFF, 0xF1, 0x00,
  0x00, 0x01, 0xDF, 0xFF, 0xFF, 0xFF, 0xDC, 0xFF, 0xE1, 0x00, 0x00, 0x09, 0xFF, 0xFE, 0x96, 0x7B,
  0xFF, 0xFF, 0xE1, 0x00, 0x00, 0x2E, 0xFF, 0xD3, 0x00, 0x00, 0x8F, 0xFF, 0xE1, 0x00, 0x00, 0x5F,
  0xFF, 0x60, 0x00, 0x00, 0x0C, 0xFF, 0xE1, 0x00, 0x00, 0x7F, 0xFF, 0x20, 0x00, 0x00, 0x08, 0xFF,
  0xE1, 0x00, 0x00, 0x7F, 0xFE, 0x10, 0x00, 0x00, 0x08, 0xFF, 0xE1, 0x00, 0x00, 0x7F, 0xFF, 0x20,
  0x00, 0x00, 0x09, 0xFF, 0xE1, 0x00, 0x00, 0x5F, 0xFF, 0x70, 0x00, 0x00, 0x0D, 0xFF, 0xE1, 0x00,
  0x00, 0x2E, 0xFF, 0xE4, 0x00, 0x01, 0x9F, 0xFF, 0xE1, 0x00, 0x00, 0x09, 0xFF, 0xFF, 0xA7, 0x8C,
  0xFF, 0xFF, 0xE1, 0x00, 0x00, 0x01, 0xCF, 0xFF, 0xFF, 0xFF, 0xED, 0xFF, 0xE1, 0x00, 0x00, 0x00,
  0x1A, 0xFF, 0xFF, 0xFE, 0x37, 0xFF, 0xE1, 0x00, 0x00, 0x00, 0x00, 0x48, 0xA9, 0x72, 0x08, 0xFF,
  0xE1, 0x00, 0x00, 0x00, 0x00, 0x00, 0x00, 0x00, 0x07, 0xFF, 0xE1, 0x00, 0x00, 0x00, 0x12, 0x23,
  0x33, 0x23, 0x2A, 0xFF, 0xE1, 0x00, 0x00, 0x00, 0x4E, 0xEE, 0xEE, 0xEE, 0xEF, 0xFF, 0xE1, 0x00,
  0x00, 0x00, 0x4F, 0xFF, 0xFF, 0xFF, 0xFF, 0xFF, 0x90, 0x00, 0x00, 0x00, 0x4E, 0xEE, 0xEE, 0xEE,
  0xEE, 0xE9, 0x10, 0x00, 0x00, 0x00, 0x01, 0x11, 0x11, 0x11, 0x11, 0x10, 0x00, 0x00, 0x00, 0x01,
  0x11, 0x10, 0x00, 0x00, 0x00, 0x00, 0x00, 0x00, 0x00, 0x0D, 0xEE, 0xA0, 0x00, 0x00, 0x00, 0x00,
  0x00, 0x00, 0x00, 0x0E, 0xFF, 0xB0, 0x00, 0x00, 0x00, 0x00, 0x00, 0x00, 0x00, 0x0D, 0xFF, 0xA0,
  0x00, 0x00, 0x00, 0x00, 0x00, 0x00, 0x00, 0x0D, 0xFF, 0xA0, 0x00, 0x00, 0x00, 0x00, 0x00, 0x00,
  0x00, 0x0D, 0xFF, 0xA0, 0x00, 0x00, 0x00, 0x00, 0x00, 0x00, 0x00, 0x0D, 0xFF, 0xB0, 0x04, 0x77,
  0x62, 0x00, 0x00, 0x00, 0x00, 0x0D, 0xFF, 0xA1, 0xBF, 0xFF, 0xFF, 0x80, 0x00, 0x00, 0x00, 0x0D,
  0xFF, 0xCB, 0xFF, 0xFF, 0xFF, 0xF9, 0x00, 0x00, 0x00, 0x0D, 0xFF, 0xFF, 0xEB, 0xAD, 0xFF, 0xFF,
  0x40, 0x00, 0x00, 0x0D, 0xFF, 0xFC, 0x30, 0x00, 0x8F, 0xFF, 0xA0, 0x00, 0x00, 0x0D, 0xFF, 0xF3,
  0x00, 0x00, 0x0D, 0xFF, 0xC0, 0x00, 0x00, 0x0D, 0xFF, 0xC0, 0x00, 0x00, 0x0B, 0xFF, 0xD0, 0x00,
  0x00, 0x0D, 0xFF, 0xB0, 0x00, 0x00, 0x0A, 0xFF, 0xD0, 0x00, 0x00, 0x0D, 0xFF, 0xA0, 0x00, 0x00,
  0x0A, 0xFF, 0xD0, 0x00, 0x00, 0x0D, 0xFF, 0xA0, 0x00, 0x00, 0x0A, 0xFF, 0xD0, 0x00, 0x00, 0x0D,
  0xFF, 0xA0, 0x00, 0x00, 0x0A, 0xFF, 0xD0, 0x00, 0x00, 0x0D, 0xFF, 0xA0, 0x00, 0x00, 0x0A, 0xFF,
  0xD0, 0x00, 0x00, 0x0D, 0xFF, 0xA0, 0x00, 0x00, 0x0A, 0xFF, 0xD0, 0x00, 0x00, 0x0E, 0xFF, 0xB0,
  0x00, 0x00, 0x0B, 0xFF, 0xE0, 0x00, 0x00, 0x0D, 0xEE, 0xA0, 0x00, 0x00, 0x0A, 0xEE, 0xD0, 0x00,
  0x00, 0x01, 0x11, 0x10, 0x00, 0x00, 0x01, 0x11, 0x10, 0x00, 0x00, 0x07, 0xDE, 0x70, 0x00, 0x00,
  0x4F, 0xFF, 0xF4, 0x00, 0x00, 0x5F, 0xFF, 0xF5, 0x00, 0x00, 0x1C, 0xFF, 0xC1, 0x00, 0x00, 0x01,
  0x55, 0x10, 0x00, 0x00, 0x00, 0x00, 0x00, 0x00, 0x00, 0x08, 0xAA, 0x90, 0x00, 0x00, 0x0D, 0xFF,
  0xE0, 0x00, 0x00, 0x0C, 0xFF, 0xD0, 0x00, 0x00, 0x0C, 0xFF, 0xD0, 0x00, 0x00, 0x0C, 0xFF, 0xD0,
  0x00, 0x00, 0x0C, 0xFF, 0xD0, 0x00, 0x00, 0x0C, 0xFF, 0xD0, 0x00, 0x00, 0x0C, 0xFF, 0xD0, 0x00,
  0x00, 0x0C, 0xFF, 0xD0, 0x00, 0x00, 0x0C, 0xFF, 0xD0, 0x00, 0x00, 0x0C, 0xFF, 0xD0, 0x00, 0x00,
  0x0C, 0xFF, 0xD0, 0x00, 0x00, 0x0D, 0xFF, 0xD0, 0x00, 0x00, 0x0C, 0xEE, 0xC0, 0x00, 0x00, 0x01,
  0x11, 0x10, 0x00, 0x00, 0x00, 0x00, 0x00, 0x00, 0x00, 0x02, 0xDC, 0xD2, 0x00, 0x00, 0x03, 0xFF,
  0xF3, 0x00, 0x00, 0x03, 0xFF, 0xF3, 0x00, 0x00, 0x03, 0xFF, 0xF3, 0x00, 0x00, 0x03, 0xFF, 0xF3,
  0x00, 0x00, 0x03, 0xFF, 0xF3, 0x00, 0x00, 0x03, 0xFF, 0xF3, 0x00, 0x00, 0x03, 0xFF, 0xF3, 0x00,
  0x00, 0x03, 0xFF, 0xF3, 0x00, 0x00, 0x03, 0xFF, 0xF3, 0x00, 0x00, 0x03, 0xFF, 0xF3, 0x00, 0x00,
  0x03, 0xFF, 0xF3, 0x00, 0x00, 0x03, 0xFF, 0xF3, 0x00, 0x00, 0x03, 0xFF, 0xF3, 0x00, 0x00, 0x03,
  0xFF, 0xF3, 0x00, 0x00, 0x02, 0xFF, 0xF3, 0x00, 0x03, 0x37, 0xFF, 0xF3, 0x00, 0x0B, 0xFF, 0xFF,
  0xF2, 0x00, 0x0C, 0xFF, 0xFF, 0xB0, 0x00, 0x0B, 0xEE, 0xEA, 0x20, 0x00, 0x01, 0x11, 0x10, 0x00,
  0x00, 0x00, 0x01, 0x11, 0x00, 0x00, 0x00, 0x00, 0x00, 0x00, 0x00, 0x1D, 0xEE, 0x70, 0x00, 0x00,
  0x00, 0x00, 0x00, 0x00, 0x1E, 0xFF, 0x80, 0x00, 0x00, 0x00, 0x00, 0x00, 0x00, 0x1E, 0xFF, 0x80,
  0x00, 0x00, 0x00, 0x00, 0x00, 0x00, 0x1E, 0xFF, 0x80, 0x00, 0x00, 0x00, 0x00, 0x00, 0x00, 0x1E,
  0xFF, 0x80, 0x00, 0x00, 0x00, 0x00, 0x00, 0x00, 0x1E, 0xFF, 0x80, 0x00, 0x00, 0x11, 0x11, 0x00,
  0x00, 0x1E, 0xFF, 0x80, 0x00, 0x1B, 0xEE, 0xFA, 0x10, 0x00, 0x1E, 0xFF, 0x80, 0x00, 0xAF, 0xFF,
  0xB1, 0x00, 0x00, 0x1E, 0xFF, 0x80, 0x0A, 0xFF, 0xFB, 0x10, 0x00, 0x00, 0x1E, 0xFF, 0x80, 0x9F,
  0xFF, 0xB1, 0x00, 0x00, 0x00, 0x1E, 0xFF, 0x87, 0xFF, 0xFB, 0x10, 0x00, 0x00, 0x00, 0x1E, 0xFF,
  0xFF, 0xFF, 0xC1, 0x00, 0x00, 0x00, 0x00, 0x1E, 0xFF, 0xFF, 0xFE, 0x10, 0x00, 0x00, 0x00, 0x00,
  0x1E, 0xFF, 0xFF, 0xFF, 0x90, 0x00, 0x00, 0x00, 0x00, 0x1E, 0xFF, 0x99, 0xFF, 0xF8, 0x00, 0x00,
  0x00, 0x00, 0x1E, 0xFF, 0x70, 0xCF, 0xFF, 0x70, 0x00, 0x00, 0x00, 0x1E, 0xFF, 0x80, 0x2D, 0xFF,
  0xF5, 0x00, 0x00, 0x00, 0x1E, 0xFF, 0x80, 0x04, 0xEF, 0xFE, 0x40, 0x00, 0x00, 0x1E, 0xFF, 0x80,
  0x00, 0x5F, 0xFF, 0xE3, 0x00, 0x00, 0x1D, 0xEE, 0x70, 0x00, 0x07, 0xEE, 0xEC, 0x20, 0x00, 0x01,
  0x11, 0x00, 0x00, 0x00, 0x11, 0x11, 0x10, 0x00, 0x01, 0x11, 0x10, 0x00, 0x00, 0x0C, 0xEE, 0xC0,
  0x00, 0x00, 0x0D, 0xFF, 0xD0, 0x00, 0x00, 0x0C, 0xFF, 0xD0, 0x00, 0x00, 0x0C, 0xFF, 0xD0, 0x00,
  0x00, 0x0C, 0xFF, 0xD0, 0x00, 0x00, 0x0C, 0xFF, 0xD0, 0x00, 0x00, 0x0C, 0xFF, 0xD0, 0x00, 0x00,
  0x0C, 0xFF, 0xD0, 0x00, 0x00, 0x0C, 0xFF, 0xD0, 0x00, 0x00, 0x0C, 0xFF, 0xD0, 0x00, 0x00, 0x0C,
  0xFF, 0xD0, 0x00, 0x00, 0x0C, 0xFF, 0xD0, 0x00, 0x00, 0x0C, 0xFF, 0xD0, 0x00, 0x00, 0x0C, 0xFF,
  0xD0, 0x00, 0x00, 0x0C, 0xFF, 0xD0, 0x00, 0x00, 0x0C, 0xFF, 0xD0, 0x00, 0x00, 0x0C, 0xFF, 0xD0,
  0x00, 0x00, 0x0C, 0xFF, 0xD0, 0x00, 0x00, 0x0D, 0xFF, 0xD0, 0x00, 0x00, 0x0C, 0xEE, 0xC0, 0x00,
  0x00, 0x01, 0x11, 0x10, 0x00, 0x00, 0x00, 0x00, 0x00, 0x01, 0x10, 0x00, 0x00, 0x01, 0x11, 0x00,
  0x00, 0x00, 0x00, 0x18, 0x88, 0x30, 0x9D, 0xEC, 0x60, 0x02, 0xAD, 0xED, 0x81, 0x00, 0x00, 0x00,
  0x1F, 0xFF, 0x79, 0xFF, 0xFF, 0xF7, 0x0C, 0xFF, 0xFF, 0xFC, 0x10, 0x00, 0x00, 0x1E, 0xFF, 0xEF,
  0xEE, 0xFF, 0xFE, 0xBF, 0xFE, 0xFF, 0xFF, 0x80, 0x00, 0x00, 0x1F, 0xFF, 0xF8, 0x23, 0x8F, 0xFF,
  0xFB, 0x32, 0x6E, 0xFF, 0xD0, 0x00, 0x00, 0x1F, 0xFF, 0xA0, 0x00, 0x0C, 0xFF, 0xD1, 0x00, 0x08,
  0xFF, 0xE1, 0x00, 0x00, 0x1F, 0xFF, 0x60, 0x00, 0x0B, 0xFF, 0xB0, 0x00, 0x06, 0xFF, 0xE1, 0x00,
  0x00, 0x1F, 0xFF, 0x60, 0x00, 0x0B, 0xFF, 0xB0, 0x00, 0x06, 0xFF, 0xE1, 0x00, 0x00, 0x1F, 0xFF,
  0x60, 0x00, 0x0B, 0xFF, 0xB0, 0x00, 0x06, 0xFF, 0xE1, 0x00, 0x00, 0x1F, 0xFF, 0x60, 0x00, 0x0B,
  0xFF, 0xB0, 0x00, 0x06, 0xFF, 0xE1, 0x00, 0x00, 0x1F, 0xFF, 0x60, 0x00, 0x0B, 0xFF, 0xB0, 0x00,
  0x06, 0xFF, 0xE1, 0x00, 0x00, 0x1F, 0xFF, 0x60, 0x00, 0x0B, 0xFF, 0xB0, 0x00, 0x06, 0xFF, 0xE1,
  0x00, 0x00, 0x1F, 0xFF, 0x60, 0x00, 0x0B, 0xFF, 0xB0, 0x00, 0x06, 0xFF, 0xE1, 0x00, 0x00, 0x1F,
  0xFF, 0x60, 0x00, 0x0B, 0xFF, 0xB0, 0x00, 0x07, 0xFF, 0xF1, 0x00, 0x00, 0x1E, 0xEE, 0x60, 0x00,
  0x0B, 0xEE, 0xA0, 0x00, 0x06, 0xEE, 0xE1, 0x00, 0x00, 0x01, 0x11, 0x00, 0x00, 0x01, 0x11, 0x10,
  0x00, 0x01, 0x11, 0x10, 0x00, 0x00, 0x00, 0x00, 0x00, 0x00, 0x11, 0x10, 0x00, 0x00, 0x00, 0x00,
  0x07, 0x88, 0x60, 0x5B, 0xDE, 0xD9, 0x30, 0x00, 0x00, 0x00, 0x0F, 0xFF, 0xB5, 0xFF, 0xFF, 0xFF,
  0xE5, 0x00, 0x00, 0x00, 0x0D, 0xFF, 0xEE, 0xFE, 0xEF, 0xFF, 0xFE, 0x20, 0x00, 0x00, 0x0D, 0xFF,
  0xFF, 0x73, 0x24, 0xCF, 0xFF, 0x80, 0x00, 0x00, 0x0D, 0xFF, 0xF6, 0x00, 0x00, 0x2E, 0xFF, 0xC0,
  0x00, 0x00, 0x0D, 0xFF, 0xD0, 0x00, 0x00, 0x0B, 0xFF, 0xD0, 0x00, 0x00, 0x0D, 0xFF, 0xB0, 0x00,
  0x00, 0x0A, 0xFF, 0xD0, 0x00, 0x00, 0x0D, 0xFF, 0xA0, 0x00, 0x00, 0x0A, 0xFF, 0xD0, 0x00, 0x00,
  0x0D, 0xFF, 0xA0, 0x00, 0x00, 0x0A, 0xFF, 0xD0, 0x00, 0x00, 0x0D, 0xFF, 0xA0, 0x00, 0x00, 0x0A,
  0xFF, 0xD0, 0x00, 0x00, 0x0D, 0xFF, 0xA0, 0x00, 0x00, 0x0A, 0xFF, 0xD0, 0x00, 0x00, 0x0D, 0xFF,
  0xA0, 0x00, 0x00, 0x0A, 0xFF, 0xD0, 0x00, 0x00, 0x0E, 0xFF, 0xB0, 0x00, 0x00, 0x0B, 0xFF, 0xE0,
  0x00, 0x00, 0x0D, 0xEE, 0xA0, 0x00, 0x00, 0x0A, 0xEE, 0xD0, 0x00, 0x00, 0x01, 0x11, 0x10, 0x00,
  0x00, 0x01, 0x11, 0x10, 0x00, 0x00, 0x00, 0x00, 0x00, 0x01, 0x10, 0x00, 0x00, 0x00, 0x00, 0x00,
  0x00, 0x00, 0x49, 0xCE, 0xEC, 0x94, 0x00, 0x00, 0x00, 0x00, 0x00, 0x1A, 0xFF, 0xFF, 0xFF, 0xFF,
  0xB1, 0x00, 0x00, 0x00, 0x01, 0xCF, 0xFF, 0xFF, 0xFF, 0xFF, 0xFC, 0x10, 0x00, 0x00, 0x08, 0xFF,
  0xFE, 0x74, 0x47, 0xEF, 0xFF, 0x80, 0x00, 0x00, 0x1E, 0xFF, 0xE3, 0x00, 0x00, 0x3E, 0xFF, 0xE1,
  0x00, 0x00, 0x4F, 0xFF, 0x80, 0x00, 0x00, 0x07, 0xFF, 0xF5, 0x00, 0x00, 0x6F, 0xFF, 0x40, 0x00,
  0x00, 0x03, 0xFF, 0xF6, 0x00, 0x00, 0x6F, 0xFF, 0x30, 0x00, 0x00, 0x03, 0xFF, 0xF7, 0x00, 0x00,
  0x6F, 0xFF, 0x40, 0x00, 0x00, 0x03, 0xFF, 0xF6, 0x00, 0x00, 0x4F, 0xFF, 0x80, 0x00, 0x00, 0x07,
  0xFF, 0xF5, 0x00, 0x00, 0x1E, 0xFF, 0xE3, 0x00, 0x00, 0x3E, 0xFF, 0xE1, 0x00, 0x00, 0x08, 0xFF,
  0xFE, 0x74, 0x47, 0xEF, 0xFF, 0x80, 0x00, 0x00, 0x01, 0xCF, 0xFF, 0xFF, 0xFF, 0xFF, 0xFC, 0x10,
  0x00, 0x00, 0x00, 0x1A, 0xFF, 0xFF, 0xFF, 0xFF, 0xB1, 0x00, 0x00, 0x00, 0x00, 0x00, 0x49, 0xCE,
  0xEC, 0x94, 0x00, 0x00, 0x00, 0x00, 0x00, 0x00, 0x00, 0x01, 0x10, 0x00, 0x00, 0x00, 0x00, 0x00,
  0x00, 0x00, 0x00, 0x00, 0x00, 0x00, 0x00, 0x00, 0x00, 0x00, 0x07, 0x88, 0x40, 0x27, 0xAA, 0x95,
  0x00, 0x00, 0x00, 0x00, 0x1F, 0xFF, 0x83, 0xEF, 0xFF, 0xFF, 0xC2, 0x00, 0x00, 0x00, 0x1E, 0xFF,
  0xCD, 0xFF, 0xFF, 0xFF, 0xFD, 0x20, 0x00, 0x00, 0x1E, 0xFF, 0xFF, 0xC7, 0x69, 0xEF, 0xFF, 0xA0,
  0x00, 0x00, 0x1E, 0xFF, 0xF8, 0x00, 0x00, 0x3D, 0xFF, 0xF2, 0x00, 0x00, 0x1E, 0xFF, 0xD0, 0x00,
  0x00, 0x06, 0xFF, 0xF6, 0x00, 0x00, 0x1E, 0xFF, 0x90, 0x00, 0x00, 0x02, 0xFF, 0xF7, 0x00, 0x00,
  0x1E, 0xFF, 0x80, 0x00, 0x00, 0x01, 0xEF, 0xF8, 0x00, 0x00, 0x1E, 0xFF, 0x90, 0x00, 0x00, 0x02,
  0xFF, 0xF8, 0x00, 0x00, 0x1E, 0xFF, 0xC0, 0x00, 0x00, 0x05, 0xFF, 0xF6, 0x00, 0x00, 0x1E, 0xFF,
  0xF7, 0x00, 0x00, 0x2C, 0xFF, 0xF2, 0x00, 0x00, 0x1E, 0xFF, 0xFF, 0xA5, 0x57, 0xDF, 0xFF, 0xA0,
  0x00, 0x00, 0x1E, 0xFF, 0xFF, 0xFF, 0xFF, 0xFF, 0xFE, 0x20, 0x00, 0x00, 0x1E, 0xFF, 0x98, 0xFF,
  0xFF, 0xFF, 0xD3, 0x00, 0x00, 0x00, 0x1E, 0xFF, 0x80, 0x5A, 0xBC, 0xA6, 0x10, 0x00, 0x00, 0x00,
  0x1E, 0xFF, 0x80, 0x00, 0x00, 0x00, 0x00, 0x00, 0x00, 0x00, 0x1E, 0xFF, 0x80, 0x00, 0x00, 0x00,
  0x00, 0x00, 0x00, 0x00, 0x1E, 0xFF, 0x80, 0x00, 0x00, 0x00, 0x00, 0x00, 0x00, 0x00, 0x1E, 0xFF,
  0x80, 0x00, 0x00, 0x00, 0x00, 0x00, 0x00, 0x00, 0x1D, 0xEE, 0x80, 0x00, 0x00, 0x00, 0x00, 0x00,
  0x00, 0x00, 0x01, 0x11, 0x10, 0x00, 0x00, 0x00, 0x00, 0x00, 0x00, 0x00, 0x00, 0x00, 0x00, 0x00,
  0x00, 0x00, 0x00, 0x00, 0x00, 0x00, 0x00, 0x00, 0x49, 0xAA, 0x82, 0x04, 0x88, 0x81, 0x00, 0x00,
  0x00, 0x2B, 0xFF, 0xFF, 0xFE, 0x47, 0xFF, 0xF1, 0x00, 0x00, 0x01, 0xDF, 0xFF, 0xFF, 0xFF, 0xEC,
  0xFF, 0xE1, 0x00, 0x00, 0x09, 0xFF, 0xFE, 0x96, 0x7C, 0xFF, 0xFF, 0xE1, 0x00, 0x00, 0x2E, 0xFF,
  0xD3, 0x00, 0x00, 0x8F, 0xFF, 0xE1, 0x00, 0x00, 0x5F, 0xFF, 0x60, 0x00, 0x00, 0x0C, 0xFF, 0xE1,
  0x00, 0x00, 0x7F, 0xFF, 0x20, 0x00, 0x00, 0x09, 0xFF, 0xE1, 0x00, 0x00, 0x8F, 0xFE, 0x10, 0x00,
  0x00, 0x08, 0xFF, 0xE1, 0x00, 0x00, 0x7F, 0xFF, 0x20, 0x00, 0x00, 0x08, 0xFF, 0xE1, 0x00, 0x00,
  0x6F, 0xFF, 0x50, 0x00, 0x00, 0x0C, 0xFF, 0xE1, 0x00, 0x00, 0x2F, 0xFF, 0xD2, 0x00, 0x00, 0x7F,
  0xFF, 0xE1, 0x00, 0x00, 0x0A, 0xFF, 0xFE, 0x85, 0x5A, 0xFF, 0xFF, 0xE1, 0x00, 0x00, 0x02, 0xEF,
  0xFF, 0xFF, 0xFF, 0xFF, 0xFF, 0xE1, 0x00, 0x00, 0x00, 0x3D, 0xFF, 0xFF, 0xFF, 0x99, 0xFF, 0xE1,
  0x00, 0x00, 0x00, 0x01, 0x6A, 0xCB, 0xA5, 0x07, 0xFF, 0xE1, 0x00, 0x00, 0x00, 0x00, 0x00, 0x00,
  0x00, 0x08, 0xFF, 0xE1, 0x00, 0x00, 0x00, 0x00, 0x00, 0x00, 0x00, 0x07, 0xFF, 0xE1, 0x00, 0x00,
  0x00, 0x00, 0x00, 0x00, 0x00, 0x07, 0xFF, 0xE1, 0x00, 0x00, 0x00, 0x00, 0x00, 0x00, 0x00, 0x08,
  0xFF, 0xF1, 0x00, 0x00, 0x00, 0x00, 0x00, 0x00, 0x00, 0x07, 0xEE, 0xE1, 0x00, 0x00, 0x00, 0x00,
  0x00, 0x00, 0x00, 0x01, 0x11, 0x10, 0x00, 0x00, 0x00, 0x00, 0x00, 0x00, 0x00, 0x00, 0x01, 0xAA,
  0xB5, 0x18, 0xAA, 0x30, 0x00, 0x1F, 0xFF, 0x9A, 0xFF, 0xF4, 0x00, 0x01, 0xEF, 0xFF, 0xFF, 0xFF,
  0x40, 0x00, 0x1E, 0xFF, 0xFD, 0x85, 0x51, 0x00, 0x01, 0xEF, 0xFE, 0x20, 0x00, 0x00, 0x00, 0x1E,
  0xFF, 0x90, 0x00, 0x00, 0x00, 0x01, 0xEF, 0xF8, 0x00, 0x00, 0x00, 0x00, 0x1E, 0xFF, 0x80, 0x00,
  0x00, 0x00, 0x01, 0xEF, 0xF8, 0x00, 0x00, 0x00, 0x00, 0x1E, 0xFF, 0x80, 0x00, 0x00, 0x00, 0x01,
  0xEF, 0xF8, 0x00, 0x00, 0x00, 0x00, 0x1E, 0xFF, 0x80, 0x00, 0x00, 0x00, 0x01, 0xEF, 0xF8, 0x00,
  0x00, 0x00, 0x00, 0x1D, 0xEE, 0x80, 0x00, 0x00, 0x00, 0x00, 0x11, 0x11, 0x00, 0x00, 0x00, 0x00,
  0x00, 0x00, 0x01, 0x10, 0x00, 0x00, 0x00, 0x00, 0x00, 0x49, 0xDE, 0xDB, 0x71, 0x00, 0x00, 0x00,
  0x07, 0xFF, 0xFF, 0xFF, 0xFD, 0x20, 0x00, 0x00, 0x3F, 0xFF, 0xFE, 0xFF, 0xFF, 0xD1, 0x00, 0x00,
  0x8F, 0xFE, 0x61, 0x29, 0xFF, 0xF6, 0x00, 0x00, 0x9F, 0xFD, 0x00, 0x00, 0xA9, 0x41, 0x00, 0x00,
  0x6F, 0xFF, 0xA4, 0x20, 0x00, 0x00, 0x00, 0x00, 0x1C, 0xFF, 0xFF, 0xEC, 0x84, 0x00, 0x00, 0x00,
  0x02, 0xAF, 0xFF, 0xFF, 0xFF, 0xA1, 0x00, 0x00, 0x00, 0x02, 0x7A, 0xDF, 0xFF, 0xF9, 0x00, 0x00,
  0x02, 0x61, 0x00, 0x14, 0xCF, 0xFE, 0x10, 0x01, 0xCF, 0xF9, 0x00, 0x00, 0x5F, 0xFF, 0x10, 0x00,
  0xBF, 0xFF, 0x72, 0x13, 0xCF, 0xFD, 0x10, 0x00, 0x4F, 0xFF, 0xFE, 0xEF, 0xFF, 0xF8, 0x00, 0x00,
  0x05, 0xEF, 0xFF, 0xFF, 0xFF, 0xB1, 0x00, 0x00, 0x00, 0x28, 0xCD, 0xED, 0xA6, 0x00, 0x00, 0x00,
  0x00, 0x00, 0x01, 0x11, 0x00, 0x00, 0x00, 0x00, 0x00, 0x00, 0x00, 0x00, 0x00, 0x00, 0x00, 0x00,
  0x01, 0x11, 0x00, 0x00, 0x00, 0x00, 0x00, 0x3E, 0xEE, 0x30, 0x00, 0x00, 0x00, 0x00, 0x3F, 0xFF,
  0x30, 0x00, 0x00, 0x00, 0x00, 0x3F, 0xFF, 0x30, 0x00, 0x00, 0x00, 0x00, 0x3F, 0xFF, 0x30, 0x00,
  0x00, 0x06, 0xCB, 0xCF, 0xFF, 0xCB, 0xCC, 0x10, 0x08, 0xFF, 0xFF, 0xFF, 0xFF, 0xFF, 0x20, 0x09,
  0xFF, 0xFF, 0xFF, 0xFF, 0xFF, 0x20, 0x02, 0x44, 0x7F, 0xFF, 0x74, 0x44, 0x00, 0x00, 0x00, 0x2F,
  0xFF, 0x20, 0x00, 0x00, 0x00, 0x00, 0x3F, 0xFF, 0x30, 0x00, 0x00, 0x00, 0x00, 0x3F, 0xFF, 0x30,
  0x00, 0x00, 0x00, 0x00, 0x3F, 0xFF, 0x30, 0x00, 0x00, 0x00, 0x00, 0x3F, 0xFF, 0x30, 0x00, 0x00,
  0x00, 0x00, 0x3F, 0xFF, 0x30, 0x00, 0x00, 0x00, 0x00, 0x3F, 0xFF, 0x62, 0x22, 0x00, 0x00, 0x00,
  0x3F, 0xFF, 0xFE, 0xEA, 0x00, 0x00, 0x00, 0x1C, 0xFF, 0xFF, 0xFB, 0x00, 0x00, 0x00, 0x02, 0xBE,
  0xEE, 0xEA, 0x00, 0x00, 0x00, 0x00, 0x01, 0x11, 0x11, 0x00, 0x00, 0x01, 0x11, 0x10, 0x00, 0x00,
  0x01, 0x11, 0x10, 0x00, 0x00, 0x0D, 0xEE, 0xA0, 0x00, 0x00, 0x0A, 0xEE, 0xD0, 0x00, 0x00, 0x0E,
  0xFF, 0xB0, 0x00, 0x00, 0x0B, 0xFF, 0xE0, 0x00, 0x00, 0x0D, 0xFF, 0xA0, 0x00, 0x00, 0x0A, 0xFF,
  0xD0, 0x00, 0x00, 0x0D, 0xFF, 0xA0, 0x00, 0x00, 0x0A, 0xFF, 0xD0, 0x00, 0x00, 0x0D, 0xFF, 0xA0,
  0x00, 0x00, 0x0A, 0xFF, 0xD0, 0x00, 0x00, 0x0D, 0xFF, 0xA0, 0x00, 0x00, 0x0A, 0xFF, 0xD0, 0x00,
  0x00, 0x0D, 0xFF, 0xA0, 0x00, 0x00, 0x0A, 0xFF, 0xD0, 0x00, 0x00, 0x0D, 0xFF, 0xA0, 0x00, 0x00,
  0x0B, 0xFF, 0xD0, 0x00, 0x00, 0x0D, 0xFF, 0xB0, 0x00, 0x00, 0x0D, 0xFF, 0xD0, 0x00, 0x00, 0x0C,
  0xFF, 0xE2, 0x00, 0x00, 0x6F, 0xFF, 0xD0, 0x00, 0x00, 0x08, 0xFF, 0xFC, 0x42, 0x37, 0xFF, 0xFF,
  0xD0, 0x00, 0x00, 0x02, 0xEF, 0xFF, 0xFE, 0xEF, 0xEE, 0xFF, 0xD0, 0x00, 0x00, 0x00, 0x5E, 0xFF,
  0xFF, 0xFF, 0x5B, 0xFF, 0xF0, 0x00, 0x00, 0x00, 0x03, 0x9D, 0xEE, 0xB5, 0x06, 0x88, 0x70, 0x00,
  0x00, 0x00, 0x00, 0x01, 0x11, 0x00, 0x00, 0x00, 0x00, 0x00, 0x00, 0x00, 0x00, 0x00, 0x00, 0x00,
  0x00, 0x00, 0x00, 0x01, 0x11, 0x10, 0x00, 0x00, 0x00, 0x01, 0x11, 0x00, 0x05, 0xEE, 0xE7, 0x00,
  0x00, 0x00, 0x9E, 0xEE, 0x30, 0x01, 0xEF, 0xFB, 0x00, 0x00, 0x01, 0xDF, 0xFD, 0x00, 0x00, 0xAF,
  0xFE, 0x20, 0x00, 0x04, 0xFF, 0xF8, 0x00, 0x00, 0x6F, 0xFF, 0x50, 0x00, 0x08, 0xFF, 0xF4, 0x00,
  0x00, 0x2E, 0xFF, 0xA0, 0x00, 0x0C, 0xFF, 0xD0, 0x00, 0x00, 0x0B, 0xFF, 0xD1, 0x00, 0x2E, 0xFF,
  0x80, 0x00, 0x00, 0x06, 0xFF, 0xF4, 0x00, 0x6F, 0xFF, 0x40, 0x00, 0x00, 0x02, 0xEF, 0xF8, 0x00,
  0xAF, 0xFD, 0x10, 0x00, 0x00, 0x00, 0xBF, 0xFC, 0x01, 0xDF, 0xF9, 0x00, 0x00, 0x00, 0x00, 0x6F,
  0xFE, 0x13, 0xFF, 0xF4, 0x00, 0x00, 0x00, 0x00, 0x2E, 0xFF, 0x47, 0xFF, 0xD1, 0x00, 0x00, 0x00,
  0x00, 0x0B, 0xFF, 0xCD, 0xFF, 0x90, 0x00, 0x00, 0x00, 0x00, 0x07, 0xFF, 0xFF, 0xFF, 0x40, 0x00,
  0x00, 0x00, 0x00, 0x02, 0xDE, 0xEE, 0xEC, 0x10, 0x00, 0x00, 0x00, 0x00, 0x00, 0x11, 0x11, 0x11,
  0x00, 0x00, 0x00, 0x00, 0x00, 0x00, 0x00, 0x00, 0x00, 0x00, 0x00, 0x00, 0x00, 0x00, 0x00, 0x00,
  0x11, 0x10, 0x00, 0x01, 0x11, 0x11, 0x10, 0x00, 0x11, 0x11, 0x00, 0x00, 0xBE, 0xE9, 0x00, 0x0C,
  0xEE, 0xEE, 0xC0, 0x00, 0xAE, 0xEA, 0x00, 0x00, 0xAF, 0xFB, 0x00, 0x2F, 0xFF, 0xFF, 0xF1, 0x00,
  0xCF, 0xF9, 0x00, 0x00, 0x8F, 0xFD, 0x00, 0x4F, 0xFC, 0xDF, 0xF3, 0x01, 0xDF, 0xF7, 0x00, 0x00,
  0x6F, 0xFE, 0x10, 0x6F, 0xF7, 0x8F, 0xF6, 0x02, 0xEF, 0xF5, 0x00, 0x00, 0x4F, 0xFF, 0x20, 0x8F,
  0xF5, 0x6F, 0xF8, 0x03, 0xFF, 0xF3, 0x00, 0x00, 0x2F, 0xFF, 0x40, 0xAF, 0xF3, 0x4F, 0xFA, 0x04,
  0xFF, 0xE2, 0x00, 0x00, 0x1E, 0xFF, 0x50, 0xDF, 0xF2, 0x2F, 0xFC, 0x06, 0xFF, 0xD0, 0x00, 0x00,
  0x0C, 0xFF, 0x60, 0xEF, 0xD0, 0x1E, 0xFE, 0x07, 0xFF, 0xB0, 0x00, 0x00, 0x0A, 0xFF, 0x72, 0xFF,
  0xB0, 0x0C, 0xFF, 0x28, 0xFF, 0x90, 0x00, 0x00, 0x08, 0xFF, 0x85, 0xFF, 0x90, 0x0A, 0xFF, 0x49,
  0xFF, 0x80, 0x00, 0x00, 0x06, 0xFF, 0x97, 0xFF, 0x70, 0x08, 0xFF, 0x6A, 0xFF, 0x60, 0x00, 0x00,
  0x04, 0xFF, 0xDC, 0xFF, 0x50, 0x06, 0xFF, 0xCD, 0xFF, 0x40, 0x00, 0x00, 0x03, 0xFF, 0xFF, 0xFF,
  0x30, 0x04, 0xFF, 0xFF, 0xFF, 0x20, 0x00, 0x00, 0x01, 0xDE, 0xEE, 0xED, 0x10, 0x01, 0xDE, 0xEE,
  0xED, 0x10, 0x00, 0x00, 0x00, 0x11, 0x11, 0x11, 0x00, 0x00, 0x11, 0x11, 0x11, 0x00, 0x00, 0x00,
  0x00, 0x00, 0x00, 0x00, 0x00, 0x00, 0x00, 0x00, 0x00, 0x11, 0x11, 0x00, 0x00, 0x00, 0x01, 0x11,
  0x00, 0x01, 0xCE, 0xED, 0x20, 0x00, 0x01, 0xCE, 0xEC, 0x10, 0x00, 0x4F, 0xFF, 0xB0, 0x00, 0x0A,
  0xFF, 0xF4, 0x00, 0x00, 0x07, 0xFF, 0xF6, 0x00, 0x5F, 0xFF, 0x80, 0x00, 0x00, 0x00, 0xBF, 0xFE,
  0x21, 0xEF, 0xFC, 0x00, 0x00, 0x00, 0x00, 0x2E, 0xFF, 0xCB, 0xFF, 0xE2, 0x00, 0x00, 0x00, 0x00,
  0x05, 0xFF, 0xFF, 0xFF, 0x60, 0x00, 0x00, 0x00, 0x00, 0x00, 0x9F, 0xFF, 0xFA, 0x00, 0x00, 0x00,
  0x00, 0x00, 0x01, 0xCF, 0xFF, 0xFD, 0x20, 0x00, 0x00, 0x00, 0x00, 0x09, 0xFF, 0xFF, 0xFF, 0xA0,
  0x00, 0x00, 0x00, 0x00, 0x5F, 0xFF, 0x76, 0xFF, 0xF5, 0x00, 0x00, 0x00, 0x01, 0xDF, 0xFC, 0x00,
  0xCF, 0xFE, 0x20, 0x00, 0x00, 0x09, 0xFF, 0xF4, 0x00, 0x3F, 0xFF, 0xA0, 0x00, 0x00, 0x5F, 0xFF,
  0xA0, 0x00, 0x08, 0xFF, 0xF6, 0x00, 0x01, 0xDE, 0xED, 0x10, 0x00, 0x01, 0xCE, 0xED, 0x20, 0x00,
  0x11, 0x10, 0x00, 0x00, 0x00, 0x01, 0x11, 0x00, 0x00, 0x00, 0x00, 0x00, 0x00, 0x00, 0x00, 0x00,
  0x00, 0x00, 0x00, 0x0A, 0xBB, 0x70, 0x00, 0x00, 0x07, 0xBB, 0xA0, 0x00, 0x00, 0x0E, 0xFF, 0xB0,
  0x00, 0x00, 0x0B, 0xFF, 0xE0, 0x00, 0x00, 0x0D, 0xFF, 0xA0, 0x00, 0x00, 0x0A, 0xFF, 0xD0, 0x00,
  0x00, 0x0D, 0xFF, 0xA0, 0x00, 0x00, 0x0A, 0xFF, 0xD0, 0x00, 0x00, 0x0D, 0xFF, 0xA0, 0x00, 0x00,
  0x0A, 0xFF, 0xD0, 0x00, 0x00, 0x0D, 0xFF, 0xA0, 0x00, 0x00, 0x0A, 0xFF, 0xD0, 0x00, 0x00, 0x0D,
  0xFF, 0xA0, 0x00, 0x00, 0x0A, 0xFF, 0xD0, 0x00, 0x00, 0x0D, 0xFF, 0xA0, 0x00, 0x00, 0x0A, 0xFF,
  0xD0, 0x00, 0x00, 0x0D, 0xFF, 0xA0, 0x00, 0x00, 0x0C, 0xFF, 0xD0, 0x00, 0x00, 0x0D, 0xFF, 0xC0,
  0x00, 0x00, 0x2E, 0xFF, 0xD0, 0x00, 0x00, 0x0A, 0xFF, 0xF6, 0x00, 0x01, 0xBF, 0xFF, 0xD0, 0x00,
  0x00, 0x06, 0xFF, 0xFF, 0xA8, 0x8D, 0xFF, 0xFF, 0xD0, 0x00, 0x00, 0x00, 0xBF, 0xFF, 0xFF, 0xFF,
  0xCC, 0xFF, 0xD0, 0x00, 0x00, 0x00, 0x2B, 0xFF, 0xFF, 0xFD, 0x2A, 0xFF, 0xD0, 0x00, 0x00, 0x00,
  0x00, 0x59, 0xA9, 0x71, 0x0B, 0xFF, 0xD0, 0x00, 0x00, 0x00, 0x00, 0x00, 0x00, 0x00, 0x0A, 0xFF,
  0xD0, 0x00, 0x00, 0x00, 0x13, 0x34, 0x33, 0x43, 0x4D, 0xFF, 0xD0, 0x00, 0x00, 0x00, 0x4F, 0xFF,
  0xFF, 0xFF, 0xFF, 0xFF, 0xD0, 0x00, 0x00, 0x00, 0x4F, 0xFF, 0xFF, 0xFF, 0xFF, 0xFF, 0x70, 0x00,
  0x00, 0x00, 0x4E, 0xEE, 0xEE, 0xEE, 0xEE, 0xD8, 0x00, 0x00, 0x00, 0x00, 0x01, 0x11, 0x11, 0x11,
  0x11, 0x10, 0x00, 0x00, 0x00, 0x00, 0x00, 0x00, 0x00, 0x00, 0x00, 0x00, 0x00, 0x3A, 0xAA, 0xAA,
  0xAA, 0xAA, 0xB6, 0x00, 0x00, 0x5F, 0xFF, 0xFF, 0xFF, 0xFF, 0xF9, 0x00, 0x00, 0x5F, 0xFF, 0xFF,
  0xFF, 0xFF, 0xF9, 0x00, 0x00, 0x25, 0x55, 0x56, 0x59, 0xFF, 0xF9, 0x00, 0x00, 0x00, 0x00, 0x00,
  0x3D, 0xFF, 0xF7, 0x00, 0x00, 0x00, 0x00, 0x07, 0xFF, 0xFF, 0x70, 0x00, 0x00, 0x00, 0x00, 0x9F,
  0xFF, 0xE5, 0x00, 0x00, 0x00, 0x00, 0x1B, 0xFF, 0xFC, 0x30, 0x00, 0x00, 0x00, 0x03, 0xDF, 0xFF,
  0xA1, 0x00, 0x00, 0x00, 0x00, 0x5E, 0xFF, 0xF8, 0x00, 0x00, 0x00, 0x00, 0x00, 0x9F, 0xEF, 0x91,
  0x22, 0x22, 0x22, 0x00, 0x00, 0x9F, 0xFF, 0xEE, 0xEE, 0xEE, 0xEB, 0x00, 0x00, 0x9F, 0xFF, 0xFF,
  0xFF, 0xFF, 0xFC, 0x00, 0x00, 0x8E, 0xEE, 0xEE, 0xEE, 0xEE, 0xEB, 0x00, 0x00, 0x11, 0x11, 0x11,
  0x11, 0x11, 0x11, 0x00, 0x00, 0x00, 0x00, 0x00, 0x11, 0x11, 0x11, 0x00, 0x00, 0x00, 0x02, 0xAE,
  0xEE, 0xEE, 0x70, 0x00, 0x00, 0x00, 0xAF, 0xFF, 0xFF, 0xF8, 0x00, 0x00, 0x00, 0x1E, 0xFF, 0xFE,
  0xEF, 0x70, 0x00, 0x00, 0x01, 0xEF, 0xFA, 0x33, 0x31, 0x00, 0x00, 0x00, 0x1E, 0xFF, 0x70, 0x00,
  0x00, 0x00, 0x00, 0x01, 0xEF, 0xF8, 0x00, 0x00, 0x00, 0x00, 0x00, 0x1E, 0xFF, 0x70, 0x00, 0x00,
  0x00, 0x00, 0x01, 0xEF, 0xF7, 0x00, 0x00, 0x00, 0x00, 0x00, 0x1E, 0xFF, 0x70, 0x00, 0x00, 0x00,
  0x00, 0x01, 0xEF, 0xF7, 0x00, 0x00, 0x00, 0x00, 0x00, 0x1E, 0xFF, 0x70, 0x00, 0x00, 0x00, 0x00,
  0x01, 0xEF, 0xF8, 0x00, 0x00, 0x00, 0x06, 0x66, 0x8F, 0xFF, 0x50, 0x00, 0x00, 0x01, 0xFF, 0xFF,
  0xFC, 0x80, 0x00, 0x00, 0x00, 0x1F, 0xFF, 0xFF, 0xA4, 0x00, 0x00, 0x00, 0x01, 0xAB, 0xBC, 0xFF,
  0xF4, 0x00, 0x00, 0x00, 0x00, 0x00, 0x1E, 0xFF, 0x80, 0x00, 0x00, 0x00, 0x00, 0x01, 0xEF, 0xF7,
  0x00, 0x00, 0x00, 0x00, 0x00, 0x1E, 0xFF, 0x70, 0x00, 0x00, 0x00, 0x00, 0x01, 0xEF, 0xF7, 0x00,
  0x00, 0x00, 0x00, 0x00, 0x1E, 0xFF, 0x70, 0x00, 0x00, 0x00, 0x00, 0x01, 0xEF, 0xF7, 0x00, 0x00,
  0x00, 0x00, 0x00, 0x1E, 0xFF, 0x80, 0x00, 0x00, 0x00, 0x00, 0x01, 0xEF, 0xF7, 0x00, 0x00, 0x00,
  0x00, 0x00, 0x1E, 0xFF, 0xA3, 0x33, 0x10, 0x00, 0x00, 0x01, 0xEF, 0xFF, 0xEE, 0xF7, 0x00, 0x00,
  0x00, 0x0B, 0xFF, 0xFF, 0xFF, 0x80, 0x00, 0x00, 0x00, 0x2A, 0xEE, 0xEE, 0xE7, 0x00, 0x00, 0x00,
  0x00, 0x01, 0x11, 0x11, 0x10, 0x00, 0x01, 0x11, 0x10, 0x00, 0x00, 0x0C, 0xEE, 0xC0, 0x00, 0x00,
  0x0D, 0xFF, 0xD0, 0x00, 0x00, 0x0C, 0xFF, 0xD0, 0x00, 0x00, 0x0C, 0xFF, 0xD0, 0x00, 0x00, 0x0C,
  0xFF, 0xD0, 0x00, 0x00, 0x0C, 0xFF, 0xD0, 0x00, 0x00, 0x0C, 0xFF, 0xD0, 0x00, 0x00, 0x0C, 0xFF,
  0xD0, 0x00, 0x00, 0x0C, 0xFF, 0xD0, 0x00, 0x00, 0x0C, 0xFF, 0xD0, 0x00, 0x00, 0x0C, 0xFF, 0xD0,
  0x00, 0x00, 0x0C, 0xFF, 0xD0, 0x00, 0x00, 0x0C, 0xFF, 0xD0, 0x00, 0x00, 0x0C, 0xFF, 0xD0, 0x00,
  0x00, 0x0C, 0xFF, 0xD0, 0x00, 0x00, 0x0C, 0xFF, 0xD0, 0x00, 0x00, 0x0C, 0xFF, 0xD0, 0x00, 0x00,
  0x0C, 0xFF, 0xD0, 0x00, 0x00, 0x0C, 0xFF, 0xD0, 0x00, 0x00, 0x0C, 0xFF, 0xD0, 0x00, 0x00, 0x0C,
  0xFF, 0xD0, 0x00, 0x00, 0x0C, 0xFF, 0xD0, 0x00, 0x00, 0x0C, 0xFF, 0xD0, 0x00, 0x00, 0x0C, 0xFF,
  0xD0, 0x00, 0x00, 0x0C, 0xFF, 0xD0, 0x00, 0x00, 0x0C, 0xFF, 0xD0, 0x00, 0x00, 0x0C, 0xFF, 0xD0,
  0x00, 0x00, 0x0C, 0xFF, 0xD0, 0x00, 0x00, 0x0D, 0xFF, 0xD0, 0x00, 0x00, 0x0C, 0xEE, 0xC0, 0x00,
  0x00, 0x01, 0x11, 0x10, 0x00, 0x01, 0x11, 0x11, 0x10, 0x00, 0x00, 0x00, 0x00, 0xAE, 0xEE, 0xEE,
  0xA1, 0x00, 0x00, 0x00, 0x0B, 0xFF, 0xFF, 0xFF, 0xA0, 0x00, 0x00, 0x00, 0xAF, 0xEF, 0xFF, 0xFE,
  0x10, 0x00, 0x00, 0x02, 0x33, 0x3A, 0xFF, 0xE1, 0x00, 0x00, 0x00, 0x00, 0x00, 0x7F, 0xFE, 0x10,
  0x00, 0x00, 0x00, 0x00, 0x08, 0xFF, 0xE1, 0x00, 0x00, 0x00, 0x00, 0x00, 0x7F, 0xFE, 0x10, 0x00,
  0x00, 0x00, 0x00, 0x07, 0xFF, 0xE1, 0x00, 0x00, 0x00, 0x00, 0x00, 0x7F, 0xFE, 0x10, 0x00, 0x00,
  0x00, 0x00, 0x07, 0xFF, 0xE1, 0x00, 0x00, 0x00, 0x00, 0x00, 0x7F, 0xFE, 0x10, 0x00, 0x00, 0x00,
  0x00, 0x08, 0xFF, 0xE1, 0x00, 0x00, 0x00, 0x00, 0x00, 0x5F, 0xFF, 0x86, 0x66, 0x00, 0x00, 0x00,
  0x00, 0x8C, 0xFF, 0xFF, 0xF1, 0x00, 0x00, 0x00, 0x04, 0xAF, 0xFF, 0xFF, 0x10, 0x00, 0x00, 0x04,
  0xFF, 0xFC, 0xBB, 0xA1, 0x00, 0x00, 0x00, 0x8F, 0xFE, 0x10, 0x00, 0x00, 0x00, 0x00, 0x07, 0xFF,
  0xE1, 0x00, 0x00, 0x00, 0x00, 0x00, 0x7F, 0xFE, 0x10, 0x00, 0x00, 0x00, 0x00, 0x07, 0xFF, 0xE1,
  0x00, 0x00, 0x00, 0x00, 0x00, 0x7F, 0xFE, 0x10, 0x00, 0x00, 0x00, 0x00, 0x07, 0xFF, 0xE1, 0x00,
  0x00, 0x00, 0x00, 0x00, 0x8F, 0xFE, 0x10, 0x00, 0x00, 0x00, 0x00, 0x07, 0xFF, 0xE1, 0x00, 0x00,
  0x00, 0x23, 0x33, 0xAF, 0xFE, 0x10, 0x00, 0x00, 0x0A, 0xFE, 0xFF, 0xFF, 0xE1, 0x00, 0x00, 0x00,
  0xBF, 0xFF, 0xFF, 0xFA, 0x00, 0x00, 0x00, 0x0A, 0xEE, 0xEE, 0xEA, 0x20, 0x00, 0x00, 0x00, 0x11,
  0x11, 0x11, 0x00, 0x00, 0x00, 0x00, 0x00, 0x00, 0x00, 0x00, 0x00, 0x00, 0x00, 0x00, 0x00, 0x00,
  0x00, 0x00, 0x00, 0x15, 0x74, 0x00, 0x00, 0x16, 0x00, 0x00, 0x00, 0x00, 0x04, 0xCF, 0xFF, 0x80,
  0x03, 0xCF, 0x60, 0x00, 0x00, 0x00, 0x7F, 0xFF, 0xFF, 0xF8, 0x8F, 0xFF, 0xF4, 0x00, 0x00, 0x19,
  0xFF, 0xFF, 0xFF, 0xFF, 0xFF, 0xFF, 0xB2, 0x00, 0x00, 0x7F, 0xFF, 0xFB, 0xDF, 0xFF, 0xFF, 0xF8,
  0x00, 0x00, 0x00, 0x1C, 0xFE, 0x60, 0x2D, 0xFF, 0xFE, 0x60, 0x00, 0x00, 0x00, 0x03, 0xC3, 0x00,
  0x02, 0x9B, 0x82, 0x00, 0x00, 0x00, 0x00, 0x00, 0x00, 0x00, 0x00, 0x00, 0x00, 0x00, 0x00, 0x00,
  0x00, 0x00, 0x00, 0x00, 0x00, 0x00, 0x00, 0x00, 0x00, 0x00, 0x00, 0x00, 0x00, 0x00, 0x00, 0x00,
  0x00, 0x00, 0x00, 0x00, 0x00, 0x00, 0x00, 0x00, 0x00, 0x00, 0x00, 0x00, 0x00, 0x00, 0x00, 0x00,
  0x00, 0x00, 0x00, 0x00, 0x00, 0x00, 0x00, 0x00, 0x00, 0x00, 0x00, 0x00, 0x00, 0x00, 0x00, 0x00,
  0x00, 0x00, 0x00, 0x00, 0x00, 0x00, 0x00, 0x00, 0x00, 0x00, 0x00, 0x00, 0x00, 0x00, 0x00, 0x00,
  0x00, 0x00, 0x00, 0x00, 0x00, 0x00,
};

static const BadgeSmoothGlyph font_spacegrotesk_28_glyphs[] PROGMEM = {
  {0, 9, 2, 7, -1, -1}, // ' '
  {9, 10, 22, 8, -1, -21}, // '!'
  {119, 16, 22, 14, -1, -21}, // '"'
  {295, 20, 22, 18, -1, -21}, // '#'
  {515, 19, 28, 17, -1, -24}, // '$'
  {781, 23, 23, 21, -1, -22}, // '%'
  {1046, 19, 22, 17, -1, -21}, // '&'
  {1255, 10, 22, 8, -1, -21}, // "'"
  {1365, 14, 30, 12, -1, -22}, // '('
  {1575, 13, 30, 11, -1, -22}, // ')'
  {1770, 16, 22, 14, -1, -21}, // '*'
  {1946, 20, 18, 18, -1, -17}, // '+'
  {2126, 10, 11, 8, -1, -6}, // ','
  {2181, 14, 11, 12, -1, -10}, // '-'
  {2258, 10, 12, 8, -1, -10}, // '.'
  {2318, 14, 28, 11, -2, -21}, // '/'
  {2514, 20, 22, 18, -1, -21}, // '0'
  {2734, 14, 23, 12, -1, -21}, // '1'
  {2895, 18, 21, 16, -1, -21}, // '2'
  {3084, 19, 22, 17, -1, -21}, // '3'
  {3293, 20, 22, 18, -1, -21}, // '4'
  {3513, 18, 22, 16, -1, -21}, // '5'
  {3711, 19, 22, 17, -1, -21}, // '6'
  {3920, 17, 22, 15, -1, -21}, // '7'
  {4107, 19, 22, 17, -1, -21}, // '8'
  {4316, 19, 22, 17, -1, -21}, // '9'
  {4525, 10, 11, 8, -1, -10}, // ':'
  {4580, 10, 20, 8, -1, -16}, // ';'
  {4680, 20, 18, 18, -1, -18}, // '<'
  {4860, 20, 16, 18, -1, -16}, // '='
  {5020, 20, 18, 18, -1, -18}, // '>'
  {5200, 18, 23, 16, -1, -22}, // '?'
  {5407, 30, 28, 28, -1, -22}, // '@'
  {5827, 20, 22, 18, -1, -21}, // 'A'
  {6047, 20, 22, 18, -1, -21}, // 'B'
  {6267, 20, 22, 18, -1, -21}, // 'C'
  {6487, 20, 22, 18, -1, -21}, // 'D'
  {6707, 18, 22, 16, -1, -21}, // 'E'
  {6905, 17, 22, 15, -1, -21}, // 'F'
  {7092, 20, 22, 18, -1, -21}, // 'G'
  {7312, 20, 22, 18, -1, -21}, // 'H'
  {7532, 10, 22, 8, -1, -21}, // 'I'
  {7642, 19, 22, 17, -1, -21}, // 'J'
  {7851, 20, 22, 18, -1, -21}, // 'K'
  {8071, 18, 22, 16, -1, -21}, // 'L'
  {8269, 27, 22, 25, -1, -21}, // 'M'
  {8566, 21, 22, 19, -1, -21}, // 'N'
  {8797, 21, 22, 19, -1, -21}, // 'O'
  {9028, 19, 22, 17, -1, -21}, // 'P'
  {9237, 21, 27, 19, -1, -21}, // 'Q'
  {9521, 20, 22, 18, -1, -21}, // 'R'
  {9741, 19, 22, 17, -1, -21}, // 'S'
  {9950, 18, 22, 16, -1, -21}, // 'T'
  {10148, 20, 22, 18, -1, -21}, // 'U'
  {10368, 20, 22, 18, -1, -21}, // 'V'
  {10588, 27, 22, 25, -1, -21}, // 'W'
  {10885, 20, 22, 18, -1, -21}, // 'X'
  {11105, 20, 22, 18, -1, -21}, // 'Y'
  {11325, 18, 22, 16, -1, -21}, // 'Z'
  {11523, 12, 30, 10, -1, -22}, // '['
  {11703, 14, 28, 11, -2, -21}, // '\\'
  {11899, 12, 30, 10, -1, -22}, // ']'
  {12079, 20, 22, 18, -1, -21}, // '^'
  {12299, 20, 6, 18, -1, -1}, // '_'
  {12359, 10, 22, 8, -1, -20}, // '`'
  {12469, 18, 17, 16, -1, -16}, // 'a'
  {12622, 20, 22, 18, -1, -21}, // 'b'
  {12842, 18, 17, 16, -1, -16}, // 'c'
  {12995, 20, 22, 18, -1, -21}, // 'd'
  {13215, 18, 17, 16, -1, -16}, // 'e'
  {13368, 14, 22, 12, -1, -21}, // 'f'
  {13522, 20, 22, 18, -1, -16}, // 'g'
  {13742, 20, 22, 18, -1, -21}, // 'h'
  {13962, 10, 21, 8, -1, -21}, // 'i'
  {14067, 10, 22, 8, -2, -16}, // 'j'
  {14177, 18, 22, 16, -1, -21}, // 'k'
  {14375, 10, 22, 8, -1, -21}, // 'l'
  {14485, 26, 16, 24, -1, -16}, // 'm'
  {14693, 20, 16, 18, -1, -16}, // 'n'
  {14853, 20, 17, 18, -1, -16}, // 'o'
  {15023, 20, 22, 18, -1, -16}, // 'p'
  {15243, 20, 22, 18, -1, -16}, // 'q'
  {15463, 13, 16, 11, -1, -16}, // 'r'
  {15567, 16, 17, 14, -1, -16}, // 's'
  {15703, 14, 21, 12, -1, -21}, // 't'
  {15850, 20, 16, 18, -1, -16}, // 'u'
  {16010, 18, 17, 16, -1, -16}, // 'v'
  {16163, 24, 17, 22, -1, -16}, // 'w'
  {16367, 18, 17, 16, -1, -16}, // 'x'
  {16520, 20, 22, 18, -1, -16}, // 'y'
  {16740, 16, 16, 14, -1, -16}, // 'z'
  {16868, 15, 30, 13, -1, -22}, // '{'
  {17093, 10, 32, 8, -1, -24}, // '|'
  {17253, 15, 30, 13, -1, -22}, // '}'
  {17478, 20, 16, 18, -1, -14}, // '~'
};

static const BadgeSmoothFont font_spacegrotesk_28 PROGMEM = {
  font_spacegrotesk_28_alpha,
  font_spacegrotesk_28_glyphs,
  32, 126,
  36,
  28,
  4,
};
