#pragma once
#include <stdint.h>
#include "badge_smooth_font.h"

// Auto-generated — 28px 4bpp AA (oversample×2)
static const uint8_t font_chivo_28_alpha[] PROGMEM = {
  0x00, 0x00, 0x00, 0x00, 0x00, 0x00, 0x00, 0x00, 0x00, 0x11, 0x11, 0x11, 0x00, 0x00, 0x8E, 0xEE,
  0xE7, 0x00, 0x00, 0x7F, 0xFF, 0xF7, 0x00, 0x00, 0x6F, 0xFF, 0xF5, 0x00, 0x00, 0x5F, 0xFF, 0xF4,
  0x00, 0x00, 0x3F, 0xFF, 0xF3, 0x00, 0x00, 0x2F, 0xFF, 0xF2, 0x00, 0x00, 0x2E, 0xFF, 0xE1, 0x00,
  0x00, 0x1D, 0xFF, 0xD1, 0x00, 0x00, 0x0C, 0xFF, 0xC0, 0x00, 0x00, 0x0B, 0xFF, 0xB0, 0x00, 0x00,
  0x0B, 0xFF, 0xA0, 0x00, 0x00, 0x09, 0xFF, 0x80, 0x00, 0x00, 0x09, 0xFF, 0x80, 0x00, 0x00, 0x03,
  0x77, 0x30, 0x00, 0x00, 0x00, 0x00, 0x00, 0x00, 0x00, 0x2E, 0xEE, 0xE2, 0x00, 0x00, 0x2F, 0xFF,
  0xF2, 0x00, 0x00, 0x2F, 0xFF, 0xF2, 0x00, 0x00, 0x2E, 0xEE, 0xE2, 0x00, 0x00, 0x01, 0x11, 0x10,
  0x00, 0x00, 0x01, 0x11, 0x00, 0x11, 0x10, 0x00, 0x00, 0x6E, 0xEE, 0x30, 0xAE, 0xE6, 0x00, 0x00,
  0x6F, 0xFF, 0x40, 0xBF, 0xF6, 0x00, 0x00, 0x6F, 0xEF, 0x40, 0xBF, 0xF6, 0x00, 0x00, 0x6F, 0xFF,
  0x40, 0xBF, 0xF6, 0x00, 0x00, 0x5F, 0xFF, 0x30, 0xAF, 0xF5, 0x00, 0x00, 0x2E, 0xFC, 0x00, 0x6F,
  0xE2, 0x00, 0x00, 0x0C, 0xF9, 0x00, 0x3F, 0xD0, 0x00, 0x00, 0x07, 0xE5, 0x00, 0x1D, 0xA0, 0x00,
  0x00, 0x00, 0x10, 0x00, 0x01, 0x00, 0x00, 0x00, 0x00, 0x00, 0x00, 0x00, 0x00, 0x00, 0x00, 0x00,
  0x00, 0x00, 0x00, 0x00, 0x00, 0x00, 0x00, 0x00, 0x00, 0x00, 0x00, 0x00, 0x00, 0x00, 0x00, 0x00,
  0x00, 0x00, 0x00, 0x00, 0x00, 0x00, 0x00, 0x00, 0x00, 0x00, 0x00, 0x00, 0x00, 0x00, 0x00, 0x00,
  0x00, 0x00, 0x00, 0x00, 0x00, 0x00, 0x00, 0x00, 0x00, 0x00, 0x00, 0x00, 0x00, 0x00, 0x00, 0x00,
  0x00, 0x00, 0x00, 0x00, 0x00, 0x00, 0x00, 0x00, 0x00, 0x00, 0x00, 0x00, 0x00, 0x00, 0x00, 0x00,
  0x00, 0x00, 0x00, 0x00, 0x00, 0x00, 0x00, 0x00, 0x11, 0x10, 0x00, 0x01, 0x10, 0x00, 0x00, 0x00,
  0x00, 0x03, 0xEE, 0x90, 0x00, 0xBE, 0xC1, 0x00, 0x00, 0x00, 0x00, 0x07, 0xFF, 0x60, 0x02, 0xEF,
  0xB0, 0x00, 0x00, 0x00, 0x00, 0x0A, 0xFF, 0x30, 0x05, 0xFF, 0x80, 0x00, 0x00, 0x00, 0x00, 0x1C,
  0xFD, 0x10, 0x08, 0xFF, 0x50, 0x00, 0x00, 0x00, 0x00, 0x2E, 0xFB, 0x00, 0x0B, 0xFE, 0x10, 0x00,
  0x00, 0x03, 0x33, 0x6F, 0xFA, 0x33, 0x3D, 0xFD, 0x33, 0x00, 0x00, 0x2E, 0xEE, 0xFF, 0xFE, 0xEE,
  0xFF, 0xFF, 0xEE, 0x10, 0x00, 0x2F, 0xFF, 0xFF, 0xFF, 0xFF, 0xFF, 0xFF, 0xFF, 0x10, 0x00, 0x1B,
  0xBB, 0xEF, 0xEB, 0xBB, 0xDF, 0xFC, 0xBB, 0x10, 0x00, 0x00, 0x01, 0xEF, 0xA0, 0x00, 0xAF, 0xF1,
  0x00, 0x00, 0x00, 0x01, 0x06, 0xFF, 0x70, 0x11, 0xDF, 0xC1, 0x00, 0x00, 0x00, 0x00, 0x09, 0xFF,
  0x20, 0x03, 0xFF, 0x90, 0x00, 0x00, 0x01, 0xAA, 0xAE, 0xFF, 0xBA, 0xAC, 0xFF, 0xDA, 0xB6, 0x00,
  0x01, 0xFF, 0xFF, 0xFF, 0xFF, 0xFF, 0xFF, 0xFF, 0xF9, 0x00, 0x01, 0xEE, 0xEF, 0xFF, 0xEE, 0xEF,
  0xFF, 0xFE, 0xF8, 0x00, 0x00, 0x33, 0x9F, 0xF7, 0x33, 0x5E, 0xFB, 0x33, 0x32, 0x00, 0x00, 0x00,
  0xAF, 0xE2, 0x00, 0x4F, 0xF8, 0x00, 0x00, 0x00, 0x00, 0x01, 0xDF, 0xD1, 0x00, 0x8F, 0xF4, 0x00,
  0x00, 0x00, 0x00, 0x02, 0xFF, 0xB0, 0x00, 0xBF, 0xF2, 0x00, 0x00, 0x00, 0x00, 0x05, 0xEE, 0x70,
  0x01, 0xCE, 0xB0, 0x00, 0x00, 0x00, 0x00, 0x00, 0x11, 0x00, 0x00, 0x11, 0x00, 0x00, 0x00, 0x00,
  0x00, 0x00, 0x00, 0x00, 0x11, 0x10, 0x00, 0x00, 0x00, 0x00, 0x00, 0x00, 0x00, 0x1C, 0xEB, 0x00,
  0x00, 0x00, 0x00, 0x00, 0x00, 0x00, 0x00, 0xBF, 0x90, 0x00, 0x00, 0x00, 0x00, 0x00, 0x00, 0x03,
  0x7C, 0xFC, 0x86, 0x10, 0x00, 0x00, 0x00, 0x00, 0x4B, 0xFF, 0xFF, 0xFF, 0xFE, 0x70, 0x00, 0x00,
  0x00, 0x6F, 0xFF, 0xFF, 0xFF, 0xFF, 0xFF, 0x70, 0x00, 0x00, 0x2E, 0xFF, 0xFE, 0x98, 0x8D, 0xFF,
  0xFF, 0x20, 0x00, 0x06, 0xFF, 0xFF, 0x40, 0x00, 0x1C, 0xFF, 0xF7, 0x00, 0x00, 0x7F, 0xFF, 0xE1,
  0x00, 0x00, 0x6C, 0xBC, 0x60, 0x00, 0x07, 0xFF, 0xFF, 0xC4, 0x10, 0x00, 0x00, 0x00, 0x00, 0x00,
  0x3F, 0xFF, 0xFF, 0xFD, 0xA7, 0x30, 0x00, 0x00, 0x00, 0x00, 0x8F, 0xFF, 0xFF, 0xFF, 0xFF, 0xC6,
  0x00, 0x00, 0x00, 0x00, 0x7E, 0xFF, 0xFF, 0xFF, 0xFF, 0xFA, 0x00, 0x00, 0x00, 0x00, 0x16, 0xAD,
  0xFF, 0xFF, 0xFF, 0xF7, 0x00, 0x00, 0x00, 0x00, 0x00, 0x13, 0x6C, 0xFF, 0xFF, 0xD0, 0x00, 0x19,
  0xAA, 0x91, 0x00, 0x00, 0x0B, 0xFF, 0xFE, 0x10, 0x01, 0xFF, 0xFF, 0x30, 0x00, 0x00, 0x8F, 0xFF,
  0xE1, 0x00, 0x0B, 0xFF, 0xFC, 0x51, 0x12, 0x6E, 0xFF, 0xFB, 0x00, 0x00, 0x5F, 0xFF, 0xFF, 0xEE,
  0xFF, 0xFF, 0xFF, 0x60, 0x00, 0x00, 0x8F, 0xFF, 0xFF, 0xFF, 0xFF, 0xFF, 0xA0, 0x00, 0x00, 0x00,
  0x5B, 0xFF, 0xFF, 0xFF, 0xFD, 0x70, 0x00, 0x00, 0x00, 0x00, 0x02, 0x5C, 0xFB, 0x64, 0x10, 0x00,
  0x00, 0x00, 0x00, 0x00, 0x00, 0xBF, 0x90, 0x00, 0x00, 0x00, 0x00, 0x00, 0x00, 0x00, 0x1D, 0xEB,
  0x00, 0x00, 0x00, 0x00, 0x00, 0x00, 0x00, 0x00, 0x11, 0x10, 0x00, 0x00, 0x00, 0x00, 0x00, 0x00,
  0x01, 0x10, 0x00, 0x00, 0x00, 0x00, 0x11, 0x00, 0x00, 0x00, 0x06, 0xCE, 0xD8, 0x10, 0x00, 0x00,
  0x09, 0xE8, 0x00, 0x00, 0x00, 0x7F, 0xFF, 0xFF, 0xA0, 0x00, 0x00, 0x4F, 0xE1, 0x00, 0x00, 0x01,
  0xDF, 0xA1, 0x7F, 0xF3, 0x00, 0x01, 0xCF, 0x50, 0x00, 0x00, 0x01, 0xEF, 0x60, 0x2F, 0xF4, 0x00,
  0x07, 0xFB, 0x00, 0x00, 0x00, 0x01, 0xEF, 0x60, 0x3F, 0xF4, 0x00, 0x2E, 0xF3, 0x00, 0x00, 0x00,
  0x01, 0xEF, 0x60, 0x3F, 0xF4, 0x00, 0xAF, 0x80, 0x00, 0x00, 0x00, 0x01, 0xEF, 0x70, 0x3F, 0xF4,
  0x05, 0xFD, 0x10, 0x00, 0x00, 0x00, 0x00, 0xBF, 0xD8, 0xCF, 0xE1, 0x1D, 0xF5, 0x00, 0x00, 0x00,
  0x00, 0x00, 0x2D, 0xFF, 0xFE, 0x50, 0x7F, 0xB0, 0x00, 0x10, 0x00, 0x00, 0x00, 0x01, 0x67, 0x62,
  0x02, 0xEE, 0x30, 0x8D, 0xEC, 0x60, 0x00, 0x00, 0x00, 0x00, 0x00, 0x0A, 0xF8, 0x09, 0xFF, 0xFF,
  0xF6, 0x00, 0x00, 0x00, 0x00, 0x00, 0x5F, 0xD1, 0x2F, 0xF7, 0x1A, 0xFD, 0x00, 0x00, 0x00, 0x00,
  0x01, 0xDF, 0x50, 0x4F, 0xF2, 0x06, 0xFE, 0x10, 0x00, 0x00, 0x00, 0x08, 0xFB, 0x00, 0x4F, 0xF3,
  0x06, 0xFE, 0x10, 0x00, 0x00, 0x00, 0x3E, 0xE2, 0x00, 0x4F, 0xF3, 0x06, 0xFE, 0x10, 0x00, 0x00,
  0x00, 0xBF, 0x80, 0x00, 0x4F, 0xF2, 0x06, 0xFE, 0x10, 0x00, 0x00, 0x05, 0xFD, 0x10, 0x00, 0x2F,
  0xF8, 0x1A, 0xFD, 0x00, 0x00, 0x00, 0x1D, 0xF5, 0x00, 0x00, 0x09, 0xFF, 0xFF, 0xF6, 0x00, 0x00,
  0x00, 0x7E, 0xA0, 0x00, 0x00, 0x00, 0x8D, 0xEC, 0x60, 0x00, 0x00, 0x00, 0x11, 0x00, 0x00, 0x00,
  0x00, 0x00, 0x10, 0x00, 0x00, 0x00, 0x00, 0x00, 0x00, 0x00, 0x00, 0x00, 0x00, 0x00, 0x00, 0x00,
  0x00, 0x00, 0x00, 0x47, 0x9A, 0x92, 0x00, 0x00, 0x00, 0x00, 0x00, 0x00, 0x00, 0x4C, 0xFF, 0xFF,
  0xF3, 0x00, 0x00, 0x00, 0x00, 0x00, 0x00, 0x05, 0xFF, 0xFF, 0xFF, 0xF3, 0x00, 0x00, 0x00, 0x00,
  0x00, 0x00, 0x1E, 0xFF, 0xFF, 0xFD, 0xD3, 0x00, 0x00, 0x00, 0x00, 0x00, 0x00, 0x5F, 0xFF, 0xFC,
  0x31, 0x10, 0x00, 0x14, 0x44, 0x10, 0x00, 0x00, 0x7F, 0xFF, 0xF4, 0x00, 0x00, 0x00, 0x7F, 0xFE,
  0x20, 0x00, 0x00, 0x5F, 0xFF, 0xF4, 0x00, 0x00, 0x00, 0xDF, 0xFE, 0x20, 0x00, 0x00, 0x1C, 0xFF,
  0xFC, 0x20, 0x00, 0x04, 0xFF, 0xFE, 0x20, 0x00, 0x00, 0x02, 0xCF, 0xFF, 0xEC, 0xCC, 0xCE, 0xFF,
  0xFF, 0xCC, 0x30, 0x00, 0x00, 0x1A, 0xFF, 0xFF, 0xFF, 0xFF, 0xFF, 0xFF, 0xFF, 0x40, 0x00, 0x03,
  0xCF, 0xFF, 0xFF, 0xFF, 0xFF, 0xFF, 0xFF, 0xFF, 0x40, 0x00, 0x3E, 0xFF, 0xFE, 0x85, 0x44, 0x4C,
  0xFF, 0xFE, 0x64, 0x10, 0x00, 0xAF, 0xFF, 0xF5, 0x00, 0x00, 0x0A, 0xFF, 0xFE, 0x10, 0x00, 0x00,
  0xDF, 0xFF, 0xD0, 0x00, 0x00, 0x0B, 0xFF, 0xFE, 0x20, 0x00, 0x00, 0xEF, 0xFF, 0xC0, 0x00, 0x00,
  0x0B, 0xFF, 0xFE, 0x20, 0x00, 0x00, 0xCF, 0xFF, 0xF4, 0x00, 0x00, 0x0A, 0xFF, 0xFE, 0x20, 0x00,
  0x00, 0x8F, 0xFF, 0xFD, 0x62, 0x22, 0x2B, 0xFF, 0xFE, 0x20, 0x00, 0x00, 0x1C, 0xFF, 0xFF, 0xFF,
  0xFF, 0xFF, 0xFF, 0xFE, 0x20, 0x00, 0x00, 0x02, 0xBF, 0xFF, 0xFF, 0xFF, 0xFF, 0xFF, 0xFF, 0x20,
  0x00, 0x00, 0x00, 0x04, 0x8B, 0xDE, 0xEE, 0xEE, 0xEE, 0xED, 0x20, 0x00, 0x00, 0x00, 0x00, 0x00,
  0x01, 0x11, 0x11, 0x11, 0x11, 0x00, 0x00, 0x00, 0x11, 0x11, 0x00, 0x00, 0x9E, 0xE9, 0x00, 0x00,
  0xAF, 0xFA, 0x00, 0x00, 0xAF, 0xFA, 0x00, 0x00, 0xAF, 0xFA, 0x00, 0x00, 0x9F, 0xF9, 0x00, 0x00,
  0x5F, 0xF5, 0x00, 0x00, 0x2F, 0xF2, 0x00, 0x00, 0x0C, 0xC0, 0x00, 0x00, 0x01, 0x10, 0x00, 0x00,
  0x00, 0x00, 0x00, 0x00, 0x00, 0x00, 0x00, 0x00, 0x00, 0x00, 0x00, 0x00, 0x00, 0x00, 0x00, 0x00,
  0x00, 0x00, 0x00, 0x00, 0x00, 0x00, 0x00, 0x00, 0x00, 0x00, 0x00, 0x00, 0x00, 0x00, 0x00, 0x00,
  0x00, 0x00, 0x00, 0x00, 0x00, 0x00, 0x00, 0x00, 0x00, 0x00, 0x00, 0x00, 0x00, 0x00, 0x11, 0x00,
  0x00, 0x00, 0x04, 0xED, 0x20, 0x00, 0x00, 0x1D, 0xFA, 0x00, 0x00, 0x00, 0x9F, 0xF3, 0x00, 0x00,
  0x02, 0xEF, 0xC0, 0x00, 0x00, 0x09, 0xFF, 0x70, 0x00, 0x00, 0x1E, 0xFF, 0x30, 0x00, 0x00, 0x5F,
  0xFD, 0x10, 0x00, 0x00, 0x9F, 0xFB, 0x00, 0x00, 0x00, 0xBF, 0xF8, 0x00, 0x00, 0x01, 0xDF, 0xF6,
  0x00, 0x00, 0x01, 0xEF, 0xF5, 0x00, 0x00, 0x02, 0xFF, 0xF4, 0x00, 0x00, 0x02, 0xFF, 0xF4, 0x00,
  0x00, 0x01, 0xEF, 0xF5, 0x00, 0x00, 0x01, 0xDF, 0xF6, 0x00, 0x00, 0x00, 0xBF, 0xF8, 0x00, 0x00,
  0x00, 0x9F, 0xFB, 0x00, 0x00, 0x00, 0x5F, 0xFD, 0x10, 0x00, 0x00, 0x1E, 0xFF, 0x30, 0x00, 0x00,
  0x09, 0xFF, 0x70, 0x00, 0x00, 0x03, 0xEF, 0xC0, 0x00, 0x00, 0x00, 0x9F, 0xF3, 0x00, 0x00, 0x00,
  0x1D, 0xFA, 0x00, 0x00, 0x00, 0x04, 0xDD, 0x20, 0x00, 0x00, 0x00, 0x11, 0x00, 0x00, 0x11, 0x00,
  0x00, 0x00, 0x02, 0xDD, 0x40, 0x00, 0x00, 0x00, 0xAF, 0xD1, 0x00, 0x00, 0x00, 0x4F, 0xF9, 0x00,
  0x00, 0x00, 0x0C, 0xFE, 0x20, 0x00, 0x00, 0x08, 0xFF, 0x90, 0x00, 0x00, 0x03, 0xFF, 0xE1, 0x00,
  0x00, 0x01, 0xDF, 0xF5, 0x00, 0x00, 0x00, 0xBF, 0xF9, 0x00, 0x00, 0x00, 0x8F, 0xFB, 0x00, 0x00,
  0x00, 0x6F, 0xFD, 0x10, 0x00, 0x00, 0x5F, 0xFE, 0x10, 0x00, 0x00, 0x4F, 0xFF, 0x20, 0x00, 0x00,
  0x4F, 0xFF, 0x20, 0x00, 0x00, 0x5F, 0xFE, 0x10, 0x00, 0x00, 0x6F, 0xFD, 0x10, 0x00, 0x00, 0x8F,
  0xFB, 0x00, 0x00, 0x00, 0xBF, 0xF9, 0x00, 0x00, 0x01, 0xDF, 0xF5, 0x00, 0x00, 0x03, 0xFF, 0xE1,
  0x00, 0x00, 0x07, 0xFF, 0x90, 0x00, 0x00, 0x0C, 0xFE, 0x30, 0x00, 0x00, 0x3F, 0xF9, 0x00, 0x00,
  0x00, 0xAF, 0xD1, 0x00, 0x00, 0x02, 0xDD, 0x40, 0x00, 0x00, 0x00, 0x11, 0x00, 0x00, 0x00, 0x00,
  0x00, 0x00, 0x01, 0x10, 0x00, 0x00, 0x00, 0x00, 0x00, 0x00, 0x7E, 0xE5, 0x00, 0x00, 0x00, 0x00,
  0x00, 0x00, 0x6F, 0xF4, 0x00, 0x00, 0x00, 0x00, 0x12, 0x00, 0x5F, 0xF3, 0x00, 0x21, 0x00, 0x00,
  0x8E, 0x93, 0x3F, 0xE1, 0x39, 0xE7, 0x00, 0x01, 0xEF, 0xFF, 0xCF, 0xEC, 0xFF, 0xFD, 0x00, 0x01,
  0x7A, 0xDF, 0xFF, 0xFF, 0xFD, 0xB7, 0x00, 0x00, 0x00, 0x05, 0xFF, 0xFE, 0x41, 0x00, 0x00, 0x00,
  0x00, 0x1C, 0xFD, 0xEF, 0x90, 0x00, 0x00, 0x00, 0x01, 0xBF, 0xF4, 0x7F, 0xF8, 0x00, 0x00, 0x00,
  0x08, 0xFF, 0xA0, 0x1D, 0xFF, 0x50, 0x00, 0x00, 0x01, 0x9E, 0x20, 0x05, 0xE6, 0x10, 0x00, 0x00,
  0x00, 0x02, 0x00, 0x00, 0x20, 0x00, 0x00, 0x00, 0x00, 0x00, 0x00, 0x00, 0x00, 0x00, 0x00, 0x00,
  0x00, 0x00, 0x00, 0x00, 0x00, 0x00, 0x00, 0x00, 0x00, 0x00, 0x00, 0x00, 0x00, 0x00, 0x00, 0x00,
  0x00, 0x00, 0x00, 0x00, 0x00, 0x00, 0x00, 0x00, 0x00, 0x00, 0x00, 0x00, 0x00, 0x00, 0x00, 0x00,
  0x00, 0x00, 0x00, 0x00, 0x00, 0x00, 0x00, 0x00, 0x00, 0x00, 0x00, 0x00, 0x00, 0x00, 0x00, 0x00,
  0x00, 0x00, 0x00, 0x00, 0x00, 0x00, 0x00, 0x00, 0x00, 0x00, 0x00, 0x00, 0x00, 0x00, 0x00, 0x00,
  0x00, 0x00, 0x00, 0x11, 0x10, 0x00, 0x00, 0x00, 0x00, 0x00, 0x00, 0x00, 0x00, 0xBE, 0xE4, 0x00,
  0x00, 0x00, 0x00, 0x00, 0x00, 0x00, 0x00, 0xCF, 0xF4, 0x00, 0x00, 0x00, 0x00, 0x00, 0x00, 0x00,
  0x00, 0xCF, 0xF4, 0x00, 0x00, 0x00, 0x00, 0x00, 0x00, 0x00, 0x00, 0xCF, 0xF4, 0x00, 0x00, 0x00,
  0x00, 0x00, 0x00, 0x00, 0x00, 0xCF, 0xF3, 0x00, 0x00, 0x00, 0x00, 0x00, 0x37, 0x77, 0x87, 0xDF,
  0xFA, 0x78, 0x77, 0x73, 0x00, 0x00, 0x7F, 0xFF, 0xFF, 0xFF, 0xFF, 0xFF, 0xFF, 0xF7, 0x00, 0x00,
  0x7F, 0xFF, 0xFF, 0xFF, 0xFF, 0xFF, 0xFF, 0xF7, 0x00, 0x00, 0x25, 0x45, 0x54, 0xDF, 0xF7, 0x45,
  0x54, 0x52, 0x00, 0x00, 0x00, 0x00, 0x00, 0xCF, 0xF4, 0x00, 0x00, 0x00, 0x00, 0x00, 0x00, 0x00,
  0x00, 0xCF, 0xF4, 0x00, 0x00, 0x00, 0x00, 0x00, 0x00, 0x00, 0x00, 0xCF, 0xF4, 0x00, 0x00, 0x00,
  0x00, 0x00, 0x00, 0x00, 0x00, 0xCF, 0xF4, 0x00, 0x00, 0x00, 0x00, 0x00, 0x00, 0x00, 0x00, 0xBE,
  0xE4, 0x00, 0x00, 0x00, 0x00, 0x00, 0x00, 0x00, 0x00, 0x11, 0x10, 0x00, 0x00, 0x00, 0x00, 0x00,
  0x00, 0x00, 0x00, 0x00, 0x00, 0x5E, 0xDD, 0xE5, 0x00, 0x00, 0x6F, 0xFF, 0xF6, 0x00, 0x00, 0x5F,
  0xEF, 0xF5, 0x00, 0x00, 0x6F, 0xFF, 0xF5, 0x00, 0x00, 0x4B, 0xCF, 0xF5, 0x00, 0x00, 0x00, 0x4F,
  0xF4, 0x00, 0x00, 0x00, 0x9F, 0xE1, 0x00, 0x00, 0x02, 0xEF, 0x90, 0x00, 0x00, 0x1C, 0xFE, 0x20,
  0x00, 0x00, 0x3B, 0xA4, 0x00, 0x00, 0x00, 0x00, 0x00, 0x00, 0x00, 0x00, 0x00, 0x00, 0x00, 0x00,
  0x00, 0x00, 0x7E, 0xDE, 0xED, 0xE7, 0x00, 0x00, 0x8F, 0xFF, 0xFF, 0xF8, 0x00, 0x00, 0x8F, 0xFF,
  0xFF, 0xF8, 0x00, 0x00, 0x5A, 0xAA, 0xAA, 0xA5, 0x00, 0x00, 0x00, 0x00, 0x00, 0x00, 0x00, 0x00,
  0x00, 0x00, 0x00, 0x00, 0x00, 0x00, 0x00, 0x00, 0x00, 0x00, 0x00, 0x00, 0x00, 0x00, 0x00, 0x00,
  0x00, 0x00, 0x00, 0x00, 0x00, 0x00, 0x00, 0x00, 0x00, 0x00, 0x00, 0x00, 0x00, 0x00, 0x00, 0x00,
  0x00, 0x00, 0x00, 0x00, 0x00, 0x00, 0x00, 0x00, 0x00, 0x00, 0x00, 0x00, 0x00, 0x00, 0x00, 0x00,
  0x00, 0x00, 0x00, 0x00, 0x00, 0x00, 0x00, 0x00, 0x00, 0x00, 0x00, 0x00, 0x00, 0x01, 0x11, 0x10,
  0x00, 0x00, 0x7E, 0xEE, 0xE3, 0x00, 0x00, 0x8F, 0xFF, 0xF3, 0x00, 0x00, 0x8F, 0xFF, 0xF3, 0x00,
  0x00, 0x7E, 0xEE, 0xE3, 0x00, 0x00, 0x01, 0x11, 0x10, 0x00, 0x00, 0x00, 0x00, 0x00, 0x00, 0x00,
  0x00, 0x01, 0x11, 0x00, 0x00, 0x00, 0x00, 0x00, 0x00, 0x00, 0x00, 0x2D, 0xED, 0x10, 0x00, 0x00,
  0x00, 0x00, 0x00, 0x00, 0x00, 0xAF, 0xF6, 0x00, 0x00, 0x00, 0x00, 0x00, 0x00, 0x00, 0x04, 0xFF,
  0xC0, 0x00, 0x00, 0x00, 0x00, 0x00, 0x00, 0x00, 0x0C, 0xFF, 0x40, 0x00, 0x00, 0x00, 0x00, 0x00,
  0x00, 0x00, 0x6F, 0xFA, 0x00, 0x00, 0x00, 0x00, 0x00, 0x00, 0x00, 0x01, 0xEF, 0xE2, 0x00, 0x00,
  0x00, 0x00, 0x00, 0x00, 0x00, 0x09, 0xFF, 0x80, 0x00, 0x00, 0x00, 0x00, 0x00, 0x00, 0x00, 0x3F,
  0xFD, 0x10, 0x00, 0x00, 0x00, 0x00, 0x00, 0x00, 0x00, 0xBF, 0xF6, 0x00, 0x00, 0x00, 0x00, 0x00,
  0x00, 0x00, 0x05, 0xFF, 0xC0, 0x00, 0x00, 0x00, 0x00, 0x00, 0x00, 0x00, 0x1D, 0xFF, 0x40, 0x00,
  0x00, 0x00, 0x00, 0x00, 0x00, 0x00, 0x7F, 0xFA, 0x00, 0x00, 0x00, 0x00, 0x00, 0x00, 0x00, 0x02,
  0xEF, 0xE2, 0x00, 0x00, 0x00, 0x00, 0x00, 0x00, 0x00, 0x09, 0xFF, 0x70, 0x00, 0x00, 0x00, 0x00,
  0x00, 0x00, 0x00, 0x3F, 0xFD, 0x10, 0x00, 0x00, 0x00, 0x00, 0x00, 0x00, 0x00, 0xCF, 0xF5, 0x00,
  0x00, 0x00, 0x00, 0x00, 0x00, 0x00, 0x06, 0xFF, 0xB0, 0x00, 0x00, 0x00, 0x00, 0x00, 0x00, 0x00,
  0x1D, 0xFF, 0x30, 0x00, 0x00, 0x00, 0x00, 0x00, 0x00, 0x00, 0x8F, 0xF9, 0x00, 0x00, 0x00, 0x00,
  0x00, 0x00, 0x00, 0x02, 0xEF, 0xE2, 0x00, 0x00, 0x00, 0x00, 0x00, 0x00, 0x00, 0x0A, 0xFF, 0x70,
  0x00, 0x00, 0x00, 0x00, 0x00, 0x00, 0x00, 0x4F, 0xFD, 0x10, 0x00, 0x00, 0x00, 0x00, 0x00, 0x00,
  0x01, 0xDF, 0xF5, 0x00, 0x00, 0x00, 0x00, 0x00, 0x00, 0x00, 0x04, 0xBB, 0x80, 0x00, 0x00, 0x00,
  0x00, 0x00, 0x00, 0x00, 0x00, 0x00, 0x00, 0x00, 0x00, 0x00, 0x00, 0x00, 0x00, 0x00, 0x00, 0x00,
  0x00, 0x00, 0x00, 0x00, 0x00, 0x00, 0x00, 0x00, 0x00, 0x00, 0x03, 0x8A, 0xBB, 0x96, 0x10, 0x00,
  0x00, 0x00, 0x00, 0x19, 0xFF, 0xFF, 0xFF, 0xFE, 0x60, 0x00, 0x00, 0x00, 0x1B, 0xFF, 0xFF, 0xFF,
  0xFF, 0xFF, 0x70, 0x00, 0x00, 0x08, 0xFF, 0xFF, 0xFB, 0xCF, 0xFF, 0xFF, 0x40, 0x00, 0x02, 0xEF,
  0xFF, 0xD3, 0x00, 0x6F, 0xFF, 0xFB, 0x00, 0x00, 0x5F, 0xFF, 0xF6, 0x00, 0x00, 0xAF, 0xFF, 0xE1,
  0x00, 0x07, 0xFF, 0xFF, 0x30, 0x00, 0x08, 0xFF, 0xFF, 0x30, 0x00, 0x8F, 0xFF, 0xF3, 0x00, 0x00,
  0x7F, 0xFF, 0xF3, 0x00, 0x08, 0xFF, 0xFF, 0x30, 0x00, 0x07, 0xFF, 0xFF, 0x30, 0x00, 0x8F, 0xFF,
  0xF3, 0x00, 0x00, 0x7F, 0xFF, 0xF3, 0x00, 0x08, 0xFF, 0xFF, 0x30, 0x00, 0x07, 0xFF, 0xFF, 0x30,
  0x00, 0x8F, 0xFF, 0xF3, 0x00, 0x00, 0x7F, 0xFF, 0xF3, 0x00, 0x08, 0xFF, 0xFF, 0x30, 0x00, 0x07,
  0xFF, 0xFF, 0x30, 0x00, 0x7F, 0xFF, 0xF3, 0x00, 0x00, 0x8F, 0xFF, 0xF3, 0x00, 0x05, 0xFF, 0xFF,
  0x60, 0x00, 0x0A, 0xFF, 0xFE, 0x10, 0x00, 0x2E, 0xFF, 0xFD, 0x30, 0x06, 0xFF, 0xFF, 0xB0, 0x00,
  0x00, 0x8F, 0xFF, 0xFF, 0xBC, 0xFF, 0xFF, 0xF4, 0x00, 0x00, 0x01, 0xBF, 0xFF, 0xFF, 0xFF, 0xFF,
  0xF7, 0x00, 0x00, 0x00, 0x01, 0x9F, 0xFF, 0xFF, 0xFF, 0xE6, 0x00, 0x00, 0x00, 0x00, 0x00, 0x37,
  0xAB, 0xB9, 0x61, 0x00, 0x00, 0x00, 0x00, 0x00, 0x00, 0x00, 0x00, 0x00, 0x00, 0x00, 0x00, 0x00,
  0x00, 0x00, 0x00, 0x00, 0x01, 0x00, 0x00, 0x00, 0x00, 0x00, 0x00, 0x00, 0x01, 0x6D, 0xE3, 0x00,
  0x00, 0x00, 0x00, 0x00, 0x00, 0x38, 0xDF, 0xFF, 0x30, 0x00, 0x00, 0x00, 0x00, 0x68, 0xCF, 0xFF,
  0xFF, 0xF3, 0x00, 0x00, 0x00, 0x00, 0x1F, 0xFF, 0xFF, 0xFF, 0xFF, 0x30, 0x00, 0x00, 0x00, 0x01,
  0xFF, 0xFF, 0xFF, 0xFF, 0xF3, 0x00, 0x00, 0x00, 0x00, 0x06, 0x66, 0x6B, 0xFF, 0xFF, 0x30, 0x00,
  0x00, 0x00, 0x00, 0x00, 0x00, 0x7F, 0xFF, 0xF3, 0x00, 0x00, 0x00, 0x00, 0x00, 0x00, 0x08, 0xFF,
  0xFF, 0x30, 0x00, 0x00, 0x00, 0x00, 0x00, 0x00, 0x7F, 0xFF, 0xF3, 0x00, 0x00, 0x00, 0x00, 0x00,
  0x00, 0x07, 0xFF, 0xFF, 0x30, 0x00, 0x00, 0x00, 0x00, 0x00, 0x00, 0x7F, 0xFF, 0xF3, 0x00, 0x00,
  0x00, 0x00, 0x00, 0x00, 0x07, 0xFF, 0xFF, 0x30, 0x00, 0x00, 0x00, 0x00, 0x00, 0x00, 0x7F, 0xFF,
  0xF3, 0x00, 0x00, 0x00, 0x00, 0x00, 0x00, 0x07, 0xFF, 0xFF, 0x30, 0x00, 0x00, 0x00, 0x00, 0x00,
  0x10, 0x8F, 0xFF, 0xF3, 0x00, 0x00, 0x00, 0x00, 0x00, 0x00, 0x07, 0xFF, 0xFF, 0x20, 0x00, 0x00,
  0x00, 0x01, 0x99, 0x99, 0xCF, 0xFF, 0xFA, 0x99, 0x95, 0x00, 0x00, 0x1F, 0xFF, 0xFF, 0xFF, 0xFF,
  0xFF, 0xFF, 0x80, 0x00, 0x01, 0xEF, 0xFF, 0xFF, 0xFF, 0xFF, 0xFF, 0xF8, 0x00, 0x00, 0x1D, 0xEE,
  0xEE, 0xEE, 0xEE, 0xEE, 0xEE, 0x70, 0x00, 0x00, 0x11, 0x11, 0x11, 0x11, 0x11, 0x11, 0x10, 0x00,
  0x00, 0x00, 0x00, 0x00, 0x00, 0x00, 0x00, 0x00, 0x00, 0x00, 0x00, 0x00, 0x03, 0x79, 0xAA, 0x97,
  0x20, 0x00, 0x00, 0x00, 0x00, 0x1A, 0xFF, 0xFF, 0xFF, 0xFF, 0x91, 0x00, 0x00, 0x00, 0x1C, 0xFF,
  0xFF, 0xFF, 0xFF, 0xFF, 0xA0, 0x00, 0x00, 0x09, 0xFF, 0xFF, 0xEC, 0xEF, 0xFF, 0xFF, 0x60, 0x00,
  0x02, 0xFF, 0xFF, 0x81, 0x11, 0x8F, 0xFF, 0xFB, 0x00, 0x00, 0x6F, 0xFF, 0xB0, 0x00, 0x00, 0xCF,
  0xFF, 0xE1, 0x00, 0x08, 0xFF, 0xF8, 0x00, 0x00, 0x0A, 0xFF, 0xFE, 0x10, 0x00, 0x25, 0x45, 0x20,
  0x00, 0x00, 0xCF, 0xFF, 0xD0, 0x00, 0x00, 0x00, 0x00, 0x00, 0x00, 0x5F, 0xFF, 0xF9, 0x00, 0x00,
  0x00, 0x00, 0x00, 0x00, 0x5E, 0xFF, 0xFE, 0x20, 0x00, 0x00, 0x00, 0x00, 0x00, 0x7F, 0xFF, 0xFE,
  0x40, 0x00, 0x00, 0x00, 0x00, 0x02, 0xBF, 0xFF, 0xFD, 0x40, 0x00, 0x00, 0x00, 0x00, 0x05, 0xDF,
  0xFF, 0xFA, 0x10, 0x00, 0x00, 0x00, 0x00, 0x08, 0xFF, 0xFF, 0xE6, 0x00, 0x00, 0x00, 0x00, 0x00,
  0x0A, 0xFF, 0xFF, 0xA1, 0x00, 0x00, 0x00, 0x00, 0x00, 0x08, 0xFF, 0xFF, 0xA2, 0x22, 0x22, 0x22,
  0x20, 0x00, 0x02, 0xFF, 0xFF, 0xFF, 0xFF, 0xFF, 0xFF, 0xFE, 0x10, 0x00, 0x6F, 0xFF, 0xFF, 0xFF,
  0xFF, 0xFF, 0xFF, 0xE1, 0x00, 0x07, 0xFF, 0xFF, 0xFF, 0xFF, 0xFF, 0xFF, 0xFF, 0x10, 0x00, 0x7E,
  0xEE, 0xEE, 0xEE, 0xEE, 0xEE, 0xEE, 0xD1, 0x00, 0x00, 0x11, 0x11, 0x11, 0x11, 0x11, 0x11, 0x11,
  0x00, 0x00, 0x00, 0x00, 0x00, 0x00, 0x00, 0x00, 0x00, 0x00, 0x00, 0x00, 0x00, 0x15, 0x8A, 0xBA,
  0x96, 0x10, 0x00, 0x00, 0x00, 0x00, 0x5D, 0xFF, 0xFF, 0xFF, 0xFE, 0x60, 0x00, 0x00, 0x00, 0x6F,
  0xFF, 0xFF, 0xFF, 0xFF, 0xFF, 0x70, 0x00, 0x00, 0x2E, 0xFF, 0xFF, 0xCB, 0xEF, 0xFF, 0xFF, 0x20,
  0x00, 0x06, 0xFF, 0xFE, 0x40, 0x01, 0x9F, 0xFF, 0xF7, 0x00, 0x00, 0x7E, 0xEE, 0x80, 0x00, 0x01,
  0xEF, 0xFF, 0x70, 0x00, 0x00, 0x11, 0x10, 0x00, 0x00, 0x2F, 0xFF, 0xF5, 0x00, 0x00, 0x00, 0x00,
  0x00, 0x00, 0x1A, 0xFF, 0xFB, 0x00, 0x00, 0x00, 0x00, 0x00, 0x9B, 0xBE, 0xFF, 0xEB, 0x20, 0x00,
  0x00, 0x00, 0x00, 0x0D, 0xFF, 0xFF, 0xFC, 0x20, 0x00, 0x00, 0x00, 0x00, 0x00, 0xBE, 0xEF, 0xFF,
  0xFE, 0x60, 0x00, 0x00, 0x00, 0x00, 0x01, 0x11, 0x3A, 0xFF, 0xFF, 0x50, 0x00, 0x00, 0x00, 0x00,
  0x00, 0x00, 0x0D, 0xFF, 0xFC, 0x00, 0x00, 0x66, 0x66, 0x00, 0x00, 0x00, 0xAF, 0xFF, 0xE1, 0x00,
  0x1F, 0xFF, 0xF2, 0x00, 0x00, 0x0C, 0xFF, 0xFE, 0x10, 0x00, 0xCF, 0xFF, 0xA2, 0x00, 0x17, 0xFF,
  0xFF, 0xB0, 0x00, 0x07, 0xFF, 0xFF, 0xEB, 0xBD, 0xFF, 0xFF, 0xF5, 0x00, 0x00, 0x1C, 0xFF, 0xFF,
  0xFF, 0xFF, 0xFF, 0xF8, 0x00, 0x00, 0x00, 0x2B, 0xFF, 0xFF, 0xFF, 0xFF, 0xD6, 0x00, 0x00, 0x00,
  0x00, 0x04, 0x8A, 0xBB, 0xA8, 0x51, 0x00, 0x00, 0x00, 0x00, 0x00, 0x00, 0x00, 0x00, 0x00, 0x00,
  0x00, 0x00, 0x00, 0x00, 0x00, 0x00, 0x11, 0x10, 0x00, 0x00, 0x00, 0x00, 0x00, 0x00, 0x02, 0xDE,
  0xED, 0x10, 0x00, 0x00, 0x00, 0x00, 0x00, 0x00, 0x6F, 0xFF, 0xA0, 0x00, 0x00, 0x00, 0x00, 0x00,
  0x00, 0x0B, 0xFF, 0xF5, 0x02, 0x63, 0x00, 0x00, 0x00, 0x00, 0x03, 0xFF, 0xFD, 0x10, 0x8F, 0x80,
  0x00, 0x00, 0x00, 0x00, 0x8F, 0xFF, 0x70, 0x1D, 0xF7, 0x00, 0x00, 0x00, 0x00, 0x1D, 0xFF, 0xE1,
  0x05, 0xFF, 0x70, 0x00, 0x00, 0x00, 0x06, 0xFF, 0xF7, 0x00, 0xCF, 0xF7, 0x00, 0x00, 0x00, 0x00,
  0xCF, 0xFD, 0x10, 0x5F, 0xFF, 0x70, 0x00, 0x00, 0x00, 0x5F, 0xFF, 0x60, 0x08, 0xFE, 0xF7, 0x00,
  0x00, 0x00, 0x0C, 0xFF, 0xB0, 0x10, 0x7F, 0xEF, 0x80, 0x00, 0x00, 0x05, 0xFF, 0xE2, 0x00, 0x07,
  0xFE, 0xF7, 0x00, 0x00, 0x00, 0xCF, 0xF9, 0x33, 0x33, 0x9F, 0xFF, 0x93, 0x30, 0x00, 0x1E, 0xFF,
  0xFF, 0xFF, 0xFF, 0xFF, 0xFF, 0xFF, 0x10, 0x01, 0xEF, 0xFF, 0xFF, 0xFF, 0xFF, 0xFF, 0xFF, 0xE1,
  0x00, 0x1F, 0xFF, 0xFF, 0xFF, 0xFF, 0xFF, 0xFF, 0xFF, 0x10, 0x00, 0x56, 0x56, 0x66, 0x66, 0xAF,
  0xFF, 0xA6, 0x50, 0x00, 0x00, 0x00, 0x00, 0x00, 0x07, 0xFE, 0xF7, 0x00, 0x00, 0x00, 0x00, 0x00,
  0x00, 0x10, 0x8F, 0xEF, 0x80, 0x10, 0x00, 0x00, 0x00, 0x00, 0x00, 0x08, 0xFF, 0xF8, 0x00, 0x00,
  0x00, 0x00, 0x00, 0x00, 0x00, 0x7E, 0xDE, 0x70, 0x00, 0x00, 0x00, 0x00, 0x00, 0x00, 0x00, 0x11,
  0x10, 0x00, 0x00, 0x00, 0x00, 0x01, 0x11, 0x11, 0x11, 0x11, 0x10, 0x00, 0x00, 0x00, 0x1C, 0xEE,
  0xEE, 0xEE, 0xEE, 0xEE, 0xB0, 0x00, 0x00, 0x01, 0xFF, 0xFF, 0xFF, 0xFF, 0xFF, 0xFC, 0x00, 0x00,
  0x00, 0x2F, 0xFF, 0xFF, 0xFF, 0xFF, 0xFF, 0xC0, 0x00, 0x00, 0x03, 0xFF, 0xFF, 0xFF, 0xFF, 0xFF,
  0xFC, 0x00, 0x00, 0x00, 0x4F, 0xFF, 0x82, 0x22, 0x22, 0x22, 0x20, 0x00, 0x00, 0x05, 0xFF, 0xF5,
  0x00, 0x00, 0x00, 0x00, 0x00, 0x00, 0x00, 0x6F, 0xFF, 0x43, 0x9C, 0xCB, 0x61, 0x00, 0x00, 0x00,
  0x07, 0xFF, 0xFB, 0xFF, 0xFF, 0xFF, 0xD4, 0x00, 0x00, 0x00, 0x8F, 0xFF, 0xFF, 0xFF, 0xFF, 0xFF,
  0xE2, 0x00, 0x00, 0x0A, 0xFF, 0xFF, 0xDB, 0xDF, 0xFF, 0xFF, 0x90, 0x00, 0x00, 0x7C, 0xDF, 0x81,
  0x01, 0x8F, 0xFF, 0xFE, 0x10, 0x00, 0x00, 0x01, 0x20, 0x00, 0x00, 0xCF, 0xFF, 0xF2, 0x00, 0x00,
  0x11, 0x10, 0x00, 0x00, 0x08, 0xFF, 0xFF, 0x30, 0x00, 0x6D, 0xCD, 0x70, 0x00, 0x00, 0x8F, 0xFF,
  0xF2, 0x00, 0x06, 0xFF, 0xFC, 0x00, 0x00, 0x0C, 0xFF, 0xFD, 0x10, 0x00, 0x2F, 0xFF, 0xF9, 0x21,
  0x19, 0xFF, 0xFF, 0x90, 0x00, 0x00, 0x9F, 0xFF, 0xFE, 0xCE, 0xFF, 0xFF, 0xE2, 0x00, 0x00, 0x01,
  0xCF, 0xFF, 0xFF, 0xFF, 0xFF, 0xE4, 0x00, 0x00, 0x00, 0x01, 0x9F, 0xFF, 0xFF, 0xFF, 0xC3, 0x00,
  0x00, 0x00, 0x00, 0x00, 0x37, 0x9A, 0xA8, 0x40, 0x00, 0x00, 0x00, 0x00, 0x00, 0x00, 0x00, 0x00,
  0x00, 0x00, 0x00, 0x00, 0x00, 0x00, 0x00, 0x00, 0x00, 0x00, 0x00, 0x00, 0x00, 0x00, 0x00, 0x00,
  0x03, 0x8A, 0xBA, 0x95, 0x10, 0x00, 0x00, 0x00, 0x00, 0x19, 0xFF, 0xFF, 0xFF, 0xFC, 0x40, 0x00,
  0x00, 0x00, 0x1B, 0xFF, 0xFF, 0xFF, 0xFF, 0xFE, 0x40, 0x00, 0x00, 0x09, 0xFF, 0xFF, 0xFC, 0xCF,
  0xFF, 0xFC, 0x00, 0x00, 0x02, 0xEF, 0xFF, 0xD3, 0x00, 0x5E, 0xFF, 0xF4, 0x00, 0x00, 0x6F, 0xFF,
  0xF5, 0x00, 0x00, 0xAF, 0xFF, 0x70, 0x00, 0x07, 0xFF, 0xFF, 0x30, 0x00, 0x02, 0x56, 0x63, 0x00,
  0x00, 0x8F, 0xFF, 0xF3, 0x17, 0xAB, 0x95, 0x00, 0x00, 0x00, 0x08, 0xFF, 0xFE, 0x8D, 0xFF, 0xFF,
  0xFC, 0x30, 0x00, 0x00, 0x8F, 0xFF, 0xFF, 0xFE, 0xEF, 0xFF, 0xFD, 0x10, 0x00, 0x08, 0xFF, 0xFF,
  0xE6, 0x12, 0xAF, 0xFF, 0xF8, 0x00, 0x00, 0x8F, 0xFF, 0xF8, 0x00, 0x00, 0xCF, 0xFF, 0xC0, 0x00,
  0x08, 0xFF, 0xFF, 0x40, 0x00, 0x08, 0xFF, 0xFE, 0x10, 0x00, 0x7F, 0xFF, 0xF3, 0x00, 0x00, 0x8F,
  0xFF, 0xE1, 0x00, 0x06, 0xFF, 0xFF, 0x50, 0x00, 0x09, 0xFF, 0xFC, 0x00, 0x00, 0x2E, 0xFF, 0xFA,
  0x00, 0x01, 0xEF, 0xFF, 0x80, 0x00, 0x00, 0x9F, 0xFF, 0xFA, 0x55, 0xCF, 0xFF, 0xE2, 0x00, 0x00,
  0x01, 0xBF, 0xFF, 0xFF, 0xFF, 0xFF, 0xF5, 0x00, 0x00, 0x00, 0x01, 0x9F, 0xFF, 0xFF, 0xFF, 0xD4,
  0x00, 0x00, 0x00, 0x00, 0x00, 0x38, 0xAB, 0xA9, 0x51, 0x00, 0x00, 0x00, 0x00, 0x00, 0x00, 0x00,
  0x00, 0x00, 0x00, 0x00, 0x00, 0x00, 0x01, 0x11, 0x11, 0x11, 0x11, 0x11, 0x11, 0x10, 0x00, 0x01,
  0xDE, 0xEE, 0xEE, 0xEE, 0xEE, 0xEE, 0xED, 0x10, 0x00, 0x1E, 0xFF, 0xFF, 0xFF, 0xFF, 0xFF, 0xFF,
  0xF1, 0x00, 0x01, 0xEF, 0xFF, 0xFF, 0xFF, 0xFF, 0xFF, 0xFB, 0x00, 0x00, 0x1D, 0xEE, 0xEE, 0xEE,
  0xEE, 0xFF, 0xFD, 0x20, 0x00, 0x00, 0x11, 0x11, 0x11, 0x11, 0x9F, 0xFF, 0x40, 0x00, 0x00, 0x00,
  0x00, 0x00, 0x00, 0x4F, 0xFF, 0x80, 0x00, 0x00, 0x00, 0x00, 0x00, 0x00, 0x1D, 0xFF, 0xD1, 0x00,
  0x00, 0x00, 0x00, 0x00, 0x00, 0x09, 0xFF, 0xF4, 0x00, 0x00, 0x00, 0x00, 0x00, 0x00, 0x04, 0xFF,
  0xFB, 0x00, 0x00, 0x00, 0x00, 0x00, 0x00, 0x00, 0xCF, 0xFF, 0x40, 0x00, 0x00, 0x00, 0x00, 0x00,
  0x00, 0x5F, 0xFF, 0xB0, 0x00, 0x00, 0x00, 0x00, 0x00, 0x00, 0x0B, 0xFF, 0xF6, 0x00, 0x00, 0x00,
  0x00, 0x00, 0x00, 0x03, 0xFF, 0xFE, 0x20, 0x00, 0x00, 0x00, 0x00, 0x00, 0x00, 0x8F, 0xFF, 0xC0,
  0x00, 0x00, 0x00, 0x00, 0x00, 0x00, 0x0C, 0xFF, 0xF9, 0x00, 0x00, 0x00, 0x00, 0x00, 0x00, 0x02,
  0xFF, 0xFF, 0x70, 0x00, 0x00, 0x00, 0x00, 0x00, 0x00, 0x5F, 0xFF, 0xF5, 0x00, 0x00, 0x00, 0x00,
  0x00, 0x00, 0x07, 0xFF, 0xFF, 0x40, 0x00, 0x00, 0x00, 0x00, 0x00, 0x00, 0x7E, 0xEE, 0xE3, 0x00,
  0x00, 0x00, 0x00, 0x00, 0x00, 0x00, 0x11, 0x11, 0x00, 0x00, 0x00, 0x00, 0x00, 0x00, 0x00, 0x00,
  0x00, 0x00, 0x00, 0x00, 0x00, 0x00, 0x00, 0x00, 0x00, 0x03, 0x79, 0xAA, 0x96, 0x10, 0x00, 0x00,
  0x00, 0x00, 0x2A, 0xFF, 0xFF, 0xFF, 0xFE, 0x60, 0x00, 0x00, 0x00, 0x1D, 0xFF, 0xFF, 0xEF, 0xFF,
  0xFF, 0x70, 0x00, 0x00, 0x08, 0xFF, 0xFD, 0x41, 0x28, 0xFF, 0xFF, 0x20, 0x00, 0x00, 0xDF, 0xFF,
  0x40, 0x00, 0x0B, 0xFF, 0xF6, 0x00, 0x00, 0x1E, 0xFF, 0xE1, 0x00, 0x00, 0x7F, 0xEF, 0x70, 0x00,
  0x00, 0xDF, 0xFF, 0x20, 0x00, 0x0A, 0xFF, 0xF6, 0x00, 0x00, 0x08, 0xFF, 0xFB, 0x20, 0x05, 0xEF,
  0xFE, 0x20, 0x00, 0x00, 0x1A, 0xFF, 0xFE, 0xBC, 0xFF, 0xFE, 0x60, 0x00, 0x00, 0x00, 0x0B, 0xFF,
  0xFF, 0xFF, 0xFF, 0x60, 0x00, 0x00, 0x00, 0x1B, 0xFF, 0xFF, 0xEE, 0xFF, 0xFE, 0x60, 0x00, 0x00,
  0x0B, 0xFF, 0xFE, 0x61, 0x28, 0xFF, 0xFF, 0x50, 0x00, 0x04, 0xFF, 0xFF, 0x70, 0x00, 0x0B, 0xFF,
  0xFB, 0x00, 0x00, 0x7F, 0xFF, 0xF4, 0x00, 0x00, 0x8F, 0xFF, 0xE1, 0x00, 0x07, 0xFF, 0xFF, 0x40,
  0x00, 0x08, 0xFF, 0xFE, 0x10, 0x00, 0x6F, 0xFF, 0xF7, 0x00, 0x00, 0xCF, 0xFF, 0xC0, 0x00, 0x01,
  0xEF, 0xFF, 0xE6, 0x12, 0x8F, 0xFF, 0xF7, 0x00, 0x00, 0x06, 0xFF, 0xFF, 0xFE, 0xEF, 0xFF, 0xFB,
  0x10, 0x00, 0x00, 0x05, 0xDF, 0xFF, 0xFF, 0xFF, 0xE9, 0x10, 0x00, 0x00, 0x00, 0x01, 0x58, 0xAB,
  0xA9, 0x62, 0x00, 0x00, 0x00, 0x00, 0x00, 0x00, 0x00, 0x00, 0x00, 0x00, 0x00, 0x00, 0x00, 0x00,
  0x00, 0x00, 0x00, 0x00, 0x00, 0x00, 0x00, 0x00, 0x00, 0x00, 0x03, 0x79, 0xAA, 0x95, 0x10, 0x00,
  0x00, 0x00, 0x00, 0x1A, 0xFF, 0xFF, 0xFF, 0xFD, 0x60, 0x00, 0x00, 0x00, 0x1C, 0xFF, 0xFF, 0xFF,
  0xFF, 0xFF, 0x70, 0x00, 0x00, 0x0A, 0xFF, 0xFF, 0x85, 0x6C, 0xFF, 0xFF, 0x40, 0x00, 0x03, 0xFF,
  0xFF, 0x80, 0x00, 0x2E, 0xFF, 0xFB, 0x00, 0x00, 0x6F, 0xFF, 0xF2, 0x00, 0x00, 0x9F, 0xFF, 0xE1,
  0x00, 0x07, 0xFF, 0xFE, 0x10, 0x00, 0x08, 0xFF, 0xFF, 0x30, 0x00, 0x7F, 0xFF, 0xF2, 0x00, 0x00,
  0x9F, 0xFF, 0xF3, 0x00, 0x04, 0xFF, 0xFF, 0x80, 0x00, 0x2E, 0xFF, 0xFF, 0x30, 0x00, 0x0C, 0xFF,
  0xFF, 0x95, 0x6C, 0xFF, 0xFF, 0xF3, 0x00, 0x00, 0x3E, 0xFF, 0xFF, 0xFF, 0xFE, 0xFF, 0xFF, 0x30,
  0x00, 0x00, 0x3C, 0xFF, 0xFF, 0xF7, 0x8F, 0xFF, 0xF3, 0x00, 0x00, 0x00, 0x03, 0x67, 0x63, 0x07,
  0xFF, 0xFF, 0x30, 0x00, 0x08, 0x99, 0x80, 0x00, 0x00, 0x8F, 0xFF, 0xF3, 0x00, 0x00, 0xEF, 0xFF,
  0x30, 0x00, 0x0B, 0xFF, 0xFE, 0x10, 0x00, 0x0A, 0xFE, 0xFB, 0x20, 0x07, 0xFF, 0xFF, 0xB0, 0x00,
  0x00, 0x5F, 0xFF, 0xFE, 0xBD, 0xFF, 0xFF, 0xF4, 0x00, 0x00, 0x00, 0x9F, 0xFF, 0xFF, 0xFF, 0xFF,
  0xF7, 0x00, 0x00, 0x00, 0x00, 0x8E, 0xFF, 0xFF, 0xFF, 0xD6, 0x00, 0x00, 0x00, 0x00, 0x00, 0x27,
  0x9A, 0xA9, 0x61, 0x00, 0x00, 0x00, 0x00, 0x00, 0x00, 0x00, 0x00, 0x00, 0x00, 0x00, 0x00, 0x00,
  0x01, 0x11, 0x10, 0x00, 0x00, 0x00, 0x00, 0x00, 0x00, 0x00, 0x00, 0x00, 0x00, 0x00, 0x00, 0x00,
  0x00, 0x00, 0x00, 0x00, 0x00, 0x00, 0x00, 0x00, 0x00, 0x01, 0x11, 0x10, 0x00, 0x00, 0x2E, 0xEE,
  0xE2, 0x00, 0x00, 0x2F, 0xFF, 0xF2, 0x00, 0x00, 0x2F, 0xFF, 0xF2, 0x00, 0x00, 0x2E, 0xEE, 0xE2,
  0x00, 0x00, 0x01, 0x11, 0x10, 0x00, 0x00, 0x01, 0x11, 0x10, 0x00, 0x00, 0x2E, 0xEE, 0xE2, 0x00,
  0x00, 0x2F, 0xFF, 0xF2, 0x00, 0x00, 0x2F, 0xFF, 0xF2, 0x00, 0x00, 0x2E, 0xEE, 0xE2, 0x00, 0x00,
  0x01, 0x11, 0x10, 0x00, 0x00, 0x00, 0x00, 0x00, 0x00, 0x00, 0x00, 0x00, 0x00, 0x00, 0x00, 0x00,
  0x00, 0x00, 0x00, 0x00, 0x00, 0x00, 0x00, 0x00, 0x00, 0x17, 0x77, 0x71, 0x00, 0x00, 0x3F, 0xFF,
  0xF3, 0x00, 0x00, 0x2F, 0xFF, 0xF2, 0x00, 0x00, 0x2F, 0xFF, 0xF2, 0x00, 0x00, 0x2E, 0xEF, 0xF2,
  0x00, 0x00, 0x01, 0x5F, 0xE2, 0x00, 0x00, 0x00, 0x7F, 0xC0, 0x00, 0x00, 0x00, 0xCF, 0x80, 0x00,
  0x00, 0x09, 0xFE, 0x20, 0x00, 0x00, 0x1B, 0xB4, 0x00, 0x00, 0x00, 0x00, 0x00, 0x00, 0x00, 0x00,
  0x00, 0x00, 0x00, 0x00, 0x00, 0x00, 0x00, 0x00, 0x00, 0x00, 0x00, 0x00, 0x00, 0x00, 0x00, 0x03,
  0x83, 0x00, 0x00, 0x00, 0x00, 0x00, 0x00, 0x01, 0x6B, 0xFF, 0x40, 0x00, 0x00, 0x00, 0x00, 0x00,
  0x49, 0xEF, 0xFF, 0xF4, 0x00, 0x00, 0x00, 0x00, 0x27, 0xCF, 0xFF, 0xFF, 0xFB, 0x20, 0x00, 0x00,
  0x05, 0xAE, 0xFF, 0xFF, 0xFC, 0x83, 0x00, 0x00, 0x00, 0x7D, 0xFF, 0xFF, 0xFE, 0x94, 0x00, 0x00,
  0x00, 0x00, 0x1F, 0xFF, 0xFE, 0xB6, 0x10, 0x00, 0x00, 0x00, 0x00, 0x01, 0xEF, 0xFE, 0x70, 0x00,
  0x00, 0x00, 0x00, 0x00, 0x00, 0x1F, 0xFF, 0xFF, 0xD8, 0x30, 0x00, 0x00, 0x00, 0x00, 0x00, 0x5B,
  0xFF, 0xFF, 0xFF, 0xB6, 0x10, 0x00, 0x00, 0x00, 0x00, 0x02, 0x7C, 0xFF, 0xFF, 0xFE, 0xA5, 0x10,
  0x00, 0x00, 0x00, 0x00, 0x04, 0x9E, 0xFF, 0xFF, 0xFD, 0x30, 0x00, 0x00, 0x00, 0x00, 0x00, 0x16,
  0xBF, 0xFF, 0xF4, 0x00, 0x00, 0x00, 0x00, 0x00, 0x00, 0x00, 0x38, 0xDF, 0x40, 0x00, 0x00, 0x00,
  0x00, 0x00, 0x00, 0x00, 0x01, 0x52, 0x00, 0x00, 0x00, 0x00, 0x00, 0x00, 0x00, 0x00, 0x00, 0x00,
  0x00, 0x00, 0x00, 0x00, 0x00, 0x00, 0x00, 0x00, 0x00, 0x00, 0x00, 0x07, 0xED, 0xEE, 0xEE, 0xEE,
  0xEE, 0xED, 0xE7, 0x00, 0x00, 0x8F, 0xFF, 0xFF, 0xFF, 0xFF, 0xFF, 0xFF, 0x80, 0x00, 0x06, 0xDC,
  0xDD, 0xDD, 0xDD, 0xDD, 0xDC, 0xD6, 0x00, 0x00, 0x01, 0x11, 0x11, 0x11, 0x11, 0x11, 0x11, 0x00,
  0x00, 0x00, 0x00, 0x00, 0x00, 0x00, 0x00, 0x00, 0x00, 0x00, 0x00, 0x00, 0x00, 0x00, 0x00, 0x00,
  0x00, 0x00, 0x00, 0x00, 0x04, 0x88, 0x88, 0x88, 0x88, 0x88, 0x88, 0x84, 0x00, 0x00, 0x8F, 0xFF,
  0xFF, 0xFF, 0xFF, 0xFF, 0xFF, 0x80, 0x00, 0x08, 0xFF, 0xFF, 0xFF, 0xFF, 0xFF, 0xFF, 0xF8, 0x00,
  0x00, 0x35, 0x55, 0x55, 0x55, 0x55, 0x55, 0x55, 0x30, 0x00, 0x00, 0x00, 0x00, 0x00, 0x00, 0x00,
  0x00, 0x00, 0x00, 0x00, 0x00, 0x00, 0x00, 0x00, 0x00, 0x00, 0x00, 0x00, 0x00, 0x00, 0x00, 0x00,
  0x00, 0x00, 0x00, 0x00, 0x00, 0x00, 0x00, 0x00, 0x00, 0x00, 0x00, 0x00, 0x00, 0x00, 0x00, 0x00,
  0x05, 0x71, 0x00, 0x00, 0x00, 0x00, 0x00, 0x00, 0x00, 0x00, 0x8F, 0xEA, 0x40, 0x00, 0x00, 0x00,
  0x00, 0x00, 0x00, 0x08, 0xFF, 0xFF, 0xC7, 0x20, 0x00, 0x00, 0x00, 0x00, 0x00, 0x4C, 0xFF, 0xFF,
  0xFF, 0xA5, 0x10, 0x00, 0x00, 0x00, 0x00, 0x04, 0x9D, 0xFF, 0xFF, 0xFD, 0x93, 0x00, 0x00, 0x00,
  0x00, 0x00, 0x15, 0xAE, 0xFF, 0xFF, 0xFC, 0x50, 0x00, 0x00, 0x00, 0x00, 0x00, 0x27, 0xCE, 0xFF,
  0xFC, 0x00, 0x00, 0x00, 0x00, 0x00, 0x00, 0x01, 0x9F, 0xFF, 0xB0, 0x00, 0x00, 0x00, 0x00, 0x00,
  0x49, 0xDF, 0xFF, 0xFB, 0x00, 0x00, 0x00, 0x00, 0x37, 0xCF, 0xFF, 0xFF, 0xE9, 0x40, 0x00, 0x00,
  0x16, 0xBF, 0xFF, 0xFF, 0xFB, 0x61, 0x00, 0x00, 0x00, 0x5E, 0xFF, 0xFF, 0xFD, 0x83, 0x00, 0x00,
  0x00, 0x00, 0x08, 0xFF, 0xFE, 0xA5, 0x10, 0x00, 0x00, 0x00, 0x00, 0x00, 0x8F, 0xC7, 0x20, 0x00,
  0x00, 0x00, 0x00, 0x00, 0x00, 0x04, 0x40, 0x00, 0x00, 0x00, 0x00, 0x00, 0x00, 0x00, 0x00, 0x00,
  0x00, 0x00, 0x00, 0x00, 0x00, 0x00, 0x00, 0x00, 0x00, 0x00, 0x00, 0x00, 0x00, 0x00, 0x00, 0x00,
  0x00, 0x00, 0x00, 0x01, 0x58, 0xAA, 0x97, 0x30, 0x00, 0x00, 0x00, 0x00, 0x5D, 0xFF, 0xFF, 0xFF,
  0xFA, 0x10, 0x00, 0x00, 0x07, 0xFF, 0xFF, 0xFF, 0xFF, 0xFF, 0xC1, 0x00, 0x00, 0x4F, 0xFF, 0xFA,
  0x67, 0xDF, 0xFF, 0xF8, 0x00, 0x00, 0xAF, 0xFF, 0x90, 0x00, 0x2E, 0xFF, 0xFD, 0x00, 0x00, 0xDF,
  0xFF, 0x40, 0x00, 0x0B, 0xFF, 0xFE, 0x20, 0x00, 0xDF, 0xFF, 0x30, 0x00, 0x0C, 0xFF, 0xFE, 0x20,
  0x00, 0x23, 0x23, 0x00, 0x00, 0x4F, 0xFF, 0xFD, 0x00, 0x00, 0x00, 0x00, 0x00, 0x03, 0xDF, 0xFF,
  0xF8, 0x00, 0x00, 0x00, 0x00, 0x00, 0x3E, 0xFF, 0xFF, 0xC1, 0x00, 0x00, 0x00, 0x00, 0x02, 0xEF,
  0xFF, 0xFA, 0x10, 0x00, 0x00, 0x00, 0x00, 0x0A, 0xFF, 0xFF, 0x80, 0x00, 0x00, 0x00, 0x00, 0x00,
  0x0C, 0xFE, 0xF8, 0x00, 0x00, 0x00, 0x00, 0x00, 0x00, 0x0D, 0xFF, 0xF5, 0x00, 0x00, 0x00, 0x00,
  0x00, 0x00, 0x04, 0x55, 0x51, 0x00, 0x00, 0x00, 0x00, 0x00, 0x00, 0x01, 0x11, 0x11, 0x00, 0x00,
  0x00, 0x00, 0x00, 0x00, 0x1E, 0xFF, 0xFC, 0x00, 0x00, 0x00, 0x00, 0x00, 0x00, 0x1D, 0xFF, 0xFC,
  0x00, 0x00, 0x00, 0x00, 0x00, 0x00, 0x1E, 0xFF, 0xFD, 0x00, 0x00, 0x00, 0x00, 0x00, 0x00, 0x1C,
  0xEE, 0xEB, 0x00, 0x00, 0x00, 0x00, 0x00, 0x00, 0x01, 0x11, 0x11, 0x00, 0x00, 0x00, 0x00, 0x00,
  0x00, 0x00, 0x00, 0x00, 0x00, 0x00, 0x00, 0x00, 0x00, 0x00, 0x00, 0x00, 0x00, 0x00, 0x00, 0x00,
  0x01, 0x58, 0xAB, 0xBB, 0x97, 0x30, 0x00, 0x00, 0x00, 0x00, 0x00, 0x00, 0x00, 0x04, 0xAF, 0xFF,
  0xEC, 0xCC, 0xEF, 0xFD, 0x71, 0x00, 0x00, 0x00, 0x00, 0x00, 0x01, 0x9F, 0xFA, 0x51, 0x00, 0x00,
  0x02, 0x7D, 0xFD, 0x30, 0x00, 0x00, 0x00, 0x00, 0x1B, 0xFB, 0x30, 0x00, 0x00, 0x00, 0x00, 0x00,
  0x7F, 0xE4, 0x00, 0x00, 0x00, 0x00, 0xAF, 0xA0, 0x00, 0x00, 0x00, 0x00, 0x00, 0x00, 0x05, 0xFE,
  0x20, 0x00, 0x00, 0x05, 0xFC, 0x10, 0x00, 0x58, 0xAB, 0xBA, 0x96, 0x10, 0x00, 0x8F, 0xA0, 0x00,
  0x00, 0x0C, 0xF4, 0x00, 0x4C, 0xFF, 0xFF, 0xFF, 0xFF, 0xD5, 0x00, 0x1E, 0xF3, 0x00, 0x00, 0x4F,
  0xC0, 0x04, 0xFF, 0xFF, 0xFE, 0xEF, 0xFF, 0xFF, 0x40, 0x08, 0xF7, 0x00, 0x00, 0x8F, 0x80, 0x0C,
  0xFF, 0xFF, 0x82, 0x27, 0xFF, 0xFF, 0xB0, 0x05, 0xFA, 0x00, 0x00, 0xBF, 0x50, 0x0A, 0xBB, 0xC9,
  0x00, 0x00, 0xBF, 0xFF, 0xD0, 0x03, 0xFD, 0x00, 0x00, 0xDF, 0x30, 0x00, 0x00, 0x00, 0x00, 0x11,
  0xBF, 0xFF, 0xD0, 0x02, 0xFE, 0x00, 0x00, 0xEF, 0x20, 0x00, 0x03, 0x7A, 0xCD, 0xEE, 0xFF, 0xFF,
  0xD0, 0x02, 0xFE, 0x00, 0x00, 0xEF, 0x20, 0x02, 0xBF, 0xFF, 0xFF, 0xFE, 0xFF, 0xFF, 0xD0, 0x02,
  0xFD, 0x00, 0x00, 0xDF, 0x20, 0x1C, 0xFF, 0xFF, 0x94, 0x21, 0xBF, 0xFF, 0xD0, 0x03, 0xFC, 0x00,
  0x00, 0xCF, 0x30, 0x4F, 0xFF, 0xF9, 0x00, 0x00, 0xBF, 0xFF, 0xD0, 0x06, 0xF9, 0x00, 0x00, 0xAF,
  0x50, 0x6F, 0xFF, 0xF6, 0x00, 0x02, 0xEF, 0xFF, 0xD0, 0x0B, 0xF5, 0x00, 0x00, 0x7F, 0x80, 0x5F,
  0xFF, 0xFC, 0x41, 0x4C, 0xFF, 0xFF, 0xE3, 0x6F, 0xD1, 0x00, 0x00, 0x4F, 0xC0, 0x2E, 0xFF, 0xFF,
  0xFE, 0xFF, 0xCF, 0xFF, 0xFE, 0xFF, 0x50, 0x00, 0x00, 0x0C, 0xF4, 0x06, 0xFF, 0xFF, 0xFF, 0xE5,
  0x1D, 0xFF, 0xFF, 0xF7, 0x00, 0x00, 0x00, 0x04, 0xFD, 0x10, 0x38, 0xAB, 0xA7, 0x20, 0x02, 0x8A,
  0xA8, 0x30, 0x00, 0x00, 0x00, 0x00, 0x9F, 0xB1, 0x00, 0x00, 0x00, 0x00, 0x00, 0x00, 0x00, 0x00,
  0x00, 0x00, 0x00, 0x00, 0x09, 0xFE, 0x61, 0x00, 0x00, 0x00, 0x03, 0x10, 0x00, 0x00, 0x00, 0x00,
  0x00, 0x00, 0x00, 0x5D, 0xFF, 0xC9, 0x88, 0x9B, 0xEE, 0x10, 0x00, 0x00, 0x00, 0x00, 0x00, 0x00,
  0x00, 0x00, 0x49, 0xCE, 0xFF, 0xEC, 0xA6, 0x00, 0x00, 0x00, 0x00, 0x00, 0x00, 0x00, 0x00, 0x00,
  0x00, 0x00, 0x01, 0x00, 0x00, 0x00, 0x00, 0x00, 0x00, 0x00, 0x00, 0x00, 0x00, 0x00, 0x11, 0x11,
  0x11, 0x00, 0x00, 0x00, 0x00, 0x00, 0x00, 0x00, 0x02, 0xDE, 0xEE, 0xED, 0x20, 0x00, 0x00, 0x00,
  0x00, 0x00, 0x00, 0x07, 0xFF, 0xFF, 0xFF, 0x60, 0x00, 0x00, 0x00, 0x00, 0x00, 0x00, 0x0C, 0xFF,
  0xFF, 0xFF, 0xB0, 0x00, 0x00, 0x00, 0x00, 0x00, 0x00, 0x4F, 0xFF, 0xFF, 0xFF, 0xF3, 0x00, 0x00,
  0x00, 0x00, 0x00, 0x00, 0x9F, 0xFF, 0xFF, 0xFF, 0xF8, 0x00, 0x00, 0x00, 0x00, 0x00, 0x01, 0xDF,
  0xFF, 0x8C, 0xFF, 0xFD, 0x00, 0x00, 0x00, 0x00, 0x00, 0x05, 0xFF, 0xFF, 0x18, 0xFF, 0xFF, 0x40,
  0x00, 0x00, 0x00, 0x00, 0x0A, 0xFF, 0xFB, 0x04, 0xFF, 0xFF, 0x90, 0x00, 0x00, 0x00, 0x00, 0x2E,
  0xFF, 0xF6, 0x01, 0xDF, 0xFF, 0xE1, 0x00, 0x00, 0x00, 0x00, 0x7F, 0xFF, 0xE2, 0x00, 0x8F, 0xFF,
  0xF5, 0x00, 0x00, 0x00, 0x00, 0xCF, 0xFF, 0xB0, 0x00, 0x3F, 0xFF, 0xFB, 0x00, 0x00, 0x00, 0x03,
  0xFF, 0xFF, 0x61, 0x11, 0x1C, 0xFF, 0xFE, 0x20, 0x00, 0x00, 0x08, 0xFF, 0xFF, 0xEE, 0xEE, 0xEF,
  0xFF, 0xFF, 0x70, 0x00, 0x00, 0x1D, 0xFF, 0xFF, 0xFF, 0xFF, 0xFF, 0xFF, 0xFF, 0xC0, 0x00, 0x00,
  0x5F, 0xFF, 0xFF, 0xFF, 0xFF, 0xFF, 0xFF, 0xFF, 0xF3, 0x00, 0x00, 0xAF, 0xFF, 0xE8, 0x78, 0x77,
  0x88, 0xBF, 0xFF, 0xF8, 0x00, 0x01, 0xEF, 0xFF, 0xA0, 0x00, 0x00, 0x00, 0x2F, 0xFF, 0xFD, 0x10,
  0x06, 0xFF, 0xFF, 0x40, 0x00, 0x00, 0x00, 0x0B, 0xFF, 0xFF, 0x50, 0x0A, 0xEE, 0xEC, 0x00, 0x00,
  0x00, 0x00, 0x05, 0xEE, 0xEE, 0x90, 0x01, 0x11, 0x10, 0x00, 0x00, 0x00, 0x00, 0x00, 0x11, 0x11,
  0x10, 0x00, 0x01, 0x11, 0x11, 0x11, 0x11, 0x11, 0x00, 0x00, 0x00, 0x00, 0x1E, 0xEE, 0xEE, 0xEE,
  0xEE, 0xED, 0xA4, 0x00, 0x00, 0x00, 0x2F, 0xFF, 0xFF, 0xFF, 0xFF, 0xFF, 0xFF, 0x70, 0x00, 0x00,
  0x2F, 0xFF, 0xFF, 0xFF, 0xFF, 0xFF, 0xFF, 0xF3, 0x00, 0x00, 0x2F, 0xFF, 0xFB, 0x78, 0x88, 0xDF,
  0xFF, 0xF7, 0x00, 0x00, 0x2F, 0xFF, 0xF7, 0x00, 0x00, 0x3F, 0xFF, 0xF8, 0x00, 0x00, 0x2F, 0xFF,
  0xF8, 0x11, 0x10, 0x1E, 0xFF, 0xF7, 0x00, 0x00, 0x2F, 0xFF, 0xF7, 0x00, 0x00, 0x5F, 0xFF, 0xF3,
  0x00, 0x00, 0x2F, 0xFF, 0xFB, 0x78, 0x88, 0xEF, 0xFF, 0x70, 0x00, 0x00, 0x2F, 0xFF, 0xFF, 0xFF,
  0xFF, 0xFF, 0xB4, 0x00, 0x00, 0x00, 0x2F, 0xFF, 0xFF, 0xFF, 0xFF, 0xFF, 0xB4, 0x00, 0x00, 0x00,
  0x2F, 0xFF, 0xFF, 0xEE, 0xEE, 0xFF, 0xFF, 0x80, 0x00, 0x00, 0x2F, 0xFF, 0xF8, 0x11, 0x12, 0x8F,
  0xFF, 0xF5, 0x00, 0x00, 0x2F, 0xFF, 0xF7, 0x00, 0x00, 0x0D, 0xFF, 0xFA, 0x00, 0x00, 0x2F, 0xFF,
  0xF8, 0x01, 0x00, 0x0D, 0xFF, 0xFB, 0x00, 0x00, 0x2F, 0xFF, 0xF7, 0x00, 0x00, 0x4F, 0xFF, 0xFA,
  0x00, 0x00, 0x2F, 0xFF, 0xFB, 0x78, 0x88, 0xEF, 0xFF, 0xF6, 0x00, 0x00, 0x2F, 0xFF, 0xFF, 0xFF,
  0xFF, 0xFF, 0xFF, 0xC1, 0x00, 0x00, 0x2F, 0xFF, 0xFF, 0xFF, 0xFF, 0xFF, 0xFD, 0x20, 0x00, 0x00,
  0x1E, 0xEE, 0xEE, 0xEE, 0xEE, 0xEC, 0x81, 0x00, 0x00, 0x00, 0x01, 0x11, 0x11, 0x11, 0x11, 0x10,
  0x00, 0x00, 0x00, 0x00, 0x00, 0x00, 0x00, 0x00, 0x00, 0x00, 0x00, 0x00, 0x00, 0x00, 0x00, 0x00,
  0x00, 0x37, 0xAB, 0xA9, 0x73, 0x00, 0x00, 0x00, 0x00, 0x00, 0x02, 0xBF, 0xFF, 0xFF, 0xFF, 0xFB,
  0x20, 0x00, 0x00, 0x00, 0x03, 0xEF, 0xFF, 0xFF, 0xFF, 0xFF, 0xFE, 0x30, 0x00, 0x00, 0x01, 0xDF,
  0xFF, 0xFD, 0xBC, 0xFF, 0xFF, 0xFC, 0x10, 0x00, 0x00, 0x9F, 0xFF, 0xF7, 0x10, 0x02, 0xCF, 0xFF,
  0xF6, 0x00, 0x00, 0x1E, 0xFF, 0xFA, 0x00, 0x00, 0x02, 0xEF, 0xFF, 0xA0, 0x00, 0x04, 0xFF, 0xFF,
  0x50, 0x00, 0x00, 0x0C, 0xFF, 0xFD, 0x00, 0x00, 0x7F, 0xFF, 0xF4, 0x00, 0x00, 0x00, 0xAF, 0xEF,
  0xE1, 0x00, 0x07, 0xFF, 0xFF, 0x30, 0x00, 0x00, 0x01, 0x22, 0x22, 0x00, 0x00, 0x8F, 0xFF, 0xF3,
  0x00, 0x00, 0x00, 0x00, 0x00, 0x00, 0x00, 0x08, 0xFF, 0xFF, 0x30, 0x00, 0x00, 0x00, 0x00, 0x00,
  0x00, 0x00, 0x7F, 0xFF, 0xF3, 0x00, 0x00, 0x00, 0x01, 0x11, 0x10, 0x00, 0x07, 0xFF, 0xFF, 0x30,
  0x00, 0x00, 0x01, 0xEE, 0xED, 0x10, 0x00, 0x5F, 0xFF, 0xF5, 0x00, 0x00, 0x00, 0x3F, 0xFF, 0xD0,
  0x00, 0x01, 0xEF, 0xFF, 0xA0, 0x00, 0x00, 0x07, 0xFF, 0xFA, 0x00, 0x00, 0x09, 0xFF, 0xFF, 0x81,
  0x00, 0x15, 0xEF, 0xFF, 0x50, 0x00, 0x00, 0x2E, 0xFF, 0xFF, 0xEB, 0xBD, 0xFF, 0xFF, 0xB0, 0x00,
  0x00, 0x00, 0x4E, 0xFF, 0xFF, 0xFF, 0xFF, 0xFF, 0xD2, 0x00, 0x00, 0x00, 0x00, 0x3B, 0xFF, 0xFF,
  0xFF, 0xFF, 0xA2, 0x00, 0x00, 0x00, 0x00, 0x00, 0x04, 0x8A, 0xBA, 0x97, 0x30, 0x00, 0x00, 0x00,
  0x00, 0x00, 0x00, 0x00, 0x00, 0x00, 0x00, 0x00, 0x00, 0x00, 0x00, 0x01, 0x11, 0x11, 0x11, 0x11,
  0x00, 0x00, 0x00, 0x00, 0x00, 0x01, 0xDE, 0xEE, 0xEE, 0xEE, 0xEC, 0x94, 0x00, 0x00, 0x00, 0x00,
  0x1E, 0xFF, 0xFF, 0xFF, 0xFF, 0xFF, 0xFA, 0x20, 0x00, 0x00, 0x01, 0xEF, 0xFF, 0xFF, 0xFF, 0xFF,
  0xFF, 0xFD, 0x10, 0x00, 0x00, 0x1E, 0xFF, 0xFC, 0x78, 0x89, 0xDF, 0xFF, 0xFB, 0x00, 0x00, 0x01,
  0xEF, 0xFF, 0xA0, 0x00, 0x01, 0xBF, 0xFF, 0xF4, 0x00, 0x00, 0x1E, 0xFF, 0xFA, 0x00, 0x00, 0x01,
  0xEF, 0xFF, 0xA0, 0x00, 0x01, 0xEF, 0xFF, 0xA0, 0x00, 0x00, 0x0B, 0xFF, 0xFC, 0x00, 0x00, 0x1E,
  0xFF, 0xFA, 0x00, 0x00, 0x00, 0xAF, 0xFF, 0xE1, 0x00, 0x01, 0xEF, 0xFF, 0xA0, 0x00, 0x00, 0x0A,
  0xFF, 0xFE, 0x10, 0x00, 0x1E, 0xFF, 0xFA, 0x00, 0x00, 0x00, 0xAF, 0xFF, 0xE1, 0x00, 0x01, 0xEF,
  0xFF, 0xA0, 0x00, 0x00, 0x0A, 0xFF, 0xFE, 0x10, 0x00, 0x1E, 0xFF, 0xFA, 0x00, 0x00, 0x00, 0xAF,
  0xFF, 0xD1, 0x00, 0x01, 0xEF, 0xFF, 0xA0, 0x00, 0x00, 0x0C, 0xFF, 0xFB, 0x00, 0x00, 0x1E, 0xFF,
  0xFA, 0x00, 0x00, 0x03, 0xFF, 0xFF, 0x80, 0x00, 0x01, 0xEF, 0xFF, 0xA0, 0x00, 0x02, 0xCF, 0xFF,
  0xE2, 0x00, 0x00, 0x1E, 0xFF, 0xFC, 0x78, 0x89, 0xEF, 0xFF, 0xF7, 0x00, 0x00, 0x01, 0xEF, 0xFF,
  0xFF, 0xFF, 0xFF, 0xFF, 0xFA, 0x00, 0x00, 0x00, 0x1E, 0xFF, 0xFF, 0xFF, 0xFF, 0xFF, 0xF8, 0x00,
  0x00, 0x00, 0x01, 0xDE, 0xEE, 0xEE, 0xEE, 0xEC, 0x93, 0x00, 0x00, 0x00, 0x00, 0x01, 0x11, 0x11,
  0x11, 0x11, 0x00, 0x00, 0x00, 0x00, 0x00, 0x00, 0x01, 0x11, 0x11, 0x11, 0x11, 0x11, 0x11, 0x10,
  0x00, 0x01, 0xDE, 0xEE, 0xEE, 0xEE, 0xEE, 0xEE, 0xEA, 0x00, 0x00, 0x1E, 0xFF, 0xFF, 0xFF, 0xFF,
  0xFF, 0xFF, 0x90, 0x00, 0x01, 0xEF, 0xFF, 0xFF, 0xFF, 0xFF, 0xFF, 0xF7, 0x00, 0x00, 0x1E, 0xFF,
  0xFC, 0x78, 0x77, 0x77, 0x77, 0x30, 0x00, 0x01, 0xEF, 0xFF, 0xA0, 0x00, 0x00, 0x00, 0x00, 0x00,
  0x00, 0x1E, 0xFF, 0xFA, 0x11, 0x11, 0x11, 0x10, 0x00, 0x00, 0x01, 0xEF, 0xFF, 0xA0, 0x00, 0x00,
  0x00, 0x00, 0x00, 0x00, 0x1E, 0xFF, 0xFC, 0x78, 0x77, 0x77, 0x75, 0x00, 0x00, 0x01, 0xEF, 0xFF,
  0xFF, 0xFF, 0xFF, 0xFF, 0xC0, 0x00, 0x00, 0x1E, 0xFF, 0xFF, 0xFF, 0xFF, 0xFF, 0xFB, 0x00, 0x00,
  0x01, 0xEF, 0xFF, 0xFE, 0xEE, 0xEE, 0xEE, 0xA0, 0x00, 0x00, 0x1E, 0xFF, 0xFA, 0x11, 0x11, 0x11,
  0x11, 0x00, 0x00, 0x01, 0xEF, 0xFF, 0xA0, 0x00, 0x00, 0x00, 0x00, 0x00, 0x00, 0x1E, 0xFF, 0xFA,
  0x00, 0x00, 0x00, 0x00, 0x00, 0x00, 0x01, 0xEF, 0xFF, 0xA0, 0x00, 0x00, 0x00, 0x00, 0x00, 0x00,
  0x1E, 0xFF, 0xFC, 0x78, 0x77, 0x77, 0x77, 0x30, 0x00, 0x01, 0xEF, 0xFF, 0xFF, 0xFF, 0xFF, 0xFF,
  0xF8, 0x00, 0x00, 0x1E, 0xFF, 0xFF, 0xFF, 0xFF, 0xFF, 0xFF, 0xA0, 0x00, 0x01, 0xDE, 0xEE, 0xEE,
  0xEE, 0xEE, 0xEE, 0xEB, 0x00, 0x00, 0x01, 0x11, 0x11, 0x11, 0x11, 0x11, 0x11, 0x10, 0x00, 0x00,
  0x01, 0x11, 0x11, 0x11, 0x11, 0x11, 0x11, 0x10, 0x00, 0x0C, 0xEE, 0xEE, 0xEE, 0xEE, 0xEE, 0xEE,
  0x80, 0x00, 0x0E, 0xFF, 0xFF, 0xFF, 0xFF, 0xFF, 0xFF, 0x70, 0x00, 0x0D, 0xFF, 0xFF, 0xFF, 0xFF,
  0xFF, 0xFF, 0x60, 0x00, 0x0D, 0xFF, 0xFE, 0x87, 0x87, 0x77, 0x87, 0x20, 0x00, 0x0D, 0xFF, 0xFC,
  0x00, 0x00, 0x00, 0x00, 0x00, 0x00, 0x0D, 0xFF, 0xFD, 0x10, 0x00, 0x00, 0x00, 0x00, 0x00, 0x0D,
  0xFF, 0xFD, 0x00, 0x00, 0x00, 0x00, 0x00, 0x00, 0x0D, 0xFF, 0xFD, 0x11, 0x11, 0x11, 0x10, 0x00,
  0x00, 0x0D, 0xFF, 0xFF, 0xEE, 0xEE, 0xEE, 0xE6, 0x00, 0x00, 0x0D, 0xFF, 0xFF, 0xFF, 0xFF, 0xFF,
  0xF6, 0x00, 0x00, 0x0D, 0xFF, 0xFF, 0xFF, 0xFF, 0xFF, 0xF7, 0x00, 0x00, 0x0D, 0xFF, 0xFE, 0x87,
  0x87, 0x77, 0x73, 0x00, 0x00, 0x0D, 0xFF, 0xFC, 0x00, 0x00, 0x00, 0x00, 0x00, 0x00, 0x0D, 0xFF,
  0xFD, 0x10, 0x00, 0x00, 0x00, 0x00, 0x00, 0x0D, 0xFF, 0xFD, 0x10, 0x00, 0x00, 0x00, 0x00, 0x00,
  0x0D, 0xFF, 0xFD, 0x10, 0x00, 0x00, 0x00, 0x00, 0x00, 0x0D, 0xFF, 0xFD, 0x10, 0x00, 0x00, 0x00,
  0x00, 0x00, 0x0E, 0xFF, 0xFD, 0x10, 0x00, 0x00, 0x00, 0x00, 0x00, 0x0C, 0xEE, 0xEC, 0x10, 0x00,
  0x00, 0x00, 0x00, 0x00, 0x01, 0x11, 0x11, 0x00, 0x00, 0x00, 0x00, 0x00, 0x00, 0x00, 0x00, 0x00,
  0x00, 0x00, 0x00, 0x00, 0x00, 0x00, 0x00, 0x00, 0x00, 0x00, 0x02, 0x69, 0xAB, 0xA8, 0x51, 0x00,
  0x00, 0x00, 0x00, 0x00, 0x01, 0x9E, 0xFF, 0xFF, 0xFF, 0xFD, 0x60, 0x00, 0x00, 0x00, 0x00, 0x2C,
  0xFF, 0xFF, 0xFF, 0xFF, 0xFF, 0xF8, 0x00, 0x00, 0x00, 0x01, 0xCF, 0xFF, 0xFE, 0xBB, 0xDF, 0xFF,
  0xFF, 0x50, 0x00, 0x00, 0x07, 0xFF, 0xFF, 0xA2, 0x00, 0x17, 0xFF, 0xFF, 0xD1, 0x00, 0x00, 0x1D,
  0xFF, 0xFC, 0x00, 0x00, 0x00, 0x8F, 0xFF, 0xF4, 0x00, 0x00, 0x4F, 0xFF, 0xF8, 0x00, 0x00, 0x00,
  0x4F, 0xFF, 0xF6, 0x00, 0x00, 0x6F, 0xFF, 0xF6, 0x00, 0x00, 0x00, 0x15, 0x55, 0x62, 0x00, 0x00,
  0x6F, 0xFF, 0xF5, 0x00, 0x00, 0x00, 0x00, 0x00, 0x00, 0x00, 0x00, 0x7F, 0xFF, 0xF5, 0x00, 0x4B,
  0xBB, 0xBB, 0xBB, 0xC5, 0x00, 0x00, 0x7F, 0xFF, 0xF5, 0x00, 0x6F, 0xFF, 0xFF, 0xFF, 0xF7, 0x00,
  0x00, 0x6F, 0xFF, 0xF5, 0x00, 0x5E, 0xEE, 0xEF, 0xFF, 0xF7, 0x00, 0x00, 0x6F, 0xFF, 0xF6, 0x00,
  0x01, 0x11, 0x3F, 0xFF, 0xF7, 0x00, 0x00, 0x4F, 0xFF, 0xF8, 0x00, 0x00, 0x00, 0x3F, 0xFF, 0xF7,
  0x00, 0x00, 0x1D, 0xFF, 0xFC, 0x00, 0x00, 0x00, 0x8F, 0xFF, 0xF7, 0x00, 0x00, 0x08, 0xFF, 0xFF,
  0xA2, 0x00, 0x16, 0xEF, 0xFF, 0xF7, 0x00, 0x00, 0x01, 0xDF, 0xFF, 0xFE, 0xBB, 0xDF, 0xFF, 0xFF,
  0xF7, 0x00, 0x00, 0x00, 0x3E, 0xFF, 0xFF, 0xFF, 0xFF, 0xFC, 0xCF, 0xF6, 0x00, 0x00, 0x00, 0x03,
  0xBF, 0xFF, 0xFF, 0xFF, 0xB1, 0x6F, 0xF8, 0x00, 0x00, 0x00, 0x00, 0x04, 0x8A, 0xBA, 0x83, 0x00,
  0x17, 0x74, 0x00, 0x00, 0x00, 0x00, 0x00, 0x00, 0x00, 0x00, 0x00, 0x00, 0x00, 0x00, 0x00, 0x01,
  0x11, 0x11, 0x00, 0x00, 0x00, 0x11, 0x11, 0x10, 0x00, 0x00, 0x0D, 0xEE, 0xEB, 0x00, 0x00, 0x00,
  0xBE, 0xEE, 0xD0, 0x00, 0x00, 0x0E, 0xFF, 0xFC, 0x00, 0x00, 0x00, 0xCF, 0xFF, 0xE0, 0x00, 0x00,
  0x0D, 0xFF, 0xFC, 0x00, 0x00, 0x00, 0xCF, 0xFF, 0xD0, 0x00, 0x00, 0x0E, 0xFF, 0xFC, 0x00, 0x00,
  0x00, 0xCF, 0xFF, 0xE0, 0x00, 0x00, 0x0E, 0xFF, 0xFC, 0x00, 0x00, 0x00, 0xCF, 0xFF, 0xE0, 0x00,
  0x00, 0x0E, 0xFF, 0xFC, 0x10, 0x00, 0x01, 0xCF, 0xFF, 0xE0, 0x00, 0x00, 0x0E, 0xFF, 0xFC, 0x00,
  0x00, 0x00, 0xCF, 0xFF, 0xE0, 0x00, 0x00, 0x0E, 0xFF, 0xFE, 0x87, 0x88, 0x78, 0xEF, 0xFF, 0xE0,
  0x00, 0x00, 0x0E, 0xFF, 0xFF, 0xFF, 0xFF, 0xFF, 0xFF, 0xFF, 0xE0, 0x00, 0x00, 0x0E, 0xFF, 0xFF,
  0xFF, 0xFF, 0xFF, 0xFF, 0xFF, 0xE0, 0x00, 0x00, 0x0E, 0xFF, 0xFF, 0xEE, 0xEE, 0xEE, 0xFF, 0xFF,
  0xE0, 0x00, 0x00, 0x0E, 0xFF, 0xFC, 0x11, 0x11, 0x11, 0xCF, 0xFF, 0xE0, 0x00, 0x00, 0x0E, 0xFF,
  0xFC, 0x00, 0x00, 0x00, 0xCF, 0xFF, 0xE0, 0x00, 0x00, 0x0E, 0xFF, 0xFC, 0x00, 0x00, 0x00, 0xCF,
  0xFF, 0xE0, 0x00, 0x00, 0x0E, 0xFF, 0xFC, 0x00, 0x00, 0x00, 0xCF, 0xFF, 0xE0, 0x00, 0x00, 0x0E,
  0xFF, 0xFC, 0x00, 0x00, 0x00, 0xCF, 0xFF, 0xE0, 0x00, 0x00, 0x0D, 0xFF, 0xFC, 0x00, 0x00, 0x00,
  0xCF, 0xFF, 0xD0, 0x00, 0x00, 0x0E, 0xFF, 0xFC, 0x00, 0x00, 0x00, 0xCF, 0xFF, 0xE0, 0x00, 0x00,
  0x0D, 0xEE, 0xEB, 0x00, 0x00, 0x00, 0xBE, 0xEE, 0xD0, 0x00, 0x00, 0x01, 0x11, 0x11, 0x00, 0x00,
  0x00, 0x11, 0x11, 0x10, 0x00, 0x00, 0x01, 0x11, 0x11, 0x11, 0x10, 0x00, 0x00, 0x7E, 0xEE, 0xEE,
  0xEE, 0xE7, 0x00, 0x00, 0x8F, 0xFF, 0xFF, 0xFF, 0xF8, 0x00, 0x00, 0x8F, 0xFF, 0xFF, 0xFF, 0xF8,
  0x00, 0x00, 0x47, 0x9F, 0xFF, 0xFB, 0x74, 0x00, 0x00, 0x00, 0x2F, 0xFF, 0xF7, 0x00, 0x00, 0x00,
  0x00, 0x3F, 0xFF, 0xF8, 0x00, 0x00, 0x00, 0x00, 0x3F, 0xFF, 0xF7, 0x00, 0x00, 0x00, 0x00, 0x3F,
  0xFF, 0xF7, 0x00, 0x00, 0x00, 0x00, 0x3F, 0xFF, 0xF7, 0x00, 0x00, 0x00, 0x00, 0x3F, 0xFF, 0xF7,
  0x00, 0x00, 0x00, 0x00, 0x3F, 0xFF, 0xF7, 0x00, 0x00, 0x00, 0x00, 0x3F, 0xFF, 0xF7, 0x00, 0x00,
  0x00, 0x00, 0x3F, 0xFF, 0xF7, 0x00, 0x00, 0x00, 0x00, 0x3F, 0xFF, 0xF8, 0x00, 0x00, 0x00, 0x00,
  0x2F, 0xFF, 0xF7, 0x00, 0x00, 0x00, 0x47, 0x9F, 0xFF, 0xFB, 0x74, 0x00, 0x00, 0x8F, 0xFF, 0xFF,
  0xFF, 0xF8, 0x00, 0x00, 0x8F, 0xFF, 0xFF, 0xFF, 0xF8, 0x00, 0x00, 0x7E, 0xEE, 0xEE, 0xEE, 0xE7,
  0x00, 0x00, 0x01, 0x11, 0x11, 0x11, 0x10, 0x00, 0x00, 0x00, 0x00, 0x00, 0x00, 0x11, 0x11, 0x00,
  0x00, 0x00, 0x00, 0x00, 0x00, 0x7E, 0xEE, 0xE3, 0x00, 0x00, 0x00, 0x00, 0x00, 0x08, 0xFF, 0xFF,
  0x30, 0x00, 0x00, 0x00, 0x00, 0x00, 0x7F, 0xFF, 0xF3, 0x00, 0x00, 0x00, 0x00, 0x00, 0x07, 0xFF,
  0xFF, 0x30, 0x00, 0x00, 0x00, 0x00, 0x00, 0x7F, 0xFF, 0xF3, 0x00, 0x00, 0x00, 0x00, 0x00, 0x07,
  0xFF, 0xFF, 0x30, 0x00, 0x00, 0x00, 0x00, 0x00, 0x7F, 0xFF, 0xF3, 0x00, 0x00, 0x00, 0x00, 0x00,
  0x07, 0xFF, 0xFF, 0x30, 0x00, 0x00, 0x00, 0x00, 0x00, 0x7F, 0xFF, 0xF3, 0x00, 0x00, 0x00, 0x00,
  0x00, 0x07, 0xFF, 0xFF, 0x30, 0x00, 0x00, 0x00, 0x00, 0x00, 0x7F, 0xFF, 0xF3, 0x00, 0x00, 0x00,
  0x00, 0x00, 0x07, 0xFF, 0xFF, 0x30, 0x00, 0x24, 0x33, 0x30, 0x00, 0x7F, 0xFF, 0xF3, 0x00, 0x08,
  0xFF, 0xFF, 0x10, 0x07, 0xFF, 0xFF, 0x30, 0x00, 0x7F, 0xFF, 0xE1, 0x00, 0x8F, 0xFF, 0xF3, 0x00,
  0x06, 0xFF, 0xFF, 0x71, 0x2D, 0xFF, 0xFE, 0x10, 0x00, 0x2F, 0xFF, 0xFF, 0xDE, 0xFF, 0xFF, 0xA0,
  0x00, 0x00, 0x9F, 0xFF, 0xFF, 0xFF, 0xFF, 0xE2, 0x00, 0x00, 0x00, 0x9F, 0xFF, 0xFF, 0xFF, 0xC3,
  0x00, 0x00, 0x00, 0x00, 0x37, 0xAA, 0xA8, 0x50, 0x00, 0x00, 0x00, 0x00, 0x00, 0x00, 0x00, 0x00,
  0x00, 0x00, 0x00, 0x00, 0x01, 0x11, 0x11, 0x00, 0x00, 0x00, 0x01, 0x11, 0x11, 0x00, 0x01, 0xDE,
  0xEE, 0x90, 0x00, 0x00, 0x1C, 0xEE, 0xED, 0x20, 0x00, 0x1E, 0xFF, 0xFA, 0x00, 0x00, 0x0B, 0xFF,
  0xFF, 0x40, 0x00, 0x01, 0xEF, 0xFF, 0xA0, 0x00, 0x08, 0xFF, 0xFF, 0x70, 0x00, 0x00, 0x1E, 0xFF,
  0xFA, 0x00, 0x05, 0xFF, 0xFF, 0x90, 0x00, 0x00, 0x01, 0xEF, 0xFF, 0xA0, 0x03, 0xEF, 0xFF, 0xC1,
  0x00, 0x00, 0x00, 0x1E, 0xFF, 0xFA, 0x01, 0xDF, 0xFF, 0xE2, 0x00, 0x00, 0x00, 0x01, 0xEF, 0xFF,
  0xA0, 0xAF, 0xFF, 0xF4, 0x00, 0x00, 0x00, 0x00, 0x1E, 0xFF, 0xF9, 0x7F, 0xFF, 0xF7, 0x00, 0x00,
  0x00, 0x00, 0x01, 0xEF, 0xFF, 0xDF, 0xFF, 0xFF, 0x90, 0x00, 0x00, 0x00, 0x00, 0x1E, 0xFF, 0xFF,
  0xFF, 0xFF, 0xFF, 0x30, 0x00, 0x00, 0x00, 0x01, 0xEF, 0xFF, 0xFF, 0xFF, 0xFF, 0xFB, 0x00, 0x00,
  0x00, 0x00, 0x1E, 0xFF, 0xFF, 0xFD, 0xCF, 0xFF, 0xF5, 0x00, 0x00, 0x00, 0x01, 0xEF, 0xFF, 0xFE,
  0x23, 0xFF, 0xFF, 0xD1, 0x00, 0x00, 0x00, 0x1E, 0xFF, 0xFE, 0x50, 0x0A, 0xFF, 0xFF, 0x80, 0x00,
  0x00, 0x01, 0xEF, 0xFF, 0xA0, 0x00, 0x2E, 0xFF, 0xFE, 0x20, 0x00, 0x00, 0x1E, 0xFF, 0xFA, 0x00,
  0x00, 0x8F, 0xFF, 0xFA, 0x00, 0x00, 0x01, 0xEF, 0xFF, 0xA0, 0x00, 0x01, 0xEF, 0xFF, 0xF4, 0x00,
  0x00, 0x1E, 0xFF, 0xFA, 0x00, 0x00, 0x06, 0xFF, 0xFF, 0xC0, 0x00, 0x01, 0xDE, 0xEE, 0x90, 0x00,
  0x00, 0x0B, 0xEE, 0xEE, 0x50, 0x00, 0x01, 0x11, 0x11, 0x00, 0x00, 0x00, 0x01, 0x11, 0x11, 0x00,
  0x00, 0x01, 0x11, 0x11, 0x00, 0x00, 0x00, 0x00, 0x00, 0x01, 0xDE, 0xEE, 0x90, 0x00, 0x00, 0x00,
  0x00, 0x00, 0x1E, 0xFF, 0xFA, 0x00, 0x00, 0x00, 0x00, 0x00, 0x01, 0xEF, 0xFF, 0xA0, 0x00, 0x00,
  0x00, 0x00, 0x00, 0x1E, 0xFF, 0xFA, 0x00, 0x00, 0x00, 0x00, 0x00, 0x01, 0xEF, 0xFF, 0xA0, 0x00,
  0x00, 0x00, 0x00, 0x00, 0x1E, 0xFF, 0xFA, 0x00, 0x00, 0x00, 0x00, 0x00, 0x01, 0xEF, 0xFF, 0xA0,
  0x00, 0x00, 0x00, 0x00, 0x00, 0x1E, 0xFF, 0xFA, 0x00, 0x00, 0x00, 0x00, 0x00, 0x01, 0xEF, 0xFF,
  0xA0, 0x00, 0x00, 0x00, 0x00, 0x00, 0x1E, 0xFF, 0xFA, 0x00, 0x00, 0x00, 0x00, 0x00, 0x01, 0xEF,
  0xFF, 0xA0, 0x00, 0x00, 0x00, 0x00, 0x00, 0x1E, 0xFF, 0xFA, 0x00, 0x00, 0x00, 0x00, 0x00, 0x01,
  0xEF, 0xFF, 0xA0, 0x00, 0x00, 0x00, 0x00, 0x00, 0x1E, 0xFF, 0xFA, 0x00, 0x00, 0x00, 0x00, 0x00,
  0x01, 0xEF, 0xFF, 0xA0, 0x00, 0x00, 0x00, 0x00, 0x00, 0x1E, 0xFF, 0xFC, 0x78, 0x77, 0x77, 0x73,
  0x00, 0x01, 0xEF, 0xFF, 0xFF, 0xFF, 0xFF, 0xFF, 0x80, 0x00, 0x1E, 0xFF, 0xFF, 0xFF, 0xFF, 0xFF,
  0xF9, 0x00, 0x01, 0xDE, 0xEE, 0xEE, 0xEE, 0xEE, 0xEE, 0xA0, 0x00, 0x01, 0x11, 0x11, 0x11, 0x11,
  0x11, 0x11, 0x00, 0x00, 0x01, 0x11, 0x11, 0x11, 0x10, 0x00, 0x00, 0x00, 0x01, 0x11, 0x11, 0x11,
  0x10, 0x00, 0x00, 0x0D, 0xEE, 0xEE, 0xEE, 0xE2, 0x00, 0x00, 0x00, 0x1C, 0xEE, 0xEE, 0xEE, 0xD0,
  0x00, 0x00, 0x0E, 0xFF, 0xFF, 0xFF, 0xF7, 0x00, 0x00, 0x00, 0x5F, 0xFF, 0xFF, 0xFF, 0xE0, 0x00,
  0x00, 0x0E, 0xFF, 0xFF, 0xFF, 0xFC, 0x00, 0x00, 0x00, 0xAF, 0xFF, 0xFF, 0xFF, 0xE0, 0x00, 0x00,
  0x0E, 0xFF, 0xFF, 0xFF, 0xFF, 0x30, 0x00, 0x01, 0xDF, 0xFF, 0xFF, 0xFF, 0xE0, 0x00, 0x00, 0x0E,
  0xFF, 0xFF, 0xFF, 0xFF, 0x70, 0x00, 0x05, 0xFF, 0xFF, 0xFF, 0xFF, 0xE0, 0x00, 0x00, 0x0E, 0xFF,
  0xFE, 0xFF, 0xFF, 0xC0, 0x00, 0x0A, 0xFF, 0xFE, 0xDF, 0xFF, 0xE0, 0x00, 0x00, 0x0E, 0xFF, 0xFB,
  0xCF, 0xFF, 0xF3, 0x00, 0x1E, 0xFF, 0xFA, 0xBF, 0xFF, 0xE0, 0x00, 0x00, 0x0E, 0xFF, 0xF9, 0x9F,
  0xFF, 0xF7, 0x00, 0x5F, 0xFF, 0xF5, 0xBF, 0xFF, 0xE0, 0x00, 0x00, 0x0E, 0xFF, 0xF9, 0x4F, 0xFF,
  0xFC, 0x00, 0xAF, 0xFF, 0xE1, 0xBF, 0xFF, 0xE0, 0x00, 0x00, 0x0E, 0xFF, 0xF9, 0x0E, 0xFF, 0xFF,
  0x31, 0xEF, 0xFF, 0xA0, 0xCF, 0xFF, 0xE0, 0x00, 0x00, 0x0E, 0xFF, 0xFA, 0x0A, 0xFF, 0xFF, 0x74,
  0xFF, 0xFF, 0x50, 0xCF, 0xFF, 0xE0, 0x00, 0x00, 0x0E, 0xFF, 0xFA, 0x05, 0xFF, 0xFF, 0xCA, 0xFF,
  0xFE, 0x10, 0xCF, 0xFF, 0xE0, 0x00, 0x00, 0x0E, 0xFF, 0xFA, 0x01, 0xDF, 0xFF, 0xFF, 0xFF, 0xFA,
  0x00, 0xCF, 0xFF, 0xE0, 0x00, 0x00, 0x0E, 0xFF, 0xF9, 0x00, 0x9F, 0xFF, 0xFF, 0xFF, 0xF5, 0x00,
  0xCF, 0xFF, 0xE0, 0x00, 0x00, 0x0E, 0xFF, 0xF9, 0x00, 0x4F, 0xFF, 0xFF, 0xFF, 0xE1, 0x00, 0xCF,
  0xFF, 0xE0, 0x00, 0x00, 0x0E, 0xFF, 0xF9, 0x00, 0x1D, 0xFF, 0xFF, 0xFF, 0xA0, 0x00, 0xCF, 0xFF,
  0xE0, 0x00, 0x00, 0x0E, 0xFF, 0xF9, 0x00, 0x09, 0xFF, 0xFF, 0xFF, 0x50, 0x00, 0xCF, 0xFF, 0xE0,
  0x00, 0x00, 0x0E, 0xFF, 0xFA, 0x00, 0x04, 0xFF, 0xFF, 0xFE, 0x10, 0x00, 0xCF, 0xFF, 0xE0, 0x00,
  0x00, 0x0D, 0xEE, 0xE9, 0x00, 0x01, 0xCE, 0xEE, 0xE9, 0x00, 0x00, 0xBE, 0xEE, 0xD0, 0x00, 0x00,
  0x01, 0x11, 0x11, 0x00, 0x00, 0x11, 0x11, 0x10, 0x00, 0x00, 0x11, 0x11, 0x10, 0x00, 0x00, 0x01,
  0x11, 0x10, 0x00, 0x00, 0x00, 0x11, 0x11, 0x10, 0x00, 0x00, 0x0D, 0xEE, 0xE8, 0x00, 0x00, 0x00,
  0x9E, 0xEE, 0xD0, 0x00, 0x00, 0x0E, 0xFF, 0xFF, 0x40, 0x00, 0x00, 0xAF, 0xFF, 0xE0, 0x00, 0x00,
  0x0D, 0xFF, 0xFF, 0xD1, 0x00, 0x00, 0xAF, 0xFF, 0xD0, 0x00, 0x00, 0x0E, 0xFF, 0xFF, 0xF9, 0x00,
  0x00, 0xAF, 0xFF, 0xE0, 0x00, 0x00, 0x0E, 0xFF, 0xFF, 0xFF, 0x40, 0x00, 0xAF, 0xFF, 0xE0, 0x00,
  0x00, 0x0E, 0xFF, 0xFF, 0xFF, 0xD1, 0x00, 0xAF, 0xFF, 0xE0, 0x00, 0x00, 0x0E, 0xFF, 0xFF, 0xFF,
  0xF9, 0x00, 0xAF, 0xFF, 0xE0, 0x00, 0x00, 0x0E, 0xFF, 0xFF, 0xFF, 0xFF, 0x50, 0xAF, 0xFF, 0xE0,
  0x00, 0x00, 0x0E, 0xFF, 0xFE, 0xEF, 0xFF, 0xE1, 0xAF, 0xFF, 0xE0, 0x00, 0x00, 0x0E, 0xFF, 0xFA,
  0x9F, 0xFF, 0xF8, 0x9F, 0xFF, 0xE0, 0x00, 0x00, 0x0E, 0xFF, 0xFA, 0x1E, 0xFF, 0xFE, 0xDF, 0xFF,
  0xE0, 0x00, 0x00, 0x0E, 0xFF, 0xFA, 0x06, 0xFF, 0xFF, 0xFF, 0xFF, 0xE0, 0x00, 0x00, 0x0E, 0xFF,
  0xFA, 0x00, 0xBF, 0xFF, 0xFF, 0xFF, 0xE0, 0x00, 0x00, 0x0E, 0xFF, 0xFA, 0x00, 0x2E, 0xFF, 0xFF,
  0xFF, 0xE0, 0x00, 0x00, 0x0E, 0xFF, 0xFA, 0x00, 0x06, 0xFF, 0xFF, 0xFF, 0xE0, 0x00, 0x00, 0x0E,
  0xFF, 0xFA, 0x00, 0x00, 0xAF, 0xFF, 0xFF, 0xE0, 0x00, 0x00, 0x0D, 0xFF, 0xFA, 0x00, 0x00, 0x2E,
  0xFF, 0xFF, 0xD0, 0x00, 0x00, 0x0E, 0xFF, 0xFA, 0x00, 0x00, 0x05, 0xFF, 0xFF, 0xE0, 0x00, 0x00,
  0x0D, 0xEE, 0xE9, 0x00, 0x00, 0x00, 0xAE, 0xEE, 0xD0, 0x00, 0x00, 0x01, 0x11, 0x11, 0x00, 0x00,
  0x00, 0x01, 0x11, 0x10, 0x00, 0x00, 0x00, 0x00, 0x00, 0x00, 0x00, 0x00, 0x00, 0x00, 0x00, 0x00,
  0x00, 0x00, 0x00, 0x03, 0x8A, 0xBB, 0xA8, 0x40, 0x00, 0x00, 0x00, 0x00, 0x00, 0x02, 0xBF, 0xFF,
  0xFF, 0xFF, 0xFC, 0x40, 0x00, 0x00, 0x00, 0x00, 0x3D, 0xFF, 0xFF, 0xFF, 0xFF, 0xFF, 0xF5, 0x00,
  0x00, 0x00, 0x01, 0xDF, 0xFF, 0xFE, 0xCB, 0xEF, 0xFF, 0xFE, 0x30, 0x00, 0x00, 0x08, 0xFF, 0xFF,
  0x92, 0x00, 0x17, 0xFF, 0xFF, 0xB0, 0x00, 0x00, 0x1E, 0xFF, 0xFB, 0x00, 0x00, 0x00, 0x9F, 0xFF,
  0xF3, 0x00, 0x00, 0x4F, 0xFF, 0xF5, 0x00, 0x00, 0x00, 0x3F, 0xFF, 0xF7, 0x00, 0x00, 0x6F, 0xFF,
  0xF4, 0x00, 0x00, 0x00, 0x1E, 0xFF, 0xF9, 0x00, 0x00, 0x7F, 0xFF, 0xF3, 0x00, 0x00, 0x00, 0x1E,
  0xFF, 0xFA, 0x00, 0x00, 0x8F, 0xFF, 0xF3, 0x00, 0x00, 0x00, 0x1E, 0xFF, 0xFA, 0x00, 0x00, 0x8F,
  0xFF, 0xF3, 0x00, 0x00, 0x00, 0x1E, 0xFF, 0xFA, 0x00, 0x00, 0x7F, 0xFF, 0xF3, 0x00, 0x00, 0x00,
  0x1E, 0xFF, 0xFA, 0x00, 0x00, 0x6F, 0xFF, 0xF4, 0x00, 0x00, 0x00, 0x1E, 0xFF, 0xF9, 0x00, 0x00,
  0x4F, 0xFF, 0xF5, 0x00, 0x00, 0x00, 0x3F, 0xFF, 0xF7, 0x00, 0x00, 0x1E, 0xFF, 0xFB, 0x00, 0x00,
  0x00, 0x9F, 0xFF, 0xF3, 0x00, 0x00, 0x08, 0xFF, 0xFF, 0x92, 0x00, 0x17, 0xFF, 0xFF, 0xA0, 0x00,
  0x00, 0x01, 0xDF, 0xFF, 0xFE, 0xBB, 0xEF, 0xFF, 0xFE, 0x30, 0x00, 0x00, 0x00, 0x3D, 0xFF, 0xFF,
  0xFF, 0xFF, 0xFF, 0xF5, 0x00, 0x00, 0x00, 0x00, 0x02, 0xBF, 0xFF, 0xFF, 0xFF, 0xFC, 0x30, 0x00,
  0x00, 0x00, 0x00, 0x00, 0x03, 0x8A, 0xBB, 0xA8, 0x40, 0x00, 0x00, 0x00, 0x00, 0x00, 0x00, 0x00,
  0x00, 0x00, 0x00, 0x00, 0x00, 0x00, 0x00, 0x00, 0x01, 0x11, 0x11, 0x11, 0x11, 0x11, 0x00, 0x00,
  0x00, 0x00, 0x1D, 0xEE, 0xEE, 0xEE, 0xEE, 0xED, 0xA4, 0x00, 0x00, 0x00, 0x1E, 0xFF, 0xFF, 0xFF,
  0xFF, 0xFF, 0xFF, 0x70, 0x00, 0x00, 0x1E, 0xFF, 0xFF, 0xFF, 0xFF, 0xFF, 0xFF, 0xF5, 0x00, 0x00,
  0x1E, 0xFF, 0xFC, 0x78, 0x88, 0xCF, 0xFF, 0xFC, 0x00, 0x00, 0x1E, 0xFF, 0xFA, 0x00, 0x00, 0x1C,
  0xFF, 0xFF, 0x20, 0x00, 0x1E, 0xFF, 0xFA, 0x00, 0x01, 0x08, 0xFF, 0xFF, 0x30, 0x00, 0x1E, 0xFF,
  0xFA, 0x00, 0x00, 0x0A, 0xFF, 0xFF, 0x20, 0x00, 0x1E, 0xFF, 0xFA, 0x11, 0x11, 0x6F, 0xFF, 0xFD,
  0x00, 0x00, 0x1E, 0xFF, 0xFF, 0xEE, 0xEE, 0xFF, 0xFF, 0xF7, 0x00, 0x00, 0x1E, 0xFF, 0xFF, 0xFF,
  0xFF, 0xFF, 0xFF, 0xA0, 0x00, 0x00, 0x1E, 0xFF, 0xFF, 0xFF, 0xFF, 0xFF, 0xF9, 0x10, 0x00, 0x00,
  0x1E, 0xFF, 0xFC, 0x78, 0x77, 0x76, 0x20, 0x00, 0x00, 0x00, 0x1E, 0xFF, 0xFA, 0x00, 0x00, 0x00,
  0x00, 0x00, 0x00, 0x00, 0x1E, 0xFF, 0xFA, 0x00, 0x00, 0x00, 0x00, 0x00, 0x00, 0x00, 0x1E, 0xFF,
  0xFA, 0x00, 0x00, 0x00, 0x00, 0x00, 0x00, 0x00, 0x1E, 0xFF, 0xFA, 0x00, 0x00, 0x00, 0x00, 0x00,
  0x00, 0x00, 0x1E, 0xFF, 0xFA, 0x00, 0x00, 0x00, 0x00, 0x00, 0x00, 0x00, 0x1E, 0xFF, 0xFA, 0x00,
  0x00, 0x00, 0x00, 0x00, 0x00, 0x00, 0x1D, 0xEE, 0xE9, 0x00, 0x00, 0x00, 0x00, 0x00, 0x00, 0x00,
  0x01, 0x11, 0x11, 0x00, 0x00, 0x00, 0x00, 0x00, 0x00, 0x00, 0x00, 0x00, 0x00, 0x00, 0x00, 0x00,
  0x00, 0x00, 0x00, 0x00, 0x00, 0x00, 0x00, 0x03, 0x8A, 0xBB, 0xA8, 0x40, 0x00, 0x00, 0x00, 0x00,
  0x00, 0x02, 0xBF, 0xFF, 0xFF, 0xFF, 0xFC, 0x30, 0x00, 0x00, 0x00, 0x00, 0x3D, 0xFF, 0xFF, 0xFF,
  0xFF, 0xFF, 0xF5, 0x00, 0x00, 0x00, 0x01, 0xDF, 0xFF, 0xFE, 0xCB, 0xEF, 0xFF, 0xFE, 0x20, 0x00,
  0x00, 0x08, 0xFF, 0xFF, 0x92, 0x00, 0x18, 0xFF, 0xFF, 0xA0, 0x00, 0x00, 0x1E, 0xFF, 0xFB, 0x00,
  0x00, 0x00, 0x9F, 0xFF, 0xF3, 0x00, 0x00, 0x4F, 0xFF, 0xF5, 0x00, 0x00, 0x00, 0x3F, 0xFF, 0xF7,
  0x00, 0x00, 0x6F, 0xFF, 0xF4, 0x00, 0x00, 0x00, 0x1E, 0xFF, 0xF9, 0x00, 0x00, 0x7F, 0xFF, 0xF3,
  0x00, 0x00, 0x00, 0x1E, 0xFF, 0xFA, 0x00, 0x00, 0x8F, 0xFF, 0xF3, 0x00, 0x00, 0x00, 0x1E, 0xFF,
  0xFA, 0x00, 0x00, 0x8F, 0xFF, 0xF3, 0x00, 0x00, 0x00, 0x1E, 0xFF, 0xFA, 0x00, 0x00, 0x7F, 0xFF,
  0xF3, 0x00, 0x00, 0x00, 0x1E, 0xFF, 0xFA, 0x00, 0x00, 0x6F, 0xFF, 0xF4, 0x00, 0x00, 0x00, 0x1E,
  0xFF, 0xF9, 0x00, 0x00, 0x4F, 0xFF, 0xF5, 0x00, 0x00, 0x00, 0x3F, 0xFF, 0xF7, 0x00, 0x00, 0x1E,
  0xFF, 0xFB, 0x00, 0x00, 0x00, 0x8F, 0xFF, 0xF3, 0x00, 0x00, 0x08, 0xFF, 0xFF, 0x81, 0x00, 0x07,
  0xFF, 0xFF, 0xB0, 0x00, 0x00, 0x01, 0xDF, 0xFF, 0xFE, 0xBA, 0xDF, 0xFF, 0xFF, 0x40, 0x00, 0x00,
  0x00, 0x3D, 0xFF, 0xFF, 0xFF, 0xFF, 0xFF, 0xF6, 0x00, 0x00, 0x00, 0x00, 0x02, 0xAF, 0xFF, 0xFF,
  0xFF, 0xFC, 0x40, 0x00, 0x00, 0x00, 0x00, 0x00, 0x03, 0x7D, 0xFF, 0xFF, 0x50, 0x00, 0x00, 0x00,
  0x00, 0x00, 0x00, 0x00, 0x07, 0xFF, 0xFF, 0x92, 0x13, 0x75, 0x00, 0x00, 0x00, 0x00, 0x00, 0x01,
  0xDF, 0xFF, 0xFF, 0xEE, 0xF9, 0x00, 0x00, 0x00, 0x00, 0x00, 0x00, 0x3C, 0xFF, 0xFF, 0xFF, 0xF7,
  0x00, 0x00, 0x00, 0x00, 0x00, 0x00, 0x00, 0x69, 0xBB, 0xA8, 0x30, 0x00, 0x00, 0x00, 0x00, 0x00,
  0x00, 0x00, 0x00, 0x00, 0x00, 0x00, 0x00, 0x00, 0x01, 0x11, 0x11, 0x11, 0x11, 0x11, 0x00, 0x00,
  0x00, 0x00, 0x01, 0xDE, 0xEE, 0xEE, 0xEE, 0xEE, 0xDB, 0x60, 0x00, 0x00, 0x00, 0x1E, 0xFF, 0xFF,
  0xFF, 0xFF, 0xFF, 0xFF, 0xA1, 0x00, 0x00, 0x01, 0xEF, 0xFF, 0xFF, 0xFF, 0xFF, 0xFF, 0xFF, 0x90,
  0x00, 0x00, 0x1E, 0xFF, 0xFD, 0x99, 0x99, 0xCF, 0xFF, 0xFE, 0x10, 0x00, 0x01, 0xEF, 0xFF, 0xA0,
  0x00, 0x01, 0xCF, 0xFF, 0xF3, 0x00, 0x00, 0x1E, 0xFF, 0xFA, 0x00, 0x01, 0x07, 0xFF, 0xFF, 0x20,
  0x00, 0x01, 0xEF, 0xFF, 0xA0, 0x00, 0x00, 0xAF, 0xFF, 0xD0, 0x00, 0x00, 0x1E, 0xFF, 0xFA, 0x00,
  0x00, 0x4E, 0xFF, 0xF6, 0x00, 0x00, 0x01, 0xEF, 0xFF, 0xEC, 0xCC, 0xCF, 0xFF, 0xF9, 0x00, 0x00,
  0x00, 0x1E, 0xFF, 0xFF, 0xFF, 0xFF, 0xFF, 0xF6, 0x00, 0x00, 0x00, 0x01, 0xEF, 0xFF, 0xFF, 0xFF,
  0xFF, 0xFF, 0xB3, 0x00, 0x00, 0x00, 0x1E, 0xFF, 0xFE, 0xCC, 0xCE, 0xFF, 0xFF, 0xE2, 0x00, 0x00,
  0x01, 0xEF, 0xFF, 0xA0, 0x00, 0x2B, 0xFF, 0xFF, 0x90, 0x00, 0x00, 0x1E, 0xFF, 0xFA, 0x00, 0x00,
  0x2F, 0xFF, 0xFD, 0x00, 0x00, 0x01, 0xEF, 0xFF, 0xA0, 0x00, 0x00, 0xCF, 0xFF, 0xE1, 0x00, 0x00,
  0x1E, 0xFF, 0xFA, 0x00, 0x00, 0x0A, 0xFF, 0xFE, 0x10, 0x00, 0x01, 0xEF, 0xFF, 0xA0, 0x00, 0x00,
  0xAF, 0xFF, 0xF2, 0x00, 0x00, 0x1E, 0xFE, 0xFA, 0x00, 0x00, 0x08, 0xFF, 0xFF, 0x70, 0x00, 0x01,
  0xFF, 0xFF, 0xB0, 0x00, 0x00, 0x2E, 0xFF, 0xFF, 0x30, 0x00, 0x06, 0x77, 0x75, 0x00, 0x00, 0x00,
  0x28, 0xAA, 0x71, 0x00, 0x00, 0x00, 0x00, 0x00, 0x00, 0x00, 0x00, 0x00, 0x00, 0x00, 0x00, 0x00,
  0x00, 0x00, 0x00, 0x00, 0x00, 0x00, 0x00, 0x00, 0x00, 0x00, 0x00, 0x37, 0x9A, 0xBA, 0x84, 0x00,
  0x00, 0x00, 0x00, 0x00, 0x3B, 0xFF, 0xFF, 0xFF, 0xFF, 0xC4, 0x00, 0x00, 0x00, 0x03, 0xEF, 0xFF,
  0xFF, 0xFF, 0xFF, 0xFF, 0x50, 0x00, 0x00, 0x1D, 0xFF, 0xFF, 0xEB, 0xBD, 0xFF, 0xFF, 0xE1, 0x00,
  0x00, 0x5F, 0xFF, 0xF9, 0x10, 0x00, 0x6F, 0xFF, 0xF5, 0x00, 0x00, 0x7F, 0xFF, 0xF3, 0x00, 0x00,
  0x0B, 0xFF, 0xF7, 0x00, 0x00, 0x7F, 0xFF, 0xF9, 0x10, 0x00, 0x03, 0x44, 0x42, 0x00, 0x00, 0x5F,
  0xFF, 0xFF, 0xD8, 0x52, 0x00, 0x00, 0x00, 0x00, 0x00, 0x1D, 0xFF, 0xFF, 0xFF, 0xFE, 0xC9, 0x40,
  0x00, 0x00, 0x00, 0x03, 0xDF, 0xFF, 0xFF, 0xFF, 0xFF, 0xFB, 0x20, 0x00, 0x00, 0x00, 0x29, 0xEF,
  0xFF, 0xFF, 0xFF, 0xFF, 0xD2, 0x00, 0x00, 0x00, 0x00, 0x26, 0x9D, 0xFF, 0xFF, 0xFF, 0xF9, 0x00,
  0x00, 0x00, 0x00, 0x00, 0x00, 0x26, 0xDF, 0xFF, 0xFD, 0x00, 0x01, 0xAA, 0xAA, 0x50, 0x00, 0x00,
  0x1C, 0xFF, 0xFE, 0x10, 0x01, 0xFF, 0xFF, 0xA0, 0x00, 0x00, 0x0A, 0xFF, 0xFD, 0x00, 0x00, 0xCF,
  0xFF, 0xE6, 0x00, 0x00, 0x5E, 0xFF, 0xFB, 0x00, 0x00, 0x6F, 0xFF, 0xFF, 0xDB, 0xBD, 0xFF, 0xFF,
  0xF4, 0x00, 0x00, 0x0A, 0xFF, 0xFF, 0xFF, 0xFF, 0xFF, 0xFF, 0x80, 0x00, 0x00, 0x00, 0x7E, 0xFF,
  0xFF, 0xFF, 0xFF, 0xD5, 0x00, 0x00, 0x00, 0x00, 0x01, 0x58, 0xAB, 0xA9, 0x74, 0x00, 0x00, 0x00,
  0x00, 0x00, 0x00, 0x00, 0x00, 0x00, 0x00, 0x00, 0x00, 0x00, 0x00, 0x11, 0x11, 0x11, 0x11, 0x11,
  0x11, 0x11, 0x00, 0x07, 0xEE, 0xEE, 0xEE, 0xEE, 0xEE, 0xEE, 0xEE, 0x70, 0x08, 0xFF, 0xFF, 0xFF,
  0xFF, 0xFF, 0xFF, 0xFF, 0x80, 0x09, 0xFF, 0xFF, 0xFF, 0xFF, 0xFF, 0xFF, 0xFF, 0x90, 0x04, 0x77,
  0x87, 0xAF, 0xFF, 0xF9, 0x78, 0x77, 0x40, 0x00, 0x00, 0x00, 0x5F, 0xFF, 0xF2, 0x00, 0x00, 0x00,
  0x00, 0x00, 0x00, 0x6F, 0xFF, 0xF3, 0x00, 0x00, 0x00, 0x00, 0x00, 0x00, 0x6F, 0xFF, 0xF3, 0x00,
  0x00, 0x00, 0x00, 0x00, 0x00, 0x6F, 0xFF, 0xF3, 0x00, 0x00, 0x00, 0x00, 0x00, 0x00, 0x6F, 0xFF,
  0xF3, 0x00, 0x00, 0x00, 0x00, 0x00, 0x00, 0x6F, 0xFF, 0xF3, 0x00, 0x00, 0x00, 0x00, 0x00, 0x00,
  0x6F, 0xFF, 0xF3, 0x00, 0x00, 0x00, 0x00, 0x00, 0x00, 0x6F, 0xFF, 0xF3, 0x00, 0x00, 0x00, 0x00,
  0x00, 0x00, 0x6F, 0xFF, 0xF3, 0x00, 0x00, 0x00, 0x00, 0x00, 0x00, 0x6F, 0xFF, 0xF3, 0x00, 0x00,
  0x00, 0x00, 0x00, 0x00, 0x6F, 0xFF, 0xF3, 0x00, 0x00, 0x00, 0x00, 0x00, 0x00, 0x6F, 0xFF, 0xF3,
  0x00, 0x00, 0x00, 0x00, 0x00, 0x00, 0x6F, 0xFF, 0xF3, 0x00, 0x00, 0x00, 0x00, 0x00, 0x00, 0x6F,
  0xFF, 0xF3, 0x00, 0x00, 0x00, 0x00, 0x00, 0x00, 0x5E, 0xEE, 0xE3, 0x00, 0x00, 0x00, 0x00, 0x00,
  0x00, 0x01, 0x11, 0x10, 0x00, 0x00, 0x00, 0x00, 0x01, 0x11, 0x10, 0x00, 0x00, 0x00, 0x01, 0x11,
  0x10, 0x00, 0x00, 0x0C, 0xEE, 0xEB, 0x00, 0x00, 0x00, 0xBE, 0xEE, 0xC0, 0x00, 0x00, 0x0E, 0xFF,
  0xFC, 0x00, 0x00, 0x00, 0xCF, 0xFF, 0xE0, 0x00, 0x00, 0x0D, 0xFF, 0xFC, 0x00, 0x00, 0x00, 0xCF,
  0xFF, 0xD0, 0x00, 0x00, 0x0E, 0xFF, 0xFC, 0x00, 0x00, 0x00, 0xCF, 0xFF, 0xE0, 0x00, 0x00, 0x0E,
  0xFF, 0xFC, 0x00, 0x00, 0x00, 0xCF, 0xFF, 0xE0, 0x00, 0x00, 0x0E, 0xFF, 0xFC, 0x00, 0x00, 0x00,
  0xCF, 0xFF, 0xE0, 0x00, 0x00, 0x0E, 0xFF, 0xFC, 0x00, 0x00, 0x00, 0xCF, 0xFF, 0xE0, 0x00, 0x00,
  0x0E, 0xFF, 0xFC, 0x00, 0x00, 0x00, 0xCF, 0xFF, 0xE0, 0x00, 0x00, 0x0E, 0xFF, 0xFC, 0x00, 0x00,
  0x00, 0xCF, 0xFF, 0xE0, 0x00, 0x00, 0x0E, 0xFF, 0xFC, 0x00, 0x00, 0x00, 0xCF, 0xFF, 0xE0, 0x00,
  0x00, 0x0E, 0xFF, 0xFC, 0x00, 0x00, 0x00, 0xCF, 0xFF, 0xE0, 0x00, 0x00, 0x0E, 0xFF, 0xFC, 0x00,
  0x00, 0x00, 0xCF, 0xFF, 0xE0, 0x00, 0x00, 0x0E, 0xFF, 0xFC, 0x00, 0x00, 0x00, 0xCF, 0xFF, 0xE0,
  0x00, 0x00, 0x0D, 0xFF, 0xFC, 0x00, 0x00, 0x00, 0xCF, 0xFF, 0xD0, 0x00, 0x00, 0x0C, 0xFF, 0xFF,
  0x30, 0x00, 0x03, 0xFF, 0xFF, 0xC0, 0x00, 0x00, 0x08, 0xFF, 0xFF, 0xD4, 0x11, 0x4D, 0xFF, 0xFF,
  0x70, 0x00, 0x00, 0x02, 0xEF, 0xFF, 0xFF, 0xDD, 0xFF, 0xFF, 0xFE, 0x10, 0x00, 0x00, 0x00, 0x6F,
  0xFF, 0xFF, 0xFF, 0xFF, 0xFF, 0xE4, 0x00, 0x00, 0x00, 0x00, 0x05, 0xDF, 0xFF, 0xFF, 0xFF, 0xFB,
  0x30, 0x00, 0x00, 0x00, 0x00, 0x00, 0x15, 0x8A, 0xAA, 0x97, 0x30, 0x00, 0x00, 0x00, 0x00, 0x00,
  0x00, 0x00, 0x00, 0x00, 0x00, 0x00, 0x00, 0x00, 0x00, 0x01, 0x11, 0x11, 0x00, 0x00, 0x00, 0x00,
  0x01, 0x11, 0x10, 0x0A, 0xEE, 0xEE, 0x20, 0x00, 0x00, 0x00, 0xAE, 0xEE, 0xA0, 0x07, 0xFF, 0xFF,
  0x70, 0x00, 0x00, 0x02, 0xFF, 0xFF, 0x60, 0x02, 0xFF, 0xFF, 0xB0, 0x00, 0x00, 0x06, 0xFF, 0xFE,
  0x20, 0x00, 0xBF, 0xFF, 0xE2, 0x00, 0x00, 0x0A, 0xFF, 0xFB, 0x00, 0x00, 0x7F, 0xFF, 0xF6, 0x00,
  0x00, 0x1E, 0xFF, 0xF6, 0x00, 0x00, 0x3F, 0xFF, 0xFA, 0x00, 0x00, 0x5F, 0xFF, 0xF2, 0x00, 0x00,
  0x0C, 0xFF, 0xFE, 0x10, 0x00, 0xAF, 0xFF, 0xB0, 0x00, 0x00, 0x07, 0xFF, 0xFF, 0x50, 0x01, 0xEF,
  0xFF, 0x70, 0x00, 0x00, 0x03, 0xFF, 0xFF, 0xA0, 0x05, 0xFF, 0xFF, 0x20, 0x00, 0x00, 0x00, 0xCF,
  0xFF, 0xE1, 0x09, 0xFF, 0xFB, 0x00, 0x00, 0x00, 0x00, 0x8F, 0xFF, 0xF4, 0x0D, 0xFF, 0xF7, 0x00,
  0x00, 0x00, 0x00, 0x3F, 0xFF, 0xF8, 0x3F, 0xFF, 0xF2, 0x00, 0x00, 0x00, 0x00, 0x0C, 0xFF, 0xFC,
  0x9F, 0xFF, 0xC0, 0x00, 0x00, 0x00, 0x00, 0x08, 0xFF, 0xFF, 0xFF, 0xFF, 0x70, 0x00, 0x00, 0x00,
  0x00, 0x04, 0xFF, 0xFF, 0xFF, 0xFF, 0x30, 0x00, 0x00, 0x00, 0x00, 0x00, 0xDF, 0xFF, 0xFF, 0xFC,
  0x00, 0x00, 0x00, 0x00, 0x00, 0x00, 0x8F, 0xFF, 0xFF, 0xF7, 0x00, 0x00, 0x00, 0x00, 0x00, 0x00,
  0x4F, 0xFF, 0xFF, 0xF3, 0x00, 0x00, 0x00, 0x00, 0x00, 0x00, 0x1C, 0xEE, 0xEE, 0xB0, 0x00, 0x00,
  0x00, 0x00, 0x00, 0x00, 0x01, 0x11, 0x11, 0x00, 0x00, 0x00, 0x00, 0x01, 0x11, 0x11, 0x00, 0x00,
  0x00, 0x01, 0x11, 0x10, 0x00, 0x00, 0x00, 0x11, 0x11, 0x10, 0x08, 0xEE, 0xEE, 0x40, 0x00, 0x00,
  0x5E, 0xEE, 0xE9, 0x00, 0x00, 0x01, 0xDE, 0xEE, 0x50, 0x05, 0xFF, 0xFF, 0x80, 0x00, 0x00, 0x9F,
  0xFF, 0xFD, 0x00, 0x00, 0x05, 0xFF, 0xFF, 0x20, 0x01, 0xEF, 0xFF, 0xC0, 0x00, 0x00, 0xDF, 0xFF,
  0xFF, 0x30, 0x00, 0x08, 0xFF, 0xFB, 0x00, 0x00, 0xBF, 0xFF, 0xE2, 0x00, 0x03, 0xFF, 0xFF, 0xFF,
  0x70, 0x00, 0x0C, 0xFF, 0xF8, 0x00, 0x00, 0x7F, 0xFF, 0xF5, 0x00, 0x07, 0xFF, 0xFF, 0xFF, 0xB0,
  0x00, 0x2F, 0xFF, 0xF4, 0x00, 0x00, 0x3F, 0xFF, 0xF9, 0x00, 0x0A, 0xFF, 0xFF, 0xFF, 0xE1, 0x00,
  0x6F, 0xFF, 0xE1, 0x00, 0x00, 0x0D, 0xFF, 0xFD, 0x00, 0x1E, 0xFF, 0xFF, 0xFF, 0xF4, 0x00, 0x9F,
  0xFF, 0xA0, 0x00, 0x00, 0x09, 0xFF, 0xFF, 0x30, 0x4F, 0xFF, 0xFF, 0xFF, 0xF8, 0x01, 0xDF, 0xFF,
  0x60, 0x00, 0x00, 0x05, 0xFF, 0xFF, 0x70, 0x8F, 0xFF, 0xBC, 0xFF, 0xFC, 0x03, 0xFF, 0xFF, 0x20,
  0x00, 0x00, 0x02, 0xEF, 0xFF, 0xA0, 0xCF, 0xFF, 0x67, 0xFF, 0xFF, 0x16, 0xFF, 0xFC, 0x00, 0x00,
  0x00, 0x00, 0xBF, 0xFF, 0xD2, 0xEF, 0xFF, 0x24, 0xFF, 0xFF, 0x59, 0xFF, 0xF8, 0x00, 0x00, 0x00,
  0x00, 0x7F, 0xFF, 0xEA, 0xFF, 0xFD, 0x01, 0xEF, 0xFF, 0xAD, 0xFF, 0xF4, 0x00, 0x00, 0x00, 0x00,
  0x3F, 0xFF, 0xFF, 0xFF, 0xF9, 0x00, 0xBF, 0xFF, 0xFF, 0xFF, 0xE1, 0x00, 0x00, 0x00, 0x00, 0x0D,
  0xFF, 0xFF, 0xFF, 0xF6, 0x00, 0x7F, 0xFF, 0xFF, 0xFF, 0xA0, 0x00, 0x00, 0x00, 0x00, 0x09, 0xFF,
  0xFF, 0xFF, 0xF2, 0x00, 0x3F, 0xFF, 0xFF, 0xFF, 0x70, 0x00, 0x00, 0x00, 0x00, 0x06, 0xFF, 0xFF,
  0xFF, 0xC0, 0x00, 0x1D, 0xFF, 0xFF, 0xFF, 0x30, 0x00, 0x00, 0x00, 0x00, 0x02, 0xFF, 0xFF, 0xFF,
  0x80, 0x00, 0x0A, 0xFF, 0xFF, 0xFD, 0x00, 0x00, 0x00, 0x00, 0x00, 0x00, 0xCF, 0xFF, 0xFF, 0x40,
  0x00, 0x06, 0xFF, 0xFF, 0xF9, 0x00, 0x00, 0x00, 0x00, 0x00, 0x00, 0x7E, 0xEE, 0xED, 0x10, 0x00,
  0x02, 0xEE, 0xEE, 0xE5, 0x00, 0x00, 0x00, 0x00, 0x00, 0x00, 0x01, 0x11, 0x11, 0x00, 0x00, 0x00,
  0x11, 0x11, 0x10, 0x00, 0x00, 0x00, 0x00, 0x11, 0x11, 0x10, 0x00, 0x00, 0x00, 0x01, 0x11, 0x11,
  0x00, 0x00, 0x8E, 0xEE, 0xEC, 0x10, 0x00, 0x00, 0x7E, 0xEE, 0xE9, 0x00, 0x00, 0x1D, 0xFF, 0xFF,
  0x90, 0x00, 0x02, 0xEF, 0xFF, 0xE2, 0x00, 0x00, 0x04, 0xFF, 0xFF, 0xF3, 0x00, 0x0A, 0xFF, 0xFF,
  0x50, 0x00, 0x00, 0x00, 0x9F, 0xFF, 0xFC, 0x10, 0x5F, 0xFF, 0xFA, 0x00, 0x00, 0x00, 0x00, 0x1D,
  0xFF, 0xFF, 0x71, 0xDF, 0xFF, 0xE2, 0x00, 0x00, 0x00, 0x00, 0x05, 0xFF, 0xFF, 0xEB, 0xFF, 0xFF,
  0x60, 0x00, 0x00, 0x00, 0x00, 0x00, 0xAF, 0xFF, 0xFF, 0xFF, 0xFB, 0x00, 0x00, 0x00, 0x00, 0x00,
  0x00, 0x1E, 0xFF, 0xFF, 0xFF, 0xE2, 0x00, 0x00, 0x00, 0x00, 0x00, 0x00, 0x05, 0xFF, 0xFF, 0xFF,
  0x60, 0x00, 0x00, 0x00, 0x00, 0x00, 0x00, 0x06, 0xFF, 0xFF, 0xFF, 0x60, 0x00, 0x00, 0x00, 0x00,
  0x00, 0x00, 0x2E, 0xFF, 0xFF, 0xFF, 0xE2, 0x00, 0x00, 0x00, 0x00, 0x00, 0x00, 0xAF, 0xFF, 0xFF,
  0xFF, 0xFB, 0x00, 0x00, 0x00, 0x00, 0x00, 0x05, 0xFF, 0xFF, 0xBD, 0xFF, 0xFF, 0x60, 0x00, 0x00,
  0x00, 0x00, 0x1D, 0xFF, 0xFE, 0x15, 0xFF, 0xFF, 0xE2, 0x00, 0x00, 0x00, 0x00, 0x9F, 0xFF, 0xF6,
  0x00, 0xBF, 0xFF, 0xFA, 0x00, 0x00, 0x00, 0x04, 0xFF, 0xFF, 0xB0, 0x00, 0x3E, 0xFF, 0xFF, 0x50,
  0x00, 0x00, 0x1D, 0xFF, 0xFE, 0x30, 0x00, 0x08, 0xFF, 0xFF, 0xD1, 0x00, 0x00, 0x9F, 0xFF, 0xF8,
  0x00, 0x00, 0x01, 0xDF, 0xFF, 0xFA, 0x00, 0x03, 0xEE, 0xEE, 0xC1, 0x00, 0x00, 0x00, 0x4E, 0xEE,
  0xEE, 0x40, 0x01, 0x11, 0x11, 0x00, 0x00, 0x00, 0x00, 0x01, 0x11, 0x11, 0x10, 0x01, 0x11, 0x11,
  0x00, 0x00, 0x00, 0x00, 0x11, 0x11, 0x10, 0x0A, 0xEE, 0xEE, 0x70, 0x00, 0x00, 0x05, 0xEE, 0xEE,
  0x50, 0x03, 0xFF, 0xFF, 0xE1, 0x00, 0x00, 0x1D, 0xFF, 0xFC, 0x00, 0x00, 0x9F, 0xFF, 0xF8, 0x00,
  0x00, 0x6F, 0xFF, 0xF4, 0x00, 0x00, 0x2E, 0xFF, 0xFE, 0x20, 0x01, 0xDF, 0xFF, 0xB0, 0x00, 0x00,
  0x07, 0xFF, 0xFF, 0x80, 0x07, 0xFF, 0xFF, 0x30, 0x00, 0x00, 0x01, 0xDF, 0xFF, 0xE1, 0x1E, 0xFF,
  0xF9, 0x00, 0x00, 0x00, 0x00, 0x6F, 0xFF, 0xF8, 0x7F, 0xFF, 0xE2, 0x00, 0x00, 0x00, 0x00, 0x0C,
  0xFF, 0xFE, 0xEF, 0xFF, 0x70, 0x00, 0x00, 0x00, 0x00, 0x04, 0xFF, 0xFF, 0xFF, 0xFD, 0x10, 0x00,
  0x00, 0x00, 0x00, 0x00, 0xBF, 0xFF, 0xFF, 0xF6, 0x00, 0x00, 0x00, 0x00, 0x00, 0x00, 0x3F, 0xFF,
  0xFF, 0xC0, 0x00, 0x00, 0x00, 0x00, 0x00, 0x00, 0x09, 0xFF, 0xFF, 0x50, 0x00, 0x00, 0x00, 0x00,
  0x00, 0x00, 0x07, 0xFF, 0xFF, 0x30, 0x00, 0x00, 0x00, 0x00, 0x00, 0x00, 0x08, 0xFF, 0xFF, 0x30,
  0x00, 0x00, 0x00, 0x00, 0x00, 0x00, 0x07, 0xFF, 0xFF, 0x30, 0x00, 0x00, 0x00, 0x00, 0x00, 0x00,
  0x07, 0xFF, 0xFF, 0x30, 0x00, 0x00, 0x00, 0x00, 0x00, 0x00, 0x07, 0xFF, 0xFF, 0x30, 0x00, 0x00,
  0x00, 0x00, 0x00, 0x00, 0x08, 0xFF, 0xFF, 0x30, 0x00, 0x00, 0x00, 0x00, 0x00, 0x00, 0x07, 0xEE,
  0xEE, 0x30, 0x00, 0x00, 0x00, 0x00, 0x00, 0x00, 0x00, 0x11, 0x11, 0x00, 0x00, 0x00, 0x00, 0x00,
  0x11, 0x11, 0x11, 0x11, 0x11, 0x11, 0x11, 0x00, 0x00, 0x1D, 0xEE, 0xEE, 0xEE, 0xEE, 0xEE, 0xEE,
  0xE7, 0x00, 0x01, 0xEF, 0xFF, 0xFF, 0xFF, 0xFF, 0xFF, 0xFF, 0x60, 0x00, 0x1F, 0xFF, 0xFF, 0xFF,
  0xFF, 0xFF, 0xFF, 0xC0, 0x00, 0x00, 0x77, 0x77, 0x78, 0x89, 0xFF, 0xFF, 0xF4, 0x00, 0x00, 0x00,
  0x00, 0x00, 0x00, 0x9F, 0xFF, 0xF9, 0x00, 0x00, 0x00, 0x00, 0x00, 0x00, 0x4F, 0xFF, 0xFE, 0x10,
  0x00, 0x00, 0x00, 0x00, 0x00, 0x0C, 0xFF, 0xFF, 0x60, 0x00, 0x00, 0x00, 0x00, 0x00, 0x07, 0xFF,
  0xFF, 0xC0, 0x00, 0x00, 0x00, 0x00, 0x00, 0x02, 0xEF, 0xFF, 0xF4, 0x00, 0x00, 0x00, 0x00, 0x00,
  0x00, 0xAF, 0xFF, 0xF9, 0x00, 0x00, 0x00, 0x00, 0x00, 0x00, 0x4F, 0xFF, 0xFE, 0x10, 0x00, 0x00,
  0x00, 0x00, 0x00, 0x0C, 0xFF, 0xFF, 0x60, 0x00, 0x00, 0x00, 0x00, 0x00, 0x07, 0xFF, 0xFF, 0xC0,
  0x00, 0x00, 0x00, 0x00, 0x00, 0x02, 0xEF, 0xFF, 0xF4, 0x00, 0x00, 0x00, 0x00, 0x00, 0x00, 0xAF,
  0xFF, 0xF8, 0x00, 0x00, 0x00, 0x00, 0x00, 0x00, 0x4F, 0xFF, 0xFF, 0x98, 0x88, 0x77, 0x77, 0x70,
  0x00, 0x0C, 0xFF, 0xFF, 0xFF, 0xFF, 0xFF, 0xFF, 0xFF, 0x10, 0x06, 0xFF, 0xFF, 0xFF, 0xFF, 0xFF,
  0xFF, 0xFF, 0xE1, 0x00, 0x7E, 0xEE, 0xEE, 0xEE, 0xEE, 0xEE, 0xEE, 0xED, 0x10, 0x00, 0x11, 0x11,
  0x11, 0x11, 0x11, 0x11, 0x11, 0x10, 0x00, 0x00, 0x01, 0x11, 0x11, 0x10, 0x00, 0x01, 0xDE, 0xEE,
  0xED, 0x10, 0x00, 0x1E, 0xFF, 0xFF, 0xE1, 0x00, 0x01, 0xEF, 0xF8, 0x12, 0x00, 0x00, 0x1E, 0xFF,
  0x70, 0x00, 0x00, 0x01, 0xEF, 0xF8, 0x00, 0x00, 0x00, 0x1E, 0xFF, 0x70, 0x00, 0x00, 0x01, 0xEF,
  0xF7, 0x00, 0x00, 0x00, 0x1E, 0xFF, 0x70, 0x00, 0x00, 0x01, 0xEF, 0xF7, 0x00, 0x00, 0x00, 0x1E,
  0xFF, 0x70, 0x00, 0x00, 0x01, 0xEF, 0xF7, 0x00, 0x00, 0x00, 0x1E, 0xFF, 0x70, 0x00, 0x00, 0x01,
  0xEF, 0xF7, 0x00, 0x00, 0x00, 0x1E, 0xFF, 0x70, 0x00, 0x00, 0x01, 0xEF, 0xF7, 0x00, 0x00, 0x00,
  0x1E, 0xFF, 0x70, 0x00, 0x00, 0x01, 0xEF, 0xF7, 0x00, 0x00, 0x00, 0x1E, 0xFF, 0x70, 0x00, 0x00,
  0x01, 0xEF, 0xF7, 0x00, 0x00, 0x00, 0x1E, 0xFF, 0x80, 0x00, 0x00, 0x01, 0xEF, 0xF7, 0x00, 0x00,
  0x00, 0x1E, 0xFF, 0x81, 0x20, 0x00, 0x01, 0xEF, 0xFF, 0xFE, 0x10, 0x00, 0x1D, 0xEE, 0xEE, 0xD1,
  0x00, 0x00, 0x11, 0x11, 0x11, 0x00, 0x01, 0x11, 0x00, 0x00, 0x00, 0x00, 0x00, 0x00, 0x00, 0x00,
  0x04, 0xEE, 0xB0, 0x00, 0x00, 0x00, 0x00, 0x00, 0x00, 0x00, 0x00, 0xBF, 0xF6, 0x00, 0x00, 0x00,
  0x00, 0x00, 0x00, 0x00, 0x00, 0x3E, 0xFD, 0x10, 0x00, 0x00, 0x00, 0x00, 0x00, 0x00, 0x00, 0x08,
  0xFF, 0x80, 0x00, 0x00, 0x00, 0x00, 0x00, 0x00, 0x00, 0x01, 0xEF, 0xE3, 0x00, 0x00, 0x00, 0x00,
  0x00, 0x00, 0x00, 0x00, 0x6F, 0xFA, 0x00, 0x00, 0x00, 0x00, 0x00, 0x00, 0x00, 0x00, 0x0C, 0xFF,
  0x40, 0x00, 0x00, 0x00, 0x00, 0x00, 0x00, 0x00, 0x04, 0xFF, 0xC0, 0x00, 0x00, 0x00, 0x00, 0x00,
  0x00, 0x00, 0x00, 0xAF, 0xF7, 0x00, 0x00, 0x00, 0x00, 0x00, 0x00, 0x00, 0x00, 0x2E, 0xFE, 0x10,
  0x00, 0x00, 0x00, 0x00, 0x00, 0x00, 0x00, 0x08, 0xFF, 0x90, 0x00, 0x00, 0x00, 0x00, 0x00, 0x00,
  0x00, 0x01, 0xDF, 0xF3, 0x00, 0x00, 0x00, 0x00, 0x00, 0x00, 0x00, 0x00, 0x6F, 0xFB, 0x00, 0x00,
  0x00, 0x00, 0x00, 0x00, 0x00, 0x00, 0x0C, 0xFF, 0x50, 0x00, 0x00, 0x00, 0x00, 0x00, 0x00, 0x00,
  0x04, 0xFF, 0xD1, 0x00, 0x00, 0x00, 0x00, 0x00, 0x00, 0x00, 0x00, 0xAF, 0xF7, 0x00, 0x00, 0x00,
  0x00, 0x00, 0x00, 0x00, 0x00, 0x2E, 0xFE, 0x20, 0x00, 0x00, 0x00, 0x00, 0x00, 0x00, 0x00, 0x07,
  0xFF, 0xA0, 0x00, 0x00, 0x00, 0x00, 0x00, 0x00, 0x00, 0x01, 0xDF, 0xF4, 0x00, 0x00, 0x00, 0x00,
  0x00, 0x00, 0x00, 0x00, 0x5F, 0xFC, 0x00, 0x00, 0x00, 0x00, 0x00, 0x00, 0x00, 0x00, 0x0B, 0xFF,
  0x60, 0x00, 0x00, 0x00, 0x00, 0x00, 0x00, 0x00, 0x03, 0xFF, 0xD1, 0x00, 0x00, 0x00, 0x00, 0x00,
  0x00, 0x00, 0x00, 0x9F, 0xF9, 0x00, 0x00, 0x00, 0x00, 0x00, 0x00, 0x00, 0x00, 0x2A, 0xBA, 0x10,
  0x00, 0x00, 0x00, 0x00, 0x00, 0x00, 0x00, 0x00, 0x00, 0x00, 0x00, 0x11, 0x11, 0x11, 0x00, 0x00,
  0x1D, 0xEE, 0xEE, 0xD1, 0x00, 0x01, 0xEF, 0xFF, 0xFE, 0x10, 0x00, 0x02, 0x18, 0xFF, 0xE1, 0x00,
  0x00, 0x00, 0x7F, 0xFE, 0x10, 0x00, 0x00, 0x08, 0xFF, 0xE1, 0x00, 0x00, 0x00, 0x7F, 0xFE, 0x10,
  0x00, 0x00, 0x07, 0xFF, 0xE1, 0x00, 0x00, 0x00, 0x7F, 0xFE, 0x10, 0x00, 0x00, 0x07, 0xFF, 0xE1,
  0x00, 0x00, 0x00, 0x7F, 0xFE, 0x10, 0x00, 0x00, 0x07, 0xFF, 0xE1, 0x00, 0x00, 0x00, 0x7F, 0xFE,
  0x10, 0x00, 0x00, 0x07, 0xFF, 0xE1, 0x00, 0x00, 0x00, 0x7F, 0xFE, 0x10, 0x00, 0x00, 0x07, 0xFF,
  0xE1, 0x00, 0x00, 0x00, 0x7F, 0xFE, 0x10, 0x00, 0x00, 0x07, 0xFF, 0xE1, 0x00, 0x00, 0x00, 0x7F,
  0xFE, 0x10, 0x00, 0x00, 0x07, 0xFF, 0xE1, 0x00, 0x00, 0x00, 0x8F, 0xFE, 0x10, 0x00, 0x00, 0x07,
  0xFF, 0xE1, 0x00, 0x00, 0x21, 0x8F, 0xFE, 0x10, 0x00, 0x1E, 0xFF, 0xFF, 0xE1, 0x00, 0x01, 0xDE,
  0xEE, 0xED, 0x10, 0x00, 0x01, 0x11, 0x11, 0x10, 0x00, 0x00, 0x00, 0x00, 0x00, 0x00, 0x00, 0x00,
  0x00, 0x00, 0x00, 0x00, 0x00, 0x00, 0x6B, 0xBB, 0x30, 0x00, 0x00, 0x00, 0x00, 0x00, 0x00, 0x0D,
  0xFF, 0xFA, 0x00, 0x00, 0x00, 0x00, 0x00, 0x00, 0x04, 0xFF, 0xFF, 0xE2, 0x00, 0x00, 0x00, 0x00,
  0x00, 0x00, 0xAF, 0xFF, 0xFF, 0x70, 0x00, 0x00, 0x00, 0x00, 0x00, 0x2E, 0xFE, 0x7F, 0xFC, 0x00,
  0x00, 0x00, 0x00, 0x00, 0x07, 0xFF, 0xA0, 0xDF, 0xF4, 0x00, 0x00, 0x00, 0x00, 0x00, 0xDF, 0xF5,
  0x08, 0xFF, 0xA0, 0x00, 0x00, 0x00, 0x00, 0x4F, 0xFD, 0x10, 0x3F, 0xFE, 0x20, 0x00, 0x00, 0x00,
  0x0A, 0xFF, 0x80, 0x00, 0xBF, 0xF7, 0x00, 0x00, 0x00, 0x02, 0xEF, 0xF3, 0x00, 0x06, 0xFF, 0xC0,
  0x00, 0x00, 0x00, 0x7F, 0xFB, 0x00, 0x00, 0x1E, 0xFF, 0x40, 0x00, 0x00, 0x0D, 0xFF, 0x60, 0x00,
  0x00, 0x9F, 0xF9, 0x00, 0x00, 0x04, 0xFF, 0xE1, 0x00, 0x00, 0x04, 0xFF, 0xE2, 0x00, 0x00, 0x9E,
  0xE9, 0x00, 0x00, 0x00, 0x0B, 0xEE, 0x60, 0x00, 0x01, 0x11, 0x00, 0x00, 0x00, 0x00, 0x11, 0x11,
  0x00, 0x00, 0x00, 0x00, 0x00, 0x00, 0x00, 0x00, 0x00, 0x00, 0x00, 0x00, 0x00, 0x00, 0x00, 0x00,
  0x00, 0x00, 0x00, 0x00, 0x00, 0x00, 0x00, 0x04, 0x87, 0x77, 0x77, 0x77, 0x77, 0x77, 0x84, 0x00,
  0x00, 0x00, 0x8F, 0xFF, 0xFF, 0xFF, 0xFF, 0xFF, 0xFF, 0x80, 0x00, 0x00, 0x07, 0xEE, 0xEE, 0xEE,
  0xEE, 0xEE, 0xEE, 0xE7, 0x00, 0x00, 0x00, 0x12, 0x22, 0x22, 0x22, 0x22, 0x22, 0x22, 0x10, 0x00,
  0x00, 0x00, 0x00, 0x11, 0x11, 0x00, 0x00, 0x00, 0x00, 0x00, 0x00, 0x00, 0x04, 0xEE, 0xE5, 0x00,
  0x00, 0x00, 0x00, 0x00, 0x00, 0x00, 0x0B, 0xFF, 0xC0, 0x00, 0x00, 0x00, 0x00, 0x00, 0x00, 0x00,
  0x2E, 0xFF, 0x50, 0x00, 0x00, 0x00, 0x00, 0x00, 0x00, 0x00, 0x7F, 0xFB, 0x00, 0x00, 0x00, 0x00,
  0x00, 0x00, 0x00, 0x00, 0xCF, 0xF4, 0x00, 0x00, 0x00, 0x00, 0x00, 0x00, 0x00, 0x01, 0x22, 0x10,
  0x00, 0x00, 0x00, 0x00, 0x00, 0x00, 0x00, 0x00, 0x00, 0x00, 0x00, 0x00, 0x00, 0x00, 0x00, 0x00,
  0x00, 0x00, 0x00, 0x00, 0x00, 0x00, 0x00, 0x00, 0x00, 0x00, 0x00, 0x00, 0x00, 0x00, 0x00, 0x00,
  0x00, 0x00, 0x00, 0x00, 0x00, 0x00, 0x00, 0x00, 0x00, 0x00, 0x00, 0x00, 0x00, 0x00, 0x00, 0x00,
  0x00, 0x00, 0x00, 0x00, 0x00, 0x00, 0x00, 0x00, 0x00, 0x00, 0x00, 0x00, 0x00, 0x00, 0x00, 0x00,
  0x00, 0x00, 0x00, 0x00, 0x00, 0x00, 0x00, 0x00, 0x00, 0x00, 0x00, 0x00, 0x00, 0x00, 0x00, 0x00,
  0x00, 0x00, 0x00, 0x00, 0x00, 0x00, 0x00, 0x00, 0x00, 0x00, 0x00, 0x00, 0x00, 0x00, 0x00, 0x00,
  0x00, 0x00, 0x00, 0x00, 0x00, 0x00, 0x00, 0x00, 0x00, 0x00, 0x00, 0x00, 0x00, 0x00, 0x00, 0x00,
  0x00, 0x00, 0x00, 0x00, 0x00, 0x00, 0x00, 0x00, 0x00, 0x00, 0x00, 0x00, 0x00, 0x00, 0x00, 0x00,
  0x00, 0x00, 0x00, 0x00, 0x00, 0x00, 0x00, 0x00, 0x00, 0x00, 0x00, 0x00, 0x00, 0x00, 0x00, 0x00,
  0x00, 0x00, 0x00, 0x00, 0x00, 0x00, 0x00, 0x00, 0x00, 0x00, 0x00, 0x00, 0x00, 0x00, 0x00, 0x00,
  0x00, 0x00, 0x00, 0x00, 0x00, 0x00, 0x00, 0x00, 0x00, 0x00, 0x00, 0x00, 0x00, 0x00, 0x00, 0x00,
  0x03, 0x79, 0xAB, 0xA9, 0x74, 0x00, 0x00, 0x00, 0x00, 0x01, 0xAF, 0xFF, 0xFF, 0xFF, 0xFF, 0xB1,
  0x00, 0x00, 0x00, 0x0B, 0xFF, 0xFF, 0xFE, 0xFF, 0xFF, 0xFB, 0x00, 0x00, 0x00, 0x5F, 0xFF, 0xFC,
  0x42, 0x3B, 0xFF, 0xFF, 0x40, 0x00, 0x00, 0x5B, 0xBB, 0xB3, 0x00, 0x03, 0xFF, 0xFF, 0x60, 0x00,
  0x00, 0x00, 0x00, 0x00, 0x01, 0x14, 0xFF, 0xFF, 0x60, 0x00, 0x00, 0x00, 0x15, 0x9B, 0xCD, 0xEE,
  0xFF, 0xFF, 0x60, 0x00, 0x00, 0x06, 0xDF, 0xFF, 0xFF, 0xFF, 0xFF, 0xFF, 0x60, 0x00, 0x00, 0x5F,
  0xFF, 0xFC, 0x63, 0x14, 0xFF, 0xFF, 0x60, 0x00, 0x00, 0xBF, 0xFF, 0xE2, 0x00, 0x03, 0xFF, 0xFF,
  0x60, 0x00, 0x00, 0xEF, 0xFF, 0xC0, 0x00, 0x08, 0xFF, 0xFF, 0x60, 0x00, 0x00, 0xDF, 0xFF, 0xF7,
  0x22, 0x7F, 0xFF, 0xFF, 0x92, 0x10, 0x00, 0x9F, 0xFF, 0xFF, 0xEE, 0xFC, 0xDF, 0xFF, 0xFE, 0x40,
  0x00, 0x1B, 0xFF, 0xFF, 0xFF, 0xA1, 0x7F, 0xFF, 0xFF, 0x40, 0x00, 0x00, 0x59, 0xAA, 0x84, 0x00,
  0x05, 0x9B, 0xA7, 0x10, 0x00, 0x00, 0x00, 0x00, 0x00, 0x00, 0x00, 0x00, 0x00, 0x00, 0x00, 0x11,
  0x11, 0x10, 0x00, 0x00, 0x00, 0x00, 0x00, 0x00, 0x8E, 0xEE, 0xD1, 0x00, 0x00, 0x00, 0x00, 0x00,
  0x00, 0x9F, 0xFF, 0xE1, 0x00, 0x00, 0x00, 0x00, 0x00, 0x00, 0x9F, 0xFF, 0xD1, 0x00, 0x00, 0x00,
  0x00, 0x00, 0x00, 0x9F, 0xFF, 0xD1, 0x00, 0x00, 0x00, 0x00, 0x00, 0x00, 0x9F, 0xFF, 0xD1, 0x00,
  0x00, 0x00, 0x00, 0x00, 0x00, 0x9F, 0xFF, 0xE1, 0x04, 0x65, 0x20, 0x00, 0x00, 0x00, 0x9F, 0xFF,
  0xD4, 0xCF, 0xFF, 0xF9, 0x10, 0x00, 0x00, 0x9F, 0xFF, 0xEF, 0xFF, 0xFF, 0xFF, 0xB0, 0x00, 0x00,
  0x9F, 0xFF, 0xFF, 0x85, 0xBF, 0xFF, 0xF5, 0x00, 0x00, 0x9F, 0xFF, 0xF6, 0x00, 0x0D, 0xFF, 0xFB,
  0x00, 0x00, 0x9F, 0xFF, 0xE2, 0x00, 0x08, 0xFF, 0xFD, 0x10, 0x00, 0x9F, 0xFF, 0xD1, 0x00, 0x07,
  0xFF, 0xFE, 0x10, 0x00, 0x9F, 0xFF, 0xD1, 0x00, 0x07, 0xFF, 0xFF, 0x10, 0x00, 0x9F, 0xFF, 0xD1,
  0x00, 0x07, 0xFF, 0xFE, 0x10, 0x00, 0x9F, 0xFF, 0xE2, 0x00, 0x08, 0xFF, 0xFD, 0x10, 0x00, 0x9F,
  0xFF, 0xF4, 0x00, 0x0B, 0xFF, 0xFA, 0x00, 0x00, 0x9F, 0xFF, 0xFC, 0x31, 0x7F, 0xFF, 0xF5, 0x00,
  0x00, 0x8F, 0xFB, 0xFF, 0xED, 0xFF, 0xFF, 0xB0, 0x00, 0x00, 0x9F, 0xC0, 0x6E, 0xFF, 0xFF, 0xFB,
  0x10, 0x00, 0x00, 0x48, 0x20, 0x03, 0x8A, 0xB9, 0x50, 0x00, 0x00, 0x00, 0x00, 0x00, 0x00, 0x00,
  0x00, 0x00, 0x00, 0x00, 0x00, 0x00, 0x00, 0x00, 0x00, 0x00, 0x00, 0x00, 0x00, 0x00, 0x00, 0x00,
  0x59, 0xAB, 0xA8, 0x40, 0x00, 0x00, 0x00, 0x00, 0x4C, 0xFF, 0xFF, 0xFF, 0xFA, 0x10, 0x00, 0x00,
  0x04, 0xFF, 0xFF, 0xFE, 0xFF, 0xFF, 0xC1, 0x00, 0x00, 0x1E, 0xFF, 0xFB, 0x31, 0x4D, 0xFF, 0xF7,
  0x00, 0x00, 0x8F, 0xFF, 0xD1, 0x00, 0x05, 0xFF, 0xFC, 0x00, 0x00, 0xCF, 0xFF, 0xA0, 0x00, 0x01,
  0xEF, 0xFD, 0x10, 0x01, 0xEF, 0xFF, 0xA0, 0x00, 0x00, 0x22, 0x22, 0x00, 0x01, 0xEF, 0xFF, 0xA0,
  0x00, 0x00, 0x00, 0x00, 0x00, 0x01, 0xEF, 0xFF, 0xA0, 0x00, 0x00, 0x12, 0x22, 0x00, 0x00, 0xCF,
  0xFF, 0xA0, 0x00, 0x00, 0x8F, 0xFD, 0x10, 0x00, 0x8F, 0xFF, 0xE1, 0x00, 0x00, 0xBF, 0xFC, 0x00,
  0x00, 0x2E, 0xFF, 0xFB, 0x41, 0x39, 0xFF, 0xF7, 0x00, 0x00, 0x05, 0xFF, 0xFF, 0xFE, 0xFF, 0xFF,
  0xB1, 0x00, 0x00, 0x00, 0x4D, 0xFF, 0xFF, 0xFF, 0xFA, 0x10, 0x00, 0x00, 0x00, 0x01, 0x69, 0xAB,
  0xA8, 0x30, 0x00, 0x00, 0x00, 0x00, 0x00, 0x00, 0x00, 0x00, 0x00, 0x00, 0x00, 0x00, 0x00, 0x00,
  0x00, 0x00, 0x01, 0x11, 0x11, 0x00, 0x00, 0x00, 0x00, 0x00, 0x00, 0x00, 0x7E, 0xEE, 0xE3, 0x00,
  0x00, 0x00, 0x00, 0x00, 0x00, 0x08, 0xFF, 0xFF, 0x30, 0x00, 0x00, 0x00, 0x00, 0x00, 0x00, 0x7F,
  0xFF, 0xF3, 0x00, 0x00, 0x00, 0x00, 0x00, 0x00, 0x07, 0xFF, 0xFF, 0x30, 0x00, 0x00, 0x00, 0x00,
  0x00, 0x00, 0x8F, 0xFF, 0xF3, 0x00, 0x00, 0x00, 0x01, 0x46, 0x52, 0x07, 0xFF, 0xFF, 0x30, 0x00,
  0x00, 0x06, 0xDF, 0xFF, 0xE7, 0x8F, 0xFF, 0xF3, 0x00, 0x00, 0x07, 0xFF, 0xFF, 0xFF, 0xFE, 0xFF,
  0xFF, 0x30, 0x00, 0x03, 0xFF, 0xFF, 0xD6, 0x6C, 0xFF, 0xFF, 0xF3, 0x00, 0x00, 0x9F, 0xFF, 0xE2,
  0x00, 0x1D, 0xFF, 0xFF, 0x30, 0x00, 0x0C, 0xFF, 0xFB, 0x00, 0x00, 0x8F, 0xFF, 0xF3, 0x00, 0x01,
  0xEF, 0xFF, 0xA0, 0x00, 0x07, 0xFF, 0xFF, 0x30, 0x00, 0x1E, 0xFF, 0xFA, 0x00, 0x00, 0x7F, 0xFF,
  0xF3, 0x00, 0x01, 0xEF, 0xFF, 0xA0, 0x00, 0x07, 0xFF, 0xFF, 0x30, 0x00, 0x0D, 0xFF, 0xFA, 0x00,
  0x00, 0x8F, 0xFF, 0xF3, 0x00, 0x00, 0xAF, 0xFF, 0xD0, 0x00, 0x0B, 0xFF, 0xFF, 0x30, 0x00, 0x05,
  0xFF, 0xFF, 0x92, 0x17, 0xFF, 0xFF, 0xF3, 0x00, 0x00, 0x0C, 0xFF, 0xFF, 0xEE, 0xFF, 0xEF, 0xFF,
  0x30, 0x00, 0x00, 0x2C, 0xFF, 0xFF, 0xFE, 0x4C, 0xFF, 0xF4, 0x00, 0x00, 0x00, 0x06, 0x9B, 0xA8,
  0x20, 0x58, 0x88, 0x20, 0x00, 0x00, 0x00, 0x00, 0x00, 0x00, 0x00, 0x00, 0x00, 0x00, 0x00, 0x00,
  0x00, 0x00, 0x00, 0x00, 0x00, 0x00, 0x00, 0x00, 0x00, 0x01, 0x69, 0xAB, 0xA8, 0x40, 0x00, 0x00,
  0x00, 0x00, 0x6D, 0xFF, 0xFF, 0xFF, 0xFA, 0x10, 0x00, 0x00, 0x07, 0xFF, 0xFF, 0xEE, 0xFF, 0xFF,
  0xC1, 0x00, 0x00, 0x3F, 0xFF, 0xF9, 0x22, 0x7F, 0xFF, 0xF7, 0x00, 0x00, 0x9F, 0xFF, 0xC0, 0x00,
  0x09, 0xFF, 0xFC, 0x00, 0x01, 0xDF, 0xFF, 0x81, 0x11, 0x16, 0xFF, 0xFE, 0x10, 0x01, 0xEF, 0xFF,
  0xFE, 0xEE, 0xEF, 0xFF, 0xFF, 0x10, 0x01, 0xFF, 0xFF, 0xFE, 0xEE, 0xEE, 0xEE, 0xEE, 0x10, 0x01,
  0xEF, 0xFF, 0x81, 0x11, 0x11, 0x11, 0x11, 0x00, 0x01, 0xDF, 0xFF, 0xA0, 0x00, 0x00, 0x9B, 0xBB,
  0x10, 0x00, 0xAF, 0xFF, 0xD1, 0x00, 0x03, 0xFF, 0xFD, 0x10, 0x00, 0x3F, 0xFF, 0xFB, 0x31, 0x4C,
  0xFE, 0xF8, 0x00, 0x00, 0x07, 0xFF, 0xFF, 0xFE, 0xFF, 0xFF, 0xC1, 0x00, 0x00, 0x00, 0x6E, 0xFF,
  0xFF, 0xFF, 0xFA, 0x10, 0x00, 0x00, 0x00, 0x01, 0x69, 0xAB, 0xA7, 0x30, 0x00, 0x00, 0x00, 0x00,
  0x00, 0x00, 0x00, 0x00, 0x00, 0x00, 0x00, 0x00, 0x00, 0x00, 0x01, 0x10, 0x00, 0x00, 0x00, 0x00,
  0x7B, 0xEE, 0xCA, 0x40, 0x00, 0x00, 0xBF, 0xFF, 0xFF, 0xF8, 0x00, 0x00, 0x5F, 0xFF, 0xFF, 0xCD,
  0x70, 0x00, 0x07, 0xFF, 0xFF, 0x70, 0x11, 0x00, 0x00, 0x7F, 0xFF, 0xF3, 0x00, 0x00, 0x00, 0x18,
  0xFF, 0xFF, 0x41, 0x10, 0x00, 0x1D, 0xFF, 0xFF, 0xFE, 0xEE, 0x70, 0x01, 0xFF, 0xFF, 0xFF, 0xFF,
  0xF8, 0x00, 0x1D, 0xFF, 0xFF, 0xFE, 0xEE, 0x70, 0x00, 0x18, 0xFF, 0xFF, 0x41, 0x10, 0x00, 0x00,
  0x7F, 0xFF, 0xF3, 0x00, 0x00, 0x00, 0x07, 0xFF, 0xFF, 0x30, 0x00, 0x00, 0x00, 0x7F, 0xFF, 0xF3,
  0x00, 0x00, 0x00, 0x07, 0xFF, 0xFF, 0x30, 0x00, 0x00, 0x00, 0x7F, 0xFF, 0xF3, 0x00, 0x00, 0x00,
  0x07, 0xFF, 0xFF, 0x30, 0x00, 0x00, 0x00, 0x7F, 0xFF, 0xF3, 0x00, 0x00, 0x00, 0x07, 0xFF, 0xFF,
  0x30, 0x00, 0x00, 0x00, 0x8F, 0xFF, 0xF3, 0x00, 0x00, 0x00, 0x07, 0xEE, 0xEE, 0x30, 0x00, 0x00,
  0x00, 0x01, 0x11, 0x10, 0x00, 0x00, 0x00, 0x00, 0x00, 0x00, 0x00, 0x00, 0x5F, 0xFF, 0x50, 0x00,
  0x00, 0x00, 0x13, 0x44, 0x24, 0xEF, 0xFD, 0x10, 0x00, 0x00, 0x29, 0xEF, 0xFF, 0xEF, 0xFE, 0xC2,
  0x00, 0x00, 0x02, 0xDF, 0xFF, 0xFF, 0xFF, 0xFC, 0x00, 0x00, 0x00, 0x0A, 0xFF, 0xFB, 0x55, 0xBF,
  0xFF, 0x80, 0x00, 0x00, 0x1E, 0xFF, 0xD1, 0x00, 0x1D, 0xFF, 0xE1, 0x00, 0x00, 0x2F, 0xFF, 0xD0,
  0x00, 0x0D, 0xFF, 0xF2, 0x00, 0x00, 0x0D, 0xFF, 0xF8, 0x11, 0x8F, 0xFF, 0xC0, 0x00, 0x00, 0x05,
  0xEF, 0xFF, 0xEE, 0xFF, 0xFF, 0x40, 0x00, 0x00, 0x02, 0xDF, 0xFF, 0xFF, 0xFF, 0xD5, 0x00, 0x00,
  0x00, 0x2D, 0xFF, 0xD8, 0x88, 0x75, 0x10, 0x00, 0x00, 0x00, 0x8F, 0xEF, 0x60, 0x00, 0x00, 0x00,
  0x00, 0x00, 0x00, 0x8F, 0xFF, 0xD8, 0x88, 0x88, 0x76, 0x10, 0x00, 0x00, 0x3D, 0xFF, 0xFF, 0xFF,
  0xFF, 0xFF, 0xE4, 0x00, 0x00, 0x1B, 0xFF, 0xFF, 0xFF, 0xFF, 0xFF, 0xFE, 0x20, 0x01, 0xBF, 0xFA,
  0x55, 0x55, 0x46, 0xDF, 0xFF, 0x60, 0x05, 0xFF, 0xD0, 0x00, 0x00, 0x00, 0x6F, 0xEF, 0x80, 0x08,
  0xFF, 0xE4, 0x00, 0x00, 0x01, 0xAF, 0xFF, 0x70, 0x06, 0xFF, 0xFE, 0xBB, 0xBB, 0xBD, 0xFF, 0xFE,
  0x20, 0x01, 0xCF, 0xFF, 0xFF, 0xFF, 0xFF, 0xFF, 0xF6, 0x00, 0x00, 0x29, 0xDE, 0xEE, 0xEE, 0xEE,
  0xDA, 0x40, 0x00, 0x00, 0x00, 0x11, 0x11, 0x11, 0x11, 0x10, 0x00, 0x00, 0x00, 0x01, 0x11, 0x10,
  0x00, 0x00, 0x00, 0x00, 0x00, 0x00, 0x8E, 0xEE, 0xD1, 0x00, 0x00, 0x00, 0x00, 0x00, 0x00, 0x9F,
  0xFF, 0xE1, 0x00, 0x00, 0x00, 0x00, 0x00, 0x00, 0x9F, 0xFF, 0xD1, 0x00, 0x00, 0x00, 0x00, 0x00,
  0x00, 0x9F, 0xFF, 0xD1, 0x00, 0x00, 0x00, 0x00, 0x00, 0x00, 0x9F, 0xFF, 0xD1, 0x00, 0x00, 0x00,
  0x00, 0x00, 0x00, 0x9F, 0xFF, 0xE1, 0x01, 0x44, 0x20, 0x00, 0x00, 0x00, 0x9F, 0xFF, 0xD2, 0x8E,
  0xFF, 0xE9, 0x10, 0x00, 0x00, 0x9F, 0xFF, 0xEC, 0xFF, 0xFF, 0xFF, 0xA0, 0x00, 0x00, 0x9F, 0xFF,
  0xFF, 0xCC, 0xFF, 0xFF, 0xF4, 0x00, 0x00, 0x9F, 0xFF, 0xF9, 0x00, 0x7F, 0xFF, 0xF8, 0x00, 0x00,
  0x9F, 0xFF, 0xE2, 0x00, 0x1E, 0xFF, 0xF9, 0x00, 0x00, 0x9F, 0xFF, 0xD1, 0x00, 0x1D, 0xFF, 0xF9,
  0x00, 0x00, 0x9F, 0xFF, 0xD1, 0x00, 0x1D, 0xFF, 0xF9, 0x00, 0x00, 0x9F, 0xFF, 0xD1, 0x00, 0x1D,
  0xFF, 0xF9, 0x00, 0x00, 0x9F, 0xFF, 0xD1, 0x00, 0x1D, 0xFF, 0xF9, 0x00, 0x00, 0x9F, 0xFF, 0xD1,
  0x00, 0x1D, 0xFF, 0xF9, 0x00, 0x00, 0x9F, 0xFF, 0xD1, 0x00, 0x1D, 0xFF, 0xF9, 0x00, 0x00, 0x9F,
  0xFF, 0xD1, 0x00, 0x1D, 0xFF, 0xF9, 0x00, 0x00, 0x9F, 0xFF, 0xE1, 0x00, 0x1E, 0xFF, 0xF9, 0x00,
  0x00, 0x8E, 0xEE, 0xD1, 0x00, 0x1D, 0xEE, 0xE8, 0x00, 0x00, 0x01, 0x11, 0x10, 0x00, 0x01, 0x11,
  0x10, 0x00, 0x00, 0x01, 0x11, 0x10, 0x00, 0x00, 0x2E, 0xEE, 0xE5, 0x00, 0x00, 0x2F, 0xFF, 0xF5,
  0x00, 0x00, 0x3F, 0xFF, 0xF5, 0x00, 0x00, 0x18, 0x87, 0x82, 0x00, 0x00, 0x00, 0x00, 0x00, 0x00,
  0x00, 0x01, 0x11, 0x10, 0x00, 0x00, 0x2E, 0xEE, 0xE5, 0x00, 0x00, 0x2F, 0xFF, 0xF5, 0x00, 0x00,
  0x2F, 0xFF, 0xF5, 0x00, 0x00, 0x2F, 0xFF, 0xF5, 0x00, 0x00, 0x2F, 0xFF, 0xF5, 0x00, 0x00, 0x2F,
  0xFF, 0xF5, 0x00, 0x00, 0x2F, 0xFF, 0xF5, 0x00, 0x00, 0x2F, 0xFF, 0xF5, 0x00, 0x00, 0x2F, 0xFF,
  0xF5, 0x00, 0x00, 0x2F, 0xFF, 0xF5, 0x00, 0x00, 0x2F, 0xFF, 0xF5, 0x00, 0x00, 0x2F, 0xFF, 0xF5,
  0x00, 0x00, 0x2F, 0xFF, 0xF5, 0x00, 0x00, 0x2E, 0xEE, 0xE5, 0x00, 0x00, 0x01, 0x11, 0x10, 0x00,
  0x00, 0x00, 0x00, 0x00, 0x00, 0x00, 0x00, 0x00, 0x11, 0x11, 0x10, 0x00, 0x00, 0x00, 0x7E, 0xEE,
  0xE3, 0x00, 0x00, 0x00, 0x8F, 0xFF, 0xF3, 0x00, 0x00, 0x00, 0x7F, 0xFF, 0xF3, 0x00, 0x00, 0x00,
  0x7F, 0xFF, 0xF3, 0x00, 0x00, 0x00, 0x7F, 0xFF, 0xF3, 0x00, 0x00, 0x00, 0x7F, 0xFF, 0xF3, 0x00,
  0x00, 0x00, 0x7F, 0xFF, 0xF3, 0x00, 0x00, 0x00, 0x7F, 0xFF, 0xF3, 0x00, 0x00, 0x00, 0x7F, 0xFF,
  0xF3, 0x00, 0x00, 0x00, 0x7F, 0xFF, 0xF3, 0x00, 0x00, 0x00, 0x7F, 0xFF, 0xF3, 0x00, 0x00, 0x00,
  0x7F, 0xFF, 0xF3, 0x00, 0x00, 0x00, 0x7F, 0xFF, 0xF3, 0x00, 0x00, 0x00, 0x7F, 0xFF, 0xF3, 0x00,
  0x00, 0x00, 0x7F, 0xFF, 0xF3, 0x00, 0x01, 0x00, 0xBF, 0xFF, 0xF3, 0x00, 0x0A, 0xBC, 0xFF, 0xFF,
  0xD1, 0x00, 0x0C, 0xFF, 0xFF, 0xFF, 0x60, 0x00, 0x06, 0xBD, 0xED, 0xA4, 0x00, 0x00, 0x00, 0x01,
  0x11, 0x00, 0x00, 0x00, 0x00, 0x01, 0x11, 0x10, 0x00, 0x00, 0x00, 0x00, 0x00, 0x00, 0x8E, 0xEE,
  0xD1, 0x00, 0x00, 0x00, 0x00, 0x00, 0x00, 0x9F, 0xFF, 0xE1, 0x00, 0x00, 0x00, 0x00, 0x00, 0x00,
  0x9F, 0xFF, 0xD1, 0x00, 0x00, 0x00, 0x00, 0x00, 0x00, 0x9F, 0xFF, 0xD1, 0x00, 0x00, 0x00, 0x00,
  0x00, 0x00, 0x9F, 0xFF, 0xD1, 0x00, 0x00, 0x00, 0x00, 0x00, 0x00, 0x9F, 0xFF, 0xD1, 0x00, 0x00,
  0x11, 0x11, 0x10, 0x00, 0x9F, 0xFF, 0xD1, 0x00, 0x09, 0xEE, 0xEE, 0x40, 0x00, 0x9F, 0xFF, 0xD1,
  0x00, 0x6F, 0xFF, 0xF7, 0x00, 0x00, 0x9F, 0xFF, 0xD1, 0x03, 0xEF, 0xFF, 0xA0, 0x00, 0x00, 0x9F,
  0xFF, 0xE1, 0x1D, 0xFF, 0xFC, 0x10, 0x00, 0x00, 0x9F, 0xFF, 0xD1, 0xAF, 0xFF, 0xE2, 0x00, 0x00,
  0x00, 0x9F, 0xFF, 0xD8, 0xFF, 0xFE, 0x40, 0x00, 0x00, 0x00, 0x9F, 0xFF, 0xFF, 0xFF, 0xFB, 0x00,
  0x00, 0x00, 0x00, 0x9F, 0xFF, 0xFF, 0xFF, 0xFF, 0x50, 0x00, 0x00, 0x00, 0x9F, 0xFF, 0xFF, 0xFF,
  0xFF, 0xD1, 0x00, 0x00, 0x00, 0x9F, 0xFF, 0xFE, 0x9F, 0xFF, 0xFA, 0x00, 0x00, 0x00, 0x9F, 0xFF,
  0xE5, 0x0A, 0xFF, 0xFF, 0x60, 0x00, 0x00, 0x9F, 0xFF, 0xD1, 0x01, 0xDF, 0xFF, 0xE2, 0x00, 0x00,
  0x9F, 0xFF, 0xE1, 0x00, 0x4F, 0xFF, 0xFC, 0x00, 0x00, 0x8E, 0xEE, 0xD1, 0x00, 0x08, 0xEE, 0xEE,
  0x70, 0x00, 0x01, 0x11, 0x10, 0x00, 0x00, 0x11, 0x11, 0x10, 0x00, 0x01, 0x11, 0x10, 0x00, 0x00,
  0x7E, 0xEE, 0xE3, 0x00, 0x00, 0x8F, 0xFF, 0xF3, 0x00, 0x00, 0x8F, 0xFF, 0xF3, 0x00, 0x00, 0x8F,
  0xFF, 0xF3, 0x00, 0x00, 0x8F, 0xFF, 0xF3, 0x00, 0x00, 0x8F, 0xFF, 0xF3, 0x00, 0x00, 0x8F, 0xFF,
  0xF3, 0x00, 0x00, 0x8F, 0xFF, 0xF3, 0x00, 0x00, 0x8F, 0xFF, 0xF3, 0x00, 0x00, 0x8F, 0xFF, 0xF3,
  0x00, 0x00, 0x8F, 0xFF, 0xF3, 0x00, 0x00, 0x8F, 0xFF, 0xF3, 0x00, 0x00, 0x8F, 0xFF, 0xF3, 0x00,
  0x00, 0x8F, 0xFF, 0xF3, 0x00, 0x00, 0x8F, 0xFF, 0xF3, 0x00, 0x00, 0x8F, 0xFF, 0xF3, 0x00, 0x00,
  0x8F, 0xFF, 0xF3, 0x00, 0x00, 0x8F, 0xFF, 0xF3, 0x00, 0x00, 0x8F, 0xFF, 0xF3, 0x00, 0x00, 0x7E,
  0xEE, 0xE3, 0x00, 0x00, 0x01, 0x11, 0x10, 0x00, 0x00, 0x00, 0x00, 0x00, 0x00, 0x00, 0x00, 0x00,
  0x00, 0x00, 0x00, 0x00, 0x00, 0x00, 0x48, 0x88, 0x10, 0x5A, 0xBA, 0x82, 0x00, 0x59, 0xBB, 0x82,
  0x00, 0x00, 0x00, 0x7F, 0xFF, 0x68, 0xFF, 0xFF, 0xFE, 0x49, 0xFF, 0xFF, 0xFE, 0x50, 0x00, 0x00,
  0x7F, 0xEF, 0xEF, 0xFF, 0xFF, 0xFF, 0xFF, 0xFF, 0xFF, 0xFF, 0xE2, 0x00, 0x00, 0x7F, 0xFF, 0xFC,
  0x44, 0xDF, 0xFF, 0xFE, 0x53, 0xBF, 0xFF, 0xF6, 0x00, 0x00, 0x7F, 0xFF, 0xF5, 0x00, 0x6F, 0xFF,
  0xF7, 0x00, 0x4F, 0xFF, 0xF7, 0x00, 0x00, 0x7F, 0xFF, 0xF2, 0x00, 0x4F, 0xFF, 0xF4, 0x00, 0x2F,
  0xFF, 0xF7, 0x00, 0x00, 0x7F, 0xFF, 0xF2, 0x00, 0x4F, 0xFF, 0xF4, 0x00, 0x2F, 0xFF, 0xF7, 0x00,
  0x00, 0x7F, 0xFF, 0xF2, 0x00, 0x4F, 0xFF, 0xF4, 0x00, 0x2F, 0xFF, 0xF7, 0x00, 0x00, 0x7F, 0xFF,
  0xF2, 0x00, 0x4F, 0xFF, 0xF4, 0x00, 0x2F, 0xFF, 0xF7, 0x00, 0x00, 0x7F, 0xFF, 0xF2, 0x00, 0x4F,
  0xFF, 0xF4, 0x00, 0x2F, 0xFF, 0xF7, 0x00, 0x00, 0x7F, 0xFF, 0xF2, 0x00, 0x4F, 0xFF, 0xF4, 0x00,
  0x2F, 0xFF, 0xF7, 0x00, 0x00, 0x7F, 0xFF, 0xF2, 0x00, 0x4F, 0xFF, 0xF4, 0x00, 0x2F, 0xFF, 0xF7,
  0x00, 0x00, 0x7F, 0xFF, 0xF2, 0x00, 0x4F, 0xFF, 0xF4, 0x00, 0x2F, 0xFF, 0xF7, 0x00, 0x00, 0x6E,
  0xEE, 0xE2, 0x00, 0x4E, 0xEE, 0xE4, 0x00, 0x2E, 0xEE, 0xE6, 0x00, 0x00, 0x11, 0x11, 0x10, 0x00,
  0x01, 0x11, 0x10, 0x00, 0x01, 0x11, 0x11, 0x00, 0x00, 0x00, 0x00, 0x00, 0x00, 0x00, 0x00, 0x00,
  0x00, 0x00, 0x58, 0x87, 0x00, 0x59, 0xBB, 0x93, 0x00, 0x00, 0x00, 0x9F, 0xFF, 0x4A, 0xFF, 0xFF,
  0xFF, 0x60, 0x00, 0x00, 0x8F, 0xEF, 0xEF, 0xFF, 0xFF, 0xFF, 0xF3, 0x00, 0x00, 0x9F, 0xFF, 0xFC,
  0x43, 0xBF, 0xFF, 0xF7, 0x00, 0x00, 0x9F, 0xFF, 0xF3, 0x00, 0x2E, 0xFF, 0xF9, 0x00, 0x00, 0x9F,
  0xFF, 0xE1, 0x00, 0x1D, 0xFF, 0xF9, 0x00, 0x00, 0x9F, 0xFF, 0xD1, 0x00, 0x1D, 0xFF, 0xF9, 0x00,
  0x00, 0x9F, 0xFF, 0xD1, 0x00, 0x1D, 0xFF, 0xF9, 0x00, 0x00, 0x9F, 0xFF, 0xD1, 0x00, 0x1D, 0xFF,
  0xF9, 0x00, 0x00, 0x9F, 0xFF, 0xD1, 0x00, 0x1D, 0xFF, 0xF9, 0x00, 0x00, 0x9F, 0xFF, 0xD1, 0x00,
  0x1D, 0xFF, 0xF9, 0x00, 0x00, 0x9F, 0xFF, 0xD1, 0x00, 0x1D, 0xFF, 0xF9, 0x00, 0x00, 0x9F, 0xFF,
  0xE1, 0x00, 0x1E, 0xFF, 0xF9, 0x00, 0x00, 0x8E, 0xEE, 0xD1, 0x00, 0x1D, 0xEE, 0xE8, 0x00, 0x00,
  0x11, 0x11, 0x10, 0x00, 0x01, 0x11, 0x11, 0x00, 0x00, 0x00, 0x00, 0x00, 0x00, 0x00, 0x00, 0x00,
  0x00, 0x00, 0x00, 0x00, 0x15, 0x9A, 0xBA, 0x84, 0x00, 0x00, 0x00, 0x00, 0x00, 0x5D, 0xFF, 0xFF,
  0xFF, 0xFB, 0x20, 0x00, 0x00, 0x00, 0x5F, 0xFF, 0xFF, 0xEF, 0xFF, 0xFD, 0x20, 0x00, 0x00, 0x2E,
  0xFF, 0xFB, 0x31, 0x5E, 0xFF, 0xFB, 0x00, 0x00, 0x08, 0xFF, 0xFE, 0x10, 0x00, 0x5F, 0xFF, 0xF3,
  0x00, 0x00, 0xCF, 0xFF, 0xA0, 0x00, 0x01, 0xEF, 0xFF, 0x80, 0x00, 0x1E, 0xFF, 0xFA, 0x00, 0x00,
  0x1E, 0xFF, 0xF9, 0x00, 0x01, 0xEF, 0xFF, 0xA0, 0x00, 0x01, 0xEF, 0xFF, 0xA0, 0x00, 0x1E, 0xFF,
  0xFA, 0x00, 0x00, 0x1E, 0xFF, 0xF9, 0x00, 0x00, 0xCF, 0xFF, 0xB0, 0x00, 0x01, 0xEF, 0xFF, 0x70,
  0x00, 0x08, 0xFF, 0xFE, 0x10, 0x00, 0x5F, 0xFF, 0xF3, 0x00, 0x00, 0x2E, 0xFF, 0xFB, 0x31, 0x5E,
  0xFF, 0xFB, 0x00, 0x00, 0x00, 0x5F, 0xFF, 0xFF, 0xEF, 0xFF, 0xFD, 0x20, 0x00, 0x00, 0x00, 0x4D,
  0xFF, 0xFF, 0xFF, 0xFB, 0x20, 0x00, 0x00, 0x00, 0x00, 0x15, 0x9A, 0xBA, 0x84, 0x00, 0x00, 0x00,
  0x00, 0x00, 0x00, 0x00, 0x00, 0x00, 0x00, 0x00, 0x00, 0x00, 0x00, 0x00, 0x00, 0x00, 0x00, 0x00,
  0x00, 0x00, 0x00, 0x00, 0x47, 0x76, 0x10, 0x59, 0xA9, 0x50, 0x00, 0x00, 0x00, 0x9F, 0xFF, 0x59,
  0xFF, 0xFF, 0xFC, 0x20, 0x00, 0x00, 0x8F, 0xEF, 0xEF, 0xFF, 0xFF, 0xFF, 0xC1, 0x00, 0x00, 0x9F,
  0xFF, 0xFD, 0x53, 0x9F, 0xFF, 0xF6, 0x00, 0x00, 0x9F, 0xFF, 0xF5, 0x00, 0x0C, 0xFF, 0xFB, 0x00,
  0x00, 0x9F, 0xFF, 0xE2, 0x00, 0x08, 0xFF, 0xFD, 0x10, 0x00, 0x9F, 0xFF, 0xD1, 0x00, 0x07, 0xFF,
  0xFE, 0x10, 0x00, 0x9F, 0xFF, 0xD1, 0x00, 0x07, 0xFF, 0xFF, 0x10, 0x00, 0x9F, 0xFF, 0xD1, 0x00,
  0x07, 0xFF, 0xFE, 0x10, 0x00, 0x9F, 0xFF, 0xE1, 0x00, 0x08, 0xFF, 0xFD, 0x10, 0x00, 0x9F, 0xFF,
  0xF3, 0x00, 0x0A, 0xFF, 0xFB, 0x00, 0x00, 0x9F, 0xFF, 0xFA, 0x10, 0x4F, 0xFF, 0xF7, 0x00, 0x00,
  0x9F, 0xFF, 0xFF, 0xDB, 0xFF, 0xFF, 0xE1, 0x00, 0x00, 0x9F, 0xFF, 0xEC, 0xFF, 0xFF, 0xFF, 0x50,
  0x00, 0x00, 0x9F, 0xFF, 0xD2, 0x9D, 0xEE, 0xB4, 0x00, 0x00, 0x00, 0x9F, 0xFF, 0xE1, 0x01, 0x32,
  0x00, 0x00, 0x00, 0x00, 0x9F, 0xFF, 0xD1, 0x00, 0x00, 0x00, 0x00, 0x00, 0x00, 0x9F, 0xFF, 0xD1,
  0x00, 0x00, 0x00, 0x00, 0x00, 0x00, 0x9F, 0xFF, 0xE1, 0x00, 0x00, 0x00, 0x00, 0x00, 0x00, 0x8E,
  0xDE, 0xC1, 0x00, 0x00, 0x00, 0x00, 0x00, 0x00, 0x01, 0x11, 0x10, 0x00, 0x00, 0x00, 0x00, 0x00,
  0x00, 0x00, 0x00, 0x00, 0x00, 0x00, 0x00, 0x00, 0x00, 0x00, 0x00, 0x00, 0x27, 0xAA, 0x85, 0x00,
  0x05, 0x71, 0x00, 0x00, 0x00, 0x7F, 0xFF, 0xFF, 0xFA, 0x05, 0xFF, 0x30, 0x00, 0x00, 0x7F, 0xFF,
  0xFF, 0xFF, 0xFB, 0xEF, 0xF3, 0x00, 0x00, 0x2F, 0xFF, 0xFC, 0x43, 0xAF, 0xFF, 0xFF, 0x30, 0x00,
  0x08, 0xFF, 0xFE, 0x20, 0x00, 0xCF, 0xFF, 0xF3, 0x00, 0x00, 0xCF, 0xFF, 0xB0, 0x00, 0x08, 0xFF,
  0xFF, 0x30, 0x00, 0x1D, 0xFF, 0xFA, 0x00, 0x00, 0x7F, 0xFF, 0xF3, 0x00, 0x01, 0xEF, 0xFF, 0xA0,
  0x00, 0x07, 0xFF, 0xFF, 0x30, 0x00, 0x1E, 0xFF, 0xFA, 0x00, 0x00, 0x7F, 0xFF, 0xF3, 0x00, 0x00,
  0xDF, 0xFF, 0xA0, 0x00, 0x08, 0xFF, 0xFF, 0x30, 0x00, 0x0B, 0xFF, 0xFD, 0x00, 0x00, 0xAF, 0xFF,
  0xF3, 0x00, 0x00, 0x7F, 0xFF, 0xF7, 0x00, 0x5F, 0xFF, 0xFF, 0x30, 0x00, 0x02, 0xEF, 0xFF, 0xFC,
  0xBF, 0xFF, 0xFF, 0xF3, 0x00, 0x00, 0x05, 0xFF, 0xFF, 0xFF, 0xDB, 0xFF, 0xFF, 0x30, 0x00, 0x00,
  0x04, 0xBE, 0xEE, 0xB2, 0x7F, 0xFF, 0xF3, 0x00, 0x00, 0x00, 0x00, 0x13, 0x20, 0x08, 0xFF, 0xFF,
  0x30, 0x00, 0x00, 0x00, 0x00, 0x00, 0x00, 0x7F, 0xFF, 0xF3, 0x00, 0x00, 0x00, 0x00, 0x00, 0x00,
  0x07, 0xFF, 0xFF, 0x30, 0x00, 0x00, 0x00, 0x00, 0x00, 0x00, 0x8F, 0xFF, 0xF3, 0x00, 0x00, 0x00,
  0x00, 0x00, 0x00, 0x07, 0xEE, 0xEE, 0x30, 0x00, 0x00, 0x00, 0x00, 0x00, 0x00, 0x01, 0x11, 0x10,
  0x00, 0x00, 0x00, 0x00, 0x00, 0x00, 0x00, 0x00, 0x00, 0x00, 0x38, 0x88, 0x10, 0x5A, 0xBA, 0x60,
  0x00, 0x00, 0x7F, 0xFF, 0x79, 0xFF, 0xFF, 0xF9, 0x00, 0x00, 0x6F, 0xEF, 0xEF, 0xFF, 0xFF, 0xFF,
  0x30, 0x00, 0x6F, 0xFF, 0xFD, 0x43, 0xBF, 0xFF, 0x60, 0x00, 0x6F, 0xFF, 0xF5, 0x00, 0x4F, 0xFF,
  0x70, 0x00, 0x6F, 0xFF, 0xF3, 0x00, 0x2A, 0xAA, 0x40, 0x00, 0x6F, 0xFF, 0xF3, 0x00, 0x00, 0x00,
  0x00, 0x00, 0x6F, 0xFF, 0xF3, 0x00, 0x00, 0x00, 0x00, 0x00, 0x6F, 0xFF, 0xF3, 0x00, 0x00, 0x00,
  0x00, 0x00, 0x6F, 0xFF, 0xF3, 0x00, 0x00, 0x00, 0x00, 0x00, 0x6F, 0xFF, 0xF3, 0x00, 0x00, 0x00,
  0x00, 0x00, 0x6F, 0xFF, 0xF3, 0x00, 0x00, 0x00, 0x00, 0x00, 0x6F, 0xFF, 0xF3, 0x00, 0x00, 0x00,
  0x00, 0x00, 0x6E, 0xEE, 0xE3, 0x00, 0x00, 0x00, 0x00, 0x00, 0x01, 0x11, 0x10, 0x00, 0x00, 0x00,
  0x00, 0x00, 0x00, 0x00, 0x00, 0x00, 0x00, 0x00, 0x00, 0x00, 0x00, 0x00, 0x02, 0x79, 0xAB, 0xA8,
  0x30, 0x00, 0x00, 0x00, 0x01, 0x9F, 0xFF, 0xFF, 0xFF, 0xFA, 0x20, 0x00, 0x00, 0x0A, 0xFF, 0xFF,
  0xEE, 0xFF, 0xFF, 0xC1, 0x00, 0x00, 0x4F, 0xFF, 0xE6, 0x22, 0x4B, 0xFF, 0xF5, 0x00, 0x00, 0x6F,
  0xFF, 0xC0, 0x00, 0x01, 0x99, 0xA4, 0x00, 0x00, 0x5F, 0xFF, 0xFC, 0x75, 0x31, 0x00, 0x00, 0x00,
  0x00, 0x1E, 0xFF, 0xFF, 0xFF, 0xFE, 0xC7, 0x10, 0x00, 0x00, 0x03, 0xDF, 0xFF, 0xFF, 0xFF, 0xFF,
  0xC2, 0x00, 0x00, 0x00, 0x05, 0x9C, 0xEF, 0xFF, 0xFF, 0xF9, 0x00, 0x00, 0x11, 0x10, 0x00, 0x13,
  0x6C, 0xFF, 0xFD, 0x00, 0x00, 0xDE, 0xEB, 0x00, 0x00, 0x03, 0xFF, 0xFD, 0x00, 0x00, 0xCF, 0xFF,
  0x83, 0x22, 0x5B, 0xFF, 0xFB, 0x00, 0x00, 0x4F, 0xFF, 0xFF, 0xEE, 0xFF, 0xFF, 0xF4, 0x00, 0x00,
  0x05, 0xDF, 0xFF, 0xFF, 0xFF, 0xFD, 0x40, 0x00, 0x00, 0x00, 0x15, 0x8A, 0xBB, 0xA8, 0x51, 0x00,
  0x00, 0x00, 0x00, 0x00, 0x00, 0x00, 0x00, 0x00, 0x00, 0x00, 0x00, 0x00, 0x00, 0x00, 0x00, 0x00,
  0x00, 0x00, 0x00, 0x00, 0x00, 0x00, 0x00, 0x00, 0x00, 0x00, 0x07, 0xAA, 0x50, 0x00, 0x00, 0x00,
  0x00, 0x1E, 0xFF, 0x80, 0x00, 0x00, 0x00, 0x00, 0x5F, 0xFF, 0x70, 0x00, 0x00, 0x00, 0x00, 0xAF,
  0xFF, 0x70, 0x00, 0x00, 0x00, 0x01, 0xEF, 0xFF, 0x70, 0x00, 0x00, 0x00, 0xBD, 0xFF, 0xFF, 0xED,
  0xDB, 0x00, 0x00, 0xEF, 0xFF, 0xFF, 0xFF, 0xFE, 0x00, 0x00, 0xEF, 0xFF, 0xFF, 0xFF, 0xFE, 0x00,
  0x00, 0x37, 0xFF, 0xFF, 0x93, 0x33, 0x00, 0x00, 0x05, 0xFF, 0xFF, 0x70, 0x00, 0x00, 0x00, 0x06,
  0xFF, 0xFF, 0x70, 0x00, 0x00, 0x00, 0x05, 0xFF, 0xFF, 0x70, 0x00, 0x00, 0x00, 0x05, 0xFF, 0xFF,
  0x70, 0x00, 0x00, 0x00, 0x05, 0xFF, 0xFF, 0x70, 0x00, 0x00, 0x00, 0x05, 0xFF, 0xFF, 0x70, 0x00,
  0x00, 0x00, 0x05, 0xFF, 0xFF, 0x80, 0x00, 0x00, 0x00, 0x05, 0xFF, 0xFF, 0xD4, 0x35, 0x00, 0x00,
  0x02, 0xFF, 0xFF, 0xFF, 0xFE, 0x00, 0x00, 0x00, 0x7F, 0xFF, 0xFF, 0xFE, 0x00, 0x00, 0x00, 0x03,
  0x8A, 0xAA, 0x84, 0x00, 0x00, 0x00, 0x00, 0x00, 0x00, 0x00, 0x00, 0x00, 0x00, 0x00, 0x00, 0x00,
  0x00, 0x00, 0x00, 0x00, 0x00, 0x00, 0x11, 0x11, 0x10, 0x00, 0x00, 0x11, 0x11, 0x00, 0x00, 0x00,
  0x6E, 0xEE, 0xE5, 0x00, 0x06, 0xEE, 0xEE, 0x60, 0x00, 0x00, 0x7F, 0xFF, 0xF6, 0x00, 0x06, 0xFF,
  0xFF, 0x60, 0x00, 0x00, 0x7F, 0xFF, 0xF6, 0x00, 0x06, 0xFF, 0xFF, 0x60, 0x00, 0x00, 0x7F, 0xFF,
  0xF6, 0x00, 0x06, 0xFF, 0xFF, 0x60, 0x00, 0x00, 0x7F, 0xFF, 0xF6, 0x00, 0x06, 0xFF, 0xFF, 0x60,
  0x00, 0x00, 0x7F, 0xFF, 0xF6, 0x00, 0x06, 0xFF, 0xFF, 0x60, 0x00, 0x00, 0x7F, 0xFF, 0xF6, 0x00,
  0x06, 0xFF, 0xFF, 0x60, 0x00, 0x00, 0x7F, 0xFF, 0xF6, 0x00, 0x06, 0xFF, 0xFF, 0x60, 0x00, 0x00,
  0x7F, 0xFF, 0xF5, 0x01, 0x06, 0xFF, 0xFF, 0x60, 0x00, 0x00, 0x6F, 0xFF, 0xF7, 0x00, 0x09, 0xFF,
  0xFF, 0x60, 0x00, 0x00, 0x5F, 0xFF, 0xFD, 0x53, 0x7F, 0xFF, 0xFF, 0x70, 0x00, 0x00, 0x1E, 0xFF,
  0xFF, 0xFF, 0xFF, 0xFF, 0xFF, 0xEC, 0x30, 0x00, 0x04, 0xEF, 0xFF, 0xFF, 0xD4, 0x8F, 0xFF, 0xFF,
  0x40, 0x00, 0x00, 0x28, 0xAB, 0xA6, 0x10, 0x06, 0xAB, 0xA8, 0x10, 0x00, 0x00, 0x00, 0x00, 0x00,
  0x00, 0x00, 0x00, 0x00, 0x00, 0x00, 0x00, 0x00, 0x00, 0x00, 0x00, 0x00, 0x00, 0x00, 0x01, 0x11,
  0x11, 0x00, 0x00, 0x00, 0x11, 0x11, 0x10, 0x08, 0xEE, 0xEE, 0x30, 0x00, 0x01, 0xDE, 0xEE, 0x50,
  0x04, 0xFF, 0xFF, 0x80, 0x00, 0x05, 0xFF, 0xFE, 0x10, 0x00, 0xDF, 0xFF, 0xC0, 0x00, 0x0A, 0xFF,
  0xF9, 0x00, 0x00, 0x8F, 0xFF, 0xF3, 0x00, 0x1E, 0xFF, 0xF4, 0x00, 0x00, 0x3F, 0xFF, 0xF8, 0x00,
  0x5F, 0xFF, 0xD0, 0x00, 0x00, 0x0B, 0xFF, 0xFC, 0x00, 0xAF, 0xFF, 0x80, 0x00, 0x00, 0x06, 0xFF,
  0xFF, 0x31, 0xEF, 0xFF, 0x30, 0x00, 0x00, 0x02, 0xEF, 0xFF, 0x74, 0xFF, 0xFC, 0x00, 0x00, 0x00,
  0x00, 0xAF, 0xFF, 0xBA, 0xFF, 0xF7, 0x00, 0x00, 0x00, 0x00, 0x5F, 0xFF, 0xFF, 0xFF, 0xE2, 0x00,
  0x00, 0x00, 0x00, 0x1E, 0xFF, 0xFF, 0xFF, 0xA0, 0x00, 0x00, 0x00, 0x00, 0x09, 0xFF, 0xFF, 0xFF,
  0x50, 0x00, 0x00, 0x00, 0x00, 0x04, 0xFF, 0xFF, 0xFE, 0x10, 0x00, 0x00, 0x00, 0x00, 0x00, 0xCE,
  0xEE, 0xE9, 0x00, 0x00, 0x00, 0x00, 0x00, 0x00, 0x11, 0x11, 0x10, 0x00, 0x00, 0x00, 0x00, 0x00,
  0x00, 0x00, 0x00, 0x00, 0x00, 0x00, 0x00, 0x00, 0x00, 0x00, 0x00, 0x01, 0x11, 0x11, 0x00, 0x00,
  0x01, 0x11, 0x10, 0x00, 0x00, 0x01, 0x11, 0x10, 0x07, 0xEE, 0xEE, 0x30, 0x00, 0x3E, 0xEE, 0xE9,
  0x00, 0x00, 0xAE, 0xEE, 0x80, 0x04, 0xFF, 0xFF, 0x70, 0x00, 0x8F, 0xFF, 0xFD, 0x10, 0x01, 0xEF,
  0xFF, 0x40, 0x00, 0xDF, 0xFF, 0xA0, 0x00, 0xCF, 0xFF, 0xFF, 0x40, 0x05, 0xFF, 0xFD, 0x10, 0x00,
  0x8F, 0xFF, 0xE1, 0x02, 0xEF, 0xFF, 0xFF, 0x70, 0x09, 0xFF, 0xF9, 0x00, 0x00, 0x4F, 0xFF, 0xF4,
  0x06, 0xFF, 0xFF, 0xFF, 0xC0, 0x0C, 0xFF, 0xF5, 0x00, 0x00, 0x1D, 0xFF, 0xF9, 0x0B, 0xFF, 0xFF,
  0xFF, 0xE2, 0x2F, 0xFF, 0xE1, 0x00, 0x00, 0x09, 0xFF, 0xFC, 0x1E, 0xFF, 0xDD, 0xFF, 0xF5, 0x5F,
  0xFF, 0xA0, 0x00, 0x00, 0x05, 0xFF, 0xFE, 0x7F, 0xFF, 0x97, 0xFF, 0xF9, 0xAF, 0xFF, 0x60, 0x00,
  0x00, 0x01, 0xEF, 0xFF, 0xEF, 0xFF, 0x53, 0xFF, 0xFF, 0xEF, 0xFE, 0x20, 0x00, 0x00, 0x00, 0xAF,
  0xFF, 0xFF, 0xFE, 0x20, 0xDF, 0xFF, 0xFF, 0xFB, 0x00, 0x00, 0x00, 0x00, 0x6F, 0xFF, 0xFF, 0xFB,
  0x00, 0xAF, 0xFF, 0xFF, 0xF7, 0x00, 0x00, 0x00, 0x00, 0x2E, 0xFF, 0xFF, 0xF7, 0x00, 0x5F, 0xFF,
  0xFF, 0xF3, 0x00, 0x00, 0x00, 0x00, 0x0B, 0xFF, 0xFF, 0xF3, 0x00, 0x2E, 0xFF, 0xFF, 0xC0, 0x00,
  0x00, 0x00, 0x00, 0x06, 0xEE, 0xEE, 0xC1, 0x00, 0x0A, 0xEE, 0xEE, 0x70, 0x00, 0x00, 0x00, 0x00,
  0x00, 0x11, 0x11, 0x10, 0x00, 0x00, 0x11, 0x11, 0x00, 0x00, 0x00, 0x00, 0x00, 0x00, 0x00, 0x00,
  0x00, 0x00, 0x00, 0x00, 0x01, 0x11, 0x11, 0x00, 0x00, 0x00, 0x11, 0x11, 0x00, 0x02, 0xDE, 0xEE,
  0xD1, 0x00, 0x0A, 0xEE, 0xED, 0x20, 0x00, 0x6F, 0xFF, 0xF9, 0x00, 0x5F, 0xFF, 0xF6, 0x00, 0x00,
  0x0A, 0xFF, 0xFF, 0x30, 0xDF, 0xFF, 0xA0, 0x00, 0x00, 0x02, 0xEF, 0xFF, 0xB9, 0xFF, 0xFE, 0x20,
  0x00, 0x00, 0x00, 0x5F, 0xFF, 0xFF, 0xFF, 0xF5, 0x00, 0x00, 0x00, 0x00, 0x0A, 0xFF, 0xFF, 0xFF,
  0xA0, 0x00, 0x00, 0x00, 0x00, 0x02, 0xEF, 0xFF, 0xFE, 0x10, 0x00, 0x00, 0x00, 0x00, 0x07, 0xFF,
  0xFF, 0xFF, 0x40, 0x00, 0x00, 0x00, 0x00, 0x3F, 0xFF, 0xFF, 0xFF, 0xD1, 0x00, 0x00, 0x00, 0x00,
  0xCF, 0xFF, 0xCE, 0xFF, 0xF9, 0x00, 0x00, 0x00, 0x07, 0xFF, 0xFE, 0x28, 0xFF, 0xFF, 0x50, 0x00,
  0x00, 0x3E, 0xFF, 0xF7, 0x01, 0xDF, 0xFF, 0xD1, 0x00, 0x01, 0xCF, 0xFF, 0xC0, 0x00, 0x5F, 0xFF,
  0xFA, 0x00, 0x07, 0xEE, 0xEE, 0x40, 0x00, 0x0A, 0xEE, 0xEE, 0x40, 0x01, 0x11, 0x11, 0x00, 0x00,
  0x00, 0x11, 0x11, 0x10, 0x00, 0x00, 0x00, 0x00, 0x00, 0x00, 0x00, 0x00, 0x00, 0x11, 0x11, 0x00,
  0x00, 0x00, 0x01, 0x11, 0x10, 0x0A, 0xEE, 0xEC, 0x00, 0x00, 0x08, 0xEE, 0xEA, 0x00, 0x6F, 0xFF,
  0xF4, 0x00, 0x00, 0xDF, 0xFF, 0x50, 0x01, 0xEF, 0xFF, 0x90, 0x00, 0x4F, 0xFF, 0xD1, 0x00, 0x09,
  0xFF, 0xFD, 0x10, 0x08, 0xFF, 0xF8, 0x00, 0x00, 0x3F, 0xFF, 0xF4, 0x00, 0xCF, 0xFF, 0x30, 0x00,
  0x00, 0xCF, 0xFF, 0x90, 0x3F, 0xFF, 0xC0, 0x00, 0x00, 0x06, 0xFF, 0xFE, 0x07, 0xFF, 0xF6, 0x00,
  0x00, 0x00, 0x1E, 0xFF, 0xF4, 0xBF, 0xFE, 0x10, 0x00, 0x00, 0x00, 0x9F, 0xFF, 0xCE, 0xFF, 0x90,
  0x00, 0x00, 0x00, 0x04, 0xFF, 0xFF, 0xFF, 0xF4, 0x00, 0x00, 0x00, 0x00, 0x0C, 0xFF, 0xFF, 0xFC,
  0x00, 0x00, 0x00, 0x00, 0x00, 0x7F, 0xFF, 0xFF, 0x70, 0x00, 0x00, 0x00, 0x00, 0x02, 0xEF, 0xFF,
  0xE2, 0x00, 0x00, 0x00, 0x00, 0x00, 0x0A, 0xFF, 0xFA, 0x00, 0x00, 0x00, 0x00, 0x00, 0x00, 0xCF,
  0xFF, 0x40, 0x00, 0x00, 0x00, 0x01, 0x00, 0x6F, 0xFF, 0xB0, 0x00, 0x00, 0x00, 0x01, 0xDC, 0xCF,
  0xFF, 0xE2, 0x00, 0x00, 0x00, 0x00, 0x1F, 0xFF, 0xFF, 0xE4, 0x00, 0x00, 0x00, 0x00, 0x00, 0xBD,
  0xED, 0x92, 0x00, 0x00, 0x00, 0x00, 0x00, 0x00, 0x11, 0x00, 0x00, 0x00, 0x00, 0x00, 0x00, 0x00,
  0x00, 0x00, 0x00, 0x00, 0x00, 0x00, 0x00, 0x00, 0x01, 0x11, 0x11, 0x11, 0x11, 0x11, 0x00, 0x00,
  0x7E, 0xEE, 0xEE, 0xEE, 0xEE, 0xED, 0x10, 0x00, 0x8F, 0xFF, 0xFF, 0xFF, 0xFF, 0xFD, 0x00, 0x00,
  0x6C, 0xBB, 0xBB, 0xFF, 0xFF, 0xF5, 0x00, 0x00, 0x00, 0x00, 0x04, 0xFF, 0xFF, 0xA0, 0x00, 0x00,
  0x00, 0x00, 0x1D, 0xFF, 0xFE, 0x20, 0x00, 0x00, 0x00, 0x00, 0x8F, 0xFF, 0xF7, 0x00, 0x00, 0x00,
  0x00, 0x03, 0xFF, 0xFF, 0xC0, 0x00, 0x00, 0x00, 0x00, 0x0C, 0xFF, 0xFF, 0x40, 0x00, 0x00, 0x00,
  0x00, 0x6F, 0xFF, 0xF9, 0x00, 0x00, 0x00, 0x00, 0x02, 0xEF, 0xFF, 0xE1, 0x00, 0x00, 0x00, 0x00,
  0x0A, 0xFF, 0xFF, 0x60, 0x00, 0x00, 0x00, 0x00, 0x5F, 0xFF, 0xFF, 0xBB, 0xBB, 0xBB, 0x10, 0x00,
  0xDF, 0xFF, 0xFF, 0xFF, 0xFF, 0xFF, 0x10, 0x01, 0xDE, 0xEE, 0xEE, 0xEE, 0xEE, 0xED, 0x10, 0x00,
  0x11, 0x11, 0x11, 0x11, 0x11, 0x11, 0x00, 0x00, 0x00, 0x00, 0x00, 0x00, 0x00, 0x00, 0x00, 0x00,
  0x47, 0x86, 0x00, 0x00, 0x00, 0x2B, 0xFF, 0xFE, 0x00, 0x00, 0x00, 0x9F, 0xFC, 0x63, 0x00, 0x00,
  0x00, 0xCF, 0xF5, 0x00, 0x00, 0x00, 0x00, 0xCF, 0xF4, 0x00, 0x00, 0x00, 0x00, 0xCF, 0xF5, 0x00,
  0x00, 0x00, 0x00, 0xCF, 0xF5, 0x00, 0x00, 0x00, 0x00, 0xCF, 0xF5, 0x00, 0x00, 0x00, 0x00, 0xCF,
  0xF5, 0x00, 0x00, 0x00, 0x00, 0xCF, 0xF4, 0x00, 0x00, 0x00, 0x04, 0xEF, 0xF3, 0x00, 0x00, 0x02,
  0xCF, 0xFD, 0x70, 0x00, 0x00, 0x04, 0xFF, 0xE9, 0x10, 0x00, 0x00, 0x01, 0x4A, 0xFF, 0xD1, 0x00,
  0x00, 0x00, 0x00, 0xDF, 0xF4, 0x00, 0x00, 0x00, 0x00, 0xCF, 0xF5, 0x00, 0x00, 0x00, 0x00, 0xCF,
  0xF5, 0x00, 0x00, 0x00, 0x00, 0xCF, 0xF5, 0x00, 0x00, 0x00, 0x00, 0xCF, 0xF5, 0x00, 0x00, 0x00,
  0x00, 0xCF, 0xF5, 0x00, 0x00, 0x00, 0x00, 0xCF, 0xF4, 0x00, 0x00, 0x00, 0x00, 0xBF, 0xFA, 0x20,
  0x00, 0x00, 0x00, 0x3E, 0xFF, 0xFD, 0x00, 0x00, 0x00, 0x02, 0x7A, 0xB9, 0x00, 0x00, 0x00, 0x00,
  0x00, 0x00, 0x00, 0x00, 0x01, 0x11, 0x00, 0x00, 0x01, 0xDE, 0xD1, 0x00, 0x00, 0x1E, 0xFE, 0x10,
  0x00, 0x01, 0xEF, 0xE1, 0x00, 0x00, 0x1E, 0xFE, 0x10, 0x00, 0x01, 0xEF, 0xE1, 0x00, 0x00, 0x1E,
  0xFE, 0x10, 0x00, 0x01, 0xEF, 0xE1, 0x00, 0x00, 0x1E, 0xFE, 0x10, 0x00, 0x01, 0xEF, 0xE1, 0x00,
  0x00, 0x1E, 0xFE, 0x10, 0x00, 0x01, 0xEF, 0xE1, 0x00, 0x00, 0x1E, 0xFE, 0x10, 0x00, 0x01, 0xEF,
  0xE1, 0x00, 0x00, 0x1E, 0xFE, 0x10, 0x00, 0x01, 0xEF, 0xE1, 0x00, 0x00, 0x1E, 0xFE, 0x10, 0x00,
  0x01, 0xEF, 0xE1, 0x00, 0x00, 0x1E, 0xFE, 0x10, 0x00, 0x01, 0xEF, 0xE1, 0x00, 0x00, 0x1E, 0xFE,
  0x10, 0x00, 0x01, 0xEF, 0xE1, 0x00, 0x00, 0x1E, 0xFE, 0x10, 0x00, 0x01, 0xEF, 0xE1, 0x00, 0x00,
  0x1E, 0xFE, 0x10, 0x00, 0x01, 0xEF, 0xE1, 0x00, 0x00, 0x1D, 0xED, 0x10, 0x00, 0x00, 0x11, 0x10,
  0x00, 0x00, 0x00, 0x00, 0x00, 0x00, 0x00, 0x27, 0x75, 0x10, 0x00, 0x00, 0x04, 0xFF, 0xFD, 0x30,
  0x00, 0x00, 0x14, 0x9F, 0xFC, 0x00, 0x00, 0x00, 0x01, 0xEF, 0xE1, 0x00, 0x00, 0x00, 0x1E, 0xFE,
  0x10, 0x00, 0x00, 0x01, 0xEF, 0xE1, 0x00, 0x00, 0x00, 0x1E, 0xFE, 0x10, 0x00, 0x00, 0x01, 0xEF,
  0xE1, 0x00, 0x00, 0x00, 0x1E, 0xFE, 0x10, 0x00, 0x00, 0x01, 0xEF, 0xE0, 0x00, 0x00, 0x00, 0x0C,
  0xFF, 0x60, 0x00, 0x00, 0x00, 0x4C, 0xEF, 0xC3, 0x00, 0x00, 0x00, 0x8D, 0xFF, 0x50, 0x00, 0x00,
  0x9F, 0xFB, 0x51, 0x00, 0x00, 0x1E, 0xFE, 0x10, 0x00, 0x00, 0x01, 0xEF, 0xE1, 0x00, 0x00, 0x00,
  0x1E, 0xFE, 0x10, 0x00, 0x00, 0x01, 0xEF, 0xE1, 0x00, 0x00, 0x00, 0x1E, 0xFE, 0x10, 0x00, 0x00,
  0x01, 0xEF, 0xE1, 0x00, 0x00, 0x00, 0x0E, 0xFE, 0x10, 0x00, 0x00, 0x16, 0xFF, 0xD0, 0x00, 0x00,
  0x4F, 0xFF, 0xF6, 0x00, 0x00, 0x03, 0xBA, 0x94, 0x00, 0x00, 0x00, 0x00, 0x00, 0x00, 0x00, 0x00,
  0x00, 0x00, 0x00, 0x00, 0x00, 0x00, 0x00, 0x00, 0x00, 0x00, 0x00, 0x00, 0x00, 0x13, 0x31, 0x00,
  0x00, 0x00, 0x00, 0x02, 0x00, 0x00, 0x01, 0x8D, 0xFF, 0xE9, 0x30, 0x00, 0x00, 0x1A, 0x80, 0x00,
  0x02, 0xBF, 0xFF, 0xFF, 0xFE, 0xA5, 0x34, 0x7C, 0xF8, 0x00, 0x00, 0x7F, 0xFD, 0xBA, 0xCF, 0xFF,
  0xFF, 0xFF, 0xFF, 0x50, 0x00, 0x08, 0xE7, 0x10, 0x01, 0x4A, 0xFF, 0xFF, 0xFE, 0x60, 0x00, 0x00,
  0x64, 0x00, 0x00, 0x00, 0x03, 0x8B, 0xA7, 0x20, 0x00, 0x00, 0x00, 0x00, 0x00, 0x00, 0x00, 0x00,
  0x00, 0x00, 0x00, 0x00, 0x00, 0x00, 0x00, 0x00, 0x00, 0x00, 0x00, 0x00, 0x00, 0x00, 0x00, 0x00,
  0x00, 0x00, 0x00, 0x00, 0x00, 0x00, 0x00, 0x00, 0x00, 0x00, 0x00, 0x00, 0x00, 0x00, 0x00, 0x00,
  0x00, 0x00, 0x00, 0x00, 0x00, 0x00, 0x00, 0x00, 0x00, 0x00, 0x00, 0x00, 0x00, 0x00, 0x00, 0x00,
  0x00, 0x00, 0x00, 0x00, 0x00, 0x00, 0x00, 0x00, 0x00, 0x00, 0x00, 0x00, 0x00, 0x00, 0x00, 0x00,
  0x00, 0x00, 0x00,
};

static const BadgeSmoothGlyph font_chivo_28_glyphs[] PROGMEM = {
  {0, 8, 2, 6, -1, -1}, // ' '
  {8, 10, 21, 8, -1, -20}, // '!'
  {113, 14, 21, 12, -1, -20}, // '"'
  {260, 20, 22, 18, -1, -20}, // '#'
  {480, 19, 25, 17, -1, -22}, // '$'
  {718, 22, 21, 20, -1, -20}, // '%'
  {949, 22, 22, 20, -1, -20}, // '&'
  {1191, 8, 21, 6, -1, -20}, // "'"
  {1275, 10, 26, 8, -1, -20}, // '('
  {1405, 10, 26, 8, -1, -20}, // ')'
  {1535, 16, 22, 14, -1, -21}, // '*'
  {1711, 20, 16, 18, -1, -15}, // '+'
  {1871, 10, 12, 8, -1, -6}, // ','
  {1931, 12, 12, 10, -1, -10}, // '-'
  {2003, 10, 11, 8, -1, -10}, // '.'
  {2058, 20, 26, 18, -1, -20}, // '/'
  {2318, 19, 22, 17, -1, -20}, // '0'
  {2527, 19, 22, 17, -1, -20}, // '1'
  {2736, 19, 22, 17, -1, -20}, // '2'
  {2945, 19, 22, 17, -1, -20}, // '3'
  {3154, 19, 22, 17, -1, -20}, // '4'
  {3363, 19, 22, 17, -1, -20}, // '5'
  {3572, 19, 22, 17, -1, -20}, // '6'
  {3781, 19, 21, 17, -1, -20}, // '7'
  {3981, 19, 22, 17, -1, -20}, // '8'
  {4190, 19, 22, 17, -1, -20}, // '9'
  {4399, 10, 11, 8, -1, -10}, // ':'
  {4454, 10, 21, 8, -1, -15}, // ';'
  {4559, 19, 17, 17, -1, -16}, // '<'
  {4721, 19, 14, 17, -1, -12}, // '='
  {4854, 19, 17, 17, -1, -16}, // '>'
  {5016, 18, 22, 16, -1, -20}, // '?'
  {5214, 28, 26, 26, -1, -20}, // '@'
  {5578, 22, 21, 20, -1, -20}, // 'A'
  {5809, 20, 21, 18, -1, -20}, // 'B'
  {6019, 21, 22, 19, -1, -20}, // 'C'
  {6250, 21, 21, 19, -1, -20}, // 'D'
  {6471, 19, 21, 17, -1, -20}, // 'E'
  {6671, 18, 21, 16, -1, -20}, // 'F'
  {6860, 22, 22, 20, -1, -20}, // 'G'
  {7102, 22, 21, 20, -1, -20}, // 'H'
  {7333, 14, 21, 12, -1, -20}, // 'I'
  {7480, 17, 22, 15, -1, -20}, // 'J'
  {7667, 21, 21, 18, -1, -20}, // 'K'
  {7888, 17, 21, 15, -1, -20}, // 'L'
  {8067, 30, 21, 28, -1, -20}, // 'M'
  {8382, 22, 21, 20, -1, -20}, // 'N'
  {8613, 22, 22, 20, -1, -20}, // 'O'
  {8855, 20, 21, 18, -1, -20}, // 'P'
  {9065, 22, 26, 20, -1, -20}, // 'Q'
  {9351, 21, 22, 19, -1, -20}, // 'R'
  {9582, 20, 22, 18, -1, -20}, // 'S'
  {9802, 18, 21, 16, -1, -20}, // 'T'
  {9991, 22, 22, 20, -1, -20}, // 'U'
  {10233, 20, 21, 18, -1, -20}, // 'V'
  {10443, 30, 21, 28, -1, -20}, // 'W'
  {10758, 22, 21, 18, -2, -20}, // 'X'
  {10989, 20, 21, 18, -1, -20}, // 'Y'
  {11199, 19, 21, 17, -1, -20}, // 'Z'
  {11399, 11, 26, 9, -1, -20}, // '['
  {11542, 20, 26, 18, -1, -20}, // '\\'
  {11802, 11, 26, 9, -1, -20}, // ']'
  {11945, 19, 16, 17, -1, -16}, // '^'
  {12097, 21, 6, 19, -1, -1}, // '_'
  {12160, 19, 24, 17, -1, -22}, // '`'
  {12388, 20, 17, 18, -1, -16}, // 'a'
  {12558, 18, 22, 16, -1, -21}, // 'b'
  {12756, 18, 17, 16, -1, -16}, // 'c'
  {12909, 19, 22, 17, -1, -21}, // 'd'
  {13118, 18, 17, 16, -1, -16}, // 'e'
  {13271, 13, 22, 11, -1, -21}, // 'f'
  {13414, 18, 22, 16, -1, -16}, // 'g'
  {13612, 18, 22, 16, -1, -21}, // 'h'
  {13810, 10, 22, 8, -1, -21}, // 'i'
  {13920, 12, 22, 8, -2, -16}, // 'j'
  {14052, 18, 22, 16, -1, -21}, // 'k'
  {14250, 10, 22, 8, -1, -21}, // 'l'
  {14360, 26, 16, 24, -1, -16}, // 'm'
  {14568, 18, 16, 16, -1, -16}, // 'n'
  {14712, 19, 17, 17, -1, -16}, // 'o'
  {14874, 18, 22, 16, -1, -16}, // 'p'
  {15072, 19, 22, 17, -1, -16}, // 'q'
  {15281, 16, 16, 14, -1, -16}, // 'r'
  {15409, 18, 17, 16, -1, -16}, // 's'
  {15562, 14, 23, 12, -1, -21}, // 't'
  {15723, 20, 17, 18, -1, -16}, // 'u'
  {15893, 18, 17, 16, -1, -16}, // 'v'
  {16046, 26, 17, 24, -1, -16}, // 'w'
  {16267, 18, 17, 16, -1, -16}, // 'x'
  {16420, 17, 22, 15, -1, -16}, // 'y'
  {16607, 16, 17, 14, -1, -16}, // 'z'
  {16743, 12, 26, 10, -1, -20}, // '{'
  {16899, 9, 28, 7, -1, -21}, // '|'
  {17025, 11, 26, 9, -1, -20}, // '}'
  {17168, 21, 14, 19, -1, -12}, // '~'
};

static const BadgeSmoothFont font_chivo_28 PROGMEM = {
  font_chivo_28_alpha,
  font_chivo_28_glyphs,
  32, 126,
  34,
  28,
  4,
};
