#pragma once
#include <stdint.h>
#include "badge_smooth_font.h"

// Auto-generated — 42px 4bpp AA (oversample×2)
static const uint8_t font_spacegrotesk_42_alpha[] PROGMEM = {
  0x00, 0x00, 0x00, 0x00, 0x00, 0x00, 0x00, 0x00, 0x00, 0x00, 0x00, 0x00, 0x00, 0x00, 0x01, 0x11,
  0x11, 0x00, 0x00, 0x00, 0x00, 0x04, 0xEE, 0xEE, 0xD1, 0x00, 0x00, 0x00, 0x00, 0x5F, 0xFF, 0xFE,
  0x10, 0x00, 0x00, 0x00, 0x05, 0xFF, 0xFF, 0xE1, 0x00, 0x00, 0x00, 0x00, 0x5F, 0xFF, 0xFE, 0x10,
  0x00, 0x00, 0x00, 0x05, 0xFF, 0xFF, 0xE1, 0x00, 0x00, 0x00, 0x00, 0x5F, 0xFF, 0xFE, 0x10, 0x00,
  0x00, 0x00, 0x05, 0xFF, 0xFF, 0xE1, 0x00, 0x00, 0x00, 0x00, 0x5F, 0xFF, 0xFE, 0x10, 0x00, 0x00,
  0x00, 0x05, 0xFF, 0xFF, 0xE1, 0x00, 0x00, 0x00, 0x00, 0x5F, 0xFF, 0xFE, 0x10, 0x00, 0x00, 0x00,
  0x05, 0xFF, 0xFF, 0xE1, 0x00, 0x00, 0x00, 0x00, 0x5F, 0xFF, 0xFE, 0x10, 0x00, 0x00, 0x00, 0x05,
  0xFF, 0xFF, 0xE1, 0x00, 0x00, 0x00, 0x00, 0x5F, 0xFF, 0xFE, 0x10, 0x00, 0x00, 0x00, 0x05, 0xFF,
  0xFF, 0xE1, 0x00, 0x00, 0x00, 0x00, 0x5F, 0xFF, 0xFE, 0x10, 0x00, 0x00, 0x00, 0x05, 0xFF, 0xFF,
  0xE1, 0x00, 0x00, 0x00, 0x00, 0x5F, 0xFF, 0xFE, 0x10, 0x00, 0x00, 0x00, 0x05, 0xFF, 0xFF, 0xE1,
  0x00, 0x00, 0x00, 0x00, 0x4E, 0xEE, 0xED, 0x10, 0x00, 0x00, 0x00, 0x00, 0x11, 0x11, 0x10, 0x00,
  0x00, 0x00, 0x00, 0x00, 0x01, 0x00, 0x00, 0x00, 0x00, 0x00, 0x00, 0x7C, 0xED, 0x70, 0x00, 0x00,
  0x00, 0x00, 0x9F, 0xFF, 0xFF, 0xA0, 0x00, 0x00, 0x00, 0x4F, 0xFF, 0xFF, 0xFF, 0x40, 0x00, 0x00,
  0x07, 0xFF, 0xFF, 0xFF, 0xF7, 0x00, 0x00, 0x00, 0x7F, 0xFF, 0xFF, 0xFF, 0x70, 0x00, 0x00, 0x04,
  0xFF, 0xFF, 0xFF, 0xF4, 0x00, 0x00, 0x00, 0x09, 0xFF, 0xFF, 0xFA, 0x00, 0x00, 0x00, 0x00, 0x07,
  0xCE, 0xC7, 0x00, 0x00, 0x00, 0x00, 0x00, 0x00, 0x10, 0x00, 0x00, 0x00, 0x00, 0x00, 0x00, 0x11,
  0x00, 0x00, 0x00, 0x00, 0x10, 0x00, 0x00, 0x00, 0x00, 0x00, 0x18, 0xDE, 0xB4, 0x00, 0x00, 0x7C,
  0xEC, 0x81, 0x00, 0x00, 0x00, 0x00, 0xBF, 0xFF, 0xFF, 0x40, 0x0A, 0xFF, 0xFF, 0xFA, 0x00, 0x00,
  0x00, 0x04, 0xFF, 0xFF, 0xFF, 0xC0, 0x4F, 0xFF, 0xFF, 0xFF, 0x40, 0x00, 0x00, 0x07, 0xFF, 0xFF,
  0xFF, 0xE0, 0x7F, 0xFF, 0xFF, 0xFF, 0x70, 0x00, 0x00, 0x07, 0xFF, 0xFF, 0xFF, 0xE0, 0x6F, 0xFF,
  0xFF, 0xFF, 0x70, 0x00, 0x00, 0x02, 0xFF, 0xFF, 0xFF, 0xE0, 0x2E, 0xFF, 0xFF, 0xFF, 0x70, 0x00,
  0x00, 0x00, 0x6E, 0xFF, 0xFF, 0xE1, 0x04, 0xDF, 0xFF, 0xFF, 0x70, 0x00, 0x00, 0x00, 0x02, 0x68,
  0xFF, 0xE1, 0x00, 0x16, 0x7B, 0xFF, 0x70, 0x00, 0x00, 0x00, 0x00, 0x00, 0xEF, 0xE1, 0x00, 0x00,
  0x07, 0xFF, 0x70, 0x00, 0x00, 0x00, 0x00, 0x04, 0xFF, 0xE1, 0x00, 0x00, 0x0A, 0xFF, 0x70, 0x00,
  0x00, 0x00, 0x48, 0x8D, 0xFF, 0xC0, 0x03, 0x87, 0xAF, 0xFF, 0x50, 0x00, 0x00, 0x00, 0x8F, 0xFF,
  0xFF, 0x60, 0x06, 0xFF, 0xFF, 0xFD, 0x10, 0x00, 0x00, 0x00, 0x8F, 0xFF, 0xF9, 0x00, 0x06, 0xFF,
  0xFF, 0xC3, 0x00, 0x00, 0x00, 0x00, 0x47, 0x77, 0x30, 0x00, 0x03, 0x77, 0x74, 0x00, 0x00, 0x00,
  0x00, 0x00, 0x00, 0x00, 0x00, 0x00, 0x00, 0x00, 0x00, 0x00, 0x00, 0x00, 0x00, 0x00, 0x00, 0x00,
  0x00, 0x00, 0x00, 0x00, 0x00, 0x00, 0x00, 0x00, 0x00, 0x00, 0x00, 0x00, 0x00, 0x00, 0x00, 0x00,
  0x00, 0x00, 0x00, 0x00, 0x00, 0x00, 0x00, 0x00, 0x00, 0x00, 0x00, 0x00, 0x00, 0x00, 0x00, 0x00,
  0x00, 0x00, 0x00, 0x00, 0x00, 0x00, 0x00, 0x00, 0x00, 0x00, 0x00, 0x00, 0x00, 0x00, 0x00, 0x00,
  0x00, 0x00, 0x00, 0x00, 0x00, 0x00, 0x00, 0x00, 0x00, 0x00, 0x00, 0x00, 0x00, 0x00, 0x00, 0x00,
  0x00, 0x00, 0x00, 0x00, 0x00, 0x00, 0x00, 0x00, 0x00, 0x00, 0x00, 0x00, 0x00, 0x00, 0x00, 0x00,
  0x00, 0x00, 0x00, 0x00, 0x00, 0x00, 0x00, 0x00, 0x00, 0x00, 0x00, 0x00, 0x00, 0x00, 0x00, 0x00,
  0x00, 0x00, 0x00, 0x00, 0x00, 0x00, 0x00, 0x00, 0x00, 0x00, 0x00, 0x00, 0x00, 0x00, 0x00, 0x00,
  0x00, 0x00, 0x00, 0x00, 0x00, 0x00, 0x00, 0x00, 0x00, 0x00, 0x00, 0x00, 0x00, 0x00, 0x00, 0x00,
  0x00, 0x00, 0x00, 0x00, 0x00, 0x00, 0x00, 0x00, 0x00, 0x00, 0x00, 0x00, 0x00, 0x00, 0x00, 0x00,
  0x00, 0x00, 0x00, 0x00, 0x00, 0x00, 0x00, 0x00, 0x00, 0x00, 0x00, 0x00, 0x00, 0x00, 0x00, 0x00,
  0x00, 0x00, 0x00, 0x00, 0x00, 0x00, 0x00, 0x00, 0x00, 0x00, 0x00, 0x00, 0x00, 0x00, 0x00, 0x00,
  0x00, 0x00, 0x00, 0x00, 0x00, 0x00, 0x00, 0x00, 0x00, 0x00, 0x00, 0x00, 0x00, 0x00, 0x00, 0x01,
  0x11, 0x11, 0x00, 0x00, 0x11, 0x11, 0x10, 0x00, 0x00, 0x00, 0x00, 0x00, 0x00, 0x2E, 0xEE, 0xEB,
  0x00, 0x00, 0xBE, 0xEE, 0xE2, 0x00, 0x00, 0x00, 0x00, 0x00, 0x00, 0x2F, 0xFF, 0xFC, 0x00, 0x00,
  0xCF, 0xFF, 0xF2, 0x00, 0x00, 0x00, 0x00, 0x00, 0x00, 0x2F, 0xFF, 0xFC, 0x00, 0x00, 0xCF, 0xFF,
  0xF2, 0x00, 0x00, 0x00, 0x00, 0x00, 0x00, 0x2F, 0xFF, 0xFC, 0x00, 0x00, 0xCF, 0xFF, 0xF2, 0x00,
  0x00, 0x00, 0x00, 0x00, 0x00, 0x2F, 0xFF, 0xFC, 0x00, 0x00, 0xCF, 0xFF, 0xF2, 0x00, 0x00, 0x00,
  0x00, 0x00, 0x00, 0x2F, 0xFF, 0xFC, 0x00, 0x00, 0xCF, 0xFF, 0xF2, 0x00, 0x00, 0x00, 0x00, 0x00,
  0x00, 0x2F, 0xFF, 0xFC, 0x00, 0x00, 0xCF, 0xFF, 0xF2, 0x00, 0x00, 0x00, 0x00, 0x12, 0x22, 0x4F,
  0xFF, 0xFC, 0x22, 0x22, 0xCF, 0xFF, 0xF4, 0x22, 0x21, 0x00, 0x00, 0x8E, 0xEE, 0xEF, 0xFF, 0xFF,
  0xEE, 0xEE, 0xFF, 0xFF, 0xFE, 0xEE, 0xE8, 0x00, 0x00, 0x8F, 0xFF, 0xFF, 0xFF, 0xFF, 0xFF, 0xFF,
  0xFF, 0xFF, 0xFF, 0xFF, 0xF8, 0x00, 0x00, 0x8F, 0xEF, 0xFF, 0xFF, 0xFF, 0xFF, 0xFF, 0xFF, 0xFF,
  0xFF, 0xFE, 0xF8, 0x00, 0x00, 0x9F, 0xFF, 0xFF, 0xFF, 0xFF, 0xFF, 0xFF, 0xFF, 0xFF, 0xFF, 0xFF,
  0xF9, 0x00, 0x00, 0x6B, 0xBB, 0xBF, 0xFF, 0xFE, 0xBB, 0xBB, 0xEF, 0xFF, 0xFB, 0xBB, 0xB6, 0x00,
  0x00, 0x00, 0x00, 0x1F, 0xFF, 0xFC, 0x00, 0x00, 0xCF, 0xFF, 0xF1, 0x00, 0x00, 0x00, 0x00, 0x00,
  0x00, 0x2F, 0xFF, 0xFC, 0x00, 0x00, 0xCF, 0xFF, 0xF2, 0x00, 0x00, 0x00, 0x00, 0x00, 0x00, 0x2F,
  0xFF, 0xFC, 0x00, 0x00, 0xCF, 0xFF, 0xF2, 0x00, 0x00, 0x00, 0x00, 0x00, 0x00, 0x1F, 0xFF, 0xFC,
  0x00, 0x00, 0xCF, 0xFF, 0xF1, 0x00, 0x00, 0x00, 0x00, 0x6B, 0xBB, 0xBF, 0xFF, 0xFE, 0xBB, 0xBB,
  0xEF, 0xFF, 0xFB, 0xBB, 0xB6, 0x00, 0x00, 0x9F, 0xFF, 0xFF, 0xFF, 0xFF, 0xFF, 0xFF, 0xFF, 0xFF,
  0xFF, 0xFF, 0xF9, 0x00, 0x00, 0x8F, 0xEF, 0xFF, 0xFF, 0xFF, 0xFF, 0xFF, 0xFF, 0xFF, 0xFF, 0xFE,
  0xF8, 0x00, 0x00, 0x8F, 0xFF, 0xFF, 0xFF, 0xFF, 0xFF, 0xFF, 0xFF, 0xFF, 0xFF, 0xFF, 0xF8, 0x00,
  0x00, 0x8E, 0xEE, 0xEF, 0xFF, 0xFF, 0xEE, 0xEE, 0xFF, 0xFF, 0xFE, 0xEE, 0xE8, 0x00, 0x00, 0x12,
  0x22, 0x4F, 0xFF, 0xFC, 0x22, 0x22, 0xCF, 0xFF, 0xF4, 0x22, 0x21, 0x00, 0x00, 0x00, 0x00, 0x2F,
  0xFF, 0xFC, 0x00, 0x00, 0xCF, 0xFF, 0xF2, 0x00, 0x00, 0x00, 0x00, 0x00, 0x00, 0x2F, 0xFF, 0xFC,
  0x00, 0x00, 0xCF, 0xFF, 0xF2, 0x00, 0x00, 0x00, 0x00, 0x00, 0x00, 0x2F, 0xFF, 0xFC, 0x00, 0x00,
  0xCF, 0xFF, 0xF2, 0x00, 0x00, 0x00, 0x00, 0x00, 0x00, 0x2F, 0xFF, 0xFC, 0x00, 0x00, 0xCF, 0xFF,
  0xF2, 0x00, 0x00, 0x00, 0x00, 0x00, 0x00, 0x2F, 0xFF, 0xFC, 0x00, 0x00, 0xCF, 0xFF, 0xF2, 0x00,
  0x00, 0x00, 0x00, 0x00, 0x00, 0x2F, 0xFF, 0xFC, 0x00, 0x00, 0xCF, 0xFF, 0xF2, 0x00, 0x00, 0x00,
  0x00, 0x00, 0x00, 0x2E, 0xEE, 0xEB, 0x00, 0x00, 0xBE, 0xEE, 0xE2, 0x00, 0x00, 0x00, 0x00, 0x00,
  0x00, 0x01, 0x11, 0x11, 0x00, 0x00, 0x11, 0x11, 0x10, 0x00, 0x00, 0x00, 0x00, 0x00, 0x00, 0x00,
  0x00, 0x00, 0x11, 0x11, 0x10, 0x00, 0x00, 0x00, 0x00, 0x00, 0x00, 0x00, 0x00, 0x00, 0x00, 0x08,
  0xEE, 0xEE, 0xB0, 0x00, 0x00, 0x00, 0x00, 0x00, 0x00, 0x00, 0x00, 0x00, 0x00, 0x09, 0xFF, 0xFF,
  0xC0, 0x00, 0x00, 0x00, 0x00, 0x00, 0x00, 0x00, 0x00, 0x00, 0x00, 0x09, 0xFF, 0xFF, 0xC0, 0x00,
  0x00, 0x00, 0x00, 0x00, 0x00, 0x00, 0x00, 0x00, 0x00, 0x08, 0xFF, 0xFF, 0xC0, 0x00, 0x00, 0x00,
  0x00, 0x00, 0x00, 0x00, 0x00, 0x00, 0x02, 0x5B, 0xFF, 0xFF, 0xD3, 0x10, 0x00, 0x00, 0x00, 0x00,
  0x00, 0x00, 0x00, 0x04, 0xAE, 0xFF, 0xFF, 0xFF, 0xFF, 0xD8, 0x20, 0x00, 0x00, 0x00, 0x00, 0x00,
  0x00, 0x9F, 0xFF, 0xFF, 0xFF, 0xFF, 0xFF, 0xFF, 0xE6, 0x00, 0x00, 0x00, 0x00, 0x00, 0x0A, 0xFF,
  0xFF, 0xFF, 0xFF, 0xFF, 0xFF, 0xFF, 0xFF, 0x70, 0x00, 0x00, 0x00, 0x00, 0x7F, 0xFF, 0xFF, 0xFF,
  0xFF, 0xFF, 0xFF, 0xFF, 0xFF, 0xF5, 0x00, 0x00, 0x00, 0x01, 0xEF, 0xFF, 0xFF, 0xDD, 0xFF, 0xFF,
  0xEF, 0xFF, 0xFF, 0xFD, 0x10, 0x00, 0x00, 0x06, 0xFF, 0xFF, 0xFA, 0x18, 0xFF, 0xFF, 0xC3, 0xDF,
  0xFF, 0xFF, 0x50, 0x00, 0x00, 0x09, 0xFF, 0xFF, 0xD1, 0x09, 0xFF, 0xFF, 0xC0, 0x3E, 0xFF, 0xFF,
  0x90, 0x00, 0x00, 0x0A, 0xFF, 0xFF, 0xA0, 0x09, 0xFF, 0xFF, 0xC0, 0x0A, 0xFF, 0xFF, 0xC0, 0x00,
  0x00, 0x0A, 0xFF, 0xFF, 0xA0, 0x09, 0xFF, 0xFF, 0xC0, 0x07, 0xFF, 0xFF, 0xD0, 0x00, 0x00, 0x09,
  0xFF, 0xFF, 0xE2, 0x09, 0xFF, 0xFF, 0xC0, 0x07, 0xFF, 0xFF, 0xE0, 0x00, 0x00, 0x07, 0xFF, 0xFF,
  0xFD, 0x39, 0xFF, 0xFF, 0xC0, 0x03, 0x77, 0x77, 0x60, 0x00, 0x00, 0x03, 0xFF, 0xFF, 0xFF, 0xFE,
  0xFF, 0xFF, 0xC0, 0x00, 0x00, 0x00, 0x00, 0x00, 0x00, 0x00, 0x9F, 0xFF, 0xFF, 0xFF, 0xFF, 0xFF,
  0xD2, 0x00, 0x00, 0x00, 0x00, 0x00, 0x00, 0x00, 0x1B, 0xFF, 0xFF, 0xFF, 0xFF, 0xFF, 0xFE, 0xC6,
  0x20, 0x00, 0x00, 0x00, 0x00, 0x00, 0x01, 0x9F, 0xFF, 0xFF, 0xFF, 0xFF, 0xFF, 0xFF, 0xE7, 0x10,
  0x00, 0x00, 0x00, 0x00, 0x00, 0x04, 0xAF, 0xFF, 0xFF, 0xFF, 0xFF, 0xFF, 0xFF, 0xB2, 0x00, 0x00,
  0x00, 0x00, 0x00, 0x00, 0x03, 0x7D, 0xFF, 0xFF, 0xFF, 0xFF, 0xFF, 0xFC, 0x10, 0x00, 0x00, 0x00,
  0x00, 0x00, 0x00, 0x08, 0xFF, 0xFF, 0xFF, 0xFF, 0xFF, 0xFF, 0x80, 0x00, 0x00, 0x11, 0x11, 0x11,
  0x00, 0x09, 0xFF, 0xFF, 0xC4, 0xBF, 0xFF, 0xFF, 0xE1, 0x00, 0x00, 0x6D, 0xDD, 0xDB, 0x10, 0x09,
  0xFF, 0xFF, 0xC0, 0x0A, 0xFF, 0xFF, 0xF4, 0x00, 0x00, 0x7F, 0xFF, 0xFD, 0x10, 0x09, 0xFF, 0xFF,
  0xC0, 0x02, 0xEF, 0xFF, 0xF6, 0x00, 0x00, 0x6F, 0xFF, 0xFE, 0x20, 0x09, 0xFF, 0xFF, 0xC0, 0x01,
  0xDF, 0xFF, 0xF7, 0x00, 0x00, 0x4F, 0xFF, 0xFF, 0x50, 0x09, 0xFF, 0xFF, 0xC0, 0x02, 0xEF, 0xFF,
  0xF6, 0x00, 0x00, 0x1E, 0xFF, 0xFF, 0xC1, 0x09, 0xFF, 0xFF, 0xC0, 0x08, 0xFF, 0xFF, 0xF4, 0x00,
  0x00, 0x0A, 0xFF, 0xFF, 0xFC, 0x29, 0xFF, 0xFF, 0xC1, 0x7F, 0xFF, 0xFF, 0xD0, 0x00, 0x00, 0x03,
  0xFF, 0xFF, 0xFF, 0xED, 0xFF, 0xFF, 0xEC, 0xFF, 0xFF, 0xFF, 0x70, 0x00, 0x00, 0x00, 0x7F, 0xFF,
  0xFF, 0xFF, 0xFF, 0xFF, 0xFF, 0xFF, 0xFF, 0xFC, 0x10, 0x00, 0x00, 0x00, 0x09, 0xFF, 0xFF, 0xFF,
  0xFF, 0xFF, 0xFF, 0xFF, 0xFF, 0xD2, 0x00, 0x00, 0x00, 0x00, 0x00, 0x7E, 0xFF, 0xFF, 0xFF, 0xFF,
  0xFF, 0xFF, 0xFA, 0x20, 0x00, 0x00, 0x00, 0x00, 0x00, 0x02, 0x9D, 0xFF, 0xFF, 0xFF, 0xFF, 0xEA,
  0x40, 0x00, 0x00, 0x00, 0x00, 0x00, 0x00, 0x00, 0x01, 0x4B, 0xFF, 0xFF, 0xD5, 0x20, 0x00, 0x00,
  0x00, 0x00, 0x00, 0x00, 0x00, 0x00, 0x00, 0x08, 0xFF, 0xFF, 0xC0, 0x00, 0x00, 0x00, 0x00, 0x00,
  0x00, 0x00, 0x00, 0x00, 0x00, 0x09, 0xFF, 0xFF, 0xC0, 0x00, 0x00, 0x00, 0x00, 0x00, 0x00, 0x00,
  0x00, 0x00, 0x00, 0x09, 0xFF, 0xFF, 0xC0, 0x00, 0x00, 0x00, 0x00, 0x00, 0x00, 0x00, 0x00, 0x00,
  0x00, 0x08, 0xEE, 0xEE, 0xB0, 0x00, 0x00, 0x00, 0x00, 0x00, 0x00, 0x00, 0x00, 0x00, 0x00, 0x00,
  0x11, 0x11, 0x10, 0x00, 0x00, 0x00, 0x00, 0x00, 0x00, 0x00, 0x00, 0x00, 0x00, 0x00, 0x00, 0x00,
  0x00, 0x00, 0x00, 0x00, 0x00, 0x00, 0x00, 0x00, 0x00, 0x00, 0x00, 0x00, 0x36, 0x77, 0x52, 0x00,
  0x00, 0x00, 0x00, 0x00, 0x00, 0x00, 0x33, 0x00, 0x00, 0x00, 0x00, 0x00, 0x4C, 0xFF, 0xFF, 0xFE,
  0xA2, 0x00, 0x00, 0x00, 0x00, 0x00, 0x01, 0xDF, 0x50, 0x00, 0x00, 0x00, 0x06, 0xFF, 0xFF, 0xFF,
  0xFF, 0xFD, 0x30, 0x00, 0x00, 0x00, 0x00, 0x0B, 0xFF, 0xF7, 0x00, 0x00, 0x00, 0x2E, 0xFF, 0xFF,
  0xFF, 0xFF, 0xFF, 0xC1, 0x00, 0x00, 0x00, 0x00, 0x9F, 0xFF, 0xFB, 0x00, 0x00, 0x00, 0x8F, 0xFF,
  0xE6, 0x22, 0x8F, 0xFF, 0xF5, 0x00, 0x00, 0x00, 0x06, 0xFF, 0xFF, 0xD1, 0x00, 0x00, 0x00, 0xCF,
  0xFF, 0x60, 0x00, 0x09, 0xFF, 0xF9, 0x00, 0x00, 0x00, 0x4F, 0xFF, 0xFE, 0x30, 0x00, 0x00, 0x00,
  0xEF, 0xFF, 0x20, 0x00, 0x05, 0xFF, 0xFB, 0x00, 0x00, 0x02, 0xDF, 0xFF, 0xF5, 0x00, 0x00, 0x00,
  0x00, 0xEF, 0xFF, 0x20, 0x00, 0x05, 0xFF, 0xFB, 0x00, 0x00, 0x0B, 0xFF, 0xFF, 0x80, 0x00, 0x00,
  0x00, 0x00, 0xDF, 0xFF, 0x40, 0x00, 0x08, 0xFF, 0xF9, 0x00, 0x00, 0x9F, 0xFF, 0xFA, 0x00, 0x00,
  0x00, 0x00, 0x00, 0xAF, 0xFF, 0xC3, 0x00, 0x5E, 0xFF, 0xF6, 0x00, 0x06, 0xFF, 0xFF, 0xC1, 0x00,
  0x00, 0x00, 0x00, 0x00, 0x4F, 0xFF, 0xFF, 0xDD, 0xFF, 0xFF, 0xE1, 0x00, 0x4F, 0xFF, 0xFE, 0x30,
  0x00, 0x00, 0x00, 0x00, 0x00, 0x08, 0xFF, 0xFF, 0xFF, 0xFF, 0xFF, 0x50, 0x02, 0xDF, 0xFF, 0xF5,
  0x00, 0x00, 0x00, 0x00, 0x00, 0x00, 0x00, 0x7E, 0xFF, 0xFF, 0xFF, 0xD5, 0x00, 0x0C, 0xFF, 0xFF,
  0x70, 0x00, 0x00, 0x00, 0x00, 0x00, 0x00, 0x00, 0x02, 0x69, 0xAA, 0x95, 0x10, 0x00, 0x9F, 0xFF,
  0xFA, 0x00, 0x00, 0x00, 0x00, 0x00, 0x00, 0x00, 0x00, 0x00, 0x00, 0x00, 0x00, 0x00, 0x07, 0xFF,
  0xFF, 0xC1, 0x00, 0x00, 0x00, 0x00, 0x00, 0x00, 0x00, 0x00, 0x00, 0x00, 0x00, 0x00, 0x00, 0x4F,
  0xFF, 0xFE, 0x20, 0x00, 0x00, 0x00, 0x00, 0x00, 0x00, 0x00, 0x00, 0x00, 0x00, 0x00, 0x00, 0x02,
  0xEF, 0xFF, 0xF4, 0x00, 0x00, 0x00, 0x00, 0x00, 0x00, 0x00, 0x00, 0x00, 0x00, 0x00, 0x00, 0x00,
  0x1C, 0xFF, 0xFF, 0x70, 0x00, 0x00, 0x00, 0x00, 0x00, 0x00, 0x00, 0x00, 0x00, 0x00, 0x00, 0x00,
  0x00, 0xAF, 0xFF, 0xFA, 0x00, 0x01, 0x59, 0xAA, 0x96, 0x20, 0x00, 0x00, 0x00, 0x00, 0x00, 0x00,
  0x00, 0x07, 0xFF, 0xFF, 0xC1, 0x00, 0x5D, 0xFF, 0xFF, 0xFF, 0xE7, 0x00, 0x00, 0x00, 0x00, 0x00,
  0x00, 0x00, 0x5F, 0xFF, 0xFE, 0x20, 0x05, 0xFF, 0xFF, 0xFF, 0xFF, 0xFF, 0x80, 0x00, 0x00, 0x00,
  0x00, 0x00, 0x02, 0xEF, 0xFF, 0xF4, 0x00, 0x1E, 0xFF, 0xFF, 0xDD, 0xFF, 0xFF, 0xF4, 0x00, 0x00,
  0x00, 0x00, 0x00, 0x1C, 0xFF, 0xFF, 0x70, 0x00, 0x6F, 0xFF, 0xE5, 0x00, 0x3D, 0xFF, 0xF9, 0x00,
  0x00, 0x00, 0x00, 0x00, 0xAF, 0xFF, 0xF9, 0x00, 0x00, 0x9F, 0xFF, 0x80, 0x00, 0x04, 0xFF, 0xFC,
  0x00, 0x00, 0x00, 0x00, 0x08, 0xFF, 0xFF, 0xC1, 0x00, 0x00, 0xBF, 0xFF, 0x50, 0x00, 0x02, 0xFF,
  0xFE, 0x00, 0x00, 0x00, 0x00, 0x5F, 0xFF, 0xFD, 0x20, 0x00, 0x00, 0xBF, 0xFF, 0x50, 0x00, 0x02,
  0xFF, 0xFE, 0x00, 0x00, 0x00, 0x03, 0xEF, 0xFF, 0xF4, 0x00, 0x00, 0x00, 0x9F, 0xFF, 0x90, 0x00,
  0x06, 0xFF, 0xFC, 0x00, 0x00, 0x00, 0x1D, 0xFF, 0xFF, 0x60, 0x00, 0x00, 0x00, 0x5F, 0xFF, 0xF8,
  0x22, 0x6E, 0xFF, 0xF8, 0x00, 0x00, 0x00, 0xBF, 0xFF, 0xF9, 0x00, 0x00, 0x00, 0x00, 0x1C, 0xFF,
  0xFF, 0xFF, 0xFF, 0xFF, 0xE2, 0x00, 0x00, 0x00, 0x7F, 0xFF, 0xB1, 0x00, 0x00, 0x00, 0x00, 0x03,
  0xEF, 0xFF, 0xFF, 0xFF, 0xFF, 0x60, 0x00, 0x00, 0x00, 0x04, 0xEE, 0x20, 0x00, 0x00, 0x00, 0x00,
  0x00, 0x2A, 0xFF, 0xFF, 0xFF, 0xC4, 0x00, 0x00, 0x00, 0x00, 0x00, 0x33, 0x00, 0x00, 0x00, 0x00,
  0x00, 0x00, 0x00, 0x25, 0x77, 0x63, 0x00, 0x00, 0x00, 0x00, 0x00, 0x00, 0x00, 0x00, 0x00, 0x00,
  0x00, 0x00, 0x00, 0x00, 0x00, 0x00, 0x00, 0x00, 0x00, 0x00, 0x00, 0x00, 0x00, 0x00, 0x00, 0x11,
  0x11, 0x10, 0x00, 0x00, 0x00, 0x00, 0x00, 0x00, 0x00, 0x00, 0x27, 0xBD, 0xEE, 0xEE, 0xE3, 0x00,
  0x00, 0x00, 0x00, 0x00, 0x00, 0x00, 0x08, 0xFF, 0xFF, 0xFF, 0xFF, 0xF4, 0x00, 0x00, 0x00, 0x00,
  0x00, 0x00, 0x01, 0xBF, 0xFF, 0xFF, 0xFF, 0xFF, 0xF4, 0x00, 0x00, 0x00, 0x00, 0x00, 0x00, 0x08,
  0xFF, 0xFF, 0xFF, 0xFF, 0xFF, 0xF4, 0x00, 0x00, 0x00, 0x00, 0x00, 0x00, 0x2F, 0xFF, 0xFF, 0xFE,
  0xA9, 0x99, 0x92, 0x00, 0x00, 0x00, 0x00, 0x00, 0x00, 0x7F, 0xFF, 0xFF, 0xB2, 0x00, 0x00, 0x00,
  0x00, 0x00, 0x00, 0x00, 0x00, 0x00, 0xAF, 0xFF, 0xFC, 0x00, 0x00, 0x00, 0x00, 0x00, 0x00, 0x00,
  0x00, 0x00, 0x00, 0xCF, 0xFF, 0xF7, 0x00, 0x00, 0x00, 0x00, 0x00, 0x00, 0x00, 0x00, 0x00, 0x00,
  0xCF, 0xFF, 0xF5, 0x00, 0x00, 0x00, 0x01, 0x33, 0x33, 0x20, 0x00, 0x00, 0x00, 0xBF, 0xFF, 0xF6,
  0x00, 0x00, 0x00, 0x04, 0xFE, 0xEF, 0xC1, 0x00, 0x00, 0x00, 0x8F, 0xFF, 0xFB, 0x00, 0x00, 0x00,
  0x05, 0xFF, 0xFF, 0xD1, 0x00, 0x00, 0x00, 0x2E, 0xFF, 0xFF, 0x70, 0x00, 0x00, 0x04, 0xFF, 0xFF,
  0xC0, 0x00, 0x00, 0x00, 0x06, 0xFF, 0xFF, 0xFB, 0x64, 0x44, 0x47, 0xFF, 0xFF, 0xD5, 0x44, 0x20,
  0x00, 0x00, 0x6E, 0xFF, 0xFF, 0xFF, 0xFF, 0xFF, 0xFF, 0xFF, 0xFF, 0xFF, 0x80, 0x00, 0x00, 0x01,
  0x8F, 0xFF, 0xFF, 0xFF, 0xFF, 0xFF, 0xFF, 0xFF, 0xEF, 0x80, 0x00, 0x00, 0x02, 0x9F, 0xFF, 0xFF,
  0xFF, 0xFF, 0xFF, 0xFF, 0xFF, 0xEF, 0x80, 0x00, 0x00, 0x7F, 0xFF, 0xFF, 0xFF, 0xFF, 0xFF, 0xFF,
  0xFF, 0xFF, 0xFF, 0x80, 0x00, 0x08, 0xFF, 0xFF, 0xFA, 0x64, 0x44, 0x47, 0xFF, 0xFF, 0xD5, 0x44,
  0x20, 0x00, 0x3F, 0xFF, 0xFE, 0x50, 0x00, 0x00, 0x04, 0xFF, 0xFF, 0xC0, 0x00, 0x00, 0x00, 0xAF,
  0xFF, 0xF8, 0x00, 0x00, 0x00, 0x05, 0xFF, 0xFF, 0xD1, 0x00, 0x00, 0x00, 0xDF, 0xFF, 0xF4, 0x00,
  0x00, 0x00, 0x04, 0xFF, 0xFF, 0xD1, 0x00, 0x00, 0x01, 0xEF, 0xFF, 0xF3, 0x00, 0x00, 0x00, 0x04,
  0xFF, 0xFF, 0xD1, 0x00, 0x00, 0x01, 0xEF, 0xFF, 0xF4, 0x00, 0x00, 0x00, 0x04, 0xFF, 0xFF, 0xD1,
  0x00, 0x00, 0x01, 0xDF, 0xFF, 0xFA, 0x00, 0x00, 0x01, 0x05, 0xFF, 0xFF, 0xD1, 0x00, 0x00, 0x00,
  0xAF, 0xFF, 0xFF, 0x91, 0x00, 0x00, 0x04, 0xFF, 0xFF, 0xD1, 0x00, 0x00, 0x00, 0x5F, 0xFF, 0xFF,
  0xFE, 0xA9, 0x99, 0x9B, 0xFF, 0xFF, 0xD1, 0x00, 0x00, 0x00, 0x0C, 0xFF, 0xFF, 0xFF, 0xFF, 0xFF,
  0xFF, 0xFF, 0xFF, 0xD1, 0x00, 0x00, 0x00, 0x02, 0xDF, 0xFF, 0xFF, 0xFF, 0xFF, 0xFF, 0xFF, 0xFF,
  0xC1, 0x00, 0x00, 0x00, 0x00, 0x2B, 0xFF, 0xFF, 0xFF, 0xFF, 0xFF, 0xFF, 0xFF, 0xD1, 0x00, 0x00,
  0x00, 0x00, 0x00, 0x48, 0xBD, 0xEE, 0xEE, 0xEE, 0xEE, 0xEE, 0xC0, 0x00, 0x00, 0x00, 0x00, 0x00,
  0x00, 0x00, 0x11, 0x11, 0x11, 0x11, 0x11, 0x10, 0x00, 0x00, 0x00, 0x00, 0x00, 0x11, 0x00, 0x00,
  0x00, 0x00, 0x00, 0x2A, 0xDD, 0xA2, 0x00, 0x00, 0x00, 0x01, 0xDF, 0xFF, 0xFD, 0x10, 0x00, 0x00,
  0x06, 0xFF, 0xFF, 0xFF, 0x60, 0x00, 0x00, 0x09, 0xFF, 0xFF, 0xFF, 0x90, 0x00, 0x00, 0x09, 0xFF,
  0xFF, 0xFF, 0x90, 0x00, 0x00, 0x04, 0xFF, 0xFF, 0xFF, 0x90, 0x00, 0x00, 0x00, 0x8F, 0xFF, 0xFF,
  0x90, 0x00, 0x00, 0x00, 0x03, 0x7A, 0xFF, 0x90, 0x00, 0x00, 0x00, 0x00, 0x03, 0xFF, 0x90, 0x00,
  0x00, 0x00, 0x00, 0x07, 0xFF, 0x90, 0x00, 0x00, 0x00, 0x58, 0x9E, 0xFF, 0x60, 0x00, 0x00, 0x00,
  0xAF, 0xFF, 0xFE, 0x20, 0x00, 0x00, 0x00, 0xAF, 0xFF, 0xE5, 0x00, 0x00, 0x00, 0x00, 0x57, 0x76,
  0x20, 0x00, 0x00, 0x00, 0x00, 0x00, 0x00, 0x00, 0x00, 0x00, 0x00, 0x00, 0x00, 0x00, 0x00, 0x00,
  0x00, 0x00, 0x00, 0x00, 0x00, 0x00, 0x00, 0x00, 0x00, 0x00, 0x00, 0x00, 0x00, 0x00, 0x00, 0x00,
  0x00, 0x00, 0x00, 0x00, 0x00, 0x00, 0x00, 0x00, 0x00, 0x00, 0x00, 0x00, 0x00, 0x00, 0x00, 0x00,
  0x00, 0x00, 0x00, 0x00, 0x00, 0x00, 0x00, 0x00, 0x00, 0x00, 0x00, 0x00, 0x00, 0x00, 0x00, 0x00,
  0x00, 0x00, 0x00, 0x00, 0x00, 0x00, 0x00, 0x00, 0x00, 0x00, 0x00, 0x00, 0x00, 0x00, 0x00, 0x00,
  0x00, 0x00, 0x00, 0x00, 0x00, 0x00, 0x00, 0x00, 0x00, 0x00, 0x00, 0x00, 0x00, 0x00, 0x00, 0x00,
  0x00, 0x00, 0x00, 0x00, 0x00, 0x00, 0x00, 0x00, 0x00, 0x00, 0x00, 0x00, 0x00, 0x00, 0x00, 0x00,
  0x00, 0x00, 0x00, 0x00, 0x00, 0x00, 0x00, 0x00, 0x00, 0x00, 0x00, 0x00, 0x00, 0x00, 0x00, 0x00,
  0x00, 0x00, 0x00, 0x00, 0x00, 0x00, 0x00, 0x00, 0x01, 0x47, 0x9A, 0x80, 0x00, 0x00, 0x00, 0x00,
  0x04, 0xAE, 0xFF, 0xFF, 0xC0, 0x00, 0x00, 0x00, 0x02, 0xAF, 0xFF, 0xFF, 0xFF, 0xB0, 0x00, 0x00,
  0x00, 0x3D, 0xFF, 0xFF, 0xFF, 0xFF, 0xB0, 0x00, 0x00, 0x02, 0xDF, 0xFF, 0xFF, 0xFF, 0xFE, 0xA0,
  0x00, 0x00, 0x0B, 0xFF, 0xFF, 0xFF, 0xB6, 0x31, 0x00, 0x00, 0x00, 0x5F, 0xFF, 0xFF, 0xF6, 0x00,
  0x00, 0x00, 0x00, 0x00, 0xBF, 0xFF, 0xFF, 0x50, 0x00, 0x00, 0x00, 0x00, 0x03, 0xFF, 0xFF, 0xF9,
  0x00, 0x00, 0x00, 0x00, 0x00, 0x06, 0xFF, 0xFF, 0xE2, 0x00, 0x00, 0x00, 0x00, 0x00, 0x0A, 0xFF,
  0xFF, 0xB0, 0x00, 0x00, 0x00, 0x00, 0x00, 0x0C, 0xFF, 0xFF, 0x70, 0x00, 0x00, 0x00, 0x00, 0x00,
  0x1D, 0xFF, 0xFF, 0x40, 0x00, 0x00, 0x00, 0x00, 0x00, 0x1E, 0xFF, 0xFF, 0x30, 0x00, 0x00, 0x00,
  0x00, 0x00, 0x1E, 0xFF, 0xFE, 0x20, 0x00, 0x00, 0x00, 0x00, 0x00, 0x2F, 0xFF, 0xFE, 0x20, 0x00,
  0x00, 0x00, 0x00, 0x00, 0x2F, 0xFF, 0xFE, 0x20, 0x00, 0x00, 0x00, 0x00, 0x00, 0x2F, 0xFF, 0xFE,
  0x20, 0x00, 0x00, 0x00, 0x00, 0x00, 0x2F, 0xFF, 0xFE, 0x20, 0x00, 0x00, 0x00, 0x00, 0x00, 0x2F,
  0xFF, 0xFE, 0x20, 0x00, 0x00, 0x00, 0x00, 0x00, 0x2F, 0xFF, 0xFE, 0x20, 0x00, 0x00, 0x00, 0x00,
  0x00, 0x2F, 0xFF, 0xFE, 0x20, 0x00, 0x00, 0x00, 0x00, 0x00, 0x2F, 0xFF, 0xFE, 0x20, 0x00, 0x00,
  0x00, 0x00, 0x00, 0x2F, 0xFF, 0xFE, 0x20, 0x00, 0x00, 0x00, 0x00, 0x00, 0x2F, 0xFF, 0xFE, 0x20,
  0x00, 0x00, 0x00, 0x00, 0x00, 0x2F, 0xFF, 0xFE, 0x20, 0x00, 0x00, 0x00, 0x00, 0x00, 0x2F, 0xFF,
  0xFE, 0x20, 0x00, 0x00, 0x00, 0x00, 0x00, 0x2F, 0xFF, 0xFE, 0x20, 0x00, 0x00, 0x00, 0x00, 0x00,
  0x1E, 0xFF, 0xFF, 0x30, 0x00, 0x00, 0x00, 0x00, 0x00, 0x1D, 0xFF, 0xFF, 0x40, 0x00, 0x00, 0x00,
  0x00, 0x00, 0x0C, 0xFF, 0xFF, 0x60, 0x00, 0x00, 0x00, 0x00, 0x00, 0x0A, 0xFF, 0xFF, 0x90, 0x00,
  0x00, 0x00, 0x00, 0x00, 0x07, 0xFF, 0xFF, 0xD1, 0x00, 0x00, 0x00, 0x00, 0x00, 0x04, 0xFF, 0xFF,
  0xF6, 0x00, 0x00, 0x00, 0x00, 0x00, 0x01, 0xDF, 0xFF, 0xFE, 0x20, 0x00, 0x00, 0x00, 0x00, 0x00,
  0x7F, 0xFF, 0xFF, 0xD3, 0x00, 0x00, 0x00, 0x00, 0x00, 0x1D, 0xFF, 0xFF, 0xFE, 0x83, 0x00, 0x00,
  0x00, 0x00, 0x04, 0xFF, 0xFF, 0xFF, 0xFF, 0xCB, 0x70, 0x00, 0x00, 0x00, 0x6F, 0xFF, 0xFF, 0xFF,
  0xFF, 0xC0, 0x00, 0x00, 0x00, 0x05, 0xDF, 0xFF, 0xFF, 0xFF, 0xB0, 0x00, 0x00, 0x00, 0x00, 0x18,
  0xDF, 0xFF, 0xFF, 0xB0, 0x00, 0x00, 0x00, 0x00, 0x00, 0x15, 0x8B, 0xCE, 0xA0, 0x00, 0x00, 0x00,
  0x00, 0x00, 0x00, 0x00, 0x01, 0x10, 0x00, 0x00, 0x00, 0x00, 0x00, 0x00, 0x00, 0x00, 0x00, 0x00,
  0x7A, 0x97, 0x52, 0x00, 0x00, 0x00, 0x00, 0x00, 0x00, 0x0B, 0xFF, 0xFF, 0xFC, 0x61, 0x00, 0x00,
  0x00, 0x00, 0x00, 0xBF, 0xFF, 0xFF, 0xFF, 0xD5, 0x00, 0x00, 0x00, 0x00, 0x0B, 0xFF, 0xFF, 0xFF,
  0xFF, 0xF8, 0x00, 0x00, 0x00, 0x00, 0xAE, 0xEF, 0xFF, 0xFF, 0xFF, 0xF8, 0x00, 0x00, 0x00, 0x00,
  0x12, 0x5A, 0xFF, 0xFF, 0xFF, 0xF5, 0x00, 0x00, 0x00, 0x00, 0x00, 0x03, 0xCF, 0xFF, 0xFF, 0xD1,
  0x00, 0x00, 0x00, 0x00, 0x00, 0x01, 0xCF, 0xFF, 0xFF, 0x60, 0x00, 0x00, 0x00, 0x00, 0x00, 0x02,
  0xEF, 0xFF, 0xFC, 0x00, 0x00, 0x00, 0x00, 0x00, 0x00, 0x08, 0xFF, 0xFF, 0xF2, 0x00, 0x00, 0x00,
  0x00, 0x00, 0x00, 0x3F, 0xFF, 0xFF, 0x50, 0x00, 0x00, 0x00, 0x00, 0x00, 0x00, 0xDF, 0xFF, 0xF7,
  0x00, 0x00, 0x00, 0x00, 0x00, 0x00, 0x0A, 0xFF, 0xFF, 0x90, 0x00, 0x00, 0x00, 0x00, 0x00, 0x00,
  0x9F, 0xFF, 0xFA, 0x00, 0x00, 0x00, 0x00, 0x00, 0x00, 0x08, 0xFF, 0xFF, 0xB0, 0x00, 0x00, 0x00,
  0x00, 0x00, 0x00, 0x8F, 0xFF, 0xFB, 0x00, 0x00, 0x00, 0x00, 0x00, 0x00, 0x07, 0xFF, 0xFF, 0xB0,
  0x00, 0x00, 0x00, 0x00, 0x00, 0x00, 0x7F, 0xFF, 0xFB, 0x00, 0x00, 0x00, 0x00, 0x00, 0x00, 0x07,
  0xFF, 0xFF, 0xB0, 0x00, 0x00, 0x00, 0x00, 0x00, 0x00, 0x7F, 0xFF, 0xFB, 0x00, 0x00, 0x00, 0x00,
  0x00, 0x00, 0x07, 0xFF, 0xFF, 0xB0, 0x00, 0x00, 0x00, 0x00, 0x00, 0x00, 0x7F, 0xFF, 0xFB, 0x00,
  0x00, 0x00, 0x00, 0x00, 0x00, 0x07, 0xFF, 0xFF, 0xB0, 0x00, 0x00, 0x00, 0x00, 0x00, 0x00, 0x7F,
  0xFF, 0xFB, 0x00, 0x00, 0x00, 0x00, 0x00, 0x00, 0x07, 0xFF, 0xFF, 0xB0, 0x00, 0x00, 0x00, 0x00,
  0x00, 0x00, 0x7F, 0xFF, 0xFB, 0x00, 0x00, 0x00, 0x00, 0x00, 0x00, 0x07, 0xFF, 0xFF, 0xB0, 0x00,
  0x00, 0x00, 0x00, 0x00, 0x00, 0x8F, 0xFF, 0xFB, 0x00, 0x00, 0x00, 0x00, 0x00, 0x00, 0x09, 0xFF,
  0xFF, 0xB0, 0x00, 0x00, 0x00, 0x00, 0x00, 0x00, 0xAF, 0xFF, 0xFA, 0x00, 0x00, 0x00, 0x00, 0x00,
  0x00, 0x0C, 0xFF, 0xFF, 0x80, 0x00, 0x00, 0x00, 0x00, 0x00, 0x02, 0xFF, 0xFF, 0xF6, 0x00, 0x00,
  0x00, 0x00, 0x00, 0x00, 0x7F, 0xFF, 0xFF, 0x30, 0x00, 0x00, 0x00, 0x00, 0x00, 0x1D, 0xFF, 0xFF,
  0xD0, 0x00, 0x00, 0x00, 0x00, 0x00, 0x09, 0xFF, 0xFF, 0xF8, 0x00, 0x00, 0x00, 0x00, 0x00, 0x19,
  0xFF, 0xFF, 0xFE, 0x20, 0x00, 0x00, 0x00, 0x02, 0x6C, 0xFF, 0xFF, 0xFF, 0x80, 0x00, 0x00, 0x07,
  0xBC, 0xEF, 0xFF, 0xFF, 0xFF, 0xB1, 0x00, 0x00, 0x00, 0xBF, 0xFF, 0xFF, 0xFF, 0xFF, 0xC1, 0x00,
  0x00, 0x00, 0x0B, 0xFF, 0xFF, 0xFF, 0xFF, 0x91, 0x00, 0x00, 0x00, 0x00, 0xBF, 0xFF, 0xFF, 0xFA,
  0x40, 0x00, 0x00, 0x00, 0x00, 0x0A, 0xED, 0xB9, 0x62, 0x00, 0x00, 0x00, 0x00, 0x00, 0x00, 0x11,
  0x00, 0x00, 0x00, 0x00, 0x00, 0x00, 0x00, 0x00, 0x00, 0x00, 0x00, 0x00, 0x00, 0x01, 0x11, 0x00,
  0x00, 0x00, 0x00, 0x00, 0x00, 0x00, 0x00, 0x00, 0x00, 0x01, 0xDE, 0xD1, 0x00, 0x00, 0x00, 0x00,
  0x00, 0x00, 0x00, 0x00, 0x10, 0x00, 0x1E, 0xFE, 0x10, 0x00, 0x10, 0x00, 0x00, 0x00, 0x00, 0x00,
  0x1C, 0xA0, 0x01, 0xEF, 0xE1, 0x00, 0xAC, 0x10, 0x00, 0x00, 0x00, 0x00, 0x1C, 0xFF, 0x90, 0x1E,
  0xFE, 0x10, 0x9F, 0xFC, 0x10, 0x00, 0x00, 0x00, 0x01, 0xBF, 0xEF, 0x80, 0xCF, 0xC0, 0x8F, 0xEF,
  0xB1, 0x00, 0x00, 0x00, 0x00, 0x01, 0xBF, 0xFF, 0x38, 0xF8, 0x3F, 0xFF, 0xB1, 0x00, 0x00, 0x00,
  0x00, 0x00, 0x01, 0xAF, 0xFC, 0xAF, 0xAC, 0xFF, 0xA1, 0x00, 0x00, 0x00, 0x00, 0x00, 0x00, 0x00,
  0x5D, 0xFF, 0xFF, 0xFD, 0x50, 0x00, 0x00, 0x00, 0x00, 0x01, 0xCD, 0xDC, 0xA5, 0xBF, 0xFF, 0xFF,
  0xB5, 0xAC, 0xDD, 0xC1, 0x00, 0x00, 0x1F, 0xFF, 0xFF, 0xFF, 0xFF, 0xFF, 0xFF, 0xFF, 0xFF, 0xFF,
  0x10, 0x00, 0x01, 0xFF, 0xFF, 0xEB, 0xCF, 0xFF, 0xFF, 0xCB, 0xEF, 0xFF, 0xF1, 0x00, 0x00, 0x03,
  0x33, 0x31, 0x2B, 0xFF, 0xFF, 0xFB, 0x21, 0x33, 0x33, 0x00, 0x00, 0x00, 0x00, 0x00, 0x6E, 0xFE,
  0xDF, 0xDE, 0xFE, 0x60, 0x00, 0x00, 0x00, 0x00, 0x00, 0x00, 0x8F, 0xFF, 0x67, 0xF7, 0x6F, 0xFF,
  0x80, 0x00, 0x00, 0x00, 0x00, 0x00, 0x7F, 0xFF, 0xB0, 0xBF, 0xB0, 0xBF, 0xFF, 0x70, 0x00, 0x00,
  0x00, 0x00, 0x2E, 0xFF, 0xD2, 0x0D, 0xFD, 0x02, 0xDF, 0xFE, 0x20, 0x00, 0x00, 0x00, 0x00, 0x4F,
  0xD2, 0x01, 0xEF, 0xE1, 0x02, 0xDF, 0x40, 0x00, 0x00, 0x00, 0x00, 0x00, 0x42, 0x00, 0x1E, 0xFE,
  0x10, 0x02, 0x40, 0x00, 0x00, 0x00, 0x00, 0x00, 0x00, 0x00, 0x01, 0xFF, 0xF1, 0x00, 0x00, 0x00,
  0x00, 0x00, 0x00, 0x00, 0x00, 0x00, 0x00, 0x04, 0x54, 0x00, 0x00, 0x00, 0x00, 0x00, 0x00, 0x00,
  0x00, 0x00, 0x00, 0x00, 0x00, 0x00, 0x00, 0x00, 0x00, 0x00, 0x00, 0x00, 0x00, 0x00, 0x00, 0x00,
  0x00, 0x00, 0x00, 0x00, 0x00, 0x00, 0x00, 0x00, 0x00, 0x00, 0x00, 0x00, 0x00, 0x00, 0x00, 0x00,
  0x00, 0x00, 0x00, 0x00, 0x00, 0x00, 0x00, 0x00, 0x00, 0x00, 0x00, 0x00, 0x00, 0x00, 0x00, 0x00,
  0x00, 0x00, 0x00, 0x00, 0x00, 0x00, 0x00, 0x00, 0x00, 0x00, 0x00, 0x00, 0x00, 0x00, 0x00, 0x00,
  0x00, 0x00, 0x00, 0x00, 0x00, 0x00, 0x00, 0x00, 0x00, 0x00, 0x00, 0x00, 0x00, 0x00, 0x00, 0x00,
  0x00, 0x00, 0x00, 0x00, 0x00, 0x00, 0x00, 0x00, 0x00, 0x00, 0x00, 0x00, 0x00, 0x00, 0x00, 0x00,
  0x00, 0x00, 0x00, 0x00, 0x00, 0x00, 0x00, 0x00, 0x00, 0x00, 0x00, 0x00, 0x00, 0x00, 0x00, 0x00,
  0x00, 0x00, 0x00, 0x00, 0x00, 0x00, 0x00, 0x00, 0x00, 0x00, 0x00, 0x00, 0x00, 0x00, 0x00, 0x00,
  0x00, 0x00, 0x00, 0x00, 0x00, 0x00, 0x00, 0x00, 0x00, 0x00, 0x00, 0x00, 0x00, 0x00, 0x11, 0x11,
  0x10, 0x00, 0x00, 0x00, 0x00, 0x00, 0x00, 0x00, 0x00, 0x00, 0x00, 0x04, 0xEE, 0xEE, 0xB0, 0x00,
  0x00, 0x00, 0x00, 0x00, 0x00, 0x00, 0x00, 0x00, 0x00, 0x04, 0xFF, 0xFF, 0xC0, 0x00, 0x00, 0x00,
  0x00, 0x00, 0x00, 0x00, 0x00, 0x00, 0x00, 0x04, 0xFF, 0xFF, 0xC0, 0x00, 0x00, 0x00, 0x00, 0x00,
  0x00, 0x00, 0x00, 0x00, 0x00, 0x04, 0xFF, 0xFF, 0xC0, 0x00, 0x00, 0x00, 0x00, 0x00, 0x00, 0x00,
  0x00, 0x00, 0x00, 0x04, 0xFF, 0xFF, 0xC0, 0x00, 0x00, 0x00, 0x00, 0x00, 0x00, 0x00, 0x00, 0x00,
  0x00, 0x04, 0xFF, 0xFF, 0xC0, 0x00, 0x00, 0x00, 0x00, 0x00, 0x00, 0x00, 0x08, 0x98, 0x99, 0x8A,
  0xFF, 0xFF, 0xE8, 0x99, 0x89, 0x80, 0x00, 0x00, 0x00, 0x00, 0x0E, 0xFF, 0xFF, 0xFF, 0xFF, 0xFF,
  0xFF, 0xFF, 0xFF, 0xE0, 0x00, 0x00, 0x00, 0x00, 0x0D, 0xFF, 0xFF, 0xFF, 0xFF, 0xFF, 0xFF, 0xFF,
  0xFF, 0xD0, 0x00, 0x00, 0x00, 0x00, 0x0D, 0xFF, 0xFF, 0xFF, 0xFF, 0xFF, 0xFF, 0xFF, 0xFF, 0xD0,
  0x00, 0x00, 0x00, 0x00, 0x0E, 0xFF, 0xFF, 0xFF, 0xFF, 0xFF, 0xFF, 0xFF, 0xFF, 0xE0, 0x00, 0x00,
  0x00, 0x00, 0x03, 0x44, 0x44, 0x47, 0xFF, 0xFF, 0xD4, 0x44, 0x44, 0x30, 0x00, 0x00, 0x00, 0x00,
  0x00, 0x00, 0x00, 0x04, 0xFF, 0xFF, 0xC0, 0x00, 0x00, 0x00, 0x00, 0x00, 0x00, 0x00, 0x00, 0x00,
  0x00, 0x04, 0xFF, 0xFF, 0xC0, 0x00, 0x00, 0x00, 0x00, 0x00, 0x00, 0x00, 0x00, 0x00, 0x00, 0x04,
  0xFF, 0xFF, 0xC0, 0x00, 0x00, 0x00, 0x00, 0x00, 0x00, 0x00, 0x00, 0x00, 0x00, 0x04, 0xFF, 0xFF,
  0xC0, 0x00, 0x00, 0x00, 0x00, 0x00, 0x00, 0x00, 0x00, 0x00, 0x00, 0x04, 0xFF, 0xFF, 0xC0, 0x00,
  0x00, 0x00, 0x00, 0x00, 0x00, 0x00, 0x00, 0x00, 0x00, 0x04, 0xDD, 0xDD, 0xA0, 0x00, 0x00, 0x00,
  0x00, 0x00, 0x00, 0x00, 0x00, 0x00, 0x00, 0x00, 0x00, 0x00, 0x00, 0x00, 0x00, 0x00, 0x00, 0x00,
  0x00, 0x00, 0x00, 0x00, 0x00, 0x00, 0x00, 0x00, 0x00, 0x00, 0x00, 0x00, 0x00, 0x00, 0x00, 0x00,
  0x00, 0x00, 0x00, 0x00, 0x00, 0x00, 0x00, 0x00, 0x00, 0x00, 0x00, 0x00, 0x00, 0x00, 0x00, 0x00,
  0x00, 0x00, 0x00, 0x00, 0x00, 0x00, 0x00, 0x00, 0x00, 0x00, 0x00, 0x00, 0x00, 0x00, 0x00, 0x00,
  0x00, 0x00, 0x00, 0x00, 0x00, 0x00, 0x00, 0x00, 0x00, 0x00, 0x00, 0x00, 0x00, 0x00, 0x00, 0x00,
  0x00, 0x00, 0x00, 0x00, 0x00, 0x00, 0x00, 0x00, 0x00, 0x00, 0x00, 0x00, 0x00, 0x00, 0x00, 0x00,
  0x00, 0x00, 0x00, 0x00, 0x00, 0x00, 0x00, 0x00, 0x00, 0x00, 0x00, 0x00, 0x00, 0x19, 0xDD, 0x92,
  0x00, 0x00, 0x00, 0x01, 0xCF, 0xFF, 0xFC, 0x10, 0x00, 0x00, 0x06, 0xFF, 0xFF, 0xFF, 0x60, 0x00,
  0x00, 0x09, 0xFF, 0xFF, 0xFF, 0x90, 0x00, 0x00, 0x09, 0xFF, 0xFF, 0xFF, 0x90, 0x00, 0x00, 0x05,
  0xFF, 0xFF, 0xFF, 0x90, 0x00, 0x00, 0x00, 0xAF, 0xFF, 0xFF, 0x90, 0x00, 0x00, 0x00, 0x07, 0xBD,
  0xFF, 0x90, 0x00, 0x00, 0x00, 0x00, 0x04, 0xFF, 0x90, 0x00, 0x00, 0x00, 0x00, 0x05, 0xFF, 0x90,
  0x00, 0x00, 0x00, 0x12, 0x4C, 0xFF, 0x80, 0x00, 0x00, 0x00, 0xAF, 0xFF, 0xFF, 0x40, 0x00, 0x00,
  0x00, 0xAF, 0xFF, 0xFA, 0x00, 0x00, 0x00, 0x00, 0x9E, 0xDC, 0x70, 0x00, 0x00, 0x00, 0x00, 0x01,
  0x00, 0x00, 0x00, 0x00, 0x00, 0x00, 0x00, 0x00, 0x00, 0x00, 0x00, 0x00, 0x00, 0x00, 0x00, 0x01,
  0xAA, 0xAA, 0xAA, 0xAA, 0xAA, 0xAA, 0x10, 0x00, 0x00, 0x02, 0xFF, 0xFF, 0xFF, 0xFF, 0xFF, 0xFF,
  0x20, 0x00, 0x00, 0x02, 0xFF, 0xFF, 0xFF, 0xFF, 0xFF, 0xFF, 0x20, 0x00, 0x00, 0x02, 0xFF, 0xFF,
  0xFF, 0xFF, 0xFF, 0xFF, 0x20, 0x00, 0x00, 0x02, 0xFF, 0xFF, 0xFF, 0xFF, 0xFF, 0xFF, 0x20, 0x00,
  0x00, 0x00, 0x33, 0x33, 0x33, 0x33, 0x33, 0x33, 0x00, 0x00, 0x00, 0x00, 0x00, 0x00, 0x00, 0x00,
  0x00, 0x00, 0x00, 0x00, 0x00, 0x00, 0x00, 0x00, 0x00, 0x00, 0x00, 0x00, 0x00, 0x00, 0x00, 0x00,
  0x00, 0x00, 0x00, 0x00, 0x00, 0x00, 0x00, 0x00, 0x00, 0x00, 0x00, 0x00, 0x00, 0x00, 0x00, 0x00,
  0x00, 0x00, 0x00, 0x00, 0x00, 0x00, 0x00, 0x00, 0x00, 0x00, 0x00, 0x00, 0x00, 0x00, 0x00, 0x00,
  0x00, 0x00, 0x00, 0x00, 0x00, 0x00, 0x00, 0x00, 0x00, 0x00, 0x00, 0x00, 0x00, 0x00, 0x00, 0x00,
  0x00, 0x00, 0x00, 0x00, 0x00, 0x00, 0x00, 0x00, 0x00, 0x00, 0x00, 0x00, 0x00, 0x00, 0x00, 0x00,
  0x00, 0x00, 0x00, 0x00, 0x00, 0x00, 0x00, 0x00, 0x00, 0x00, 0x00, 0x00, 0x00, 0x00, 0x00, 0x00,
  0x00, 0x00, 0x00, 0x00, 0x00, 0x00, 0x00, 0x00, 0x00, 0x00, 0x00, 0x00, 0x00, 0x00, 0x00, 0x00,
  0x00, 0x00, 0x00, 0x00, 0x00, 0x00, 0x00, 0x00, 0x00, 0x00, 0x00, 0x00, 0x00, 0x00, 0x00, 0x00,
  0x00, 0x00, 0x00, 0x00, 0x01, 0x00, 0x00, 0x00, 0x00, 0x00, 0x00, 0x7C, 0xEC, 0x70, 0x00, 0x00,
  0x00, 0x00, 0x9F, 0xFF, 0xFF, 0xA0, 0x00, 0x00, 0x00, 0x4F, 0xFF, 0xFF, 0xFF, 0x40, 0x00, 0x00,
  0x07, 0xFF, 0xFF, 0xFF, 0xF7, 0x00, 0x00, 0x00, 0x7F, 0xFF, 0xFF, 0xFF, 0x70, 0x00, 0x00, 0x04,
  0xFF, 0xFF, 0xFF, 0xF4, 0x00, 0x00, 0x00, 0x09, 0xFF, 0xFF, 0xFA, 0x00, 0x00, 0x00, 0x00, 0x07,
  0xCE, 0xC7, 0x00, 0x00, 0x00, 0x00, 0x00, 0x00, 0x10, 0x00, 0x00, 0x00, 0x00, 0x00, 0x00, 0x00,
  0x00, 0x00, 0x00, 0x11, 0x11, 0x10, 0x00, 0x00, 0x00, 0x00, 0x00, 0x00, 0x07, 0xEE, 0xEE, 0xB0,
  0x00, 0x00, 0x00, 0x00, 0x00, 0x00, 0x0C, 0xFF, 0xFF, 0x70, 0x00, 0x00, 0x00, 0x00, 0x00, 0x00,
  0x3F, 0xFF, 0xFF, 0x30, 0x00, 0x00, 0x00, 0x00, 0x00, 0x00, 0x7F, 0xFF, 0xFC, 0x00, 0x00, 0x00,
  0x00, 0x00, 0x00, 0x00, 0xBF, 0xFF, 0xF8, 0x00, 0x00, 0x00, 0x00, 0x00, 0x00, 0x02, 0xFF, 0xFF,
  0xF3, 0x00, 0x00, 0x00, 0x00, 0x00, 0x00, 0x07, 0xFF, 0xFF, 0xC0, 0x00, 0x00, 0x00, 0x00, 0x00,
  0x00, 0x0B, 0xFF, 0xFF, 0x80, 0x00, 0x00, 0x00, 0x00, 0x00, 0x00, 0x2F, 0xFF, 0xFF, 0x30, 0x00,
  0x00, 0x00, 0x00, 0x00, 0x00, 0x6F, 0xFF, 0xFD, 0x00, 0x00, 0x00, 0x00, 0x00, 0x00, 0x00, 0xBF,
  0xFF, 0xF8, 0x00, 0x00, 0x00, 0x00, 0x00, 0x00, 0x02, 0xEF, 0xFF, 0xF4, 0x00, 0x00, 0x00, 0x00,
  0x00, 0x00, 0x06, 0xFF, 0xFF, 0xD0, 0x00, 0x00, 0x00, 0x00, 0x00, 0x00, 0x0A, 0xFF, 0xFF, 0x90,
  0x00, 0x00, 0x00, 0x00, 0x00, 0x00, 0x1E, 0xFF, 0xFF, 0x40, 0x00, 0x00, 0x00, 0x00, 0x00, 0x00,
  0x6F, 0xFF, 0xFD, 0x10, 0x00, 0x00, 0x00, 0x00, 0x00, 0x00, 0xAF, 0xFF, 0xF9, 0x00, 0x00, 0x00,
  0x00, 0x00, 0x00, 0x01, 0xEF, 0xFF, 0xF4, 0x00, 0x00, 0x00, 0x00, 0x00, 0x00, 0x05, 0xFF, 0xFF,
  0xD1, 0x00, 0x00, 0x00, 0x00, 0x00, 0x00, 0x0A, 0xFF, 0xFF, 0x90, 0x00, 0x00, 0x00, 0x00, 0x00,
  0x00, 0x1E, 0xFF, 0xFF, 0x50, 0x00, 0x00, 0x00, 0x00, 0x00, 0x00, 0x5F, 0xFF, 0xFE, 0x10, 0x00,
  0x00, 0x00, 0x00, 0x00, 0x00, 0x9F, 0xFF, 0xFA, 0x00, 0x00, 0x00, 0x00, 0x00, 0x00, 0x01, 0xEF,
  0xFF, 0xF5, 0x00, 0x00, 0x00, 0x00, 0x00, 0x00, 0x05, 0xFF, 0xFF, 0xE1, 0x00, 0x00, 0x00, 0x00,
  0x00, 0x00, 0x09, 0xFF, 0xFF, 0xA0, 0x00, 0x00, 0x00, 0x00, 0x00, 0x00, 0x1D, 0xFF, 0xFF, 0x60,
  0x00, 0x00, 0x00, 0x00, 0x00, 0x00, 0x4F, 0xFF, 0xFE, 0x10, 0x00, 0x00, 0x00, 0x00, 0x00, 0x00,
  0x9F, 0xFF, 0xFA, 0x00, 0x00, 0x00, 0x00, 0x00, 0x00, 0x00, 0xDF, 0xFF, 0xF6, 0x00, 0x00, 0x00,
  0x00, 0x00, 0x00, 0x04, 0xFF, 0xFF, 0xE2, 0x00, 0x00, 0x00, 0x00, 0x00, 0x00, 0x08, 0xFF, 0xFF,
  0xB0, 0x00, 0x00, 0x00, 0x00, 0x00, 0x00, 0x0D, 0xFF, 0xFF, 0x60, 0x00, 0x00, 0x00, 0x00, 0x00,
  0x00, 0x4F, 0xFF, 0xFE, 0x20, 0x00, 0x00, 0x00, 0x00, 0x00, 0x00, 0x8F, 0xFF, 0xFB, 0x00, 0x00,
  0x00, 0x00, 0x00, 0x00, 0x00, 0xCF, 0xFF, 0xF7, 0x00, 0x00, 0x00, 0x00, 0x00, 0x00, 0x03, 0xFF,
  0xFF, 0xF2, 0x00, 0x00, 0x00, 0x00, 0x00, 0x00, 0x07, 0xEE, 0xEE, 0xB0, 0x00, 0x00, 0x00, 0x00,
  0x00, 0x00, 0x01, 0x11, 0x11, 0x00, 0x00, 0x00, 0x00, 0x00, 0x00, 0x00, 0x00, 0x00, 0x00, 0x00,
  0x6C, 0xFF, 0xFF, 0xFF, 0xFF, 0xFC, 0x60, 0x00, 0x00, 0x00, 0x00, 0x00, 0x00, 0x02, 0xBF, 0xFF,
  0xFF, 0xFF, 0xFF, 0xFF, 0xFF, 0xC2, 0x00, 0x00, 0x00, 0x00, 0x00, 0x03, 0xDF, 0xFF, 0xFF, 0xFF,
  0xFF, 0xFF, 0xFF, 0xFF, 0xE3, 0x00, 0x00, 0x00, 0x00, 0x01, 0xDF, 0xFF, 0xFF, 0xFF, 0xEE, 0xEF,
  0xFF, 0xFF, 0xFF, 0xD1, 0x00, 0x00, 0x00, 0x00, 0x8F, 0xFF, 0xFF, 0xF9, 0x52, 0x12, 0x5A, 0xFF,
  0xFF, 0xFF, 0x80, 0x00, 0x00, 0x00, 0x2E, 0xFF, 0xFF, 0xE5, 0x00, 0x00, 0x00, 0x05, 0xEF, 0xFF,
  0xFE, 0x20, 0x00, 0x00, 0x06, 0xFF, 0xFF, 0xF6, 0x00, 0x00, 0x00, 0x00, 0x06, 0xFF, 0xFF, 0xF6,
  0x00, 0x00, 0x00, 0xAF, 0xFF, 0xFC, 0x00, 0x00, 0x00, 0x00, 0x00, 0x0C, 0xFF, 0xFF, 0xA0, 0x00,
  0x00, 0x0C, 0xFF, 0xFF, 0x80, 0x00, 0x00, 0x00, 0x00, 0x00, 0x8F, 0xFF, 0xFC, 0x00, 0x00, 0x01,
  0xDF, 0xFF, 0xF6, 0x00, 0x00, 0x00, 0x00, 0x00, 0x06, 0xFF, 0xFF, 0xD1, 0x00, 0x00, 0x1E, 0xFF,
  0xFF, 0x50, 0x00, 0x00, 0x00, 0x00, 0x00, 0x5F, 0xFF, 0xFE, 0x10, 0x00, 0x01, 0xEF, 0xFF, 0xF5,
  0x00, 0x00, 0x00, 0x00, 0x00, 0x05, 0xFF, 0xFF, 0xE1, 0x00, 0x00, 0x1E, 0xFF, 0xFF, 0x50, 0x00,
  0x00, 0x00, 0x00, 0x00, 0x5F, 0xFF, 0xFE, 0x10, 0x00, 0x01, 0xEF, 0xFF, 0xF5, 0x00, 0x00, 0x00,
  0x00, 0x00, 0x05, 0xFF, 0xFF, 0xE1, 0x00, 0x00, 0x1E, 0xFF, 0xFF, 0x50, 0x00, 0x00, 0x00, 0x00,
  0x00, 0x5F, 0xFF, 0xFE, 0x10, 0x00, 0x01, 0xEF, 0xFF, 0xF5, 0x00, 0x00, 0x00, 0x00, 0x00, 0x05,
  0xFF, 0xFF, 0xE1, 0x00, 0x00, 0x1E, 0xFF, 0xFF, 0x50, 0x00, 0x00, 0x00, 0x00, 0x00, 0x5F, 0xFF,
  0xFE, 0x10, 0x00, 0x01, 0xEF, 0xFF, 0xF5, 0x00, 0x00, 0x00, 0x00, 0x00, 0x05, 0xFF, 0xFF, 0xE1,
  0x00, 0x00, 0x1E, 0xFF, 0xFF, 0x50, 0x00, 0x00, 0x00, 0x00, 0x00, 0x5F, 0xFF, 0xFE, 0x10, 0x00,
  0x01, 0xEF, 0xFF, 0xF5, 0x00, 0x00, 0x00, 0x00, 0x00, 0x05, 0xFF, 0xFF, 0xE1, 0x00, 0x00, 0x0D,
  0xFF, 0xFF, 0x70, 0x00, 0x00, 0x00, 0x00, 0x00, 0x7F, 0xFF, 0xFD, 0x00, 0x00, 0x00, 0xBF, 0xFF,
  0xFA, 0x00, 0x00, 0x00, 0x00, 0x00, 0x0B, 0xFF, 0xFF, 0xB0, 0x00, 0x00, 0x08, 0xFF, 0xFF, 0xE2,
  0x00, 0x00, 0x00, 0x00, 0x02, 0xFF, 0xFF, 0xF8, 0x00, 0x00, 0x00, 0x3F, 0xFF, 0xFF, 0xB1, 0x00,
  0x00, 0x00, 0x01, 0xCF, 0xFF, 0xFF, 0x30, 0x00, 0x00, 0x00, 0xBF, 0xFF, 0xFF, 0xC5, 0x10, 0x00,
  0x15, 0xCF, 0xFF, 0xFF, 0xB0, 0x00, 0x00, 0x00, 0x03, 0xFF, 0xFF, 0xFF, 0xFD, 0xBB, 0xBD, 0xFF,
  0xFF, 0xFF, 0xF3, 0x00, 0x00, 0x00, 0x00, 0x07, 0xFF, 0xFF, 0xFF, 0xFF, 0xFF, 0xFF, 0xFF, 0xFF,
  0xF7, 0x00, 0x00, 0x00, 0x00, 0x00, 0x06, 0xEF, 0xFF, 0xFF, 0xFF, 0xFF, 0xFF, 0xFF, 0xF6, 0x00,
  0x00, 0x00, 0x00, 0x00, 0x00, 0x03, 0xAF, 0xFF, 0xFF, 0xFF, 0xFF, 0xFF, 0xB3, 0x00, 0x00, 0x00,
  0x00, 0x00, 0x00, 0x00, 0x00, 0x37, 0xAC, 0xEE, 0xEC, 0xA7, 0x30, 0x00, 0x00, 0x00, 0x00, 0x00,
  0x00, 0x00, 0x00, 0x00, 0x00, 0x01, 0x11, 0x00, 0x00, 0x00, 0x00, 0x00, 0x00, 0x00, 0x00, 0x00,
  0x00, 0x00, 0x11, 0x11, 0x11, 0x11, 0x10, 0x00, 0x00, 0x00, 0x00, 0x00, 0x8E, 0xEE, 0xEE, 0xEE,
  0xEE, 0x40, 0x00, 0x00, 0x00, 0x00, 0x1E, 0xFF, 0xFF, 0xFF, 0xFF, 0xF5, 0x00, 0x00, 0x00, 0x00,
  0x06, 0xFF, 0xFF, 0xFF, 0xFF, 0xFF, 0x50, 0x00, 0x00, 0x00, 0x00, 0xDF, 0xFF, 0xFF, 0xFF, 0xFF,
  0xF5, 0x00, 0x00, 0x00, 0x00, 0x5F, 0xFF, 0xFE, 0x4E, 0xFF, 0xFF, 0x50, 0x00, 0x00, 0x00, 0x0B,
  0xFF, 0xFF, 0x90, 0xEF, 0xFF, 0xF5, 0x00, 0x00, 0x00, 0x03, 0xFF, 0xFF, 0xF4, 0x0E, 0xFF, 0xFF,
  0x50, 0x00, 0x00, 0x00, 0xAF, 0xFF, 0xFC, 0x01, 0xEF, 0xFF, 0xF5, 0x00, 0x00, 0x00, 0x2E, 0xFF,
  0xFF, 0x60, 0x1E, 0xFF, 0xFF, 0x50, 0x00, 0x00, 0x08, 0xFF, 0xFF, 0xE1, 0x01, 0xEF, 0xFF, 0xF5,
  0x00, 0x00, 0x01, 0xEF, 0xFF, 0xF9, 0x00, 0x1E, 0xFF, 0xFF, 0x50, 0x00, 0x00, 0x6F, 0xFF, 0xFF,
  0x30, 0x01, 0xEF, 0xFF, 0xF5, 0x00, 0x00, 0x1D, 0xFF, 0xFF, 0xB0, 0x00, 0x1E, 0xFF, 0xFF, 0x50,
  0x00, 0x02, 0x99, 0x99, 0x94, 0x00, 0x01, 0xEF, 0xFF, 0xF5, 0x00, 0x00, 0x00, 0x00, 0x00, 0x00,
  0x00, 0x1E, 0xFF, 0xFF, 0x50, 0x00, 0x00, 0x00, 0x00, 0x00, 0x00, 0x01, 0xEF, 0xFF, 0xF5, 0x00,
  0x00, 0x00, 0x00, 0x00, 0x00, 0x00, 0x1E, 0xFF, 0xFF, 0x50, 0x00, 0x00, 0x00, 0x00, 0x00, 0x00,
  0x01, 0xEF, 0xFF, 0xF5, 0x00, 0x00, 0x00, 0x00, 0x00, 0x00, 0x00, 0x1E, 0xFF, 0xFF, 0x50, 0x00,
  0x00, 0x00, 0x00, 0x00, 0x00, 0x01, 0xEF, 0xFF, 0xF5, 0x00, 0x00, 0x00, 0x00, 0x00, 0x00, 0x00,
  0x1E, 0xFF, 0xFF, 0x50, 0x00, 0x00, 0x00, 0x00, 0x00, 0x00, 0x01, 0xEF, 0xFF, 0xF5, 0x00, 0x00,
  0x00, 0x00, 0x00, 0x00, 0x00, 0x1E, 0xFF, 0xFF, 0x50, 0x00, 0x00, 0x00, 0x00, 0x00, 0x00, 0x01,
  0xEF, 0xFF, 0xF5, 0x00, 0x00, 0x00, 0x00, 0x00, 0x00, 0x00, 0x1E, 0xFF, 0xFF, 0x50, 0x00, 0x00,
  0x00, 0x00, 0x00, 0x00, 0x01, 0xEF, 0xFF, 0xF5, 0x00, 0x00, 0x00, 0x00, 0x00, 0x00, 0x00, 0x1E,
  0xFF, 0xFF, 0x50, 0x00, 0x00, 0x00, 0x00, 0x00, 0x00, 0x01, 0xEF, 0xFF, 0xF5, 0x00, 0x00, 0x00,
  0x00, 0x00, 0x00, 0x00, 0x1E, 0xFF, 0xFF, 0x50, 0x00, 0x00, 0x00, 0x00, 0x00, 0x00, 0x01, 0xDE,
  0xEE, 0xE4, 0x00, 0x00, 0x00, 0x00, 0x00, 0x00, 0x00, 0x01, 0x11, 0x11, 0x00, 0x00, 0x00, 0x00,
  0x00, 0x00, 0x05, 0x9B, 0xDE, 0xED, 0xA7, 0x30, 0x00, 0x00, 0x00, 0x00, 0x00, 0x00, 0x00, 0x6D,
  0xFF, 0xFF, 0xFF, 0xFF, 0xFF, 0xA3, 0x00, 0x00, 0x00, 0x00, 0x00, 0x01, 0xAF, 0xFF, 0xFF, 0xFF,
  0xFF, 0xFF, 0xFF, 0xE6, 0x00, 0x00, 0x00, 0x00, 0x00, 0xAF, 0xFF, 0xFF, 0xFF, 0xFF, 0xFF, 0xFF,
  0xFF, 0xF6, 0x00, 0x00, 0x00, 0x00, 0x7F, 0xFF, 0xFF, 0xFF, 0xCB, 0xBD, 0xFF, 0xFF, 0xFF, 0xE3,
  0x00, 0x00, 0x00, 0x2E, 0xFF, 0xFF, 0xF9, 0x20, 0x00, 0x14, 0xBF, 0xFF, 0xFF, 0xA0, 0x00, 0x00,
  0x07, 0xFF, 0xFF, 0xF7, 0x00, 0x00, 0x00, 0x00, 0xBF, 0xFF, 0xFE, 0x20, 0x00, 0x00, 0xBF, 0xFF,
  0xFB, 0x00, 0x00, 0x00, 0x00, 0x03, 0xFF, 0xFF, 0xF5, 0x00, 0x00, 0x0D, 0xFF, 0xFF, 0x70, 0x00,
  0x00, 0x00, 0x00, 0x0D, 0xFF, 0xFF, 0x70, 0x00, 0x01, 0xFF, 0xFF, 0xF5, 0x00, 0x00, 0x00, 0x00,
  0x00, 0xBF, 0xFF, 0xF7, 0x00, 0x00, 0x19, 0xAA, 0xAA, 0x30, 0x00, 0x00, 0x00, 0x00, 0x0D, 0xFF,
  0xFF, 0x70, 0x00, 0x00, 0x00, 0x00, 0x00, 0x00, 0x00, 0x00, 0x00, 0x03, 0xFF, 0xFF, 0xF6, 0x00,
  0x00, 0x00, 0x00, 0x00, 0x00, 0x00, 0x00, 0x00, 0x00, 0xBF, 0xFF, 0xFF, 0x30, 0x00, 0x00, 0x00,
  0x00, 0x00, 0x00, 0x00, 0x00, 0x02, 0xBF, 0xFF, 0xFF, 0xC0, 0x00, 0x00, 0x00, 0x00, 0x00, 0x00,
  0x00, 0x00, 0x28, 0xDF, 0xFF, 0xFF, 0xF6, 0x00, 0x00, 0x00, 0x00, 0x00, 0x00, 0x00, 0x37, 0xBF,
  0xFF, 0xFF, 0xFF, 0xFA, 0x00, 0x00, 0x00, 0x00, 0x00, 0x00, 0x16, 0xCF, 0xFF, 0xFF, 0xFF, 0xFF,
  0xFB, 0x10, 0x00, 0x00, 0x00, 0x00, 0x00, 0x6D, 0xFF, 0xFF, 0xFF, 0xFF, 0xFF, 0xF9, 0x10, 0x00,
  0x00, 0x00, 0x00, 0x01, 0xAF, 0xFF, 0xFF, 0xFF, 0xFF, 0xFF, 0xB4, 0x00, 0x00, 0x00, 0x00, 0x00,
  0x00, 0xBF, 0xFF, 0xFF, 0xFF, 0xFF, 0xD9, 0x40, 0x00, 0x00, 0x00, 0x00, 0x00, 0x00, 0x7F, 0xFF,
  0xFF, 0xFF, 0xD8, 0x41, 0x00, 0x00, 0x00, 0x00, 0x00, 0x00, 0x00, 0x2E, 0xFF, 0xFF, 0xFB, 0x40,
  0x00, 0x00, 0x00, 0x00, 0x00, 0x00, 0x00, 0x00, 0x07, 0xFF, 0xFF, 0xF7, 0x00, 0x00, 0x00, 0x00,
  0x00, 0x00, 0x00, 0x00, 0x00, 0x00, 0xAF, 0xFF, 0xFA, 0x00, 0x00, 0x00, 0x00, 0x00, 0x00, 0x00,
  0x00, 0x00, 0x00, 0x0C, 0xFF, 0xFF, 0x50, 0x00, 0x00, 0x00, 0x00, 0x00, 0x00, 0x00, 0x00, 0x00,
  0x01, 0xEF, 0xFF, 0xFC, 0xAB, 0xAA, 0xAA, 0xAA, 0xAA, 0xAA, 0xAA, 0xA3, 0x00, 0x00, 0x1E, 0xFF,
  0xFF, 0xFF, 0xFF, 0xFF, 0xFF, 0xFF, 0xFF, 0xFF, 0xFF, 0x50, 0x00, 0x01, 0xEF, 0xFF, 0xFF, 0xFF,
  0xFF, 0xFF, 0xFF, 0xFF, 0xFF, 0xFF, 0xF4, 0x00, 0x00, 0x1E, 0xFF, 0xFF, 0xFF, 0xFF, 0xFF, 0xFF,
  0xFF, 0xFF, 0xFF, 0xFF, 0x40, 0x00, 0x01, 0xDE, 0xEE, 0xEE, 0xEE, 0xEE, 0xEE, 0xEE, 0xEE, 0xEE,
  0xEE, 0xE4, 0x00, 0x00, 0x01, 0x11, 0x11, 0x11, 0x11, 0x11, 0x11, 0x11, 0x11, 0x11, 0x11, 0x00,
  0x00, 0x00, 0x01, 0x11, 0x11, 0x11, 0x11, 0x11, 0x11, 0x11, 0x11, 0x11, 0x11, 0x00, 0x00, 0x00,
  0x0A, 0xEE, 0xEE, 0xEE, 0xEE, 0xEE, 0xEE, 0xEE, 0xEE, 0xEE, 0xEE, 0x60, 0x00, 0x00, 0x0A, 0xFF,
  0xFF, 0xFF, 0xFF, 0xFF, 0xFF, 0xFF, 0xFF, 0xFF, 0xFF, 0x70, 0x00, 0x00, 0x0A, 0xFF, 0xFF, 0xFF,
  0xFF, 0xFF, 0xFF, 0xFF, 0xFF, 0xFF, 0xFF, 0x70, 0x00, 0x00, 0x0B, 0xFF, 0xFF, 0xFF, 0xFF, 0xFF,
  0xFF, 0xFF, 0xFF, 0xFF, 0xFF, 0x70, 0x00, 0x00, 0x07, 0xBA, 0xAA, 0xAA, 0xAA, 0xAA, 0xAB, 0xBA,
  0xDF, 0xFF, 0xFF, 0x70, 0x00, 0x00, 0x00, 0x00, 0x00, 0x00, 0x00, 0x00, 0x00, 0x03, 0xDF, 0xFF,
  0xFF, 0x70, 0x00, 0x00, 0x00, 0x00, 0x00, 0x00, 0x00, 0x00, 0x03, 0xAF, 0xFF, 0xFF, 0xFF, 0x70,
  0x00, 0x00, 0x00, 0x00, 0x00, 0x00, 0x00, 0x02, 0x9F, 0xFF, 0xFF, 0xFF, 0xE9, 0x20, 0x00, 0x00,
  0x00, 0x00, 0x00, 0x00, 0x02, 0x8E, 0xFF, 0xFF, 0xFF, 0xF9, 0x20, 0x00, 0x00, 0x00, 0x00, 0x00,
  0x00, 0x01, 0x7E, 0xFF, 0xFF, 0xFF, 0xFA, 0x30, 0x00, 0x00, 0x00, 0x00, 0x00, 0x00, 0x00, 0x3D,
  0xFF, 0xFF, 0xFF, 0xFA, 0x30, 0x00, 0x00, 0x00, 0x00, 0x00, 0x00, 0x00, 0x00, 0x5F, 0xFF, 0xFF,
  0xFA, 0x20, 0x00, 0x00, 0x00, 0x00, 0x00, 0x00, 0x00, 0x00, 0x00, 0x5F, 0xFF, 0xFF, 0xF9, 0x77,
  0x63, 0x00, 0x00, 0x00, 0x00, 0x00, 0x00, 0x00, 0x00, 0x5F, 0xFF, 0xFF, 0xFF, 0xFF, 0xFF, 0xC5,
  0x00, 0x00, 0x00, 0x00, 0x00, 0x00, 0x00, 0x5F, 0xEF, 0xFF, 0xFF, 0xFF, 0xFF, 0xFF, 0xA1, 0x00,
  0x00, 0x00, 0x00, 0x00, 0x00, 0x6F, 0xFF, 0xFF, 0xFF, 0xFF, 0xFF, 0xFF, 0xFB, 0x00, 0x00, 0x00,
  0x00, 0x00, 0x00, 0x37, 0x77, 0x77, 0x88, 0xAE, 0xFF, 0xFF, 0xFF, 0x60, 0x00, 0x00, 0x00, 0x00,
  0x00, 0x00, 0x00, 0x00, 0x00, 0x01, 0x8F, 0xFF, 0xFF, 0xC0, 0x00, 0x00, 0x00, 0x00, 0x00, 0x00,
  0x00, 0x00, 0x00, 0x00, 0x09, 0xFF, 0xFF, 0xF2, 0x00, 0x00, 0x37, 0x77, 0x76, 0x00, 0x00, 0x00,
  0x00, 0x00, 0x03, 0xFF, 0xFF, 0xF4, 0x00, 0x00, 0x7F, 0xFF, 0xFE, 0x10, 0x00, 0x00, 0x00, 0x00,
  0x02, 0xFF, 0xFF, 0xF4, 0x00, 0x00, 0x6F, 0xFF, 0xFE, 0x20, 0x00, 0x00, 0x00, 0x00, 0x04, 0xFF,
  0xFF, 0xF3, 0x00, 0x00, 0x4F, 0xFF, 0xFF, 0x80, 0x00, 0x00, 0x00, 0x00, 0x08, 0xFF, 0xFF, 0xE2,
  0x00, 0x00, 0x1D, 0xFF, 0xFF, 0xE5, 0x00, 0x00, 0x00, 0x00, 0x4E, 0xFF, 0xFF, 0xC0, 0x00, 0x00,
  0x08, 0xFF, 0xFF, 0xFF, 0x82, 0x00, 0x00, 0x27, 0xEF, 0xFF, 0xFF, 0x60, 0x00, 0x00, 0x01, 0xDF,
  0xFF, 0xFF, 0xFF, 0xCB, 0xBC, 0xEF, 0xFF, 0xFF, 0xFC, 0x10, 0x00, 0x00, 0x00, 0x3E, 0xFF, 0xFF,
  0xFF, 0xFF, 0xFF, 0xFF, 0xFF, 0xFF, 0xE3, 0x00, 0x00, 0x00, 0x00, 0x03, 0xDF, 0xFF, 0xFF, 0xFF,
  0xFF, 0xFF, 0xFF, 0xFC, 0x30, 0x00, 0x00, 0x00, 0x00, 0x00, 0x18, 0xEF, 0xFF, 0xFF, 0xFF, 0xFF,
  0xFE, 0x81, 0x00, 0x00, 0x00, 0x00, 0x00, 0x00, 0x00, 0x16, 0x9B, 0xDE, 0xED, 0xB9, 0x61, 0x00,
  0x00, 0x00, 0x00, 0x00, 0x00, 0x00, 0x00, 0x00, 0x00, 0x11, 0x11, 0x00, 0x00, 0x00, 0x00, 0x00,
  0x00, 0x00, 0x00, 0x00, 0x00, 0x00, 0x00, 0x11, 0x11, 0x11, 0x11, 0x10, 0x00, 0x00, 0x00, 0x00,
  0x00, 0x00, 0x00, 0x00, 0x04, 0xEE, 0xEE, 0xEE, 0xEE, 0xE6, 0x00, 0x00, 0x00, 0x00, 0x00, 0x00,
  0x00, 0x00, 0x0C, 0xFF, 0xFF, 0xFF, 0xFF, 0xF6, 0x00, 0x00, 0x00, 0x00, 0x00, 0x00, 0x00, 0x00,
  0x6F, 0xFF, 0xFF, 0xFF, 0xFF, 0xF6, 0x00, 0x00, 0x00, 0x00, 0x00, 0x00, 0x00, 0x01, 0xDF, 0xFF,
  0xFB, 0xDF, 0xFF, 0xF6, 0x00, 0x00, 0x00, 0x00, 0x00, 0x00, 0x00, 0x08, 0xFF, 0xFF, 0xD0, 0xBF,
  0xFF, 0xF6, 0x00, 0x00, 0x00, 0x00, 0x00, 0x00, 0x00, 0x2E, 0xFF, 0xFF, 0x60, 0xCF, 0xFF, 0xF6,
  0x00, 0x00, 0x00, 0x00, 0x00, 0x00, 0x00, 0xAF, 0xFF, 0xFC, 0x00, 0xCF, 0xFF, 0xF6, 0x00, 0x00,
  0x00, 0x00, 0x00, 0x00, 0x04, 0xFF, 0xFF, 0xF4, 0x00, 0xCF, 0xFF, 0xF6, 0x00, 0x00, 0x00, 0x00,
  0x00, 0x00, 0x0C, 0xFF, 0xFF, 0xB0, 0x00, 0xCF, 0xFF, 0xF6, 0x00, 0x00, 0x00, 0x00, 0x00, 0x00,
  0x6F, 0xFF, 0xFF, 0x30, 0x00, 0xCF, 0xFF, 0xF6, 0x00, 0x00, 0x00, 0x00, 0x00, 0x01, 0xDF, 0xFF,
  0xF9, 0x00, 0x00, 0xCF, 0xFF, 0xF6, 0x00, 0x00, 0x00, 0x00, 0x00, 0x08, 0xFF, 0xFF, 0xE2, 0x00,
  0x00, 0xCF, 0xFF, 0xF6, 0x00, 0x00, 0x00, 0x00, 0x00, 0x2E, 0xFF, 0xFF, 0x70, 0x00, 0x00, 0xCF,
  0xFF, 0xF6, 0x00, 0x00, 0x00, 0x00, 0x00, 0xAF, 0xFF, 0xFD, 0x10, 0x00, 0x00, 0xCF, 0xFF, 0xF6,
  0x00, 0x00, 0x00, 0x00, 0x04, 0xFF, 0xFF, 0xF5, 0x00, 0x00, 0x00, 0xCF, 0xFF, 0xF6, 0x00, 0x00,
  0x00, 0x00, 0x0C, 0xFF, 0xFF, 0xC0, 0x00, 0x00, 0x00, 0xCF, 0xFF, 0xF6, 0x00, 0x00, 0x00, 0x00,
  0x6F, 0xFF, 0xFF, 0x40, 0x00, 0x00, 0x00, 0xCF, 0xFF, 0xF6, 0x00, 0x00, 0x00, 0x01, 0xDF, 0xFF,
  0xFA, 0x00, 0x00, 0x00, 0x00, 0xCF, 0xFF, 0xF6, 0x00, 0x00, 0x00, 0x01, 0xFF, 0xFF, 0xF4, 0x11,
  0x11, 0x11, 0x11, 0xCF, 0xFF, 0xF7, 0x11, 0x11, 0x00, 0x01, 0xEF, 0xFF, 0xFD, 0xDD, 0xDD, 0xDD,
  0xDC, 0xEF, 0xFF, 0xFE, 0xCD, 0xDD, 0x40, 0x01, 0xFF, 0xFF, 0xFF, 0xFF, 0xFF, 0xFF, 0xFF, 0xFF,
  0xFF, 0xFF, 0xFF, 0xFF, 0x50, 0x01, 0xEF, 0xFF, 0xFF, 0xFF, 0xFF, 0xFF, 0xFF, 0xFF, 0xFF, 0xFF,
  0xFF, 0xFF, 0x40, 0x01, 0xFF, 0xFF, 0xFF, 0xFF, 0xFF, 0xFF, 0xFF, 0xFF, 0xFF, 0xFF, 0xFF, 0xFF,
  0x50, 0x01, 0xDD, 0xDD, 0xDD, 0xDD, 0xDD, 0xDD, 0xDD, 0xFF, 0xFF, 0xFE, 0xDD, 0xDD, 0x40, 0x00,
  0x00, 0x00, 0x00, 0x00, 0x00, 0x00, 0x00, 0xCF, 0xFF, 0xF6, 0x00, 0x00, 0x00, 0x00, 0x00, 0x00,
  0x00, 0x00, 0x00, 0x00, 0x00, 0xCF, 0xFF, 0xF6, 0x00, 0x00, 0x00, 0x00, 0x00, 0x00, 0x00, 0x00,
  0x00, 0x00, 0x00, 0xCF, 0xFF, 0xF6, 0x00, 0x00, 0x00, 0x00, 0x00, 0x00, 0x00, 0x00, 0x00, 0x00,
  0x00, 0xCF, 0xFF, 0xF6, 0x00, 0x00, 0x00, 0x00, 0x00, 0x00, 0x00, 0x00, 0x00, 0x00, 0x00, 0xCF,
  0xFF, 0xF6, 0x00, 0x00, 0x00, 0x00, 0x00, 0x00, 0x00, 0x00, 0x00, 0x00, 0x00, 0xBE, 0xEE, 0xE6,
  0x00, 0x00, 0x00, 0x00, 0x00, 0x00, 0x00, 0x00, 0x00, 0x00, 0x00, 0x11, 0x11, 0x10, 0x00, 0x00,
  0x00, 0x00, 0x00, 0x11, 0x11, 0x11, 0x11, 0x11, 0x11, 0x11, 0x11, 0x11, 0x10, 0x00, 0x00, 0x00,
  0x7E, 0xEE, 0xEE, 0xEE, 0xEE, 0xEE, 0xEE, 0xEE, 0xEE, 0xEE, 0x50, 0x00, 0x00, 0x08, 0xFF, 0xFF,
  0xFF, 0xFF, 0xFF, 0xFF, 0xFF, 0xFF, 0xFF, 0xF5, 0x00, 0x00, 0x00, 0x7F, 0xFF, 0xFF, 0xFF, 0xFF,
  0xFF, 0xFF, 0xFF, 0xFF, 0xFF, 0x50, 0x00, 0x00, 0x07, 0xFF, 0xFF, 0xFF, 0xFF, 0xFF, 0xFF, 0xFF,
  0xFF, 0xFF, 0xF6, 0x00, 0x00, 0x00, 0x7F, 0xFF, 0xFE, 0xAA, 0xAA, 0xAA, 0xAA, 0xAA, 0xAA, 0xAB,
  0x40, 0x00, 0x00, 0x07, 0xFF, 0xFF, 0xB0, 0x00, 0x00, 0x00, 0x00, 0x00, 0x00, 0x00, 0x00, 0x00,
  0x00, 0x7F, 0xFF, 0xFB, 0x00, 0x00, 0x00, 0x00, 0x00, 0x00, 0x00, 0x00, 0x00, 0x00, 0x07, 0xFF,
  0xFF, 0xB0, 0x00, 0x00, 0x00, 0x00, 0x00, 0x00, 0x00, 0x00, 0x00, 0x00, 0x7F, 0xFF, 0xFB, 0x00,
  0x00, 0x00, 0x00, 0x00, 0x00, 0x00, 0x00, 0x00, 0x00, 0x07, 0xFF, 0xFF, 0xB0, 0x00, 0x00, 0x11,
  0x00, 0x00, 0x00, 0x00, 0x00, 0x00, 0x00, 0x7F, 0xFF, 0xFB, 0x01, 0x6A, 0xDE, 0xED, 0xB7, 0x20,
  0x00, 0x00, 0x00, 0x00, 0x07, 0xFF, 0xFF, 0xC5, 0xDF, 0xFF, 0xFF, 0xFF, 0xFE, 0x80, 0x00, 0x00,
  0x00, 0x00, 0x7F, 0xFF, 0xFF, 0xFF, 0xFF, 0xFF, 0xFF, 0xFF, 0xFF, 0xB1, 0x00, 0x00, 0x00, 0x07,
  0xFF, 0xFF, 0xFF, 0xFF, 0xFF, 0xFF, 0xFF, 0xFF, 0xFF, 0xA0, 0x00, 0x00, 0x00, 0x7F, 0xEF, 0xFF,
  0xFF, 0xFD, 0xBB, 0xDF, 0xFF, 0xFF, 0xFF, 0x50, 0x00, 0x00, 0x08, 0xFF, 0xFF, 0xFF, 0xC4, 0x00,
  0x00, 0x4C, 0xFF, 0xFF, 0xFC, 0x00, 0x00, 0x00, 0x47, 0x77, 0x77, 0x71, 0x00, 0x00, 0x00, 0x1C,
  0xFF, 0xFF, 0xF3, 0x00, 0x00, 0x00, 0x00, 0x00, 0x00, 0x00, 0x00, 0x00, 0x00, 0x4F, 0xFF, 0xFF,
  0x50, 0x00, 0x00, 0x00, 0x00, 0x00, 0x00, 0x00, 0x00, 0x00, 0x00, 0xDF, 0xFF, 0xF7, 0x00, 0x00,
  0x24, 0x34, 0x43, 0x00, 0x00, 0x00, 0x00, 0x00, 0x0C, 0xFF, 0xFF, 0x70, 0x00, 0x07, 0xFF, 0xFF,
  0xC0, 0x00, 0x00, 0x00, 0x00, 0x00, 0xCF, 0xFF, 0xF7, 0x00, 0x00, 0x6F, 0xFF, 0xFE, 0x10, 0x00,
  0x00, 0x00, 0x00, 0x1E, 0xFF, 0xFF, 0x60, 0x00, 0x04, 0xFF, 0xFF, 0xF5, 0x00, 0x00, 0x00, 0x00,
  0x05, 0xFF, 0xFF, 0xF4, 0x00, 0x00, 0x1E, 0xFF, 0xFF, 0xD2, 0x00, 0x00, 0x00, 0x02, 0xDF, 0xFF,
  0xFE, 0x10, 0x00, 0x00, 0x9F, 0xFF, 0xFF, 0xD5, 0x10, 0x00, 0x16, 0xDF, 0xFF, 0xFF, 0x80, 0x00,
  0x00, 0x02, 0xEF, 0xFF, 0xFF, 0xFD, 0xBB, 0xBE, 0xFF, 0xFF, 0xFF, 0xE2, 0x00, 0x00, 0x00, 0x05,
  0xFF, 0xFF, 0xFF, 0xFF, 0xFF, 0xFF, 0xFF, 0xFF, 0xF5, 0x00, 0x00, 0x00, 0x00, 0x05, 0xEF, 0xFF,
  0xFF, 0xFF, 0xFF, 0xFF, 0xFF, 0xE5, 0x00, 0x00, 0x00, 0x00, 0x00, 0x03, 0xAF, 0xFF, 0xFF, 0xFF,
  0xFF, 0xFF, 0xA3, 0x00, 0x00, 0x00, 0x00, 0x00, 0x00, 0x00, 0x37, 0xAC, 0xDE, 0xDC, 0xA7, 0x30,
  0x00, 0x00, 0x00, 0x00, 0x00, 0x00, 0x00, 0x00, 0x00, 0x01, 0x11, 0x00, 0x00, 0x00, 0x00, 0x00,
  0x00, 0x00, 0x00, 0x00, 0x01, 0x7D, 0xFF, 0xFF, 0xFF, 0xFF, 0xFD, 0x71, 0x00, 0x00, 0x00, 0x00,
  0x00, 0x00, 0x4D, 0xFF, 0xFF, 0xFF, 0xFF, 0xFF, 0xFF, 0xFD, 0x40, 0x00, 0x00, 0x00, 0x00, 0x05,
  0xFF, 0xFF, 0xFF, 0xFF, 0xFF, 0xFF, 0xFF, 0xFF, 0xF4, 0x00, 0x00, 0x00, 0x00, 0x2E, 0xFF, 0xFF,
  0xFF, 0xFE, 0xEE, 0xFF, 0xFF, 0xFF, 0xFE, 0x20, 0x00, 0x00, 0x00, 0xBF, 0xFF, 0xFF, 0xF9, 0x42,
  0x12, 0x48, 0xEF, 0xFF, 0xFF, 0x90, 0x00, 0x00, 0x03, 0xFF, 0xFF, 0xFE, 0x40, 0x00, 0x00, 0x00,
  0x3E, 0xFF, 0xFF, 0xE1, 0x00, 0x00, 0x08, 0xFF, 0xFF, 0xF5, 0x00, 0x00, 0x00, 0x00, 0x06, 0xFF,
  0xFF, 0xF4, 0x00, 0x00, 0x0B, 0xFF, 0xFF, 0xC0, 0x00, 0x00, 0x00, 0x00, 0x02, 0xFF, 0xFF, 0xF6,
  0x00, 0x00, 0x0D, 0xFF, 0xFF, 0x80, 0x00, 0x00, 0x00, 0x00, 0x01, 0x78, 0x88, 0x94, 0x00, 0x00,
  0x0D, 0xFF, 0xFF, 0x70, 0x00, 0x00, 0x00, 0x00, 0x00, 0x00, 0x00, 0x00, 0x00, 0x00, 0x0E, 0xFF,
  0xFF, 0x70, 0x00, 0x25, 0x77, 0x76, 0x30, 0x00, 0x00, 0x00, 0x00, 0x00, 0x0E, 0xFF, 0xFF, 0x70,
  0x3B, 0xFF, 0xFF, 0xFF, 0xFC, 0x60, 0x00, 0x00, 0x00, 0x00, 0x0E, 0xFF, 0xFF, 0x75, 0xEF, 0xFF,
  0xFF, 0xFF, 0xFF, 0xFC, 0x30, 0x00, 0x00, 0x00, 0x0E, 0xFF, 0xFF, 0xFF, 0xFF, 0xFF, 0xFF, 0xFF,
  0xFF, 0xFF, 0xE3, 0x00, 0x00, 0x00, 0x0E, 0xFF, 0xFF, 0xFF, 0xFF, 0xFE, 0xEF, 0xFF, 0xFF, 0xFF,
  0xFD, 0x10, 0x00, 0x00, 0x0E, 0xFF, 0xFF, 0xFF, 0xE7, 0x31, 0x12, 0x5A, 0xFF, 0xFF, 0xFF, 0x70,
  0x00, 0x00, 0x0E, 0xFF, 0xFF, 0xFC, 0x20, 0x00, 0x00, 0x00, 0x6F, 0xFF, 0xFF, 0xD1, 0x00, 0x00,
  0x0E, 0xFF, 0xFF, 0xE2, 0x00, 0x00, 0x00, 0x00, 0x09, 0xFF, 0xFF, 0xF4, 0x00, 0x00, 0x0E, 0xFF,
  0xFF, 0xA0, 0x00, 0x00, 0x00, 0x00, 0x02, 0xFF, 0xFF, 0xF6, 0x00, 0x00, 0x0E, 0xFF, 0xFF, 0x70,
  0x00, 0x00, 0x00, 0x00, 0x01, 0xDF, 0xFF, 0xF7, 0x00, 0x00, 0x0D, 0xFF, 0xFF, 0x70, 0x00, 0x00,
  0x00, 0x00, 0x01, 0xDF, 0xFF, 0xF7, 0x00, 0x00, 0x0C, 0xFF, 0xFF, 0x90, 0x00, 0x00, 0x00, 0x00,
  0x02, 0xEF, 0xFF, 0xF6, 0x00, 0x00, 0x0A, 0xFF, 0xFF, 0xD1, 0x00, 0x00, 0x00, 0x00, 0x06, 0xFF,
  0xFF, 0xF4, 0x00, 0x00, 0x06, 0xFF, 0xFF, 0xF9, 0x00, 0x00, 0x00, 0x00, 0x3E, 0xFF, 0xFF, 0xD1,
  0x00, 0x00, 0x01, 0xEF, 0xFF, 0xFF, 0xB4, 0x10, 0x00, 0x17, 0xEF, 0xFF, 0xFF, 0x70, 0x00, 0x00,
  0x00, 0x6F, 0xFF, 0xFF, 0xFF, 0xDB, 0xBC, 0xEF, 0xFF, 0xFF, 0xFD, 0x10, 0x00, 0x00, 0x00, 0x09,
  0xFF, 0xFF, 0xFF, 0xFF, 0xFF, 0xFF, 0xFF, 0xFF, 0xE3, 0x00, 0x00, 0x00, 0x00, 0x00, 0x8F, 0xFF,
  0xFF, 0xFF, 0xFF, 0xFF, 0xFF, 0xFD, 0x30, 0x00, 0x00, 0x00, 0x00, 0x00, 0x05, 0xCF, 0xFF, 0xFF,
  0xFF, 0xFF, 0xFE, 0x81, 0x00, 0x00, 0x00, 0x00, 0x00, 0x00, 0x00, 0x04, 0x8B, 0xDE, 0xED, 0xC9,
  0x61, 0x00, 0x00, 0x00, 0x00, 0x00, 0x00, 0x00, 0x00, 0x00, 0x00, 0x01, 0x11, 0x00, 0x00, 0x00,
  0x00, 0x00, 0x00, 0x00, 0x00, 0x00, 0x00, 0x00, 0x00, 0x00, 0x00, 0x00, 0x00, 0x00, 0x00, 0x00,
  0x1A, 0xAA, 0xAA, 0xAA, 0xAA, 0xAA, 0xAA, 0xAA, 0xAA, 0xAA, 0xA8, 0x00, 0x01, 0xFF, 0xFF, 0xFF,
  0xFF, 0xFF, 0xFF, 0xFF, 0xFF, 0xFF, 0xFF, 0xC0, 0x00, 0x1E, 0xFF, 0xFF, 0xFF, 0xFF, 0xFF, 0xFF,
  0xFF, 0xFF, 0xFF, 0xFB, 0x00, 0x01, 0xEF, 0xFF, 0xFF, 0xFF, 0xFF, 0xFF, 0xFF, 0xFF, 0xFF, 0xFF,
  0xB0, 0x00, 0x1D, 0xEE, 0xEE, 0xEE, 0xEE, 0xEE, 0xEE, 0xEE, 0xFF, 0xFF, 0xFB, 0x00, 0x00, 0x11,
  0x11, 0x11, 0x11, 0x11, 0x11, 0x11, 0x18, 0xFF, 0xFF, 0xB0, 0x00, 0x00, 0x00, 0x00, 0x00, 0x00,
  0x00, 0x00, 0x01, 0xDF, 0xFF, 0xFB, 0x00, 0x00, 0x00, 0x00, 0x00, 0x00, 0x00, 0x00, 0x00, 0x8F,
  0xFF, 0xFF, 0x50, 0x00, 0x00, 0x00, 0x00, 0x00, 0x00, 0x00, 0x00, 0x2E, 0xFF, 0xFF, 0xB0, 0x00,
  0x00, 0x00, 0x00, 0x00, 0x00, 0x00, 0x00, 0x09, 0xFF, 0xFF, 0xF4, 0x00, 0x00, 0x00, 0x00, 0x00,
  0x00, 0x00, 0x00, 0x03, 0xFF, 0xFF, 0xFA, 0x00, 0x00, 0x00, 0x00, 0x00, 0x00, 0x00, 0x00, 0x00,
  0xBF, 0xFF, 0xFF, 0x30, 0x00, 0x00, 0x00, 0x00, 0x00, 0x00, 0x00, 0x00, 0x4F, 0xFF, 0xFF, 0x90,
  0x00, 0x00, 0x00, 0x00, 0x00, 0x00, 0x00, 0x00, 0x0C, 0xFF, 0xFF, 0xE2, 0x00, 0x00, 0x00, 0x00,
  0x00, 0x00, 0x00, 0x00, 0x06, 0xFF, 0xFF, 0xF8, 0x00, 0x00, 0x00, 0x00, 0x00, 0x00, 0x00, 0x00,
  0x01, 0xDF, 0xFF, 0xFE, 0x10, 0x00, 0x00, 0x00, 0x00, 0x00, 0x00, 0x00, 0x00, 0x7F, 0xFF, 0xFF,
  0x70, 0x00, 0x00, 0x00, 0x00, 0x00, 0x00, 0x00, 0x00, 0x2E, 0xFF, 0xFF, 0xD1, 0x00, 0x00, 0x00,
  0x00, 0x00, 0x00, 0x00, 0x00, 0x09, 0xFF, 0xFF, 0xF6, 0x00, 0x00, 0x00, 0x00, 0x00, 0x00, 0x00,
  0x00, 0x03, 0xFF, 0xFF, 0xFC, 0x00, 0x00, 0x00, 0x00, 0x00, 0x00, 0x00, 0x00, 0x00, 0xAF, 0xFF,
  0xFF, 0x50, 0x00, 0x00, 0x00, 0x00, 0x00, 0x00, 0x00, 0x00, 0x4F, 0xFF, 0xFF, 0xB0, 0x00, 0x00,
  0x00, 0x00, 0x00, 0x00, 0x00, 0x00, 0x0C, 0xFF, 0xFF, 0xF4, 0x00, 0x00, 0x00, 0x00, 0x00, 0x00,
  0x00, 0x00, 0x05, 0xFF, 0xFF, 0xFA, 0x00, 0x00, 0x00, 0x00, 0x00, 0x00, 0x00, 0x00, 0x00, 0xCF,
  0xFF, 0xFF, 0x30, 0x00, 0x00, 0x00, 0x00, 0x00, 0x00, 0x00, 0x00, 0x3F, 0xFF, 0xFF, 0x90, 0x00,
  0x00, 0x00, 0x00, 0x00, 0x00, 0x00, 0x00, 0x06, 0xFF, 0xFF, 0xF3, 0x00, 0x00, 0x00, 0x00, 0x00,
  0x00, 0x00, 0x00, 0x00, 0x7F, 0xFF, 0xFD, 0x00, 0x00, 0x00, 0x00, 0x00, 0x00, 0x00, 0x00, 0x00,
  0x08, 0xFF, 0xFF, 0xC0, 0x00, 0x00, 0x00, 0x00, 0x00, 0x00, 0x00, 0x00, 0x00, 0x5B, 0xBB, 0xB8,
  0x00, 0x00, 0x00, 0x00, 0x00, 0x00, 0x00, 0x00, 0x00, 0x00, 0x00, 0x00, 0x00, 0x00, 0x00, 0x00,
  0x00, 0x00, 0x00, 0x00, 0x00, 0x00, 0x39, 0xEF, 0xFF, 0xFF, 0xFF, 0xFF, 0xD8, 0x20, 0x00, 0x00,
  0x00, 0x00, 0x00, 0x8F, 0xFF, 0xFF, 0xFF, 0xFF, 0xFF, 0xFF, 0xFE, 0x60, 0x00, 0x00, 0x00, 0x00,
  0x9F, 0xFF, 0xFF, 0xFF, 0xFF, 0xFF, 0xFF, 0xFF, 0xFF, 0x70, 0x00, 0x00, 0x00, 0x7F, 0xFF, 0xFF,
  0xFF, 0xFE, 0xEE, 0xFF, 0xFF, 0xFF, 0xFF, 0x40, 0x00, 0x00, 0x1E, 0xFF, 0xFF, 0xFC, 0x73, 0x11,
  0x24, 0x8E, 0xFF, 0xFF, 0xFB, 0x00, 0x00, 0x05, 0xFF, 0xFF, 0xFA, 0x10, 0x00, 0x00, 0x00, 0x2D,
  0xFF, 0xFF, 0xF2, 0x00, 0x00, 0x7F, 0xFF, 0xFE, 0x20, 0x00, 0x00, 0x00, 0x00, 0x4F, 0xFF, 0xFF,
  0x40, 0x00, 0x08, 0xFF, 0xFF, 0xC0, 0x00, 0x00, 0x00, 0x00, 0x01, 0xEF, 0xFF, 0xF5, 0x00, 0x00,
  0x7F, 0xFF, 0xFC, 0x00, 0x00, 0x00, 0x00, 0x00, 0x1E, 0xFF, 0xFF, 0x40, 0x00, 0x05, 0xFF, 0xFF,
  0xE1, 0x00, 0x00, 0x00, 0x00, 0x04, 0xFF, 0xFF, 0xF2, 0x00, 0x00, 0x1E, 0xFF, 0xFF, 0xA1, 0x00,
  0x00, 0x00, 0x02, 0xCF, 0xFF, 0xFC, 0x00, 0x00, 0x00, 0x7F, 0xFF, 0xFF, 0xC6, 0x31, 0x12, 0x47,
  0xDF, 0xFF, 0xFF, 0x50, 0x00, 0x00, 0x00, 0x9F, 0xFF, 0xFF, 0xFF, 0xEE, 0xEF, 0xFF, 0xFF, 0xFF,
  0x80, 0x00, 0x00, 0x00, 0x00, 0x5C, 0xFF, 0xFF, 0xFF, 0xFF, 0xFF, 0xFF, 0xFC, 0x50, 0x00, 0x00,
  0x00, 0x00, 0x00, 0xAF, 0xFF, 0xFF, 0xFF, 0xFF, 0xFF, 0xFF, 0xA0, 0x00, 0x00, 0x00, 0x00, 0x05,
  0xDF, 0xFF, 0xFF, 0xFF, 0xFF, 0xFF, 0xFF, 0xFF, 0xD4, 0x00, 0x00, 0x00, 0x06, 0xFF, 0xFF, 0xFF,
  0xFD, 0xBB, 0xBD, 0xFF, 0xFF, 0xFF, 0xF5, 0x00, 0x00, 0x03, 0xFF, 0xFF, 0xFE, 0x82, 0x00, 0x00,
  0x13, 0x9F, 0xFF, 0xFF, 0xE1, 0x00, 0x00, 0x9F, 0xFF, 0xFE, 0x40, 0x00, 0x00, 0x00, 0x00, 0x6F,
  0xFF, 0xFF, 0x60, 0x00, 0x0C, 0xFF, 0xFF, 0x80, 0x00, 0x00, 0x00, 0x00, 0x00, 0xBF, 0xFF, 0xFA,
  0x00, 0x01, 0xEF, 0xFF, 0xF5, 0x00, 0x00, 0x00, 0x00, 0x00, 0x08, 0xFF, 0xFF, 0xB0, 0x00, 0x1E,
  0xFF, 0xFF, 0x50, 0x00, 0x00, 0x00, 0x00, 0x00, 0x8F, 0xFF, 0xFB, 0x00, 0x00, 0xDF, 0xFF, 0xF8,
  0x00, 0x00, 0x00, 0x00, 0x00, 0x0B, 0xFF, 0xFF, 0xB0, 0x00, 0x0B, 0xFF, 0xFF, 0xE4, 0x00, 0x00,
  0x00, 0x00, 0x06, 0xFF, 0xFF, 0xF8, 0x00, 0x00, 0x7F, 0xFF, 0xFF, 0xE8, 0x20, 0x00, 0x01, 0x39,
  0xFF, 0xFF, 0xFF, 0x40, 0x00, 0x01, 0xDF, 0xFF, 0xFF, 0xFF, 0xDB, 0xBB, 0xDF, 0xFF, 0xFF, 0xFF,
  0xA0, 0x00, 0x00, 0x04, 0xEF, 0xFF, 0xFF, 0xFF, 0xFF, 0xFF, 0xFF, 0xFF, 0xFF, 0xD2, 0x00, 0x00,
  0x00, 0x04, 0xDF, 0xFF, 0xFF, 0xFF, 0xFF, 0xFF, 0xFF, 0xFF, 0xC2, 0x00, 0x00, 0x00, 0x00, 0x01,
  0x8E, 0xFF, 0xFF, 0xFF, 0xFF, 0xFF, 0xFD, 0x60, 0x00, 0x00, 0x00, 0x00, 0x00, 0x00, 0x15, 0x9B,
  0xDE, 0xED, 0xCB, 0x84, 0x00, 0x00, 0x00, 0x00, 0x00, 0x00, 0x00, 0x00, 0x00, 0x00, 0x11, 0x10,
  0x00, 0x00, 0x00, 0x00, 0x00, 0x00, 0x00, 0x00, 0x00, 0x04, 0xBF, 0xFF, 0xFF, 0xFF, 0xFF, 0xD8,
  0x20, 0x00, 0x00, 0x00, 0x00, 0x00, 0x01, 0x9F, 0xFF, 0xFF, 0xFF, 0xFF, 0xFF, 0xFF, 0xD5, 0x00,
  0x00, 0x00, 0x00, 0x00, 0x1B, 0xFF, 0xFF, 0xFF, 0xFF, 0xFF, 0xFF, 0xFF, 0xFF, 0x60, 0x00, 0x00,
  0x00, 0x00, 0xAF, 0xFF, 0xFF, 0xFF, 0xFE, 0xEF, 0xFF, 0xFF, 0xFF, 0xF3, 0x00, 0x00, 0x00, 0x05,
  0xFF, 0xFF, 0xFF, 0xA5, 0x21, 0x13, 0x7E, 0xFF, 0xFF, 0xFC, 0x00, 0x00, 0x00, 0x0C, 0xFF, 0xFF,
  0xF6, 0x00, 0x00, 0x00, 0x02, 0xCF, 0xFF, 0xFF, 0x40, 0x00, 0x00, 0x2F, 0xFF, 0xFF, 0x90, 0x00,
  0x00, 0x00, 0x00, 0x2E, 0xFF, 0xFF, 0x90, 0x00, 0x00, 0x5F, 0xFF, 0xFF, 0x30, 0x00, 0x00, 0x00,
  0x00, 0x0A, 0xFF, 0xFF, 0xC0, 0x00, 0x00, 0x6F, 0xFF, 0xFE, 0x10, 0x00, 0x00, 0x00, 0x00, 0x07,
  0xFF, 0xFF, 0xD0, 0x00, 0x00, 0x7F, 0xFF, 0xFD, 0x10, 0x00, 0x00, 0x00, 0x00, 0x07, 0xFF, 0xFF,
  0xE0, 0x00, 0x00, 0x6F, 0xFF, 0xFE, 0x10, 0x00, 0x00, 0x00, 0x00, 0x08, 0xFF, 0xFF, 0xE0, 0x00,
  0x00, 0x5F, 0xFF, 0xFF, 0x50, 0x00, 0x00, 0x00, 0x00, 0x0C, 0xFF, 0xFF, 0xE0, 0x00, 0x00, 0x2E,
  0xFF, 0xFF, 0xD1, 0x00, 0x00, 0x00, 0x00, 0x7F, 0xFF, 0xFF, 0xE0, 0x00, 0x00, 0x0B, 0xFF, 0xFF,
  0xFC, 0x40, 0x00, 0x00, 0x18, 0xFF, 0xFF, 0xFF, 0xE0, 0x00, 0x00, 0x03, 0xFF, 0xFF, 0xFF, 0xFC,
  0x98, 0x8A, 0xEF, 0xFF, 0xFF, 0xFF, 0xE0, 0x00, 0x00, 0x00, 0x7F, 0xFF, 0xFF, 0xFF, 0xFF, 0xFF,
  0xFF, 0xFF, 0xFF, 0xFF, 0xE0, 0x00, 0x00, 0x00, 0x08, 0xFF, 0xFF, 0xFF, 0xFF, 0xFF, 0xFF, 0xBB,
  0xFF, 0xFF, 0xE0, 0x00, 0x00, 0x00, 0x00, 0x5C, 0xFF, 0xFF, 0xFF, 0xFF, 0xFA, 0x06, 0xFF, 0xFF,
  0xE0, 0x00, 0x00, 0x00, 0x00, 0x01, 0x59, 0xCE, 0xEE, 0xC9, 0x40, 0x07, 0xFF, 0xFF, 0xE0, 0x00,
  0x00, 0x00, 0x00, 0x00, 0x00, 0x01, 0x11, 0x00, 0x00, 0x07, 0xFF, 0xFF, 0xD0, 0x00, 0x00, 0x13,
  0x33, 0x33, 0x10, 0x00, 0x00, 0x00, 0x00, 0x08, 0xFF, 0xFF, 0xD0, 0x00, 0x00, 0x4F, 0xFF, 0xFF,
  0x30, 0x00, 0x00, 0x00, 0x00, 0x0A, 0xFF, 0xFF, 0xB0, 0x00, 0x00, 0x2F, 0xFF, 0xFF, 0x70, 0x00,
  0x00, 0x00, 0x00, 0x2E, 0xFF, 0xFF, 0x90, 0x00, 0x00, 0x0D, 0xFF, 0xFF, 0xE2, 0x00, 0x00, 0x00,
  0x01, 0xBF, 0xFF, 0xFF, 0x40, 0x00, 0x00, 0x08, 0xFF, 0xFF, 0xFD, 0x51, 0x00, 0x01, 0x4C, 0xFF,
  0xFF, 0xFC, 0x00, 0x00, 0x00, 0x02, 0xEF, 0xFF, 0xFF, 0xFD, 0xBB, 0xBD, 0xFF, 0xFF, 0xFF, 0xF5,
  0x00, 0x00, 0x00, 0x00, 0x5F, 0xFF, 0xFF, 0xFF, 0xFF, 0xFF, 0xFF, 0xFF, 0xFF, 0x80, 0x00, 0x00,
  0x00, 0x00, 0x06, 0xFF, 0xFF, 0xFF, 0xFF, 0xFF, 0xFF, 0xFF, 0xF8, 0x00, 0x00, 0x00, 0x00, 0x00,
  0x00, 0x3B, 0xFF, 0xFF, 0xFF, 0xFF, 0xFF, 0xFB, 0x40, 0x00, 0x00, 0x00, 0x00, 0x00, 0x00, 0x00,
  0x37, 0xAC, 0xDE, 0xEC, 0xA8, 0x30, 0x00, 0x00, 0x00, 0x00, 0x00, 0x00, 0x00, 0x00, 0x00, 0x00,
  0x11, 0x10, 0x00, 0x00, 0x00, 0x00, 0x00, 0x00, 0x00, 0x00, 0x07, 0xCE, 0xD7, 0x00, 0x00, 0x00,
  0x00, 0x00, 0x00, 0x10, 0x00, 0x00, 0x00, 0x00, 0x00, 0x00, 0x00, 0x00, 0x00, 0x00, 0x00, 0x00,
  0x00, 0x00, 0x00, 0x00, 0x00, 0x00, 0x00, 0x00, 0x00, 0x00, 0x00, 0x00, 0x00, 0x00, 0x00, 0x00,
  0x00, 0x00, 0x00, 0x00, 0x00, 0x00, 0x00, 0x00, 0x01, 0x00, 0x00, 0x00, 0x00, 0x00, 0x00, 0x7C,
  0xED, 0x70, 0x00, 0x00, 0x00, 0x00, 0x9F, 0xFF, 0xFF, 0xA0, 0x00, 0x00, 0x00, 0x4F, 0xFF, 0xFF,
  0xFF, 0x40, 0x00, 0x00, 0x07, 0xFF, 0xFF, 0xFF, 0xF7, 0x00, 0x00, 0x00, 0x7F, 0xFF, 0xFF, 0xFF,
  0x70, 0x00, 0x00, 0x04, 0xFF, 0xFF, 0xFF, 0xF4, 0x00, 0x00, 0x00, 0x09, 0xFF, 0xFF, 0xFA, 0x00,
  0x00, 0x00, 0x00, 0x07, 0xCE, 0xC7, 0x00, 0x00, 0x00, 0x00, 0x00, 0x00, 0x10, 0x00, 0x00, 0x00,
  0x00, 0x00, 0x00, 0x01, 0x00, 0x00, 0x00, 0x00, 0x00, 0x00, 0x7C, 0xEC, 0x70, 0x00, 0x00, 0x00,
  0x00, 0x9F, 0xFF, 0xFF, 0x90, 0x00, 0x00, 0x00, 0x3F, 0xFF, 0xFF, 0xFF, 0x30, 0x00, 0x00, 0x07,
  0xFF, 0xFF, 0xFF, 0xF7, 0x00, 0x00, 0x00, 0x7F, 0xFF, 0xFF, 0xFF, 0x70, 0x00, 0x00, 0x04, 0xFF,
  0xFF, 0xFF, 0xF4, 0x00, 0x00, 0x00, 0x0B, 0xFF, 0xFF, 0xFB, 0x00, 0x00, 0x00, 0x00, 0x19, 0xEF,
  0xE9, 0x10, 0x00, 0x00, 0x00, 0x00, 0x01, 0x22, 0x00, 0x00, 0x00, 0x00, 0x00, 0x00, 0x00, 0x00,
  0x00, 0x00, 0x00, 0x00, 0x00, 0x00, 0x00, 0x00, 0x00, 0x00, 0x00, 0x00, 0x00, 0x00, 0x00, 0x00,
  0x00, 0x00, 0x00, 0x00, 0x00, 0x00, 0x00, 0x00, 0x00, 0x00, 0x00, 0x00, 0x00, 0x00, 0x00, 0x00,
  0x00, 0x00, 0x00, 0x49, 0xB9, 0x40, 0x00, 0x00, 0x00, 0x00, 0x7F, 0xFF, 0xFF, 0x70, 0x00, 0x00,
  0x00, 0x3F, 0xFF, 0xFF, 0xFF, 0x30, 0x00, 0x00, 0x07, 0xFF, 0xFF, 0xFF, 0xF7, 0x00, 0x00, 0x00,
  0x7F, 0xFF, 0xFF, 0xFF, 0x70, 0x00, 0x00, 0x04, 0xFF, 0xFF, 0xFF, 0xF7, 0x00, 0x00, 0x00, 0x0A,
  0xFF, 0xFF, 0xFF, 0x70, 0x00, 0x00, 0x00, 0x07, 0xCD, 0xFF, 0xF7, 0x00, 0x00, 0x00, 0x00, 0x00,
  0x1E, 0xFF, 0x70, 0x00, 0x00, 0x00, 0x00, 0x01, 0xEF, 0xF7, 0x00, 0x00, 0x00, 0x01, 0x22, 0x9F,
  0xFF, 0x60, 0x00, 0x00, 0x00, 0x6F, 0xFF, 0xFF, 0xF2, 0x00, 0x00, 0x00, 0x07, 0xFF, 0xFF, 0xF7,
  0x00, 0x00, 0x00, 0x00, 0x6E, 0xED, 0xB5, 0x00, 0x00, 0x00, 0x00, 0x00, 0x11, 0x10, 0x00, 0x00,
  0x00, 0x00, 0x00, 0x00, 0x00, 0x00, 0x00, 0x00, 0x00, 0x00, 0x00, 0x00, 0x00, 0x00, 0x00, 0x00,
  0x00, 0x00, 0x00, 0x00, 0x00, 0x00, 0x00, 0x00, 0x00, 0x03, 0x50, 0x00, 0x00, 0x00, 0x00, 0x00,
  0x00, 0x00, 0x00, 0x00, 0x00, 0x00, 0x37, 0xCF, 0xC0, 0x00, 0x00, 0x00, 0x00, 0x00, 0x00, 0x00,
  0x00, 0x00, 0x03, 0x7C, 0xFF, 0xFF, 0xB0, 0x00, 0x00, 0x00, 0x00, 0x00, 0x00, 0x00, 0x00, 0x37,
  0xCF, 0xFF, 0xFF, 0xFF, 0xB0, 0x00, 0x00, 0x00, 0x00, 0x00, 0x00, 0x03, 0x8C, 0xFF, 0xFF, 0xFF,
  0xFF, 0xFF, 0xC0, 0x00, 0x00, 0x00, 0x00, 0x00, 0x38, 0xCF, 0xFF, 0xFF, 0xFF, 0xFF, 0xFF, 0xEC,
  0x60, 0x00, 0x00, 0x00, 0x00, 0x1B, 0xFF, 0xFF, 0xFF, 0xFF, 0xFF, 0xFE, 0xA6, 0x20, 0x00, 0x00,
  0x00, 0x00, 0x00, 0x1F, 0xFF, 0xFF, 0xFF, 0xFF, 0xD9, 0x51, 0x00, 0x00, 0x00, 0x00, 0x00, 0x00,
  0x00, 0x1E, 0xFF, 0xFF, 0xEC, 0x84, 0x00, 0x00, 0x00, 0x00, 0x00, 0x00, 0x00, 0x00, 0x00, 0x1E,
  0xFF, 0xFF, 0x70, 0x00, 0x00, 0x00, 0x00, 0x00, 0x00, 0x00, 0x00, 0x00, 0x00, 0x1E, 0xFF, 0xFF,
  0xEB, 0x63, 0x00, 0x00, 0x00, 0x00, 0x00, 0x00, 0x00, 0x00, 0x00, 0x1F, 0xFF, 0xFF, 0xFF, 0xFF,
  0xC8, 0x31, 0x00, 0x00, 0x00, 0x00, 0x00, 0x00, 0x00, 0x1C, 0xFF, 0xFF, 0xFF, 0xFF, 0xFF, 0xFD,
  0x95, 0x10, 0x00, 0x00, 0x00, 0x00, 0x00, 0x01, 0x49, 0xDF, 0xFF, 0xFF, 0xFF, 0xFF, 0xFF, 0xEA,
  0x50, 0x00, 0x00, 0x00, 0x00, 0x00, 0x00, 0x14, 0x9D, 0xFF, 0xFF, 0xFF, 0xFF, 0xFF, 0xC0, 0x00,
  0x00, 0x00, 0x00, 0x00, 0x00, 0x00, 0x01, 0x49, 0xDF, 0xFF, 0xFF, 0xFF, 0xB0, 0x00, 0x00, 0x00,
  0x00, 0x00, 0x00, 0x00, 0x00, 0x00, 0x14, 0x9D, 0xFF, 0xFF, 0xB0, 0x00, 0x00, 0x00, 0x00, 0x00,
  0x00, 0x00, 0x00, 0x00, 0x00, 0x01, 0x49, 0xDF, 0xC0, 0x00, 0x00, 0x00, 0x00, 0x00, 0x00, 0x00,
  0x00, 0x00, 0x00, 0x00, 0x00, 0x14, 0x60, 0x00, 0x00, 0x00, 0x00, 0x00, 0x00, 0x00, 0x00, 0x00,
  0x00, 0x00, 0x00, 0x00, 0x00, 0x00, 0x00, 0x00, 0x00, 0x00, 0x00, 0x00, 0x00, 0x00, 0x00, 0x00,
  0x00, 0x00, 0x00, 0x00, 0x00, 0x00, 0x00, 0x00, 0x00, 0x00, 0x00, 0x00, 0x00, 0x00, 0x00, 0x00,
  0x00, 0x00, 0x00, 0x00, 0x00, 0x00, 0x00, 0x00, 0x00, 0x00, 0x00, 0x00, 0x00, 0x00, 0x00, 0x00,
  0x00, 0x00, 0x00, 0x00, 0x00, 0x00, 0x00, 0x00, 0x00, 0x00, 0x00, 0x00, 0x00, 0x00, 0x00, 0x00,
  0x00, 0x00, 0x00, 0x00, 0x00, 0x00, 0x00, 0x00, 0x00, 0x00, 0x00, 0x00, 0x00, 0x00, 0x00, 0x01,
  0x11, 0x11, 0x11, 0x11, 0x11, 0x11, 0x11, 0x11, 0x10, 0x00, 0x00, 0x00, 0x00, 0x0D, 0xEE, 0xEE,
  0xEE, 0xEE, 0xEE, 0xEE, 0xEE, 0xEE, 0xD0, 0x00, 0x00, 0x00, 0x00, 0x0E, 0xFF, 0xFF, 0xFF, 0xFF,
  0xFF, 0xFF, 0xFF, 0xFF, 0xE0, 0x00, 0x00, 0x00, 0x00, 0x0D, 0xFF, 0xFF, 0xFF, 0xFF, 0xFF, 0xFF,
  0xFF, 0xFF, 0xD0, 0x00, 0x00, 0x00, 0x00, 0x0E, 0xFF, 0xFF, 0xFF, 0xFF, 0xFF, 0xFF, 0xFF, 0xFF,
  0xE0, 0x00, 0x00, 0x00, 0x00, 0x08, 0x99, 0x99, 0x99, 0x99, 0x99, 0x99, 0x99, 0x99, 0x80, 0x00,
  0x00, 0x00, 0x00, 0x00, 0x00, 0x00, 0x00, 0x00, 0x00, 0x00, 0x00, 0x00, 0x00, 0x00, 0x00, 0x00,
  0x00, 0x01, 0x11, 0x11, 0x11, 0x11, 0x11, 0x11, 0x11, 0x11, 0x10, 0x00, 0x00, 0x00, 0x00, 0x0B,
  0xDD, 0xDD, 0xDD, 0xDD, 0xDD, 0xDD, 0xDD, 0xDD, 0xB0, 0x00, 0x00, 0x00, 0x00, 0x0E, 0xFF, 0xFF,
  0xFF, 0xFF, 0xFF, 0xFF, 0xFF, 0xFF, 0xE0, 0x00, 0x00, 0x00, 0x00, 0x0D, 0xFF, 0xFF, 0xFF, 0xFF,
  0xFF, 0xFF, 0xFF, 0xFF, 0xD0, 0x00, 0x00, 0x00, 0x00, 0x0E, 0xFF, 0xFF, 0xFF, 0xFF, 0xFF, 0xFF,
  0xFF, 0xFF, 0xE0, 0x00, 0x00, 0x00, 0x00, 0x09, 0xBB, 0xBB, 0xBB, 0xBB, 0xBB, 0xBB, 0xBB, 0xBB,
  0x90, 0x00, 0x00, 0x00, 0x00, 0x00, 0x00, 0x00, 0x00, 0x00, 0x00, 0x00, 0x00, 0x00, 0x00, 0x00,
  0x00, 0x00, 0x00, 0x00, 0x00, 0x00, 0x00, 0x00, 0x00, 0x00, 0x00, 0x00, 0x00, 0x00, 0x00, 0x00,
  0x00, 0x00, 0x00, 0x00, 0x00, 0x00, 0x00, 0x00, 0x00, 0x00, 0x00, 0x00, 0x00, 0x00, 0x00, 0x00,
  0x00, 0x00, 0x00, 0x00, 0x00, 0x00, 0x00, 0x00, 0x00, 0x00, 0x00, 0x00, 0x00, 0x00, 0x00, 0x00,
  0x00, 0x00, 0x00, 0x00, 0x00, 0x00, 0x00, 0x00, 0x00, 0x00, 0x00, 0x00, 0x00, 0x00, 0x00, 0x00,
  0x00, 0x00, 0x00, 0x00, 0x00, 0x00, 0x00, 0x00, 0x00, 0x00, 0x00, 0x00, 0x00, 0x00, 0x00, 0x00,
  0x00, 0x00, 0x00, 0x00, 0x00, 0x00, 0x00, 0x00, 0x00, 0x00, 0x00, 0x00, 0x00, 0x00, 0x00, 0x00,
  0x00, 0x00, 0x00, 0x00, 0x00, 0x00, 0x00, 0x00, 0x00, 0x00, 0x00, 0x00, 0x00, 0x00, 0x00, 0x00,
  0x00, 0x00, 0x00, 0x00, 0x00, 0x00, 0x00, 0x00, 0x00, 0x00, 0x00, 0x00, 0x00, 0x00, 0x00, 0x00,
  0x00, 0x16, 0x20, 0x00, 0x00, 0x00, 0x00, 0x00, 0x00, 0x00, 0x00, 0x00, 0x00, 0x00, 0x00, 0x1F,
  0xFB, 0x62, 0x00, 0x00, 0x00, 0x00, 0x00, 0x00, 0x00, 0x00, 0x00, 0x00, 0x00, 0x1E, 0xFF, 0xFE,
  0xB6, 0x20, 0x00, 0x00, 0x00, 0x00, 0x00, 0x00, 0x00, 0x00, 0x00, 0x1E, 0xFF, 0xFF, 0xFF, 0xEB,
  0x62, 0x00, 0x00, 0x00, 0x00, 0x00, 0x00, 0x00, 0x00, 0x1F, 0xFF, 0xFF, 0xFF, 0xFF, 0xFF, 0xB7,
  0x20, 0x00, 0x00, 0x00, 0x00, 0x00, 0x00, 0x08, 0xCF, 0xFF, 0xFF, 0xFF, 0xFF, 0xFF, 0xFB, 0x72,
  0x00, 0x00, 0x00, 0x00, 0x00, 0x00, 0x03, 0x7B, 0xEF, 0xFF, 0xFF, 0xFF, 0xFF, 0xFF, 0x90, 0x00,
  0x00, 0x00, 0x00, 0x00, 0x00, 0x00, 0x26, 0xAD, 0xFF, 0xFF, 0xFF, 0xFF, 0xC0, 0x00, 0x00, 0x00,
  0x00, 0x00, 0x00, 0x00, 0x00, 0x01, 0x49, 0xDF, 0xFF, 0xFF, 0xB0, 0x00, 0x00, 0x00, 0x00, 0x00,
  0x00, 0x00, 0x00, 0x00, 0x00, 0x09, 0xFF, 0xFF, 0xB0, 0x00, 0x00, 0x00, 0x00, 0x00, 0x00, 0x00,
  0x00, 0x00, 0x37, 0xBE, 0xFF, 0xFF, 0xB0, 0x00, 0x00, 0x00, 0x00, 0x00, 0x00, 0x00, 0x14, 0x9C,
  0xFF, 0xFF, 0xFF, 0xFF, 0xC0, 0x00, 0x00, 0x00, 0x00, 0x00, 0x02, 0x6A, 0xDF, 0xFF, 0xFF, 0xFF,
  0xFF, 0xFF, 0xA0, 0x00, 0x00, 0x00, 0x00, 0x07, 0xBE, 0xFF, 0xFF, 0xFF, 0xFF, 0xFF, 0xFC, 0x83,
  0x00, 0x00, 0x00, 0x00, 0x00, 0x1F, 0xFF, 0xFF, 0xFF, 0xFF, 0xFF, 0xC8, 0x30, 0x00, 0x00, 0x00,
  0x00, 0x00, 0x00, 0x1E, 0xFF, 0xFF, 0xFF, 0xFC, 0x83, 0x00, 0x00, 0x00, 0x00, 0x00, 0x00, 0x00,
  0x00, 0x1E, 0xFF, 0xFF, 0xC8, 0x30, 0x00, 0x00, 0x00, 0x00, 0x00, 0x00, 0x00, 0x00, 0x00, 0x1F,
  0xFC, 0x83, 0x00, 0x00, 0x00, 0x00, 0x00, 0x00, 0x00, 0x00, 0x00, 0x00, 0x00, 0x17, 0x30, 0x00,
  0x00, 0x00, 0x00, 0x00, 0x00, 0x00, 0x00, 0x00, 0x00, 0x00, 0x00, 0x00, 0x00, 0x00, 0x00, 0x00,
  0x00, 0x00, 0x00, 0x00, 0x00, 0x00, 0x00, 0x00, 0x00, 0x00, 0x00, 0x00, 0x00, 0x00, 0x00, 0x00,
  0x00, 0x00, 0x00, 0x00, 0x00, 0x00, 0x00, 0x00, 0x00, 0x00, 0x00, 0x00, 0x00, 0x00, 0x00, 0x00,
  0x00, 0x00, 0x00, 0x00, 0x00, 0x00, 0x00, 0x00, 0x00, 0x00, 0x00, 0x00, 0x00, 0x00, 0x00, 0x00,
  0x00, 0x00, 0x00, 0x00, 0x00, 0x00, 0x00, 0x00, 0x00, 0x00, 0x00, 0x00, 0x00, 0x00, 0x00, 0x00,
  0x00, 0x00, 0x00, 0x00, 0x00, 0x00, 0x00, 0x00, 0x00, 0x00, 0x00, 0x00, 0x00, 0x00, 0x00, 0x00,
  0x00, 0x00, 0x00, 0x00, 0x00, 0x00, 0x00, 0x00, 0x00, 0x00, 0x00, 0x00, 0x00, 0x00, 0x14, 0x79,
  0xAA, 0x97, 0x40, 0x00, 0x00, 0x00, 0x00, 0x00, 0x00, 0x00, 0x18, 0xDF, 0xFF, 0xFF, 0xFF, 0xFC,
  0x60, 0x00, 0x00, 0x00, 0x00, 0x00, 0x04, 0xDF, 0xFF, 0xFF, 0xFF, 0xFF, 0xFF, 0xFB, 0x20, 0x00,
  0x00, 0x00, 0x00, 0x4F, 0xFF, 0xFF, 0xFF, 0xFF, 0xFF, 0xFF, 0xFF, 0xD2, 0x00, 0x00, 0x00, 0x02,
  0xEF, 0xFF, 0xFF, 0xFF, 0xEE, 0xFF, 0xFF, 0xFF, 0xFB, 0x00, 0x00, 0x00, 0x09, 0xFF, 0xFF, 0xFD,
  0x63, 0x11, 0x37, 0xEF, 0xFF, 0xFF, 0x50, 0x00, 0x00, 0x2E, 0xFF, 0xFF, 0xB1, 0x00, 0x00, 0x00,
  0x3D, 0xFF, 0xFF, 0xA0, 0x00, 0x00, 0x5F, 0xFF, 0xFE, 0x20, 0x00, 0x00, 0x00, 0x06, 0xFF, 0xFF,
  0xD1, 0x00, 0x00, 0x7F, 0xFF, 0xFB, 0x00, 0x00, 0x00, 0x00, 0x03, 0xFF, 0xFF, 0xE1, 0x00, 0x00,
  0x9F, 0xFF, 0xFA, 0x00, 0x00, 0x00, 0x00, 0x03, 0xFF, 0xFF, 0xE1, 0x00, 0x00, 0x47, 0x77, 0x75,
  0x00, 0x00, 0x00, 0x00, 0x07, 0xFF, 0xFF, 0xD1, 0x00, 0x00, 0x00, 0x00, 0x00, 0x00, 0x00, 0x00,
  0x00, 0x3E, 0xFF, 0xFF, 0xB0, 0x00, 0x00, 0x00, 0x00, 0x00, 0x00, 0x00, 0x00, 0x05, 0xEF, 0xFF,
  0xFF, 0x60, 0x00, 0x00, 0x00, 0x00, 0x00, 0x00, 0x00, 0x04, 0xBF, 0xFF, 0xFF, 0xFC, 0x10, 0x00,
  0x00, 0x00, 0x00, 0x00, 0x00, 0x01, 0xAF, 0xFF, 0xFF, 0xFF, 0xE3, 0x00, 0x00, 0x00, 0x00, 0x00,
  0x00, 0x00, 0x1C, 0xFF, 0xFF, 0xFF, 0xFC, 0x30, 0x00, 0x00, 0x00, 0x00, 0x00, 0x00, 0x00, 0x8F,
  0xFF, 0xFF, 0xFF, 0x81, 0x00, 0x00, 0x00, 0x00, 0x00, 0x00, 0x00, 0x01, 0xDF, 0xFF, 0xFF, 0xA3,
  0x00, 0x00, 0x00, 0x00, 0x00, 0x00, 0x00, 0x00, 0x02, 0xEF, 0xFF, 0xF6, 0x00, 0x00, 0x00, 0x00,
  0x00, 0x00, 0x00, 0x00, 0x00, 0x03, 0xFF, 0xFF, 0xF1, 0x00, 0x00, 0x00, 0x00, 0x00, 0x00, 0x00,
  0x00, 0x00, 0x02, 0xBA, 0xAB, 0x91, 0x00, 0x00, 0x00, 0x00, 0x00, 0x00, 0x00, 0x00, 0x00, 0x00,
  0x00, 0x00, 0x00, 0x00, 0x00, 0x00, 0x00, 0x00, 0x00, 0x00, 0x00, 0x00, 0x00, 0x00, 0x11, 0x00,
  0x00, 0x00, 0x00, 0x00, 0x00, 0x00, 0x00, 0x00, 0x00, 0x00, 0x5B, 0xED, 0x91, 0x00, 0x00, 0x00,
  0x00, 0x00, 0x00, 0x00, 0x00, 0x00, 0x05, 0xFF, 0xFF, 0xFC, 0x10, 0x00, 0x00, 0x00, 0x00, 0x00,
  0x00, 0x00, 0x00, 0x1D, 0xFF, 0xFF, 0xFF, 0x60, 0x00, 0x00, 0x00, 0x00, 0x00, 0x00, 0x00, 0x00,
  0x2F, 0xFF, 0xFF, 0xFF, 0xA0, 0x00, 0x00, 0x00, 0x00, 0x00, 0x00, 0x00, 0x00, 0x2F, 0xFF, 0xFF,
  0xFF, 0xA0, 0x00, 0x00, 0x00, 0x00, 0x00, 0x00, 0x00, 0x00, 0x1D, 0xFF, 0xFF, 0xFF, 0x60, 0x00,
  0x00, 0x00, 0x00, 0x00, 0x00, 0x00, 0x00, 0x05, 0xFF, 0xFF, 0xFC, 0x10, 0x00, 0x00, 0x00, 0x00,
  0x00, 0x00, 0x00, 0x00, 0x00, 0x5B, 0xED, 0x91, 0x00, 0x00, 0x00, 0x00, 0x00, 0x00, 0x00, 0x00,
  0x00, 0x00, 0x00, 0x11, 0x00, 0x00, 0x00, 0x00, 0x00, 0x00, 0x00, 0x00, 0x00, 0x00, 0x00, 0x00,
  0x00, 0x00, 0x00, 0x00, 0x11, 0x11, 0x11, 0x00, 0x00, 0x00, 0x00, 0x00, 0x00, 0x00, 0x00, 0x00,
  0x00, 0x00, 0x00, 0x00, 0x00, 0x00, 0x00, 0x00, 0x14, 0x7A, 0xBD, 0xEE, 0xEE, 0xDC, 0xA7, 0x41,
  0x00, 0x00, 0x00, 0x00, 0x00, 0x00, 0x00, 0x00, 0x00, 0x00, 0x00, 0x00, 0x00, 0x03, 0x8D, 0xFF,
  0xFF, 0xFF, 0xFF, 0xFF, 0xFF, 0xFF, 0xD8, 0x20, 0x00, 0x00, 0x00, 0x00, 0x00, 0x00, 0x00, 0x00,
  0x00, 0x00, 0x00, 0x19, 0xFF, 0xFF, 0xFF, 0xFF, 0xFF, 0xFF, 0xFF, 0xFF, 0xFF, 0xFE, 0x70, 0x00,
  0x00, 0x00, 0x00, 0x00, 0x00, 0x00, 0x00, 0x00, 0x00, 0x5D, 0xFF, 0xFF, 0xFF, 0xFF, 0xFF, 0xFF,
  0xFF, 0xFF, 0xFF, 0xFF, 0xFF, 0xC2, 0x00, 0x00, 0x00, 0x00, 0x00, 0x00, 0x00, 0x00, 0x00, 0x7F,
  0xFF, 0xFF, 0xFF, 0xFF, 0xEC, 0xAA, 0xAA, 0xBD, 0xEF, 0xFF, 0xFF, 0xFF, 0xE4, 0x00, 0x00, 0x00,
  0x00, 0x00, 0x00, 0x00, 0x00, 0x7F, 0xFF, 0xFF, 0xFF, 0xC7, 0x41, 0x00, 0x00, 0x00, 0x02, 0x5B,
  0xFF, 0xFF, 0xFF, 0xE3, 0x00, 0x00, 0x00, 0x00, 0x00, 0x00, 0x00, 0x5F, 0xFF, 0xFF, 0xFD, 0x50,
  0x00, 0x00, 0x00, 0x00, 0x00, 0x00, 0x04, 0xCF, 0xFF, 0xFF, 0xD1, 0x00, 0x00, 0x00, 0x00, 0x00,
  0x00, 0x2E, 0xFF, 0xFF, 0xFB, 0x10, 0x00, 0x00, 0x00, 0x00, 0x00, 0x00, 0x00, 0x00, 0xAF, 0xFF,
  0xFF, 0x90, 0x00, 0x00, 0x00, 0x00, 0x00, 0x0A, 0xFF, 0xFF, 0xFA, 0x00, 0x00, 0x01, 0x35, 0x54,
  0x10, 0x00, 0x22, 0x22, 0x20, 0xAF, 0xFF, 0xFF, 0x40, 0x00, 0x00, 0x00, 0x00, 0x03, 0xFF, 0xFF,
  0xFC, 0x10, 0x00, 0x06, 0xCF, 0xFF, 0xFD, 0x70, 0x1E, 0xFF, 0xFF, 0x41, 0xEF, 0xFF, 0xFB, 0x00,
  0x00, 0x00, 0x00, 0x00, 0x9F, 0xFF, 0xFF, 0x40, 0x00, 0x1A, 0xFF, 0xFF, 0xFF, 0xFF, 0x80, 0xEF,
  0xFF, 0xF5, 0x07, 0xFF, 0xFF, 0xF3, 0x00, 0x00, 0x00, 0x00, 0x1E, 0xFF, 0xFF, 0xA0, 0x00, 0x0A,
  0xFF, 0xFF, 0xFF, 0xFF, 0xFF, 0x9E, 0xFF, 0xFF, 0x50, 0x1E, 0xFF, 0xFF, 0x70, 0x00, 0x00, 0x00,
  0x04, 0xFF, 0xFF, 0xF4, 0x00, 0x06, 0xFF, 0xFF, 0xFF, 0xFF, 0xFF, 0xFF, 0xFF, 0xFF, 0xF5, 0x00,
  0xAF, 0xFF, 0xFB, 0x00, 0x00, 0x00, 0x00, 0x8F, 0xFF, 0xFE, 0x10, 0x01, 0xDF, 0xFF, 0xFF, 0xD7,
  0x56, 0xCF, 0xFF, 0xFF, 0xFF, 0x50, 0x06, 0xFF, 0xFF, 0xE1, 0x00, 0x00, 0x00, 0x0A, 0xFF, 0xFF,
  0xA0, 0x00, 0x5F, 0xFF, 0xFF, 0xB1, 0x00, 0x00, 0x8F, 0xFF, 0xFF, 0xF5, 0x00, 0x4F, 0xFF, 0xFF,
  0x20, 0x00, 0x00, 0x00, 0xCF, 0xFF, 0xF8, 0x00, 0x09, 0xFF, 0xFF, 0xE2, 0x00, 0x00, 0x00, 0xCF,
  0xFF, 0xFF, 0x50, 0x02, 0xFF, 0xFF, 0xF4, 0x00, 0x00, 0x00, 0x1D, 0xFF, 0xFF, 0x60, 0x00, 0xBF,
  0xFF, 0xFA, 0x00, 0x00, 0x00, 0x06, 0xFF, 0xFF, 0xF5, 0x00, 0x1E, 0xFF, 0xFF, 0x40, 0x00, 0x00,
  0x01, 0xEF, 0xFF, 0xF5, 0x00, 0x0D, 0xFF, 0xFF, 0x60, 0x00, 0x00, 0x00, 0x3F, 0xFF, 0xFF, 0x50,
  0x01, 0xEF, 0xFF, 0xF5, 0x00, 0x00, 0x00, 0x1E, 0xFF, 0xFF, 0x50, 0x01, 0xEF, 0xFF, 0xF5, 0x00,
  0x00, 0x00, 0x01, 0xEF, 0xFF, 0xF5, 0x00, 0x1E, 0xFF, 0xFF, 0x50, 0x00, 0x00, 0x01, 0xEF, 0xFF,
  0xF5, 0x00, 0x1E, 0xFF, 0xFF, 0x50, 0x00, 0x00, 0x00, 0x1E, 0xFF, 0xFF, 0x50, 0x01, 0xEF, 0xFF,
  0xF5, 0x00, 0x00, 0x00, 0x1E, 0xFF, 0xFF, 0x50, 0x01, 0xEF, 0xFF, 0xF5, 0x00, 0x00, 0x00, 0x01,
  0xEF, 0xFF, 0xF5, 0x00, 0x1E, 0xFF, 0xFF, 0x50, 0x00, 0x00, 0x00, 0xDF, 0xFF, 0xF6, 0x00, 0x0D,
  0xFF, 0xFF, 0x70, 0x00, 0x00, 0x00, 0x3F, 0xFF, 0xFF, 0x50, 0x01, 0xEF, 0xFF, 0xF4, 0x00, 0x00,
  0x00, 0x0C, 0xFF, 0xFF, 0x80, 0x00, 0xBF, 0xFF, 0xFB, 0x00, 0x00, 0x00, 0x07, 0xFF, 0xFF, 0xF5,
  0x00, 0x3F, 0xFF, 0xFF, 0x30, 0x00, 0x00, 0x00, 0xAF, 0xFF, 0xFB, 0x00, 0x07, 0xFF, 0xFF, 0xF4,
  0x00, 0x00, 0x01, 0xDF, 0xFF, 0xFF, 0x40, 0x06, 0xFF, 0xFF, 0xE1, 0x00, 0x00, 0x00, 0x07, 0xFF,
  0xFF, 0xE1, 0x00, 0x3F, 0xFF, 0xFF, 0xD3, 0x00, 0x02, 0xBF, 0xFF, 0xFF, 0xF9, 0x24, 0xDF, 0xFF,
  0xFB, 0x00, 0x00, 0x00, 0x00, 0x4F, 0xFF, 0xFF, 0x50, 0x00, 0xAF, 0xFF, 0xFF, 0xFB, 0x8A, 0xEF,
  0xFF, 0xFF, 0xFF, 0xFE, 0xFF, 0xFF, 0xFF, 0x60, 0x00, 0x00, 0x00, 0x01, 0xDF, 0xFF, 0xFB, 0x00,
  0x03, 0xFF, 0xFF, 0xFF, 0xFF, 0xFF, 0xFD, 0xDF, 0xFF, 0xFF, 0xFF, 0xFF, 0xFF, 0xD1, 0x00, 0x00,
  0x00, 0x00, 0x08, 0xFF, 0xFF, 0xF5, 0x00, 0x06, 0xFF, 0xFF, 0xFF, 0xFF, 0xFF, 0x36, 0xFF, 0xFF,
  0xFF, 0xFF, 0xFF, 0xE3, 0x00, 0x00, 0x00, 0x00, 0x00, 0x2F, 0xFF, 0xFF, 0xD1, 0x00, 0x05, 0xEF,
  0xFF, 0xFF, 0xFF, 0x80, 0x1C, 0xFF, 0xFF, 0xFF, 0xFF, 0xC4, 0x00, 0x00, 0x00, 0x00, 0x00, 0x00,
  0x8F, 0xFF, 0xFF, 0xC1, 0x00, 0x02, 0x8C, 0xEF, 0xEC, 0x60, 0x00, 0x05, 0x89, 0x99, 0x98, 0x40,
  0x00, 0x00, 0x00, 0x00, 0x00, 0x00, 0x01, 0xDF, 0xFF, 0xFF, 0xC2, 0x00, 0x00, 0x02, 0x22, 0x00,
  0x00, 0x00, 0x00, 0x00, 0x00, 0x00, 0x00, 0x00, 0x00, 0x00, 0x00, 0x00, 0x00, 0x04, 0xFF, 0xFF,
  0xFF, 0xE7, 0x10, 0x00, 0x00, 0x00, 0x00, 0x00, 0x00, 0x00, 0x00, 0x00, 0x00, 0x00, 0x00, 0x00,
  0x00, 0x00, 0x00, 0x00, 0x05, 0xFF, 0xFF, 0xFF, 0xFE, 0x95, 0x20, 0x00, 0x00, 0x00, 0x00, 0x00,
  0x00, 0x00, 0x00, 0x00, 0x00, 0x00, 0x00, 0x00, 0x00, 0x00, 0x00, 0x05, 0xEF, 0xFF, 0xFF, 0xFF,
  0xFE, 0xDB, 0xAA, 0x9A, 0xAA, 0xAA, 0x9A, 0x30, 0x00, 0x00, 0x00, 0x00, 0x00, 0x00, 0x00, 0x00,
  0x00, 0x00, 0x03, 0xCF, 0xFF, 0xFF, 0xFF, 0xFF, 0xFF, 0xFF, 0xFF, 0xFF, 0xFF, 0xF5, 0x00, 0x00,
  0x00, 0x00, 0x00, 0x00, 0x00, 0x00, 0x00, 0x00, 0x00, 0x00, 0x7E, 0xFF, 0xFF, 0xFF, 0xFF, 0xFF,
  0xFF, 0xFF, 0xFF, 0xFF, 0x50, 0x00, 0x00, 0x00, 0x00, 0x00, 0x00, 0x00, 0x00, 0x00, 0x00, 0x00,
  0x00, 0x27, 0xCF, 0xFF, 0xFF, 0xFF, 0xFF, 0xFF, 0xFF, 0xFF, 0xF5, 0x00, 0x00, 0x00, 0x00, 0x00,
  0x00, 0x00, 0x00, 0x00, 0x00, 0x00, 0x00, 0x00, 0x00, 0x36, 0x9B, 0xCD, 0xEE, 0xEE, 0xEE, 0xEE,
  0xEE, 0x40, 0x00, 0x00, 0x00, 0x00, 0x00, 0x00, 0x00, 0x00, 0x00, 0x00, 0x00, 0x00, 0x00, 0x00,
  0x00, 0x00, 0x11, 0x11, 0x11, 0x11, 0x11, 0x10, 0x00, 0x00, 0x00, 0x00, 0x00, 0x00, 0x00, 0x00,
  0x00, 0x00, 0x00, 0x11, 0x11, 0x11, 0x11, 0x00, 0x00, 0x00, 0x00, 0x00, 0x00, 0x00, 0x00, 0x00,
  0x0B, 0xEE, 0xEE, 0xEE, 0xEE, 0xC1, 0x00, 0x00, 0x00, 0x00, 0x00, 0x00, 0x00, 0x00, 0x2F, 0xFF,
  0xFF, 0xFF, 0xFF, 0xF3, 0x00, 0x00, 0x00, 0x00, 0x00, 0x00, 0x00, 0x00, 0x5F, 0xFF, 0xFF, 0xFF,
  0xFF, 0xF7, 0x00, 0x00, 0x00, 0x00, 0x00, 0x00, 0x00, 0x00, 0x9F, 0xFF, 0xFC, 0xCF, 0xFF, 0xFA,
  0x00, 0x00, 0x00, 0x00, 0x00, 0x00, 0x00, 0x00, 0xCF, 0xFF, 0xF6, 0x4F, 0xFF, 0xFD, 0x10, 0x00,
  0x00, 0x00, 0x00, 0x00, 0x00, 0x02, 0xEF, 0xFF, 0xF3, 0x2F, 0xFF, 0xFF, 0x30, 0x00, 0x00, 0x00,
  0x00, 0x00, 0x00, 0x05, 0xFF, 0xFF, 0xE1, 0x0D, 0xFF, 0xFF, 0x70, 0x00, 0x00, 0x00, 0x00, 0x00,
  0x00, 0x09, 0xFF, 0xFF, 0xB0, 0x09, 0xFF, 0xFF, 0xA0, 0x00, 0x00, 0x00, 0x00, 0x00, 0x00, 0x0C,
  0xFF, 0xFF, 0x80, 0x06, 0xFF, 0xFF, 0xD1, 0x00, 0x00, 0x00, 0x00, 0x00, 0x00, 0x2F, 0xFF, 0xFF,
  0x40, 0x03, 0xFF, 0xFF, 0xF3, 0x00, 0x00, 0x00, 0x00, 0x00, 0x00, 0x5F, 0xFF, 0xFE, 0x20, 0x01,
  0xDF, 0xFF, 0xF7, 0x00, 0x00, 0x00, 0x00, 0x00, 0x00, 0x9F, 0xFF, 0xFC, 0x00, 0x00, 0xAF, 0xFF,
  0xFA, 0x00, 0x00, 0x00, 0x00, 0x00, 0x00, 0xCF, 0xFF, 0xF8, 0x00, 0x00, 0x6F, 0xFF, 0xFE, 0x10,
  0x00, 0x00, 0x00, 0x00, 0x02, 0xFF, 0xFF, 0xF5, 0x00, 0x00, 0x3F, 0xFF, 0xFF, 0x40, 0x00, 0x00,
  0x00, 0x00, 0x05, 0xFF, 0xFF, 0xE2, 0x00, 0x00, 0x1D, 0xFF, 0xFF, 0x70, 0x00, 0x00, 0x00, 0x00,
  0x09, 0xFF, 0xFF, 0xC0, 0x00, 0x00, 0x0B, 0xFF, 0xFF, 0xB0, 0x00, 0x00, 0x00, 0x00, 0x0C, 0xFF,
  0xFF, 0x90, 0x00, 0x00, 0x07, 0xFF, 0xFF, 0xE1, 0x00, 0x00, 0x00, 0x00, 0x2F, 0xFF, 0xFF, 0x50,
  0x00, 0x00, 0x03, 0xFF, 0xFF, 0xF4, 0x00, 0x00, 0x00, 0x00, 0x6F, 0xFF, 0xFF, 0xCB, 0xBB, 0xBB,
  0xBB, 0xFF, 0xFF, 0xF8, 0x00, 0x00, 0x00, 0x00, 0x9F, 0xFF, 0xFF, 0xFF, 0xFF, 0xFF, 0xFF, 0xFF,
  0xFF, 0xFB, 0x00, 0x00, 0x00, 0x00, 0xCF, 0xFF, 0xFF, 0xFF, 0xFF, 0xFF, 0xFF, 0xFF, 0xFF, 0xFE,
  0x10, 0x00, 0x00, 0x02, 0xFF, 0xFF, 0xFF, 0xFF, 0xFF, 0xFF, 0xFF, 0xFF, 0xFF, 0xFF, 0x40, 0x00,
  0x00, 0x06, 0xFF, 0xFF, 0xFF, 0xFF, 0xFF, 0xFF, 0xFF, 0xFF, 0xFF, 0xFF, 0x80, 0x00, 0x00, 0x09,
  0xFF, 0xFF, 0xD6, 0x66, 0x66, 0x66, 0x66, 0x6C, 0xFF, 0xFF, 0xB0, 0x00, 0x00, 0x0D, 0xFF, 0xFF,
  0x90, 0x00, 0x00, 0x00, 0x00, 0x07, 0xFF, 0xFF, 0xE1, 0x00, 0x00, 0x3F, 0xFF, 0xFF, 0x60, 0x00,
  0x00, 0x00, 0x00, 0x04, 0xFF, 0xFF, 0xF4, 0x00, 0x00, 0x6F, 0xFF, 0xFF, 0x30, 0x00, 0x00, 0x00,
  0x00, 0x02, 0xEF, 0xFF, 0xF8, 0x00, 0x00, 0x9F, 0xFF, 0xFD, 0x10, 0x00, 0x00, 0x00, 0x00, 0x00,
  0xCF, 0xFF, 0xFB, 0x00, 0x00, 0xDF, 0xFF, 0xFA, 0x00, 0x00, 0x00, 0x00, 0x00, 0x00, 0x8F, 0xFF,
  0xFF, 0x10, 0x02, 0xEE, 0xEE, 0xE6, 0x00, 0x00, 0x00, 0x00, 0x00, 0x00, 0x5E, 0xEE, 0xEE, 0x40,
  0x00, 0x11, 0x11, 0x10, 0x00, 0x00, 0x00, 0x00, 0x00, 0x00, 0x01, 0x11, 0x11, 0x00, 0x00, 0x01,
  0x11, 0x11, 0x11, 0x11, 0x11, 0x11, 0x11, 0x10, 0x00, 0x00, 0x00, 0x00, 0x00, 0x00, 0x3E, 0xEE,
  0xEE, 0xEE, 0xEE, 0xEE, 0xEE, 0xEE, 0xED, 0xB7, 0x30, 0x00, 0x00, 0x00, 0x00, 0x4F, 0xFF, 0xFF,
  0xFF, 0xFF, 0xFF, 0xFF, 0xFF, 0xFF, 0xFF, 0xFA, 0x10, 0x00, 0x00, 0x00, 0x4F, 0xFF, 0xFF, 0xFF,
  0xFF, 0xFF, 0xFF, 0xFF, 0xFF, 0xFF, 0xFF, 0xC2, 0x00, 0x00, 0x00, 0x4F, 0xFF, 0xFF, 0xFF, 0xFF,
  0xFF, 0xFF, 0xFF, 0xFF, 0xFF, 0xFF, 0xFB, 0x00, 0x00, 0x00, 0x3D, 0xDD, 0xEF, 0xFF, 0xFF, 0xFF,
  0xFF, 0xFF, 0xFF, 0xFF, 0xFF, 0xFF, 0x50, 0x00, 0x00, 0x01, 0x11, 0x6F, 0xFF, 0xFE, 0x32, 0x22,
  0x22, 0x37, 0xEF, 0xFF, 0xFF, 0xA0, 0x00, 0x00, 0x00, 0x00, 0x6F, 0xFF, 0xFD, 0x10, 0x00, 0x00,
  0x00, 0x3E, 0xFF, 0xFF, 0xD0, 0x00, 0x00, 0x00, 0x00, 0x6F, 0xFF, 0xFD, 0x10, 0x00, 0x00, 0x00,
  0x09, 0xFF, 0xFF, 0xE0, 0x00, 0x00, 0x00, 0x00, 0x6F, 0xFF, 0xFD, 0x10, 0x00, 0x00, 0x00, 0x07,
  0xFF, 0xFF, 0xD0, 0x00, 0x00, 0x00, 0x00, 0x6F, 0xFF, 0xFD, 0x10, 0x00, 0x00, 0x00, 0x08, 0xFF,
  0xFF, 0xC0, 0x00, 0x00, 0x00, 0x00, 0x6F, 0xFF, 0xFD, 0x10, 0x00, 0x00, 0x00, 0x1D, 0xFF, 0xFF,
  0x80, 0x00, 0x00, 0x00, 0x00, 0x6F, 0xFF, 0xFD, 0x10, 0x00, 0x00, 0x03, 0xBF, 0xFF, 0xFE, 0x20,
  0x00, 0x00, 0x00, 0x00, 0x6F, 0xFF, 0xFF, 0xCC, 0xCC, 0xCC, 0xDF, 0xFF, 0xFF, 0xF5, 0x00, 0x00,
  0x00, 0x00, 0x00, 0x6F, 0xFF, 0xFF, 0xFF, 0xFF, 0xFF, 0xFF, 0xFF, 0xFC, 0x40, 0x00, 0x00, 0x00,
  0x00, 0x00, 0x6F, 0xFF, 0xFF, 0xFF, 0xFF, 0xFF, 0xFF, 0xFF, 0xC0, 0x00, 0x00, 0x00, 0x00, 0x00,
  0x00, 0x6F, 0xFF, 0xFF, 0xFF, 0xFF, 0xFF, 0xFF, 0xFF, 0xEA, 0x30, 0x00, 0x00, 0x00, 0x00, 0x00,
  0x6F, 0xFF, 0xFF, 0xFF, 0xFF, 0xFF, 0xFF, 0xFF, 0xFF, 0xE5, 0x00, 0x00, 0x00, 0x00, 0x00, 0x6F,
  0xFF, 0xFE, 0x54, 0x44, 0x44, 0x59, 0xEF, 0xFF, 0xFE, 0x30, 0x00, 0x00, 0x00, 0x00, 0x6F, 0xFF,
  0xFD, 0x10, 0x00, 0x00, 0x00, 0x3D, 0xFF, 0xFF, 0xA0, 0x00, 0x00, 0x00, 0x00, 0x6F, 0xFF, 0xFD,
  0x20, 0x00, 0x00, 0x00, 0x06, 0xFF, 0xFF, 0xE1, 0x00, 0x00, 0x00, 0x00, 0x6F, 0xFF, 0xFD, 0x10,
  0x00, 0x00, 0x00, 0x03, 0xFF, 0xFF, 0xF3, 0x00, 0x00, 0x00, 0x00, 0x6F, 0xFF, 0xFD, 0x10, 0x00,
  0x00, 0x00, 0x02, 0xFF, 0xFF, 0xF4, 0x00, 0x00, 0x00, 0x00, 0x6F, 0xFF, 0xFD, 0x10, 0x00, 0x00,
  0x00, 0x05, 0xFF, 0xFF, 0xF4, 0x00, 0x00, 0x00, 0x00, 0x6F, 0xFF, 0xFD, 0x10, 0x00, 0x00, 0x00,
  0x1C, 0xFF, 0xFF, 0xF2, 0x00, 0x00, 0x01, 0x11, 0x6F, 0xFF, 0xFE, 0x32, 0x22, 0x22, 0x36, 0xDF,
  0xFF, 0xFF, 0xD0, 0x00, 0x00, 0x3D, 0xDD, 0xEF, 0xFF, 0xFF, 0xFF, 0xFF, 0xFF, 0xFF, 0xFF, 0xFF,
  0xFF, 0x70, 0x00, 0x00, 0x4F, 0xFF, 0xFF, 0xFF, 0xFF, 0xFF, 0xFF, 0xFF, 0xFF, 0xFF, 0xFF, 0xFD,
  0x10, 0x00, 0x00, 0x4F, 0xFF, 0xFF, 0xFF, 0xFF, 0xFF, 0xFF, 0xFF, 0xFF, 0xFF, 0xFF, 0xD3, 0x00,
  0x00, 0x00, 0x4F, 0xFF, 0xFF, 0xFF, 0xFF, 0xFF, 0xFF, 0xFF, 0xFF, 0xFF, 0xFB, 0x20, 0x00, 0x00,
  0x00, 0x3E, 0xEE, 0xEE, 0xEE, 0xEE, 0xEE, 0xEE, 0xEE, 0xED, 0xB8, 0x40, 0x00, 0x00, 0x00, 0x00,
  0x01, 0x11, 0x11, 0x11, 0x11, 0x11, 0x11, 0x11, 0x10, 0x00, 0x00, 0x00, 0x00, 0x00, 0x00, 0x00,
  0x00, 0x00, 0x02, 0x7A, 0xCD, 0xEE, 0xDB, 0x84, 0x00, 0x00, 0x00, 0x00, 0x00, 0x00, 0x00, 0x00,
  0x2A, 0xFF, 0xFF, 0xFF, 0xFF, 0xFF, 0xFC, 0x50, 0x00, 0x00, 0x00, 0x00, 0x00, 0x00, 0x5E, 0xFF,
  0xFF, 0xFF, 0xFF, 0xFF, 0xFF, 0xFF, 0x90, 0x00, 0x00, 0x00, 0x00, 0x00, 0x5F, 0xFF, 0xFF, 0xFF,
  0xFF, 0xFF, 0xFF, 0xFF, 0xFF, 0x90, 0x00, 0x00, 0x00, 0x00, 0x3E, 0xFF, 0xFF, 0xFF, 0xDB, 0xAA,
  0xCF, 0xFF, 0xFF, 0xFF, 0x50, 0x00, 0x00, 0x00, 0x0B, 0xFF, 0xFF, 0xFD, 0x61, 0x00, 0x00, 0x3A,
  0xFF, 0xFF, 0xFD, 0x10, 0x00, 0x00, 0x03, 0xFF, 0xFF, 0xFD, 0x20, 0x00, 0x00, 0x00, 0x09, 0xFF,
  0xFF, 0xF5, 0x00, 0x00, 0x00, 0x7F, 0xFF, 0xFF, 0x40, 0x00, 0x00, 0x00, 0x00, 0x1D, 0xFF, 0xFF,
  0x90, 0x00, 0x00, 0x0A, 0xFF, 0xFF, 0xB0, 0x00, 0x00, 0x00, 0x00, 0x00, 0x8F, 0xFF, 0xFC, 0x00,
  0x00, 0x00, 0xDF, 0xFF, 0xF7, 0x00, 0x00, 0x00, 0x00, 0x00, 0x06, 0xFF, 0xFF, 0xE1, 0x00, 0x00,
  0x1E, 0xFF, 0xFF, 0x50, 0x00, 0x00, 0x00, 0x00, 0x00, 0x4D, 0xDD, 0xDC, 0x10, 0x00, 0x01, 0xEF,
  0xFF, 0xF5, 0x00, 0x00, 0x00, 0x00, 0x00, 0x00, 0x11, 0x11, 0x00, 0x00, 0x00, 0x1E, 0xFF, 0xFF,
  0x50, 0x00, 0x00, 0x00, 0x00, 0x00, 0x00, 0x00, 0x00, 0x00, 0x00, 0x01, 0xEF, 0xFF, 0xF5, 0x00,
  0x00, 0x00, 0x00, 0x00, 0x00, 0x00, 0x00, 0x00, 0x00, 0x00, 0x1E, 0xFF, 0xFF, 0x50, 0x00, 0x00,
  0x00, 0x00, 0x00, 0x00, 0x00, 0x00, 0x00, 0x00, 0x01, 0xEF, 0xFF, 0xF5, 0x00, 0x00, 0x00, 0x00,
  0x00, 0x00, 0x00, 0x00, 0x00, 0x00, 0x00, 0x1E, 0xFF, 0xFF, 0x50, 0x00, 0x00, 0x00, 0x00, 0x00,
  0x00, 0x00, 0x00, 0x00, 0x00, 0x01, 0xEF, 0xFF, 0xF5, 0x00, 0x00, 0x00, 0x00, 0x00, 0x00, 0x00,
  0x00, 0x00, 0x00, 0x00, 0x1E, 0xFF, 0xFF, 0x50, 0x00, 0x00, 0x00, 0x00, 0x00, 0x26, 0x55, 0x55,
  0x00, 0x00, 0x01, 0xEF, 0xFF, 0xF5, 0x00, 0x00, 0x00, 0x00, 0x00, 0x05, 0xFF, 0xFF, 0xF1, 0x00,
  0x00, 0x0D, 0xFF, 0xFF, 0x70, 0x00, 0x00, 0x00, 0x00, 0x00, 0x6F, 0xFF, 0xFD, 0x10, 0x00, 0x00,
  0xAF, 0xFF, 0xFB, 0x00, 0x00, 0x00, 0x00, 0x00, 0x09, 0xFF, 0xFF, 0xC0, 0x00, 0x00, 0x07, 0xFF,
  0xFF, 0xF4, 0x00, 0x00, 0x00, 0x00, 0x01, 0xEF, 0xFF, 0xF9, 0x00, 0x00, 0x00, 0x3F, 0xFF, 0xFF,
  0xD2, 0x00, 0x00, 0x00, 0x00, 0xAF, 0xFF, 0xFF, 0x50, 0x00, 0x00, 0x00, 0xAF, 0xFF, 0xFF, 0xE6,
  0x10, 0x00, 0x03, 0xAF, 0xFF, 0xFF, 0xD1, 0x00, 0x00, 0x00, 0x03, 0xEF, 0xFF, 0xFF, 0xFD, 0xBA,
  0xAC, 0xFF, 0xFF, 0xFF, 0xF5, 0x00, 0x00, 0x00, 0x00, 0x05, 0xFF, 0xFF, 0xFF, 0xFF, 0xFF, 0xFF,
  0xFF, 0xFF, 0xF9, 0x00, 0x00, 0x00, 0x00, 0x00, 0x05, 0xEF, 0xFF, 0xFF, 0xFF, 0xFF, 0xFF, 0xFF,
  0xF9, 0x00, 0x00, 0x00, 0x00, 0x00, 0x00, 0x02, 0xAF, 0xFF, 0xFF, 0xFF, 0xFF, 0xFF, 0xC5, 0x00,
  0x00, 0x00, 0x00, 0x00, 0x00, 0x00, 0x00, 0x27, 0xAC, 0xDE, 0xED, 0xB9, 0x50, 0x00, 0x00, 0x00,
  0x00, 0x00, 0x00, 0x00, 0x00, 0x00, 0x00, 0x01, 0x11, 0x10, 0x00, 0x00, 0x00, 0x00, 0x00, 0x00,
  0x00, 0x01, 0x11, 0x11, 0x11, 0x11, 0x11, 0x11, 0x00, 0x00, 0x00, 0x00, 0x00, 0x00, 0x00, 0x00,
  0x3E, 0xEE, 0xEE, 0xEE, 0xEE, 0xEE, 0xEE, 0xDC, 0xA7, 0x30, 0x00, 0x00, 0x00, 0x00, 0x00, 0x4F,
  0xFF, 0xFF, 0xFF, 0xFF, 0xFF, 0xFF, 0xFF, 0xFF, 0xFA, 0x30, 0x00, 0x00, 0x00, 0x00, 0x4F, 0xFF,
  0xFF, 0xFF, 0xFF, 0xFF, 0xFF, 0xFF, 0xFF, 0xFF, 0xF7, 0x00, 0x00, 0x00, 0x00, 0x4F, 0xFF, 0xFF,
  0xFF, 0xFF, 0xFF, 0xFF, 0xFF, 0xFF, 0xFF, 0xFF, 0x70, 0x00, 0x00, 0x00, 0x3D, 0xDD, 0xEF, 0xFF,
  0xFF, 0xFF, 0xFF, 0xFF, 0xFF, 0xFF, 0xFF, 0xF4, 0x00, 0x00, 0x00, 0x01, 0x11, 0x6F, 0xFF, 0xFE,
  0x32, 0x22, 0x36, 0xBF, 0xFF, 0xFF, 0xFC, 0x00, 0x00, 0x00, 0x00, 0x00, 0x6F, 0xFF, 0xFD, 0x10,
  0x00, 0x00, 0x05, 0xEF, 0xFF, 0xFF, 0x50, 0x00, 0x00, 0x00, 0x00, 0x6F, 0xFF, 0xFD, 0x10, 0x00,
  0x00, 0x00, 0x6F, 0xFF, 0xFF, 0x90, 0x00, 0x00, 0x00, 0x00, 0x6F, 0xFF, 0xFD, 0x10, 0x00, 0x00,
  0x00, 0x0C, 0xFF, 0xFF, 0xD0, 0x00, 0x00, 0x00, 0x00, 0x6F, 0xFF, 0xFD, 0x10, 0x00, 0x00, 0x00,
  0x07, 0xFF, 0xFF, 0xE2, 0x00, 0x00, 0x00, 0x00, 0x6F, 0xFF, 0xFD, 0x10, 0x00, 0x00, 0x00, 0x04,
  0xFF, 0xFF, 0xF3, 0x00, 0x00, 0x00, 0x00, 0x6F, 0xFF, 0xFD, 0x10, 0x00, 0x00, 0x00, 0x03, 0xFF,
  0xFF, 0xF4, 0x00, 0x00, 0x00, 0x00, 0x6F, 0xFF, 0xFD, 0x10, 0x00, 0x00, 0x00, 0x02, 0xFF, 0xFF,
  0xF4, 0x00, 0x00, 0x00, 0x00, 0x6F, 0xFF, 0xFD, 0x10, 0x00, 0x00, 0x00, 0x02, 0xFF, 0xFF, 0xF4,
  0x00, 0x00, 0x00, 0x00, 0x6F, 0xFF, 0xFD, 0x10, 0x00, 0x00, 0x00, 0x02, 0xFF, 0xFF, 0xF4, 0x00,
  0x00, 0x00, 0x00, 0x6F, 0xFF, 0xFD, 0x10, 0x00, 0x00, 0x00, 0x02, 0xFF, 0xFF, 0xF4, 0x00, 0x00,
  0x00, 0x00, 0x6F, 0xFF, 0xFD, 0x10, 0x00, 0x00, 0x00, 0x02, 0xFF, 0xFF, 0xF4, 0x00, 0x00, 0x00,
  0x00, 0x6F, 0xFF, 0xFD, 0x10, 0x00, 0x00, 0x00, 0x02, 0xFF, 0xFF, 0xF4, 0x00, 0x00, 0x00, 0x00,
  0x6F, 0xFF, 0xFD, 0x10, 0x00, 0x00, 0x00, 0x03, 0xFF, 0xFF, 0xF4, 0x00, 0x00, 0x00, 0x00, 0x6F,
  0xFF, 0xFD, 0x10, 0x00, 0x00, 0x00, 0x04, 0xFF, 0xFF, 0xF3, 0x00, 0x00, 0x00, 0x00, 0x6F, 0xFF,
  0xFD, 0x10, 0x00, 0x00, 0x00, 0x07, 0xFF, 0xFF, 0xE2, 0x00, 0x00, 0x00, 0x00, 0x6F, 0xFF, 0xFD,
  0x10, 0x00, 0x00, 0x00, 0x0C, 0xFF, 0xFF, 0xD0, 0x00, 0x00, 0x00, 0x00, 0x6F, 0xFF, 0xFD, 0x10,
  0x00, 0x00, 0x00, 0x6F, 0xFF, 0xFF, 0x90, 0x00, 0x00, 0x00, 0x00, 0x6F, 0xFF, 0xFD, 0x10, 0x00,
  0x00, 0x05, 0xEF, 0xFF, 0xFF, 0x50, 0x00, 0x00, 0x01, 0x11, 0x6F, 0xFF, 0xFE, 0x32, 0x22, 0x37,
  0xBF, 0xFF, 0xFF, 0xFC, 0x00, 0x00, 0x00, 0x3D, 0xDD, 0xEF, 0xFF, 0xFF, 0xFF, 0xFF, 0xFF, 0xFF,
  0xFF, 0xFF, 0xF4, 0x00, 0x00, 0x00, 0x4F, 0xFF, 0xFF, 0xFF, 0xFF, 0xFF, 0xFF, 0xFF, 0xFF, 0xFF,
  0xFF, 0x70, 0x00, 0x00, 0x00, 0x4F, 0xFF, 0xFF, 0xFF, 0xFF, 0xFF, 0xFF, 0xFF, 0xFF, 0xFF, 0xF7,
  0x00, 0x00, 0x00, 0x00, 0x4F, 0xFF, 0xFF, 0xFF, 0xFF, 0xFF, 0xFF, 0xFF, 0xFF, 0xFA, 0x30, 0x00,
  0x00, 0x00, 0x00, 0x3E, 0xEE, 0xEE, 0xEE, 0xEE, 0xEE, 0xEE, 0xDC, 0xA7, 0x30, 0x00, 0x00, 0x00,
  0x00, 0x00, 0x01, 0x11, 0x11, 0x11, 0x11, 0x11, 0x11, 0x00, 0x00, 0x00, 0x00, 0x00, 0x00, 0x00,
  0x00, 0x00, 0x11, 0x11, 0x11, 0x11, 0x11, 0x11, 0x11, 0x11, 0x11, 0x10, 0x00, 0x00, 0x00, 0xCE,
  0xEE, 0xEE, 0xEE, 0xEE, 0xEE, 0xEE, 0xEE, 0xEE, 0xE6, 0x00, 0x00, 0x00, 0xEF, 0xFF, 0xFF, 0xFF,
  0xFF, 0xFF, 0xFF, 0xFF, 0xFF, 0xF7, 0x00, 0x00, 0x00, 0xDF, 0xFF, 0xFF, 0xFF, 0xFF, 0xFF, 0xFF,
  0xFF, 0xFF, 0xF7, 0x00, 0x00, 0x00, 0xDF, 0xFF, 0xFF, 0xFF, 0xFF, 0xFF, 0xFF, 0xFF, 0xFF, 0xF7,
  0x00, 0x00, 0x00, 0xDF, 0xFF, 0xFF, 0xFF, 0xFF, 0xFF, 0xFF, 0xFF, 0xFF, 0xF7, 0x00, 0x00, 0x00,
  0xDF, 0xFF, 0xF8, 0x22, 0x22, 0x22, 0x22, 0x22, 0x22, 0x21, 0x00, 0x00, 0x00, 0xDF, 0xFF, 0xF7,
  0x00, 0x00, 0x00, 0x00, 0x00, 0x00, 0x00, 0x00, 0x00, 0x00, 0xDF, 0xFF, 0xF7, 0x00, 0x00, 0x00,
  0x00, 0x00, 0x00, 0x00, 0x00, 0x00, 0x00, 0xDF, 0xFF, 0xF7, 0x00, 0x00, 0x00, 0x00, 0x00, 0x00,
  0x00, 0x00, 0x00, 0x00, 0xDF, 0xFF, 0xF7, 0x00, 0x00, 0x00, 0x00, 0x00, 0x00, 0x00, 0x00, 0x00,
  0x00, 0xDF, 0xFF, 0xF7, 0x00, 0x00, 0x00, 0x00, 0x00, 0x00, 0x00, 0x00, 0x00, 0x00, 0xDF, 0xFF,
  0xF7, 0x00, 0x00, 0x00, 0x00, 0x00, 0x00, 0x00, 0x00, 0x00, 0x00, 0xDF, 0xFF, 0xFD, 0xCC, 0xCC,
  0xCC, 0xCC, 0xCC, 0xCC, 0x30, 0x00, 0x00, 0x00, 0xDF, 0xFF, 0xFF, 0xFF, 0xFF, 0xFF, 0xFF, 0xFF,
  0xFF, 0x30, 0x00, 0x00, 0x00, 0xDF, 0xFF, 0xFF, 0xFF, 0xFF, 0xFF, 0xFF, 0xFF, 0xFF, 0x30, 0x00,
  0x00, 0x00, 0xDF, 0xFF, 0xFF, 0xFF, 0xFF, 0xFF, 0xFF, 0xFF, 0xFF, 0x30, 0x00, 0x00, 0x00, 0xDF,
  0xFF, 0xFF, 0xFF, 0xFF, 0xFF, 0xFF, 0xFF, 0xFF, 0x40, 0x00, 0x00, 0x00, 0xDF, 0xFF, 0xF9, 0x44,
  0x44, 0x44, 0x44, 0x44, 0x44, 0x10, 0x00, 0x00, 0x00, 0xDF, 0xFF, 0xF7, 0x00, 0x00, 0x00, 0x00,
  0x00, 0x00, 0x00, 0x00, 0x00, 0x00, 0xDF, 0xFF, 0xF7, 0x00, 0x00, 0x00, 0x00, 0x00, 0x00, 0x00,
  0x00, 0x00, 0x00, 0xDF, 0xFF, 0xF7, 0x00, 0x00, 0x00, 0x00, 0x00, 0x00, 0x00, 0x00, 0x00, 0x00,
  0xDF, 0xFF, 0xF7, 0x00, 0x00, 0x00, 0x00, 0x00, 0x00, 0x00, 0x00, 0x00, 0x00, 0xDF, 0xFF, 0xF7,
  0x00, 0x00, 0x00, 0x00, 0x00, 0x00, 0x00, 0x00, 0x00, 0x00, 0xDF, 0xFF, 0xF7, 0x00, 0x00, 0x00,
  0x00, 0x00, 0x00, 0x00, 0x00, 0x00, 0x00, 0xDF, 0xFF, 0xF8, 0x22, 0x22, 0x22, 0x22, 0x22, 0x22,
  0x21, 0x00, 0x00, 0x00, 0xDF, 0xFF, 0xFF, 0xFF, 0xFF, 0xFF, 0xFF, 0xFF, 0xFF, 0xFA, 0x00, 0x00,
  0x00, 0xDF, 0xFF, 0xFF, 0xFF, 0xFF, 0xFF, 0xFF, 0xFF, 0xFF, 0xFA, 0x00, 0x00, 0x00, 0xDF, 0xFF,
  0xFF, 0xFF, 0xFF, 0xFF, 0xFF, 0xFF, 0xFF, 0xFA, 0x00, 0x00, 0x00, 0xEF, 0xFF, 0xFF, 0xFF, 0xFF,
  0xFF, 0xFF, 0xFF, 0xFF, 0xFB, 0x00, 0x00, 0x00, 0xCE, 0xEE, 0xEE, 0xEE, 0xEE, 0xEE, 0xEE, 0xEE,
  0xEE, 0xEA, 0x00, 0x00, 0x00, 0x11, 0x11, 0x11, 0x11, 0x11, 0x11, 0x11, 0x11, 0x11, 0x10, 0x00,
  0x00, 0x00, 0x11, 0x11, 0x11, 0x11, 0x11, 0x11, 0x11, 0x11, 0x11, 0x00, 0x00, 0x02, 0xEE, 0xEE,
  0xEE, 0xEE, 0xEE, 0xEE, 0xEE, 0xEE, 0xED, 0x10, 0x00, 0x02, 0xFF, 0xFF, 0xFF, 0xFF, 0xFF, 0xFF,
  0xFF, 0xFF, 0xFF, 0x10, 0x00, 0x02, 0xFF, 0xFF, 0xFF, 0xFF, 0xFF, 0xFF, 0xFF, 0xFF, 0xFF, 0x10,
  0x00, 0x02, 0xFF, 0xFF, 0xFF, 0xFF, 0xFF, 0xFF, 0xFF, 0xFF, 0xFF, 0x10, 0x00, 0x02, 0xFF, 0xFF,
  0xFF, 0xFF, 0xFF, 0xFF, 0xFF, 0xFF, 0xFF, 0x10, 0x00, 0x02, 0xFF, 0xFF, 0xE4, 0x22, 0x22, 0x22,
  0x22, 0x22, 0x22, 0x00, 0x00, 0x02, 0xFF, 0xFF, 0xE2, 0x00, 0x00, 0x00, 0x00, 0x00, 0x00, 0x00,
  0x00, 0x02, 0xFF, 0xFF, 0xE2, 0x00, 0x00, 0x00, 0x00, 0x00, 0x00, 0x00, 0x00, 0x02, 0xFF, 0xFF,
  0xE2, 0x00, 0x00, 0x00, 0x00, 0x00, 0x00, 0x00, 0x00, 0x02, 0xFF, 0xFF, 0xE2, 0x00, 0x00, 0x00,
  0x00, 0x00, 0x00, 0x00, 0x00, 0x02, 0xFF, 0xFF, 0xE3, 0x00, 0x00, 0x00, 0x00, 0x00, 0x00, 0x00,
  0x00, 0x02, 0xFF, 0xFF, 0xE2, 0x00, 0x00, 0x00, 0x00, 0x00, 0x00, 0x00, 0x00, 0x02, 0xFF, 0xFF,
  0xFC, 0xCC, 0xCC, 0xCC, 0xCC, 0xCC, 0xC1, 0x00, 0x00, 0x02, 0xFF, 0xFF, 0xFF, 0xFF, 0xFF, 0xFF,
  0xFF, 0xFF, 0xF1, 0x00, 0x00, 0x02, 0xFF, 0xFF, 0xFF, 0xFF, 0xFF, 0xFF, 0xFF, 0xFF, 0xF1, 0x00,
  0x00, 0x02, 0xFF, 0xFF, 0xFF, 0xFF, 0xFF, 0xFF, 0xFF, 0xFF, 0xE1, 0x00, 0x00, 0x02, 0xFF, 0xFF,
  0xFF, 0xFF, 0xFF, 0xFF, 0xFF, 0xFF, 0xF2, 0x00, 0x00, 0x02, 0xFF, 0xFF, 0xF6, 0x44, 0x44, 0x44,
  0x44, 0x44, 0x40, 0x00, 0x00, 0x02, 0xFF, 0xFF, 0xE2, 0x00, 0x00, 0x00, 0x00, 0x00, 0x00, 0x00,
  0x00, 0x02, 0xFF, 0xFF, 0xE3, 0x00, 0x00, 0x00, 0x00, 0x00, 0x00, 0x00, 0x00, 0x02, 0xFF, 0xFF,
  0xE2, 0x00, 0x00, 0x00, 0x00, 0x00, 0x00, 0x00, 0x00, 0x02, 0xFF, 0xFF, 0xE2, 0x00, 0x00, 0x00,
  0x00, 0x00, 0x00, 0x00, 0x00, 0x02, 0xFF, 0xFF, 0xE2, 0x00, 0x00, 0x00, 0x00, 0x00, 0x00, 0x00,
  0x00, 0x02, 0xFF, 0xFF, 0xE2, 0x00, 0x00, 0x00, 0x00, 0x00, 0x00, 0x00, 0x00, 0x02, 0xFF, 0xFF,
  0xE2, 0x00, 0x00, 0x00, 0x00, 0x00, 0x00, 0x00, 0x00, 0x02, 0xFF, 0xFF, 0xE2, 0x00, 0x00, 0x00,
  0x00, 0x00, 0x00, 0x00, 0x00, 0x02, 0xFF, 0xFF, 0xE2, 0x00, 0x00, 0x00, 0x00, 0x00, 0x00, 0x00,
  0x00, 0x02, 0xFF, 0xFF, 0xE2, 0x00, 0x00, 0x00, 0x00, 0x00, 0x00, 0x00, 0x00, 0x02, 0xFF, 0xFF,
  0xF3, 0x00, 0x00, 0x00, 0x00, 0x00, 0x00, 0x00, 0x00, 0x01, 0xAA, 0xAA, 0xA2, 0x00, 0x00, 0x00,
  0x00, 0x00, 0x00, 0x00, 0x00, 0x00, 0x00, 0x00, 0x00, 0x00, 0x00, 0x00, 0x00, 0x00, 0x00, 0x00,
  0x00, 0x00, 0x00, 0x00, 0x02, 0x69, 0xCD, 0xEE, 0xDC, 0x96, 0x20, 0x00, 0x00, 0x00, 0x00, 0x00,
  0x00, 0x00, 0x01, 0x9E, 0xFF, 0xFF, 0xFF, 0xFF, 0xFF, 0xE9, 0x10, 0x00, 0x00, 0x00, 0x00, 0x00,
  0x00, 0x4D, 0xFF, 0xFF, 0xFF, 0xFF, 0xFF, 0xFF, 0xFF, 0xD3, 0x00, 0x00, 0x00, 0x00, 0x00, 0x04,
  0xEF, 0xFF, 0xFF, 0xFF, 0xFF, 0xFF, 0xFF, 0xFF, 0xFE, 0x30, 0x00, 0x00, 0x00, 0x00, 0x2E, 0xFF,
  0xFF, 0xFF, 0xEB, 0xAA, 0xBE, 0xFF, 0xFF, 0xFF, 0xC1, 0x00, 0x00, 0x00, 0x00, 0x9F, 0xFF, 0xFF,
  0xE7, 0x20, 0x00, 0x01, 0x7E, 0xFF, 0xFF, 0xF6, 0x00, 0x00, 0x00, 0x02, 0xEF, 0xFF, 0xFE, 0x40,
  0x00, 0x00, 0x00, 0x04, 0xEF, 0xFF, 0xFC, 0x00, 0x00, 0x00, 0x07, 0xFF, 0xFF, 0xF6, 0x00, 0x00,
  0x00, 0x00, 0x00, 0x8F, 0xFF, 0xFF, 0x20, 0x00, 0x00, 0x0A, 0xFF, 0xFF, 0xD1, 0x00, 0x00, 0x00,
  0x00, 0x00, 0x3F, 0xFF, 0xFF, 0x50, 0x00, 0x00, 0x0C, 0xFF, 0xFF, 0x90, 0x00, 0x00, 0x00, 0x00,
  0x00, 0x1E, 0xFF, 0xFF, 0x70, 0x00, 0x00, 0x0D, 0xFF, 0xFF, 0x70, 0x00, 0x00, 0x00, 0x00, 0x00,
  0x05, 0x66, 0x56, 0x20, 0x00, 0x00, 0x0E, 0xFF, 0xFF, 0x70, 0x00, 0x00, 0x00, 0x00, 0x00, 0x00,
  0x00, 0x00, 0x00, 0x00, 0x00, 0x0E, 0xFF, 0xFF, 0x70, 0x00, 0x00, 0x00, 0x00, 0x00, 0x00, 0x00,
  0x00, 0x00, 0x00, 0x00, 0x0E, 0xFF, 0xFF, 0x70, 0x00, 0x00, 0x00, 0x00, 0x00, 0x00, 0x00, 0x00,
  0x00, 0x00, 0x00, 0x0E, 0xFF, 0xFF, 0x70, 0x00, 0x01, 0x77, 0x77, 0x77, 0x77, 0x77, 0x77, 0x30,
  0x00, 0x00, 0x0E, 0xFF, 0xFF, 0x70, 0x00, 0x03, 0xFF, 0xFF, 0xFF, 0xFF, 0xFF, 0xFF, 0x70, 0x00,
  0x00, 0x0E, 0xFF, 0xFF, 0x70, 0x00, 0x03, 0xFF, 0xFF, 0xFF, 0xFF, 0xFF, 0xFF, 0x70, 0x00, 0x00,
  0x0E, 0xFF, 0xFF, 0x70, 0x00, 0x03, 0xFF, 0xFF, 0xFF, 0xFF, 0xFF, 0xFF, 0x70, 0x00, 0x00, 0x0E,
  0xFF, 0xFF, 0x70, 0x00, 0x03, 0xFF, 0xFF, 0xFF, 0xFF, 0xFF, 0xFF, 0x70, 0x00, 0x00, 0x0D, 0xFF,
  0xFF, 0x80, 0x00, 0x01, 0x33, 0x33, 0x33, 0x4D, 0xFF, 0xFF, 0x70, 0x00, 0x00, 0x0C, 0xFF, 0xFF,
  0xA0, 0x00, 0x00, 0x00, 0x00, 0x00, 0x1E, 0xFF, 0xFF, 0x70, 0x00, 0x00, 0x09, 0xFF, 0xFF, 0xD1,
  0x00, 0x00, 0x00, 0x00, 0x00, 0x3F, 0xFF, 0xFF, 0x70, 0x00, 0x00, 0x06, 0xFF, 0xFF, 0xF7, 0x00,
  0x00, 0x00, 0x00, 0x00, 0x9F, 0xFF, 0xFF, 0x70, 0x00, 0x00, 0x02, 0xEF, 0xFF, 0xFE, 0x40, 0x00,
  0x00, 0x00, 0x04, 0xFF, 0xFF, 0xFF, 0x70, 0x00, 0x00, 0x00, 0x9F, 0xFF, 0xFF, 0xF8, 0x20, 0x00,
  0x01, 0x6E, 0xFF, 0xFF, 0xFF, 0x70, 0x00, 0x00, 0x00, 0x1D, 0xFF, 0xFF, 0xFF, 0xEC, 0xAA, 0xBE,
  0xFF, 0xFF, 0xFF, 0xFF, 0x70, 0x00, 0x00, 0x00, 0x04, 0xFF, 0xFF, 0xFF, 0xFF, 0xFF, 0xFF, 0xFF,
  0xDD, 0xFF, 0xFF, 0x70, 0x00, 0x00, 0x00, 0x00, 0x4E, 0xFF, 0xFF, 0xFF, 0xFF, 0xFF, 0xFF, 0x28,
  0xFF, 0xEF, 0x60, 0x00, 0x00, 0x00, 0x00, 0x02, 0xAF, 0xFF, 0xFF, 0xFF, 0xFF, 0xE6, 0x0A, 0xFF,
  0xFF, 0x70, 0x00, 0x00, 0x00, 0x00, 0x00, 0x03, 0x7B, 0xDE, 0xED, 0xB8, 0x20, 0x04, 0x77, 0x77,
  0x30, 0x00, 0x00, 0x00, 0x00, 0x00, 0x00, 0x00, 0x11, 0x11, 0x00, 0x00, 0x00, 0x00, 0x00, 0x00,
  0x00, 0x00, 0x00, 0x11, 0x11, 0x10, 0x00, 0x00, 0x00, 0x00, 0x00, 0x01, 0x11, 0x11, 0x00, 0x00,
  0x00, 0x00, 0xCE, 0xEE, 0xE6, 0x00, 0x00, 0x00, 0x00, 0x00, 0x2E, 0xEE, 0xEE, 0x40, 0x00, 0x00,
  0x00, 0xEF, 0xFF, 0xF7, 0x00, 0x00, 0x00, 0x00, 0x00, 0x3F, 0xFF, 0xFF, 0x40, 0x00, 0x00, 0x00,
  0xDF, 0xFF, 0xF7, 0x00, 0x00, 0x00, 0x00, 0x00, 0x2F, 0xFF, 0xFF, 0x40, 0x00, 0x00, 0x00, 0xEF,
  0xFF, 0xF7, 0x00, 0x00, 0x00, 0x00, 0x00, 0x2F, 0xFF, 0xFF, 0x40, 0x00, 0x00, 0x00, 0xEF, 0xFF,
  0xF7, 0x00, 0x00, 0x00, 0x00, 0x00, 0x2F, 0xFF, 0xFF, 0x40, 0x00, 0x00, 0x00, 0xEF, 0xFF, 0xF7,
  0x00, 0x00, 0x00, 0x00, 0x00, 0x2F, 0xFF, 0xFF, 0x40, 0x00, 0x00, 0x00, 0xEF, 0xFF, 0xF7, 0x00,
  0x00, 0x00, 0x00, 0x00, 0x2F, 0xFF, 0xFF, 0x40, 0x00, 0x00, 0x00, 0xEF, 0xFF, 0xF7, 0x00, 0x00,
  0x00, 0x00, 0x00, 0x2F, 0xFF, 0xFF, 0x40, 0x00, 0x00, 0x00, 0xEF, 0xFF, 0xF7, 0x00, 0x00, 0x00,
  0x00, 0x00, 0x2F, 0xFF, 0xFF, 0x40, 0x00, 0x00, 0x00, 0xEF, 0xFF, 0xF7, 0x00, 0x00, 0x00, 0x00,
  0x00, 0x2F, 0xFF, 0xFF, 0x40, 0x00, 0x00, 0x00, 0xEF, 0xFF, 0xF7, 0x00, 0x00, 0x00, 0x00, 0x00,
  0x3F, 0xFF, 0xFF, 0x40, 0x00, 0x00, 0x00, 0xEF, 0xFF, 0xF6, 0x00, 0x00, 0x00, 0x00, 0x00, 0x2F,
  0xFF, 0xFF, 0x40, 0x00, 0x00, 0x00, 0xEF, 0xFF, 0xFD, 0xCC, 0xCC, 0xCC, 0xCC, 0xCC, 0xCF, 0xFF,
  0xFF, 0x40, 0x00, 0x00, 0x00, 0xEF, 0xFF, 0xFF, 0xFF, 0xFF, 0xFF, 0xFF, 0xFF, 0xFF, 0xFF, 0xFF,
  0x40, 0x00, 0x00, 0x00, 0xEF, 0xFF, 0xFF, 0xFF, 0xFF, 0xFF, 0xFF, 0xFF, 0xFF, 0xFF, 0xFF, 0x40,
  0x00, 0x00, 0x00, 0xEF, 0xFF, 0xFF, 0xFF, 0xFF, 0xFF, 0xFF, 0xFF, 0xFF, 0xFF, 0xFF, 0x40, 0x00,
  0x00, 0x00, 0xEF, 0xFF, 0xFF, 0xFF, 0xFF, 0xFF, 0xFF, 0xFF, 0xFF, 0xFF, 0xFF, 0x40, 0x00, 0x00,
  0x00, 0xEF, 0xFF, 0xF9, 0x44, 0x44, 0x44, 0x44, 0x44, 0x6F, 0xFF, 0xFF, 0x40, 0x00, 0x00, 0x00,
  0xEF, 0xFF, 0xF6, 0x00, 0x00, 0x00, 0x00, 0x00, 0x2F, 0xFF, 0xFF, 0x40, 0x00, 0x00, 0x00, 0xEF,
  0xFF, 0xF7, 0x00, 0x00, 0x00, 0x00, 0x00, 0x3F, 0xFF, 0xFF, 0x40, 0x00, 0x00, 0x00, 0xEF, 0xFF,
  0xF7, 0x00, 0x00, 0x00, 0x00, 0x00, 0x2F, 0xFF, 0xFF, 0x40, 0x00, 0x00, 0x00, 0xEF, 0xFF, 0xF7,
  0x00, 0x00, 0x00, 0x00, 0x00, 0x2F, 0xFF, 0xFF, 0x40, 0x00, 0x00, 0x00, 0xEF, 0xFF, 0xF7, 0x00,
  0x00, 0x00, 0x00, 0x00, 0x2F, 0xFF, 0xFF, 0x40, 0x00, 0x00, 0x00, 0xEF, 0xFF, 0xF7, 0x00, 0x00,
  0x00, 0x00, 0x00, 0x2F, 0xFF, 0xFF, 0x40, 0x00, 0x00, 0x00, 0xEF, 0xFF, 0xF7, 0x00, 0x00, 0x00,
  0x00, 0x00, 0x2F, 0xFF, 0xFF, 0x40, 0x00, 0x00, 0x00, 0xEF, 0xFF, 0xF7, 0x00, 0x00, 0x00, 0x00,
  0x00, 0x2F, 0xFF, 0xFF, 0x40, 0x00, 0x00, 0x00, 0xEF, 0xFF, 0xF7, 0x00, 0x00, 0x00, 0x00, 0x00,
  0x2F, 0xFF, 0xFF, 0x40, 0x00, 0x00, 0x00, 0xDF, 0xFF, 0xF7, 0x00, 0x00, 0x00, 0x00, 0x00, 0x2F,
  0xFF, 0xFF, 0x40, 0x00, 0x00, 0x00, 0xEF, 0xFF, 0xF7, 0x00, 0x00, 0x00, 0x00, 0x00, 0x3F, 0xFF,
  0xFF, 0x40, 0x00, 0x00, 0x00, 0xCE, 0xEE, 0xE6, 0x00, 0x00, 0x00, 0x00, 0x00, 0x2E, 0xEE, 0xEE,
  0x40, 0x00, 0x00, 0x00, 0x11, 0x11, 0x10, 0x00, 0x00, 0x00, 0x00, 0x00, 0x01, 0x11, 0x11, 0x00,
  0x00, 0x00, 0x00, 0x11, 0x11, 0x10, 0x00, 0x00, 0x00, 0x1D, 0xEE, 0xEE, 0x40, 0x00, 0x00, 0x01,
  0xEF, 0xFF, 0xF5, 0x00, 0x00, 0x00, 0x1E, 0xFF, 0xFF, 0x50, 0x00, 0x00, 0x01, 0xEF, 0xFF, 0xF5,
  0x00, 0x00, 0x00, 0x1E, 0xFF, 0xFF, 0x50, 0x00, 0x00, 0x01, 0xEF, 0xFF, 0xF5, 0x00, 0x00, 0x00,
  0x1E, 0xFF, 0xFF, 0x50, 0x00, 0x00, 0x01, 0xEF, 0xFF, 0xF5, 0x00, 0x00, 0x00, 0x1E, 0xFF, 0xFF,
  0x50, 0x00, 0x00, 0x01, 0xEF, 0xFF, 0xF5, 0x00, 0x00, 0x00, 0x1E, 0xFF, 0xFF, 0x50, 0x00, 0x00,
  0x01, 0xEF, 0xFF, 0xF5, 0x00, 0x00, 0x00, 0x1E, 0xFF, 0xFF, 0x50, 0x00, 0x00, 0x01, 0xEF, 0xFF,
  0xF5, 0x00, 0x00, 0x00, 0x1E, 0xFF, 0xFF, 0x50, 0x00, 0x00, 0x01, 0xEF, 0xFF, 0xF5, 0x00, 0x00,
  0x00, 0x1E, 0xFF, 0xFF, 0x50, 0x00, 0x00, 0x01, 0xEF, 0xFF, 0xF5, 0x00, 0x00, 0x00, 0x1E, 0xFF,
  0xFF, 0x50, 0x00, 0x00, 0x01, 0xEF, 0xFF, 0xF5, 0x00, 0x00, 0x00, 0x1E, 0xFF, 0xFF, 0x50, 0x00,
  0x00, 0x01, 0xEF, 0xFF, 0xF5, 0x00, 0x00, 0x00, 0x1E, 0xFF, 0xFF, 0x50, 0x00, 0x00, 0x01, 0xEF,
  0xFF, 0xF5, 0x00, 0x00, 0x00, 0x1E, 0xFF, 0xFF, 0x50, 0x00, 0x00, 0x01, 0xEF, 0xFF, 0xF5, 0x00,
  0x00, 0x00, 0x1E, 0xFF, 0xFF, 0x50, 0x00, 0x00, 0x01, 0xEF, 0xFF, 0xF5, 0x00, 0x00, 0x00, 0x1E,
  0xFF, 0xFF, 0x50, 0x00, 0x00, 0x01, 0xDE, 0xEE, 0xE4, 0x00, 0x00, 0x00, 0x01, 0x11, 0x11, 0x00,
  0x00, 0x00, 0x00, 0x00, 0x00, 0x00, 0x01, 0x11, 0x11, 0x11, 0x11, 0x11, 0x11, 0x10, 0x00, 0x00,
  0x00, 0x00, 0x00, 0x00, 0x1D, 0xEE, 0xEE, 0xEE, 0xEE, 0xEE, 0xEE, 0xD1, 0x00, 0x00, 0x00, 0x00,
  0x00, 0x00, 0x1E, 0xFF, 0xFF, 0xFF, 0xFF, 0xFF, 0xFF, 0xE1, 0x00, 0x00, 0x00, 0x00, 0x00, 0x00,
  0x1E, 0xFF, 0xFF, 0xFF, 0xFF, 0xFF, 0xFF, 0xE1, 0x00, 0x00, 0x00, 0x00, 0x00, 0x00, 0x1E, 0xFF,
  0xFF, 0xFF, 0xFF, 0xFF, 0xFF, 0xE1, 0x00, 0x00, 0x00, 0x00, 0x00, 0x00, 0x1D, 0xEE, 0xEE, 0xFF,
  0xFF, 0xFF, 0xEE, 0xD1, 0x00, 0x00, 0x00, 0x00, 0x00, 0x00, 0x01, 0x11, 0x11, 0xCF, 0xFF, 0xF8,
  0x11, 0x10, 0x00, 0x00, 0x00, 0x00, 0x00, 0x00, 0x00, 0x00, 0x00, 0xBF, 0xFF, 0xF7, 0x00, 0x00,
  0x00, 0x00, 0x00, 0x00, 0x00, 0x00, 0x00, 0x00, 0x00, 0xBF, 0xFF, 0xF7, 0x00, 0x00, 0x00, 0x00,
  0x00, 0x00, 0x00, 0x00, 0x00, 0x00, 0x00, 0xBF, 0xFF, 0xF7, 0x00, 0x00, 0x00, 0x00, 0x00, 0x00,
  0x00, 0x00, 0x00, 0x00, 0x00, 0xBF, 0xFF, 0xF7, 0x00, 0x00, 0x00, 0x00, 0x00, 0x00, 0x00, 0x00,
  0x00, 0x00, 0x00, 0xBF, 0xFF, 0xF7, 0x00, 0x00, 0x00, 0x00, 0x00, 0x00, 0x00, 0x00, 0x00, 0x00,
  0x00, 0xBF, 0xFF, 0xF7, 0x00, 0x00, 0x00, 0x00, 0x00, 0x00, 0x00, 0x00, 0x00, 0x00, 0x00, 0xBF,
  0xFF, 0xF7, 0x00, 0x00, 0x00, 0x00, 0x00, 0x00, 0x00, 0x00, 0x00, 0x00, 0x00, 0xBF, 0xFF, 0xF7,
  0x00, 0x00, 0x00, 0x00, 0x00, 0x00, 0x00, 0x00, 0x00, 0x00, 0x00, 0xBF, 0xFF, 0xF7, 0x00, 0x00,
  0x00, 0x00, 0x00, 0x00, 0x00, 0x00, 0x00, 0x00, 0x00, 0xBF, 0xFF, 0xF7, 0x00, 0x00, 0x00, 0x00,
  0x00, 0x00, 0x00, 0x00, 0x00, 0x00, 0x00, 0xBF, 0xFF, 0xF7, 0x00, 0x00, 0x00, 0x00, 0x12, 0x22,
  0x21, 0x00, 0x00, 0x00, 0x00, 0xBF, 0xFF, 0xF7, 0x00, 0x00, 0x00, 0x00, 0x7E, 0xEE, 0xEB, 0x00,
  0x00, 0x00, 0x00, 0xBF, 0xFF, 0xF7, 0x00, 0x00, 0x00, 0x00, 0x8F, 0xFF, 0xFC, 0x00, 0x00, 0x00,
  0x00, 0xBF, 0xFF, 0xF7, 0x00, 0x00, 0x00, 0x00, 0x8F, 0xFF, 0xFB, 0x00, 0x00, 0x00, 0x00, 0xBF,
  0xFF, 0xF7, 0x00, 0x00, 0x00, 0x00, 0x7F, 0xFF, 0xFC, 0x00, 0x00, 0x00, 0x00, 0xCF, 0xFF, 0xF7,
  0x00, 0x00, 0x00, 0x00, 0x6F, 0xFF, 0xFE, 0x20, 0x00, 0x00, 0x02, 0xEF, 0xFF, 0xF6, 0x00, 0x00,
  0x00, 0x00, 0x3F, 0xFF, 0xFF, 0x90, 0x00, 0x00, 0x09, 0xFF, 0xFF, 0xF3, 0x00, 0x00, 0x00, 0x00,
  0x0D, 0xFF, 0xFF, 0xFA, 0x41, 0x13, 0x9F, 0xFF, 0xFF, 0xD0, 0x00, 0x00, 0x00, 0x00, 0x06, 0xFF,
  0xFF, 0xFF, 0xFE, 0xEF, 0xFF, 0xFF, 0xFF, 0x70, 0x00, 0x00, 0x00, 0x00, 0x00, 0xBF, 0xFF, 0xFF,
  0xFF, 0xFF, 0xFF, 0xFF, 0xFD, 0x10, 0x00, 0x00, 0x00, 0x00, 0x00, 0x1C, 0xFF, 0xFF, 0xFF, 0xFF,
  0xFF, 0xFF, 0xD3, 0x00, 0x00, 0x00, 0x00, 0x00, 0x00, 0x01, 0x8E, 0xFF, 0xFF, 0xFF, 0xFF, 0xFB,
  0x20, 0x00, 0x00, 0x00, 0x00, 0x00, 0x00, 0x00, 0x02, 0x7A, 0xDE, 0xED, 0xB9, 0x40, 0x00, 0x00,
  0x00, 0x00, 0x00, 0x00, 0x00, 0x00, 0x00, 0x00, 0x01, 0x11, 0x00, 0x00, 0x00, 0x00, 0x00, 0x00,
  0x00, 0x00, 0x00, 0x11, 0x11, 0x10, 0x00, 0x00, 0x00, 0x00, 0x00, 0x11, 0x11, 0x11, 0x00, 0x00,
  0x01, 0xEE, 0xEE, 0xD2, 0x00, 0x00, 0x00, 0x00, 0x3D, 0xEE, 0xEE, 0xEA, 0x10, 0x00, 0x02, 0xFF,
  0xFF, 0xF3, 0x00, 0x00, 0x00, 0x01, 0xDF, 0xFF, 0xFF, 0xE2, 0x00, 0x00, 0x02, 0xFF, 0xFF, 0xF3,
  0x00, 0x00, 0x00, 0x0B, 0xFF, 0xFF, 0xFE, 0x30, 0x00, 0x00, 0x02, 0xFF, 0xFF, 0xF3, 0x00, 0x00,
  0x00, 0x8F, 0xFF, 0xFF, 0xF5, 0x00, 0x00, 0x00, 0x02, 0xFF, 0xFF, 0xF3, 0x00, 0x00, 0x06, 0xFF,
  0xFF, 0xFF, 0x80, 0x00, 0x00, 0x00, 0x02, 0xFF, 0xFF, 0xF3, 0x00, 0x00, 0x3E, 0xFF, 0xFF, 0xFA,
  0x00, 0x00, 0x00, 0x00, 0x02, 0xFF, 0xFF, 0xF3, 0x00, 0x01, 0xDF, 0xFF, 0xFF, 0xC1, 0x00, 0x00,
  0x00, 0x00, 0x02, 0xFF, 0xFF, 0xF3, 0x00, 0x0B, 0xFF, 0xFF, 0xFE, 0x20, 0x00, 0x00, 0x00, 0x00,
  0x02, 0xFF, 0xFF, 0xF3, 0x00, 0x8F, 0xFF, 0xFF, 0xF4, 0x00, 0x00, 0x00, 0x00, 0x00, 0x02, 0xFF,
  0xFF, 0xF3, 0x06, 0xFF, 0xFF, 0xFF, 0x60, 0x00, 0x00, 0x00, 0x00, 0x00, 0x02, 0xFF, 0xFF, 0xF1,
  0x3F, 0xFF, 0xFF, 0xF9, 0x00, 0x00, 0x00, 0x00, 0x00, 0x00, 0x02, 0xFF, 0xFF, 0xF7, 0xDF, 0xFF,
  0xFF, 0xB0, 0x00, 0x00, 0x00, 0x00, 0x00, 0x00, 0x02, 0xFF, 0xFF, 0xFF, 0xFF, 0xFF, 0xFD, 0x10,
  0x00, 0x00, 0x00, 0x00, 0x00, 0x00, 0x02, 0xFF, 0xFF, 0xFF, 0xFF, 0xFF, 0xE3, 0x00, 0x00, 0x00,
  0x00, 0x00, 0x00, 0x00, 0x02, 0xFF, 0xFF, 0xFF, 0xFF, 0xFF, 0x60, 0x00, 0x00, 0x00, 0x00, 0x00,
  0x00, 0x00, 0x02, 0xFF, 0xFF, 0xFF, 0xFF, 0xFF, 0xB1, 0x00, 0x00, 0x00, 0x00, 0x00, 0x00, 0x00,
  0x02, 0xFF, 0xFF, 0xFF, 0xFF, 0xFF, 0xFA, 0x00, 0x00, 0x00, 0x00, 0x00, 0x00, 0x00, 0x02, 0xFF,
  0xFF, 0xFD, 0xFF, 0xFF, 0xFF, 0x70, 0x00, 0x00, 0x00, 0x00, 0x00, 0x00, 0x02, 0xFF, 0xFF, 0xF2,
  0x8F, 0xFF, 0xFF, 0xF5, 0x00, 0x00, 0x00, 0x00, 0x00, 0x00, 0x02, 0xFF, 0xFF, 0xF3, 0x0B, 0xFF,
  0xFF, 0xFE, 0x30, 0x00, 0x00, 0x00, 0x00, 0x00, 0x02, 0xFF, 0xFF, 0xF3, 0x02, 0xDF, 0xFF, 0xFF,
  0xC1, 0x00, 0x00, 0x00, 0x00, 0x00, 0x02, 0xFF, 0xFF, 0xF3, 0x00, 0x4F, 0xFF, 0xFF, 0xFA, 0x00,
  0x00, 0x00, 0x00, 0x00, 0x02, 0xFF, 0xFF, 0xF3, 0x00, 0x07, 0xFF, 0xFF, 0xFF, 0x80, 0x00, 0x00,
  0x00, 0x00, 0x02, 0xFF, 0xFF, 0xF3, 0x00, 0x00, 0xAF, 0xFF, 0xFF, 0xF6, 0x00, 0x00, 0x00, 0x00,
  0x02, 0xFF, 0xFF, 0xF3, 0x00, 0x00, 0x1C, 0xFF, 0xFF, 0xFE, 0x30, 0x00, 0x00, 0x00, 0x02, 0xFF,
  0xFF, 0xF3, 0x00, 0x00, 0x02, 0xEF, 0xFF, 0xFF, 0xD2, 0x00, 0x00, 0x00, 0x02, 0xFF, 0xFF, 0xF3,
  0x00, 0x00, 0x00, 0x5F, 0xFF, 0xFF, 0xFB, 0x00, 0x00, 0x00, 0x02, 0xFF, 0xFF, 0xF3, 0x00, 0x00,
  0x00, 0x08, 0xFF, 0xFF, 0xFF, 0x90, 0x00, 0x00, 0x02, 0xFF, 0xFF, 0xF3, 0x00, 0x00, 0x00, 0x00,
  0xAF, 0xFF, 0xFF, 0xF7, 0x00, 0x00, 0x01, 0xEE, 0xEE, 0xD2, 0x00, 0x00, 0x00, 0x00, 0x1C, 0xEE,
  0xEE, 0xEE, 0x30, 0x00, 0x00, 0x11, 0x11, 0x10, 0x00, 0x00, 0x00, 0x00, 0x00, 0x11, 0x11, 0x11,
  0x10, 0x00, 0x00, 0x11, 0x11, 0x10, 0x00, 0x00, 0x00, 0x00, 0x00, 0x00, 0x00, 0x00, 0x00, 0x1D,
  0xEE, 0xEE, 0x40, 0x00, 0x00, 0x00, 0x00, 0x00, 0x00, 0x00, 0x00, 0x01, 0xEF, 0xFF, 0xF5, 0x00,
  0x00, 0x00, 0x00, 0x00, 0x00, 0x00, 0x00, 0x00, 0x1E, 0xFF, 0xFF, 0x50, 0x00, 0x00, 0x00, 0x00,
  0x00, 0x00, 0x00, 0x00, 0x01, 0xEF, 0xFF, 0xF5, 0x00, 0x00, 0x00, 0x00, 0x00, 0x00, 0x00, 0x00,
  0x00, 0x1E, 0xFF, 0xFF, 0x50, 0x00, 0x00, 0x00, 0x00, 0x00, 0x00, 0x00, 0x00, 0x01, 0xEF, 0xFF,
  0xF5, 0x00, 0x00, 0x00, 0x00, 0x00, 0x00, 0x00, 0x00, 0x00, 0x1E, 0xFF, 0xFF, 0x50, 0x00, 0x00,
  0x00, 0x00, 0x00, 0x00, 0x00, 0x00, 0x01, 0xEF, 0xFF, 0xF5, 0x00, 0x00, 0x00, 0x00, 0x00, 0x00,
  0x00, 0x00, 0x00, 0x1E, 0xFF, 0xFF, 0x50, 0x00, 0x00, 0x00, 0x00, 0x00, 0x00, 0x00, 0x00, 0x01,
  0xEF, 0xFF, 0xF5, 0x00, 0x00, 0x00, 0x00, 0x00, 0x00, 0x00, 0x00, 0x00, 0x1E, 0xFF, 0xFF, 0x50,
  0x00, 0x00, 0x00, 0x00, 0x00, 0x00, 0x00, 0x00, 0x01, 0xEF, 0xFF, 0xF5, 0x00, 0x00, 0x00, 0x00,
  0x00, 0x00, 0x00, 0x00, 0x00, 0x1E, 0xFF, 0xFF, 0x50, 0x00, 0x00, 0x00, 0x00, 0x00, 0x00, 0x00,
  0x00, 0x01, 0xEF, 0xFF, 0xF5, 0x00, 0x00, 0x00, 0x00, 0x00, 0x00, 0x00, 0x00, 0x00, 0x1E, 0xFF,
  0xFF, 0x50, 0x00, 0x00, 0x00, 0x00, 0x00, 0x00, 0x00, 0x00, 0x01, 0xEF, 0xFF, 0xF5, 0x00, 0x00,
  0x00, 0x00, 0x00, 0x00, 0x00, 0x00, 0x00, 0x1E, 0xFF, 0xFF, 0x50, 0x00, 0x00, 0x00, 0x00, 0x00,
  0x00, 0x00, 0x00, 0x01, 0xEF, 0xFF, 0xF5, 0x00, 0x00, 0x00, 0x00, 0x00, 0x00, 0x00, 0x00, 0x00,
  0x1E, 0xFF, 0xFF, 0x50, 0x00, 0x00, 0x00, 0x00, 0x00, 0x00, 0x00, 0x00, 0x01, 0xEF, 0xFF, 0xF5,
  0x00, 0x00, 0x00, 0x00, 0x00, 0x00, 0x00, 0x00, 0x00, 0x1E, 0xFF, 0xFF, 0x50, 0x00, 0x00, 0x00,
  0x00, 0x00, 0x00, 0x00, 0x00, 0x01, 0xEF, 0xFF, 0xF5, 0x00, 0x00, 0x00, 0x00, 0x00, 0x00, 0x00,
  0x00, 0x00, 0x1E, 0xFF, 0xFF, 0x50, 0x00, 0x00, 0x00, 0x00, 0x00, 0x00, 0x00, 0x00, 0x01, 0xEF,
  0xFF, 0xF4, 0x00, 0x00, 0x00, 0x00, 0x00, 0x00, 0x00, 0x00, 0x00, 0x1E, 0xFF, 0xFF, 0x62, 0x22,
  0x22, 0x22, 0x22, 0x22, 0x22, 0x00, 0x00, 0x01, 0xEF, 0xFF, 0xFF, 0xFF, 0xFF, 0xFF, 0xFF, 0xFF,
  0xFF, 0xE1, 0x00, 0x00, 0x1E, 0xFF, 0xFF, 0xFF, 0xFF, 0xFF, 0xFF, 0xFF, 0xFF, 0xFE, 0x10, 0x00,
  0x01, 0xEF, 0xFF, 0xFF, 0xFF, 0xFF, 0xFF, 0xFF, 0xFF, 0xFF, 0xE1, 0x00, 0x00, 0x1E, 0xFF, 0xFF,
  0xFF, 0xFF, 0xFF, 0xFF, 0xFF, 0xFF, 0xFF, 0x10, 0x00, 0x01, 0xDE, 0xEE, 0xEE, 0xEE, 0xEE, 0xEE,
  0xEE, 0xEE, 0xEE, 0xD1, 0x00, 0x00, 0x01, 0x11, 0x11, 0x11, 0x11, 0x11, 0x11, 0x11, 0x11, 0x11,
  0x00, 0x00, 0x00, 0x11, 0x11, 0x11, 0x11, 0x11, 0x00, 0x00, 0x00, 0x00, 0x00, 0x00, 0x11, 0x11,
  0x11, 0x11, 0x11, 0x00, 0x00, 0x00, 0x00, 0xDE, 0xEE, 0xEE, 0xEE, 0xEE, 0x70, 0x00, 0x00, 0x00,
  0x00, 0x07, 0xEE, 0xEE, 0xEE, 0xEE, 0xED, 0x00, 0x00, 0x00, 0x00, 0xEF, 0xFF, 0xFF, 0xFF, 0xFF,
  0xB0, 0x00, 0x00, 0x00, 0x00, 0x0B, 0xFF, 0xFF, 0xFF, 0xFF, 0xFE, 0x00, 0x00, 0x00, 0x00, 0xEF,
  0xFF, 0xFF, 0xFF, 0xFF, 0xD1, 0x00, 0x00, 0x00, 0x00, 0x1D, 0xFF, 0xFF, 0xFF, 0xFF, 0xFE, 0x00,
  0x00, 0x00, 0x00, 0xEF, 0xFF, 0xFF, 0xFF, 0xFF, 0xF2, 0x00, 0x00, 0x00, 0x00, 0x2F, 0xFF, 0xFF,
  0xFF, 0xFF, 0xFE, 0x00, 0x00, 0x00, 0x00, 0xEF, 0xFF, 0xF7, 0xAF, 0xFF, 0xF5, 0x00, 0x00, 0x00,
  0x00, 0x5F, 0xFF, 0xFA, 0x7F, 0xFF, 0xFE, 0x00, 0x00, 0x00, 0x00, 0xEF, 0xFF, 0xF5, 0x7F, 0xFF,
  0xF8, 0x00, 0x00, 0x00, 0x00, 0x8F, 0xFF, 0xF7, 0x5F, 0xFF, 0xFE, 0x00, 0x00, 0x00, 0x00, 0xEF,
  0xFF, 0xF5, 0x4F, 0xFF, 0xFB, 0x00, 0x00, 0x00, 0x00, 0xBF, 0xFF, 0xF4, 0x5F, 0xFF, 0xFE, 0x00,
  0x00, 0x00, 0x00, 0xEF, 0xFF, 0xF6, 0x2F, 0xFF, 0xFD, 0x10, 0x00, 0x00, 0x01, 0xDF, 0xFF, 0xF2,
  0x6F, 0xFF, 0xFE, 0x00, 0x00, 0x00, 0x00, 0xEF, 0xFF, 0xF6, 0x0D, 0xFF, 0xFF, 0x20, 0x00, 0x00,
  0x02, 0xFF, 0xFF, 0xD0, 0x6F, 0xFF, 0xFE, 0x00, 0x00, 0x00, 0x00, 0xEF, 0xFF, 0xF6, 0x0B, 0xFF,
  0xFF, 0x50, 0x00, 0x00, 0x05, 0xFF, 0xFF, 0xB0, 0x6F, 0xFF, 0xFE, 0x00, 0x00, 0x00, 0x00, 0xEF,
  0xFF, 0xF6, 0x08, 0xFF, 0xFF, 0x80, 0x00, 0x00, 0x08, 0xFF, 0xFF, 0x80, 0x6F, 0xFF, 0xFE, 0x00,
  0x00, 0x00, 0x00, 0xEF, 0xFF, 0xF6, 0x05, 0xFF, 0xFF, 0xB0, 0x00, 0x00, 0x0B, 0xFF, 0xFF, 0x50,
  0x6F, 0xFF, 0xFE, 0x00, 0x00, 0x00, 0x00, 0xEF, 0xFF, 0xF6, 0x03, 0xFF, 0xFF, 0xD1, 0x00, 0x00,
  0x1D, 0xFF, 0xFF, 0x30, 0x6F, 0xFF, 0xFE, 0x00, 0x00, 0x00, 0x00, 0xEF, 0xFF, 0xF6, 0x01, 0xDF,
  0xFF, 0xF2, 0x00, 0x00, 0x2F, 0xFF, 0xFD, 0x10, 0x6F, 0xFF, 0xFE, 0x00, 0x00, 0x00, 0x00, 0xEF,
  0xFF, 0xF6, 0x00, 0xBF, 0xFF, 0xF5, 0x00, 0x00, 0x5F, 0xFF, 0xFB, 0x00, 0x6F, 0xFF, 0xFE, 0x00,
  0x00, 0x00, 0x00, 0xEF, 0xFF, 0xF6, 0x00, 0x8F, 0xFF, 0xF8, 0x00, 0x00, 0x8F, 0xFF, 0xF8, 0x00,
  0x6F, 0xFF, 0xFE, 0x00, 0x00, 0x00, 0x00, 0xEF, 0xFF, 0xF6, 0x00, 0x5F, 0xFF, 0xFB, 0x00, 0x00,
  0xBF, 0xFF, 0xF5, 0x00, 0x6F, 0xFF, 0xFE, 0x00, 0x00, 0x00, 0x00, 0xEF, 0xFF, 0xF6, 0x00, 0x3F,
  0xFF, 0xFD, 0x10, 0x01, 0xDF, 0xFF, 0xF3, 0x00, 0x6F, 0xFF, 0xFE, 0x00, 0x00, 0x00, 0x00, 0xEF,
  0xFF, 0xF6, 0x00, 0x1D, 0xFF, 0xFF, 0x30, 0x03, 0xFF, 0xFF, 0xD1, 0x00, 0x6F, 0xFF, 0xFE, 0x00,
  0x00, 0x00, 0x00, 0xEF, 0xFF, 0xF6, 0x00, 0x0B, 0xFF, 0xFF, 0x50, 0x05, 0xFF, 0xFF, 0xB0, 0x00,
  0x6F, 0xFF, 0xFE, 0x00, 0x00, 0x00, 0x00, 0xEF, 0xFF, 0xF6, 0x00, 0x08, 0xFF, 0xFF, 0x80, 0x08,
  0xFF, 0xFF, 0x80, 0x00, 0x6F, 0xFF, 0xFE, 0x00, 0x00, 0x00, 0x00, 0xEF, 0xFF, 0xF6, 0x00, 0x05,
  0xFF, 0xFF, 0xB0, 0x0B, 0xFF, 0xFF, 0x50, 0x00, 0x6F, 0xFF, 0xFE, 0x00, 0x00, 0x00, 0x00, 0xEF,
  0xFF, 0xF6, 0x00, 0x03, 0xFF, 0xFF, 0xD1, 0x1D, 0xFF, 0xFF, 0x30, 0x00, 0x6F, 0xFF, 0xFE, 0x00,
  0x00, 0x00, 0x00, 0xEF, 0xFF, 0xF6, 0x00, 0x01, 0xDF, 0xFF, 0xF2, 0x2F, 0xFF, 0xFD, 0x10, 0x00,
  0x6F, 0xFF, 0xFE, 0x00, 0x00, 0x00, 0x00, 0xEF, 0xFF, 0xF6, 0x00, 0x00, 0xBF, 0xFF, 0xF4, 0x4F,
  0xFF, 0xFB, 0x00, 0x00, 0x6F, 0xFF, 0xFE, 0x00, 0x00, 0x00, 0x00, 0xEF, 0xFF, 0xF6, 0x00, 0x00,
  0x8F, 0xFF, 0xF8, 0x8F, 0xFF, 0xF8, 0x00, 0x00, 0x6F, 0xFF, 0xFE, 0x00, 0x00, 0x00, 0x00, 0xEF,
  0xFF, 0xF6, 0x00, 0x00, 0x5F, 0xFF, 0xFF, 0xFF, 0xFF, 0xF5, 0x00, 0x00, 0x6F, 0xFF, 0xFE, 0x00,
  0x00, 0x00, 0x00, 0xEF, 0xFF, 0xF6, 0x00, 0x00, 0x3F, 0xFF, 0xFF, 0xFF, 0xFF, 0xF3, 0x00, 0x00,
  0x6F, 0xFF, 0xFE, 0x00, 0x00, 0x00, 0x00, 0xEF, 0xFF, 0xF6, 0x00, 0x00, 0x1E, 0xFF, 0xFF, 0xFF,
  0xFF, 0xE1, 0x00, 0x00, 0x6F, 0xFF, 0xFE, 0x00, 0x00, 0x00, 0x00, 0xDE, 0xEE, 0xE6, 0x00, 0x00,
  0x0B, 0xEE, 0xEE, 0xEE, 0xEE, 0xB0, 0x00, 0x00, 0x6E, 0xEE, 0xED, 0x00, 0x00, 0x00, 0x00, 0x11,
  0x11, 0x10, 0x00, 0x00, 0x00, 0x11, 0x11, 0x11, 0x11, 0x00, 0x00, 0x00, 0x01, 0x11, 0x11, 0x00,
  0x00, 0x00, 0x00, 0x11, 0x11, 0x11, 0x11, 0x11, 0x00, 0x00, 0x00, 0x01, 0x11, 0x11, 0x00, 0x00,
  0x00, 0x01, 0xEE, 0xEE, 0xEE, 0xEE, 0xEE, 0x50, 0x00, 0x00, 0x3E, 0xEE, 0xEE, 0x10, 0x00, 0x00,
  0x02, 0xFF, 0xFF, 0xFF, 0xFF, 0xFF, 0x90, 0x00, 0x00, 0x3F, 0xFF, 0xFF, 0x20, 0x00, 0x00, 0x01,
  0xFF, 0xFF, 0xFF, 0xFF, 0xFF, 0xC0, 0x00, 0x00, 0x3F, 0xFF, 0xFF, 0x10, 0x00, 0x00, 0x01, 0xFF,
  0xFF, 0xFF, 0xFF, 0xFF, 0xE2, 0x00, 0x00, 0x3F, 0xFF, 0xFF, 0x10, 0x00, 0x00, 0x01, 0xFF, 0xFF,
  0xE5, 0xDF, 0xFF, 0xF4, 0x00, 0x00, 0x3F, 0xFF, 0xFF, 0x10, 0x00, 0x00, 0x01, 0xFF, 0xFF, 0xF2,
  0xBF, 0xFF, 0xF7, 0x00, 0x00, 0x3F, 0xFF, 0xFF, 0x10, 0x00, 0x00, 0x01, 0xFF, 0xFF, 0xF2, 0x8F,
  0xFF, 0xFB, 0x00, 0x00, 0x3F, 0xFF, 0xFF, 0x10, 0x00, 0x00, 0x01, 0xFF, 0xFF, 0xF2, 0x4F, 0xFF,
  0xFD, 0x10, 0x00, 0x3F, 0xFF, 0xFF, 0x10, 0x00, 0x00, 0x01, 0xFF, 0xFF, 0xF2, 0x2F, 0xFF, 0xFF,
  0x30, 0x00, 0x3F, 0xFF, 0xFF, 0x10, 0x00, 0x00, 0x01, 0xFF, 0xFF, 0xF3, 0x0D, 0xFF, 0xFF, 0x60,
  0x00, 0x3F, 0xFF, 0xFF, 0x10, 0x00, 0x00, 0x01, 0xFF, 0xFF, 0xF3, 0x0A, 0xFF, 0xFF, 0x90, 0x00,
  0x3F, 0xFF, 0xFF, 0x10, 0x00, 0x00, 0x01, 0xFF, 0xFF, 0xF3, 0x07, 0xFF, 0xFF, 0xC0, 0x00, 0x3F,
  0xFF, 0xFF, 0x10, 0x00, 0x00, 0x01, 0xFF, 0xFF, 0xF3, 0x03, 0xFF, 0xFF, 0xE2, 0x00, 0x3F, 0xFF,
  0xFF, 0x10, 0x00, 0x00, 0x01, 0xFF, 0xFF, 0xF3, 0x01, 0xDF, 0xFF, 0xF4, 0x00, 0x3F, 0xFF, 0xFF,
  0x10, 0x00, 0x00, 0x01, 0xFF, 0xFF, 0xF3, 0x00, 0xBF, 0xFF, 0xF8, 0x00, 0x3F, 0xFF, 0xFF, 0x10,
  0x00, 0x00, 0x01, 0xFF, 0xFF, 0xF3, 0x00, 0x8F, 0xFF, 0xFB, 0x00, 0x3F, 0xFF, 0xFF, 0x10, 0x00,
  0x00, 0x01, 0xFF, 0xFF, 0xF3, 0x00, 0x4F, 0xFF, 0xFD, 0x10, 0x3F, 0xFF, 0xFF, 0x10, 0x00, 0x00,
  0x01, 0xFF, 0xFF, 0xF3, 0x00, 0x2E, 0xFF, 0xFF, 0x30, 0x3F, 0xFF, 0xFF, 0x10, 0x00, 0x00, 0x01,
  0xFF, 0xFF, 0xF3, 0x00, 0x0C, 0xFF, 0xFF, 0x70, 0x3F, 0xFF, 0xFF, 0x10, 0x00, 0x00, 0x01, 0xFF,
  0xFF, 0xF3, 0x00, 0x09, 0xFF, 0xFF, 0xA0, 0x3F, 0xFF, 0xFF, 0x10, 0x00, 0x00, 0x01, 0xFF, 0xFF,
  0xF3, 0x00, 0x06, 0xFF, 0xFF, 0xD0, 0x3F, 0xFF, 0xFF, 0x10, 0x00, 0x00, 0x01, 0xFF, 0xFF, 0xF3,
  0x00, 0x03, 0xFF, 0xFF, 0xF2, 0x2F, 0xFF, 0xFF, 0x10, 0x00, 0x00, 0x01, 0xFF, 0xFF, 0xF3, 0x00,
  0x01, 0xDF, 0xFF, 0xF4, 0x2F, 0xFF, 0xFF, 0x10, 0x00, 0x00, 0x01, 0xFF, 0xFF, 0xF3, 0x00, 0x00,
  0xBF, 0xFF, 0xF8, 0x2F, 0xFF, 0xFF, 0x10, 0x00, 0x00, 0x01, 0xFF, 0xFF, 0xF3, 0x00, 0x00, 0x7F,
  0xFF, 0xFB, 0x2F, 0xFF, 0xFF, 0x10, 0x00, 0x00, 0x01, 0xFF, 0xFF, 0xF3, 0x00, 0x00, 0x4F, 0xFF,
  0xFD, 0x5E, 0xFF, 0xFF, 0x10, 0x00, 0x00, 0x01, 0xFF, 0xFF, 0xF3, 0x00, 0x00, 0x2E, 0xFF, 0xFF,
  0xFF, 0xFF, 0xFF, 0x10, 0x00, 0x00, 0x01, 0xFF, 0xFF, 0xF3, 0x00, 0x00, 0x0C, 0xFF, 0xFF, 0xFF,
  0xFF, 0xFF, 0x10, 0x00, 0x00, 0x02, 0xFF, 0xFF, 0xF3, 0x00, 0x00, 0x09, 0xFF, 0xFF, 0xFF, 0xFF,
  0xFF, 0x20, 0x00, 0x00, 0x01, 0xEE, 0xEE, 0xE3, 0x00, 0x00, 0x05, 0xEE, 0xEE, 0xEE, 0xEE, 0xEE,
  0x10, 0x00, 0x00, 0x00, 0x11, 0x11, 0x10, 0x00, 0x00, 0x00, 0x11, 0x11, 0x11, 0x11, 0x11, 0x00,
  0x00, 0x00, 0x00, 0x00, 0x00, 0x02, 0x69, 0xCD, 0xEE, 0xDC, 0x96, 0x20, 0x00, 0x00, 0x00, 0x00,
  0x00, 0x00, 0x00, 0x02, 0x9E, 0xFF, 0xFF, 0xFF, 0xFF, 0xFF, 0xE9, 0x20, 0x00, 0x00, 0x00, 0x00,
  0x00, 0x00, 0x4D, 0xFF, 0xFF, 0xFF, 0xFF, 0xFF, 0xFF, 0xFF, 0xD4, 0x00, 0x00, 0x00, 0x00, 0x00,
  0x04, 0xFF, 0xFF, 0xFF, 0xFF, 0xFF, 0xFF, 0xFF, 0xFF, 0xFF, 0x40, 0x00, 0x00, 0x00, 0x00, 0x2E,
  0xFF, 0xFF, 0xFF, 0xEB, 0xAA, 0xBE, 0xFF, 0xFF, 0xFF, 0xE2, 0x00, 0x00, 0x00, 0x00, 0xAF, 0xFF,
  0xFF, 0xE7, 0x10, 0x00, 0x01, 0x6E, 0xFF, 0xFF, 0xFA, 0x00, 0x00, 0x00, 0x03, 0xFF, 0xFF, 0xFE,
  0x30, 0x00, 0x00, 0x00, 0x03, 0xDF, 0xFF, 0xFF, 0x30, 0x00, 0x00, 0x07, 0xFF, 0xFF, 0xF5, 0x00,
  0x00, 0x00, 0x00, 0x00, 0x4F, 0xFF, 0xFF, 0x70, 0x00, 0x00, 0x0A, 0xFF, 0xFF, 0xB0, 0x00, 0x00,
  0x00, 0x00, 0x00, 0x0B, 0xFF, 0xFF, 0xA0, 0x00, 0x00, 0x0D, 0xFF, 0xFF, 0x70, 0x00, 0x00, 0x00,
  0x00, 0x00, 0x07, 0xFF, 0xFF, 0xD0, 0x00, 0x00, 0x1E, 0xFF, 0xFF, 0x50, 0x00, 0x00, 0x00, 0x00,
  0x00, 0x05, 0xFF, 0xFF, 0xE1, 0x00, 0x00, 0x1E, 0xFF, 0xFF, 0x50, 0x00, 0x00, 0x00, 0x00, 0x00,
  0x05, 0xFF, 0xFF, 0xE1, 0x00, 0x00, 0x1E, 0xFF, 0xFF, 0x50, 0x00, 0x00, 0x00, 0x00, 0x00, 0x05,
  0xFF, 0xFF, 0xE1, 0x00, 0x00, 0x1E, 0xFF, 0xFF, 0x50, 0x00, 0x00, 0x00, 0x00, 0x00, 0x05, 0xFF,
  0xFF, 0xE1, 0x00, 0x00, 0x1E, 0xFF, 0xFF, 0x50, 0x00, 0x00, 0x00, 0x00, 0x00, 0x05, 0xFF, 0xFF,
  0xE1, 0x00, 0x00, 0x1E, 0xFF, 0xFF, 0x50, 0x00, 0x00, 0x00, 0x00, 0x00, 0x05, 0xFF, 0xFF, 0xE1,
  0x00, 0x00, 0x1E, 0xFF, 0xFF, 0x50, 0x00, 0x00, 0x00, 0x00, 0x00, 0x05, 0xFF, 0xFF, 0xE1, 0x00,
  0x00, 0x1E, 0xFF, 0xFF, 0x50, 0x00, 0x00, 0x00, 0x00, 0x00, 0x05, 0xFF, 0xFF, 0xE1, 0x00, 0x00,
  0x1E, 0xFF, 0xFF, 0x50, 0x00, 0x00, 0x00, 0x00, 0x00, 0x05, 0xFF, 0xFF, 0xE1, 0x00, 0x00, 0x1E,
  0xFF, 0xFF, 0x50, 0x00, 0x00, 0x00, 0x00, 0x00, 0x05, 0xFF, 0xFF, 0xE1, 0x00, 0x00, 0x0D, 0xFF,
  0xFF, 0x70, 0x00, 0x00, 0x00, 0x00, 0x00, 0x07, 0xFF, 0xFF, 0xD0, 0x00, 0x00, 0x0A, 0xFF, 0xFF,
  0xB0, 0x00, 0x00, 0x00, 0x00, 0x00, 0x0B, 0xFF, 0xFF, 0xA0, 0x00, 0x00, 0x07, 0xFF, 0xFF, 0xF5,
  0x00, 0x00, 0x00, 0x00, 0x00, 0x4F, 0xFF, 0xFF, 0x70, 0x00, 0x00, 0x03, 0xFF, 0xFF, 0xFD, 0x30,
  0x00, 0x00, 0x00, 0x03, 0xDF, 0xFF, 0xFF, 0x30, 0x00, 0x00, 0x00, 0xAF, 0xFF, 0xFF, 0xE7, 0x10,
  0x00, 0x01, 0x6E, 0xFF, 0xFF, 0xFA, 0x00, 0x00, 0x00, 0x00, 0x2E, 0xFF, 0xFF, 0xFF, 0xEB, 0xAA,
  0xBE, 0xFF, 0xFF, 0xFF, 0xE2, 0x00, 0x00, 0x00, 0x00, 0x04, 0xFF, 0xFF, 0xFF, 0xFF, 0xFF, 0xFF,
  0xFF, 0xFF, 0xFF, 0x40, 0x00, 0x00, 0x00, 0x00, 0x00, 0x4D, 0xFF, 0xFF, 0xFF, 0xFF, 0xFF, 0xFF,
  0xFF, 0xD4, 0x00, 0x00, 0x00, 0x00, 0x00, 0x00, 0x02, 0x9E, 0xFF, 0xFF, 0xFF, 0xFF, 0xFF, 0xE9,
  0x20, 0x00, 0x00, 0x00, 0x00, 0x00, 0x00, 0x00, 0x02, 0x69, 0xCD, 0xEE, 0xDC, 0x96, 0x20, 0x00,
  0x00, 0x00, 0x00, 0x00, 0x00, 0x00, 0x00, 0x00, 0x00, 0x01, 0x11, 0x10, 0x00, 0x00, 0x00, 0x00,
  0x00, 0x00, 0x00, 0x00, 0x11, 0x11, 0x11, 0x11, 0x11, 0x11, 0x10, 0x00, 0x00, 0x00, 0x00, 0x00,
  0x00, 0x00, 0xCE, 0xEE, 0xEE, 0xEE, 0xEE, 0xEE, 0xED, 0xB8, 0x30, 0x00, 0x00, 0x00, 0x00, 0x00,
  0xEF, 0xFF, 0xFF, 0xFF, 0xFF, 0xFF, 0xFF, 0xFF, 0xFA, 0x20, 0x00, 0x00, 0x00, 0x00, 0xDF, 0xFF,
  0xFF, 0xFF, 0xFF, 0xFF, 0xFF, 0xFF, 0xFF, 0xD3, 0x00, 0x00, 0x00, 0x00, 0xDF, 0xFF, 0xFF, 0xFF,
  0xFF, 0xFF, 0xFF, 0xFF, 0xFF, 0xFD, 0x10, 0x00, 0x00, 0x00, 0xDF, 0xFF, 0xFF, 0xFF, 0xFF, 0xFF,
  0xFF, 0xFF, 0xFF, 0xFF, 0x90, 0x00, 0x00, 0x00, 0xDF, 0xFF, 0xF8, 0x22, 0x22, 0x22, 0x36, 0xCF,
  0xFF, 0xFF, 0xF2, 0x00, 0x00, 0x00, 0xDF, 0xFF, 0xF7, 0x00, 0x00, 0x00, 0x00, 0x09, 0xFF, 0xFF,
  0xF6, 0x00, 0x00, 0x00, 0xDF, 0xFF, 0xF7, 0x00, 0x00, 0x00, 0x00, 0x01, 0xDF, 0xFF, 0xF9, 0x00,
  0x00, 0x00, 0xDF, 0xFF, 0xF7, 0x00, 0x00, 0x00, 0x00, 0x00, 0xAF, 0xFF, 0xFA, 0x00, 0x00, 0x00,
  0xDF, 0xFF, 0xF7, 0x00, 0x00, 0x00, 0x00, 0x00, 0xAF, 0xFF, 0xFB, 0x00, 0x00, 0x00, 0xDF, 0xFF,
  0xF7, 0x00, 0x00, 0x00, 0x00, 0x00, 0xBF, 0xFF, 0xFA, 0x00, 0x00, 0x00, 0xDF, 0xFF, 0xF7, 0x00,
  0x00, 0x00, 0x00, 0x02, 0xEF, 0xFF, 0xF9, 0x00, 0x00, 0x00, 0xDF, 0xFF, 0xF7, 0x00, 0x00, 0x00,
  0x00, 0x1B, 0xFF, 0xFF, 0xF6, 0x00, 0x00, 0x00, 0xDF, 0xFF, 0xF9, 0x44, 0x44, 0x44, 0x58, 0xDF,
  0xFF, 0xFF, 0xE1, 0x00, 0x00, 0x00, 0xDF, 0xFF, 0xFF, 0xFF, 0xFF, 0xFF, 0xFF, 0xFF, 0xFF, 0xFF,
  0x70, 0x00, 0x00, 0x00, 0xDF, 0xFF, 0xFF, 0xFF, 0xFF, 0xFF, 0xFF, 0xFF, 0xFF, 0xFB, 0x00, 0x00,
  0x00, 0x00, 0xDF, 0xFF, 0xFF, 0xFF, 0xFF, 0xFF, 0xFF, 0xFF, 0xFF, 0xA1, 0x00, 0x00, 0x00, 0x00,
  0xDF, 0xFF, 0xFF, 0xFF, 0xFF, 0xFF, 0xFF, 0xFF, 0xD6, 0x00, 0x00, 0x00, 0x00, 0x00, 0xDF, 0xFF,
  0xFD, 0xCC, 0xCC, 0xCC, 0xCB, 0x85, 0x10, 0x00, 0x00, 0x00, 0x00, 0x00, 0xDF, 0xFF, 0xF7, 0x00,
  0x00, 0x00, 0x00, 0x00, 0x00, 0x00, 0x00, 0x00, 0x00, 0x00, 0xDF, 0xFF, 0xF7, 0x00, 0x00, 0x00,
  0x00, 0x00, 0x00, 0x00, 0x00, 0x00, 0x00, 0x00, 0xDF, 0xFF, 0xF7, 0x00, 0x00, 0x00, 0x00, 0x00,
  0x00, 0x00, 0x00, 0x00, 0x00, 0x00, 0xDF, 0xFF, 0xF7, 0x00, 0x00, 0x00, 0x00, 0x00, 0x00, 0x00,
  0x00, 0x00, 0x00, 0x00, 0xDF, 0xFF, 0xF7, 0x00, 0x00, 0x00, 0x00, 0x00, 0x00, 0x00, 0x00, 0x00,
  0x00, 0x00, 0xDF, 0xFF, 0xF7, 0x00, 0x00, 0x00, 0x00, 0x00, 0x00, 0x00, 0x00, 0x00, 0x00, 0x00,
  0xDF, 0xFF, 0xF7, 0x00, 0x00, 0x00, 0x00, 0x00, 0x00, 0x00, 0x00, 0x00, 0x00, 0x00, 0xDF, 0xFF,
  0xF7, 0x00, 0x00, 0x00, 0x00, 0x00, 0x00, 0x00, 0x00, 0x00, 0x00, 0x00, 0xDF, 0xFF, 0xF7, 0x00,
  0x00, 0x00, 0x00, 0x00, 0x00, 0x00, 0x00, 0x00, 0x00, 0x00, 0xEF, 0xFF, 0xF7, 0x00, 0x00, 0x00,
  0x00, 0x00, 0x00, 0x00, 0x00, 0x00, 0x00, 0x00, 0x9B, 0xAA, 0xB5, 0x00, 0x00, 0x00, 0x00, 0x00,
  0x00, 0x00, 0x00, 0x00, 0x00, 0x00, 0x00, 0x00, 0x00, 0x00, 0x00, 0x00, 0x00, 0x00, 0x00, 0x00,
  0x00, 0x00, 0x00, 0x00, 0x00, 0x00, 0x01, 0x59, 0xBD, 0xEE, 0xDB, 0x95, 0x10, 0x00, 0x00, 0x00,
  0x00, 0x00, 0x00, 0x00, 0x01, 0x8E, 0xFF, 0xFF, 0xFF, 0xFF, 0xFF, 0xE8, 0x10, 0x00, 0x00, 0x00,
  0x00, 0x00, 0x00, 0x3C, 0xFF, 0xFF, 0xFF, 0xFF, 0xFF, 0xFF, 0xFF, 0xC3, 0x00, 0x00, 0x00, 0x00,
  0x00, 0x03, 0xEF, 0xFF, 0xFF, 0xFF, 0xFF, 0xFF, 0xFF, 0xFF, 0xFE, 0x30, 0x00, 0x00, 0x00, 0x00,
  0x1D, 0xFF, 0xFF, 0xFF, 0xFD, 0xCC, 0xDF, 0xFF, 0xFF, 0xFF, 0xD1, 0x00, 0x00, 0x00, 0x00, 0x9F,
  0xFF, 0xFF, 0xF9, 0x31, 0x00, 0x13, 0x9F, 0xFF, 0xFF, 0xF9, 0x00, 0x00, 0x00, 0x02, 0xEF, 0xFF,
  0xFE, 0x50, 0x00, 0x00, 0x00, 0x05, 0xEF, 0xFF, 0xFE, 0x20, 0x00, 0x00, 0x06, 0xFF, 0xFF, 0xF6,
  0x00, 0x00, 0x00, 0x00, 0x00, 0x6F, 0xFF, 0xFF, 0x60, 0x00, 0x00, 0x0A, 0xFF, 0xFF, 0xC0, 0x00,
  0x00, 0x00, 0x00, 0x00, 0x0C, 0xFF, 0xFF, 0xA0, 0x00, 0x00, 0x0C, 0xFF, 0xFF, 0x80, 0x00, 0x00,
  0x00, 0x00, 0x00, 0x08, 0xFF, 0xFF, 0xC0, 0x00, 0x00, 0x1D, 0xFF, 0xFF, 0x60, 0x00, 0x00, 0x00,
  0x00, 0x00, 0x06, 0xFF, 0xFF, 0xD1, 0x00, 0x00, 0x1E, 0xFF, 0xFF, 0x50, 0x00, 0x00, 0x00, 0x00,
  0x00, 0x05, 0xFF, 0xFF, 0xE1, 0x00, 0x00, 0x1E, 0xFF, 0xFF, 0x50, 0x00, 0x00, 0x00, 0x00, 0x00,
  0x05, 0xFF, 0xFF, 0xE1, 0x00, 0x00, 0x1E, 0xFF, 0xFF, 0x50, 0x00, 0x00, 0x00, 0x00, 0x00, 0x05,
  0xFF, 0xFF, 0xE1, 0x00, 0x00, 0x1E, 0xFF, 0xFF, 0x50, 0x00, 0x00, 0x00, 0x00, 0x00, 0x05, 0xFF,
  0xFF, 0xE1, 0x00, 0x00, 0x1E, 0xFF, 0xFF, 0x50, 0x00, 0x00, 0x00, 0x00, 0x00, 0x05, 0xFF, 0xFF,
  0xE1, 0x00, 0x00, 0x1E, 0xFF, 0xFF, 0x50, 0x00, 0x00, 0x00, 0x00, 0x00, 0x05, 0xFF, 0xFF, 0xE1,
  0x00, 0x00, 0x1E, 0xFF, 0xFF, 0x50, 0x00, 0x00, 0x00, 0x00, 0x00, 0x05, 0xFF, 0xFF, 0xE1, 0x00,
  0x00, 0x1E, 0xFF, 0xFF, 0x50, 0x00, 0x00, 0x00, 0x00, 0x00, 0x05, 0xFF, 0xFF, 0xE1, 0x00, 0x00,
  0x1E, 0xFF, 0xFF, 0x50, 0x00, 0x00, 0x00, 0x00, 0x00, 0x05, 0xFF, 0xFF, 0xE1, 0x00, 0x00, 0x0D,
  0xFF, 0xFF, 0x70, 0x00, 0x00, 0x00, 0x00, 0x00, 0x07, 0xFF, 0xFF, 0xD0, 0x00, 0x00, 0x0B, 0xFF,
  0xFF, 0xA0, 0x00, 0x00, 0x00, 0x00, 0x00, 0x0A, 0xFF, 0xFF, 0xC0, 0x00, 0x00, 0x09, 0xFF, 0xFF,
  0xE2, 0x00, 0x00, 0x00, 0x00, 0x00, 0x2E, 0xFF, 0xFF, 0x90, 0x00, 0x00, 0x05, 0xFF, 0xFF, 0xFB,
  0x00, 0x00, 0x00, 0x00, 0x00, 0xBF, 0xFF, 0xFF, 0x50, 0x00, 0x00, 0x01, 0xDF, 0xFF, 0xFF, 0xB3,
  0x00, 0x00, 0x00, 0x2B, 0xFF, 0xFF, 0xFD, 0x10, 0x00, 0x00, 0x00, 0x6F, 0xFF, 0xFF, 0xFE, 0xA7,
  0x55, 0x7A, 0xEF, 0xFF, 0xFF, 0xF7, 0x00, 0x00, 0x00, 0x00, 0x0A, 0xFF, 0xFF, 0xFF, 0xFF, 0xFF,
  0xFF, 0xFF, 0xFF, 0xFF, 0xB0, 0x00, 0x00, 0x00, 0x00, 0x01, 0xBF, 0xFF, 0xFF, 0xFF, 0xFF, 0xFF,
  0xFF, 0xFF, 0xFC, 0x10, 0x00, 0x00, 0x00, 0x00, 0x00, 0x08, 0xFF, 0xFF, 0xFF, 0xFF, 0xFF, 0xFF,
  0xFF, 0x91, 0x00, 0x00, 0x00, 0x00, 0x00, 0x00, 0x00, 0x39, 0xEF, 0xFF, 0xFF, 0xFF, 0xFE, 0xB4,
  0x00, 0x00, 0x00, 0x00, 0x00, 0x00, 0x00, 0x00, 0x00, 0x25, 0xBF, 0xFF, 0xFD, 0x52, 0x00, 0x00,
  0x00, 0x00, 0x00, 0x00, 0x00, 0x00, 0x00, 0x00, 0x00, 0x7F, 0xFF, 0xFB, 0x00, 0x00, 0x00, 0x00,
  0x00, 0x00, 0x00, 0x00, 0x00, 0x00, 0x00, 0x00, 0x8F, 0xFF, 0xFC, 0x00, 0x00, 0x00, 0x00, 0x00,
  0x00, 0x00, 0x00, 0x00, 0x00, 0x00, 0x00, 0x7F, 0xFF, 0xFF, 0xA8, 0x94, 0x00, 0x00, 0x00, 0x00,
  0x00, 0x00, 0x00, 0x00, 0x00, 0x00, 0x5F, 0xFF, 0xFF, 0xFF, 0xF8, 0x00, 0x00, 0x00, 0x00, 0x00,
  0x00, 0x00, 0x00, 0x00, 0x00, 0x1E, 0xFF, 0xFF, 0xFE, 0xF7, 0x00, 0x00, 0x00, 0x00, 0x00, 0x00,
  0x00, 0x00, 0x00, 0x00, 0x05, 0xFF, 0xFF, 0xFF, 0xF8, 0x00, 0x00, 0x00, 0x00, 0x00, 0x00, 0x00,
  0x00, 0x00, 0x00, 0x00, 0x4A, 0xDE, 0xEE, 0xE7, 0x00, 0x00, 0x00, 0x00, 0x00, 0x00, 0x00, 0x00,
  0x00, 0x00, 0x00, 0x00, 0x11, 0x11, 0x10, 0x00, 0x00, 0x00, 0x00, 0x00, 0x00, 0x11, 0x11, 0x11,
  0x11, 0x11, 0x11, 0x10, 0x00, 0x00, 0x00, 0x00, 0x00, 0x00, 0x01, 0xEE, 0xEE, 0xEE, 0xEE, 0xEE,
  0xEE, 0xED, 0xB8, 0x40, 0x00, 0x00, 0x00, 0x00, 0x02, 0xFF, 0xFF, 0xFF, 0xFF, 0xFF, 0xFF, 0xFF,
  0xFF, 0xFB, 0x30, 0x00, 0x00, 0x00, 0x02, 0xFF, 0xFF, 0xFF, 0xFF, 0xFF, 0xFF, 0xFF, 0xFF, 0xFF,
  0xE4, 0x00, 0x00, 0x00, 0x02, 0xFF, 0xFF, 0xFF, 0xFF, 0xFF, 0xFF, 0xFF, 0xFF, 0xFF, 0xFE, 0x20,
  0x00, 0x00, 0x02, 0xFF, 0xFF, 0xFF, 0xFF, 0xFF, 0xFF, 0xFF, 0xFF, 0xFF, 0xFF, 0x90, 0x00, 0x00,
  0x02, 0xFF, 0xFF, 0xF4, 0x22, 0x22, 0x22, 0x25, 0xCF, 0xFF, 0xFF, 0xE1, 0x00, 0x00, 0x02, 0xFF,
  0xFF, 0xF2, 0x00, 0x00, 0x00, 0x00, 0x0B, 0xFF, 0xFF, 0xF3, 0x00, 0x00, 0x02, 0xFF, 0xFF, 0xF3,
  0x00, 0x00, 0x00, 0x00, 0x03, 0xFF, 0xFF, 0xF5, 0x00, 0x00, 0x02, 0xFF, 0xFF, 0xF3, 0x00, 0x00,
  0x00, 0x00, 0x00, 0xDF, 0xFF, 0xF5, 0x00, 0x00, 0x02, 0xFF, 0xFF, 0xF3, 0x00, 0x00, 0x00, 0x00,
  0x00, 0xDF, 0xFF, 0xF5, 0x00, 0x00, 0x02, 0xFF, 0xFF, 0xF3, 0x00, 0x00, 0x00, 0x00, 0x01, 0xDF,
  0xFF, 0xF3, 0x00, 0x00, 0x02, 0xFF, 0xFF, 0xF3, 0x00, 0x00, 0x00, 0x00, 0x04, 0xFF, 0xFF, 0xD0,
  0x00, 0x00, 0x02, 0xFF, 0xFF, 0xF2, 0x00, 0x00, 0x00, 0x00, 0x2C, 0xFF, 0xFF, 0x70, 0x00, 0x00,
  0x02, 0xFF, 0xFF, 0xF6, 0x44, 0x44, 0x44, 0x58, 0xEF, 0xFF, 0xFB, 0x00, 0x00, 0x00, 0x02, 0xFF,
  0xFF, 0xFF, 0xFF, 0xFF, 0xFF, 0xFF, 0xFF, 0xFF, 0xA1, 0x00, 0x00, 0x00, 0x02, 0xFF, 0xFF, 0xFF,
  0xFF, 0xFF, 0xFF, 0xFF, 0xFF, 0xF6, 0x00, 0x00, 0x00, 0x00, 0x02, 0xFF, 0xFF, 0xFF, 0xFF, 0xFF,
  0xFF, 0xFF, 0xFF, 0xFB, 0x71, 0x00, 0x00, 0x00, 0x02, 0xFF, 0xFF, 0xFF, 0xFF, 0xFF, 0xFF, 0xFF,
  0xFF, 0xFF, 0xFB, 0x00, 0x00, 0x00, 0x02, 0xFF, 0xFF, 0xFD, 0xCC, 0xCC, 0xCC, 0xCC, 0xFF, 0xFF,
  0xFF, 0x40, 0x00, 0x00, 0x02, 0xFF, 0xFF, 0xF2, 0x00, 0x00, 0x00, 0x00, 0x4E, 0xFF, 0xFF, 0x80,
  0x00, 0x00, 0x02, 0xFF, 0xFF, 0xF3, 0x00, 0x00, 0x00, 0x00, 0x0A, 0xFF, 0xFF, 0x80, 0x00, 0x00,
  0x02, 0xFF, 0xFF, 0xF3, 0x00, 0x00, 0x00, 0x00, 0x09, 0xFF, 0xFF, 0x80, 0x00, 0x00, 0x02, 0xFF,
  0xFF, 0xF3, 0x00, 0x00, 0x00, 0x00, 0x09, 0xFF, 0xFF, 0x80, 0x00, 0x00, 0x02, 0xFF, 0xFF, 0xF3,
  0x00, 0x00, 0x00, 0x00, 0x09, 0xFF, 0xFF, 0x80, 0x00, 0x00, 0x02, 0xFF, 0xFF, 0xF3, 0x00, 0x00,
  0x00, 0x00, 0x09, 0xFF, 0xFF, 0x80, 0x00, 0x00, 0x02, 0xFF, 0xFF, 0xF3, 0x00, 0x00, 0x00, 0x00,
  0x09, 0xFF, 0xFF, 0x80, 0x00, 0x00, 0x02, 0xFF, 0xFF, 0xF3, 0x00, 0x00, 0x00, 0x00, 0x09, 0xFF,
  0xFF, 0x80, 0x00, 0x00, 0x02, 0xFF, 0xFF, 0xF3, 0x00, 0x00, 0x00, 0x00, 0x09, 0xFF, 0xFF, 0x80,
  0x00, 0x00, 0x02, 0xFF, 0xFF, 0xF3, 0x00, 0x00, 0x00, 0x00, 0x0A, 0xFF, 0xFF, 0x90, 0x00, 0x00,
  0x01, 0xEE, 0xEE, 0xD2, 0x00, 0x00, 0x00, 0x00, 0x09, 0xEE, 0xEE, 0x80, 0x00, 0x00, 0x00, 0x11,
  0x11, 0x10, 0x00, 0x00, 0x00, 0x00, 0x00, 0x11, 0x11, 0x00, 0x00, 0x00, 0x00, 0x00, 0x00, 0x27,
  0xAC, 0xDE, 0xED, 0xB8, 0x51, 0x00, 0x00, 0x00, 0x00, 0x00, 0x00, 0x00, 0x29, 0xFF, 0xFF, 0xFF,
  0xFF, 0xFF, 0xFD, 0x60, 0x00, 0x00, 0x00, 0x00, 0x00, 0x04, 0xDF, 0xFF, 0xFF, 0xFF, 0xFF, 0xFF,
  0xFF, 0xFA, 0x10, 0x00, 0x00, 0x00, 0x00, 0x3E, 0xFF, 0xFF, 0xFF, 0xFF, 0xFF, 0xFF, 0xFF, 0xFF,
  0xB0, 0x00, 0x00, 0x00, 0x00, 0xBF, 0xFF, 0xFF, 0xFD, 0xA9, 0xAC, 0xEF, 0xFF, 0xFF, 0xF7, 0x00,
  0x00, 0x00, 0x04, 0xFF, 0xFF, 0xFC, 0x40, 0x00, 0x00, 0x28, 0xFF, 0xFF, 0xFE, 0x10, 0x00, 0x00,
  0x08, 0xFF, 0xFF, 0xE2, 0x00, 0x00, 0x00, 0x00, 0x7F, 0xFF, 0xFF, 0x60, 0x00, 0x00, 0x0A, 0xFF,
  0xFF, 0xB0, 0x00, 0x00, 0x00, 0x00, 0x1D, 0xFF, 0xFF, 0x80, 0x00, 0x00, 0x0A, 0xFF, 0xFF, 0xA0,
  0x00, 0x00, 0x00, 0x00, 0x0A, 0xFF, 0xFF, 0xA0, 0x00, 0x00, 0x0A, 0xFF, 0xFF, 0xD1, 0x00, 0x00,
  0x00, 0x00, 0x0A, 0xFF, 0xFF, 0xB0, 0x00, 0x00, 0x08, 0xFF, 0xFF, 0xFB, 0x20, 0x00, 0x00, 0x00,
  0x06, 0x98, 0x89, 0x60, 0x00, 0x00, 0x03, 0xFF, 0xFF, 0xFF, 0xE9, 0x42, 0x00, 0x00, 0x00, 0x00,
  0x00, 0x00, 0x00, 0x00, 0x00, 0xAF, 0xFF, 0xFF, 0xFF, 0xFE, 0xC9, 0x52, 0x00, 0x00, 0x00, 0x00,
  0x00, 0x00, 0x00, 0x1C, 0xFF, 0xFF, 0xFF, 0xFF, 0xFF, 0xFE, 0xB6, 0x10, 0x00, 0x00, 0x00, 0x00,
  0x00, 0x01, 0xAF, 0xFF, 0xFF, 0xFF, 0xFF, 0xFF, 0xFF, 0xD7, 0x10, 0x00, 0x00, 0x00, 0x00, 0x00,
  0x04, 0xBF, 0xFF, 0xFF, 0xFF, 0xFF, 0xFF, 0xFF, 0xC2, 0x00, 0x00, 0x00, 0x00, 0x00, 0x00, 0x02,
  0x7B, 0xDF, 0xFF, 0xFF, 0xFF, 0xFF, 0xFD, 0x10, 0x00, 0x00, 0x00, 0x00, 0x00, 0x00, 0x00, 0x13,
  0x6A, 0xDF, 0xFF, 0xFF, 0xFF, 0x90, 0x00, 0x00, 0x12, 0x22, 0x22, 0x00, 0x00, 0x00, 0x00, 0x15,
  0xBF, 0xFF, 0xFF, 0xE2, 0x00, 0x00, 0x6E, 0xEE, 0xEC, 0x10, 0x00, 0x00, 0x00, 0x00, 0x09, 0xFF,
  0xFF, 0xF5, 0x00, 0x00, 0x7F, 0xFF, 0xFD, 0x10, 0x00, 0x00, 0x00, 0x00, 0x02, 0xEF, 0xFF, 0xF6,
  0x00, 0x00, 0x6F, 0xFF, 0xFE, 0x20, 0x00, 0x00, 0x00, 0x00, 0x01, 0xDF, 0xFF, 0xF6, 0x00, 0x00,
  0x3F, 0xFF, 0xFF, 0x60, 0x00, 0x00, 0x00, 0x00, 0x02, 0xFF, 0xFF, 0xF5, 0x00, 0x00, 0x0D, 0xFF,
  0xFF, 0xE3, 0x00, 0x00, 0x00, 0x00, 0x0A, 0xFF, 0xFF, 0xF2, 0x00, 0x00, 0x07, 0xFF, 0xFF, 0xFE,
  0x71, 0x00, 0x00, 0x03, 0xAF, 0xFF, 0xFF, 0xB0, 0x00, 0x00, 0x01, 0xDF, 0xFF, 0xFF, 0xFE, 0xCA,
  0x9A, 0xCF, 0xFF, 0xFF, 0xFF, 0x30, 0x00, 0x00, 0x00, 0x3E, 0xFF, 0xFF, 0xFF, 0xFF, 0xFF, 0xFF,
  0xFF, 0xFF, 0xF7, 0x00, 0x00, 0x00, 0x00, 0x03, 0xCF, 0xFF, 0xFF, 0xFF, 0xFF, 0xFF, 0xFF, 0xFE,
  0x60, 0x00, 0x00, 0x00, 0x00, 0x00, 0x17, 0xDF, 0xFF, 0xFF, 0xFF, 0xFF, 0xFF, 0xA3, 0x00, 0x00,
  0x00, 0x00, 0x00, 0x00, 0x00, 0x15, 0x9B, 0xDE, 0xED, 0xCA, 0x73, 0x00, 0x00, 0x00, 0x00, 0x00,
  0x00, 0x00, 0x00, 0x00, 0x00, 0x11, 0x11, 0x00, 0x00, 0x00, 0x00, 0x00, 0x00, 0x00, 0x11, 0x11,
  0x11, 0x11, 0x11, 0x11, 0x11, 0x11, 0x11, 0x11, 0x11, 0x00, 0x01, 0xDE, 0xEE, 0xEE, 0xEE, 0xEE,
  0xEE, 0xEE, 0xEE, 0xEE, 0xEE, 0xED, 0x10, 0x01, 0xFF, 0xFF, 0xFF, 0xFF, 0xFF, 0xFF, 0xFF, 0xFF,
  0xFF, 0xFF, 0xFF, 0x10, 0x01, 0xFF, 0xFF, 0xFF, 0xFF, 0xFF, 0xFF, 0xFF, 0xFF, 0xFF, 0xFF, 0xFF,
  0x10, 0x01, 0xFF, 0xFF, 0xFF, 0xFF, 0xFF, 0xFF, 0xFF, 0xFF, 0xFF, 0xFF, 0xFF, 0x10, 0x01, 0xFF,
  0xFF, 0xFF, 0xFF, 0xFF, 0xFF, 0xFF, 0xFF, 0xFF, 0xFF, 0xFF, 0x10, 0x00, 0x22, 0x22, 0x22, 0x22,
  0x8F, 0xFF, 0xFB, 0x22, 0x22, 0x22, 0x22, 0x00, 0x00, 0x00, 0x00, 0x00, 0x00, 0x7F, 0xFF, 0xFA,
  0x00, 0x00, 0x00, 0x00, 0x00, 0x00, 0x00, 0x00, 0x00, 0x00, 0x7F, 0xFF, 0xFB, 0x00, 0x00, 0x00,
  0x00, 0x00, 0x00, 0x00, 0x00, 0x00, 0x00, 0x7F, 0xFF, 0xFB, 0x00, 0x00, 0x00, 0x00, 0x00, 0x00,
  0x00, 0x00, 0x00, 0x00, 0x7F, 0xFF, 0xFB, 0x00, 0x00, 0x00, 0x00, 0x00, 0x00, 0x00, 0x00, 0x00,
  0x00, 0x7F, 0xFF, 0xFB, 0x00, 0x00, 0x00, 0x00, 0x00, 0x00, 0x00, 0x00, 0x00, 0x00, 0x7F, 0xFF,
  0xFB, 0x00, 0x00, 0x00, 0x00, 0x00, 0x00, 0x00, 0x00, 0x00, 0x00, 0x7F, 0xFF, 0xFB, 0x00, 0x00,
  0x00, 0x00, 0x00, 0x00, 0x00, 0x00, 0x00, 0x00, 0x7F, 0xFF, 0xFB, 0x00, 0x00, 0x00, 0x00, 0x00,
  0x00, 0x00, 0x00, 0x00, 0x00, 0x7F, 0xFF, 0xFB, 0x00, 0x00, 0x00, 0x00, 0x00, 0x00, 0x00, 0x00,
  0x00, 0x00, 0x7F, 0xFF, 0xFB, 0x00, 0x00, 0x00, 0x00, 0x00, 0x00, 0x00, 0x00, 0x00, 0x00, 0x7F,
  0xFF, 0xFB, 0x00, 0x00, 0x00, 0x00, 0x00, 0x00, 0x00, 0x00, 0x00, 0x00, 0x7F, 0xFF, 0xFB, 0x00,
  0x00, 0x00, 0x00, 0x00, 0x00, 0x00, 0x00, 0x00, 0x00, 0x7F, 0xFF, 0xFB, 0x00, 0x00, 0x00, 0x00,
  0x00, 0x00, 0x00, 0x00, 0x00, 0x00, 0x7F, 0xFF, 0xFB, 0x00, 0x00, 0x00, 0x00, 0x00, 0x00, 0x00,
  0x00, 0x00, 0x00, 0x7F, 0xFF, 0xFB, 0x00, 0x00, 0x00, 0x00, 0x00, 0x00, 0x00, 0x00, 0x00, 0x00,
  0x7F, 0xFF, 0xFB, 0x00, 0x00, 0x00, 0x00, 0x00, 0x00, 0x00, 0x00, 0x00, 0x00, 0x7F, 0xFF, 0xFB,
  0x00, 0x00, 0x00, 0x00, 0x00, 0x00, 0x00, 0x00, 0x00, 0x00, 0x7F, 0xFF, 0xFB, 0x00, 0x00, 0x00,
  0x00, 0x00, 0x00, 0x00, 0x00, 0x00, 0x00, 0x7F, 0xFF, 0xFB, 0x00, 0x00, 0x00, 0x00, 0x00, 0x00,
  0x00, 0x00, 0x00, 0x00, 0x7F, 0xFF, 0xFB, 0x00, 0x00, 0x00, 0x00, 0x00, 0x00, 0x00, 0x00, 0x00,
  0x00, 0x7F, 0xFF, 0xFB, 0x00, 0x00, 0x00, 0x00, 0x00, 0x00, 0x00, 0x00, 0x00, 0x00, 0x7F, 0xFF,
  0xFA, 0x00, 0x00, 0x00, 0x00, 0x00, 0x00, 0x00, 0x00, 0x00, 0x00, 0x8F, 0xFF, 0xFB, 0x00, 0x00,
  0x00, 0x00, 0x00, 0x00, 0x00, 0x00, 0x00, 0x00, 0x7E, 0xEE, 0xEA, 0x00, 0x00, 0x00, 0x00, 0x00,
  0x00, 0x00, 0x00, 0x00, 0x00, 0x01, 0x11, 0x10, 0x00, 0x00, 0x00, 0x00, 0x00, 0x00, 0x00, 0x11,
  0x11, 0x10, 0x00, 0x00, 0x00, 0x00, 0x00, 0x01, 0x11, 0x11, 0x00, 0x00, 0x00, 0x07, 0xEE, 0xEE,
  0xB0, 0x00, 0x00, 0x00, 0x00, 0x00, 0x1D, 0xEE, 0xEE, 0x40, 0x00, 0x00, 0x08, 0xFF, 0xFF, 0xC0,
  0x00, 0x00, 0x00, 0x00, 0x00, 0x1E, 0xFF, 0xFF, 0x50, 0x00, 0x00, 0x07, 0xFF, 0xFF, 0xB0, 0x00,
  0x00, 0x00, 0x00, 0x00, 0x1E, 0xFF, 0xFF, 0x50, 0x00, 0x00, 0x07, 0xFF, 0xFF, 0xB0, 0x00, 0x00,
  0x00, 0x00, 0x00, 0x1E, 0xFF, 0xFF, 0x50, 0x00, 0x00, 0x07, 0xFF, 0xFF, 0xB0, 0x00, 0x00, 0x00,
  0x00, 0x00, 0x1E, 0xFF, 0xFF, 0x50, 0x00, 0x00, 0x07, 0xFF, 0xFF, 0xB0, 0x00, 0x00, 0x00, 0x00,
  0x00, 0x1E, 0xFF, 0xFF, 0x50, 0x00, 0x00, 0x07, 0xFF, 0xFF, 0xB0, 0x00, 0x00, 0x00, 0x00, 0x00,
  0x1E, 0xFF, 0xFF, 0x50, 0x00, 0x00, 0x07, 0xFF, 0xFF, 0xB0, 0x00, 0x00, 0x00, 0x00, 0x00, 0x1E,
  0xFF, 0xFF, 0x50, 0x00, 0x00, 0x07, 0xFF, 0xFF, 0xB0, 0x00, 0x00, 0x00, 0x00, 0x00, 0x1E, 0xFF,
  0xFF, 0x50, 0x00, 0x00, 0x07, 0xFF, 0xFF, 0xB0, 0x00, 0x00, 0x00, 0x00, 0x00, 0x1E, 0xFF, 0xFF,
  0x50, 0x00, 0x00, 0x07, 0xFF, 0xFF, 0xB0, 0x00, 0x00, 0x00, 0x00, 0x00, 0x1E, 0xFF, 0xFF, 0x50,
  0x00, 0x00, 0x07, 0xFF, 0xFF, 0xB0, 0x00, 0x00, 0x00, 0x00, 0x00, 0x1E, 0xFF, 0xFF, 0x50, 0x00,
  0x00, 0x07, 0xFF, 0xFF, 0xB0, 0x00, 0x00, 0x00, 0x00, 0x00, 0x1E, 0xFF, 0xFF, 0x50, 0x00, 0x00,
  0x07, 0xFF, 0xFF, 0xB0, 0x00, 0x00, 0x00, 0x00, 0x00, 0x1E, 0xFF, 0xFF, 0x50, 0x00, 0x00, 0x07,
  0xFF, 0xFF, 0xB0, 0x00, 0x00, 0x00, 0x00, 0x00, 0x1E, 0xFF, 0xFF, 0x50, 0x00, 0x00, 0x07, 0xFF,
  0xFF, 0xB0, 0x00, 0x00, 0x00, 0x00, 0x00, 0x1E, 0xFF, 0xFF, 0x50, 0x00, 0x00, 0x07, 0xFF, 0xFF,
  0xB0, 0x00, 0x00, 0x00, 0x00, 0x00, 0x1E, 0xFF, 0xFF, 0x50, 0x00, 0x00, 0x07, 0xFF, 0xFF, 0xB0,
  0x00, 0x00, 0x00, 0x00, 0x00, 0x1E, 0xFF, 0xFF, 0x50, 0x00, 0x00, 0x07, 0xFF, 0xFF, 0xB0, 0x00,
  0x00, 0x00, 0x00, 0x00, 0x1E, 0xFF, 0xFF, 0x50, 0x00, 0x00, 0x07, 0xFF, 0xFF, 0xC0, 0x00, 0x00,
  0x00, 0x00, 0x00, 0x1E, 0xFF, 0xFF, 0x40, 0x00, 0x00, 0x06, 0xFF, 0xFF, 0xD0, 0x00, 0x00, 0x00,
  0x00, 0x00, 0x2F, 0xFF, 0xFF, 0x40, 0x00, 0x00, 0x05, 0xFF, 0xFF, 0xF2, 0x00, 0x00, 0x00, 0x00,
  0x00, 0x5F, 0xFF, 0xFF, 0x20, 0x00, 0x00, 0x02, 0xEF, 0xFF, 0xF8, 0x00, 0x00, 0x00, 0x00, 0x00,
  0xAF, 0xFF, 0xFC, 0x00, 0x00, 0x00, 0x00, 0xBF, 0xFF, 0xFE, 0x40, 0x00, 0x00, 0x00, 0x06, 0xFF,
  0xFF, 0xF8, 0x00, 0x00, 0x00, 0x00, 0x5F, 0xFF, 0xFF, 0xE7, 0x20, 0x00, 0x03, 0x9F, 0xFF, 0xFF,
  0xF2, 0x00, 0x00, 0x00, 0x00, 0x0B, 0xFF, 0xFF, 0xFF, 0xEC, 0xBB, 0xDF, 0xFF, 0xFF, 0xFF, 0x80,
  0x00, 0x00, 0x00, 0x00, 0x02, 0xDF, 0xFF, 0xFF, 0xFF, 0xFF, 0xFF, 0xFF, 0xFF, 0xFB, 0x10, 0x00,
  0x00, 0x00, 0x00, 0x00, 0x2C, 0xFF, 0xFF, 0xFF, 0xFF, 0xFF, 0xFF, 0xFF, 0xA1, 0x00, 0x00, 0x00,
  0x00, 0x00, 0x00, 0x01, 0x8E, 0xFF, 0xFF, 0xFF, 0xFF, 0xFF, 0xD6, 0x00, 0x00, 0x00, 0x00, 0x00,
  0x00, 0x00, 0x00, 0x01, 0x69, 0xCD, 0xEE, 0xDB, 0x95, 0x10, 0x00, 0x00, 0x00, 0x00, 0x00, 0x00,
  0x00, 0x00, 0x00, 0x00, 0x01, 0x11, 0x00, 0x00, 0x00, 0x00, 0x00, 0x00, 0x00, 0x00, 0x11, 0x11,
  0x10, 0x00, 0x00, 0x00, 0x00, 0x00, 0x00, 0x01, 0x11, 0x11, 0x00, 0x02, 0xEE, 0xEE, 0xE8, 0x00,
  0x00, 0x00, 0x00, 0x00, 0x00, 0x9E, 0xEE, 0xED, 0x20, 0x00, 0xDF, 0xFF, 0xFC, 0x00, 0x00, 0x00,
  0x00, 0x00, 0x00, 0xDF, 0xFF, 0xFC, 0x00, 0x00, 0x9F, 0xFF, 0xFE, 0x20, 0x00, 0x00, 0x00, 0x00,
  0x02, 0xFF, 0xFF, 0xF9, 0x00, 0x00, 0x6F, 0xFF, 0xFF, 0x50, 0x00, 0x00, 0x00, 0x00, 0x05, 0xFF,
  0xFF, 0xF5, 0x00, 0x00, 0x2F, 0xFF, 0xFF, 0x80, 0x00, 0x00, 0x00, 0x00, 0x08, 0xFF, 0xFF, 0xF2,
  0x00, 0x00, 0x0D, 0xFF, 0xFF, 0xB0, 0x00, 0x00, 0x00, 0x00, 0x0C, 0xFF, 0xFF, 0xC0, 0x00, 0x00,
  0x09, 0xFF, 0xFF, 0xE1, 0x00, 0x00, 0x00, 0x00, 0x1E, 0xFF, 0xFF, 0x90, 0x00, 0x00, 0x06, 0xFF,
  0xFF, 0xF4, 0x00, 0x00, 0x00, 0x00, 0x5F, 0xFF, 0xFF, 0x50, 0x00, 0x00, 0x02, 0xFF, 0xFF, 0xF7,
  0x00, 0x00, 0x00, 0x00, 0x8F, 0xFF, 0xFF, 0x20, 0x00, 0x00, 0x00, 0xDF, 0xFF, 0xFA, 0x00, 0x00,
  0x00, 0x00, 0xBF, 0xFF, 0xFC, 0x00, 0x00, 0x00, 0x00, 0x9F, 0xFF, 0xFD, 0x10, 0x00, 0x00, 0x01,
  0xEF, 0xFF, 0xF9, 0x00, 0x00, 0x00, 0x00, 0x6F, 0xFF, 0xFF, 0x30, 0x00, 0x00, 0x04, 0xFF, 0xFF,
  0xF5, 0x00, 0x00, 0x00, 0x00, 0x2F, 0xFF, 0xFF, 0x60, 0x00, 0x00, 0x07, 0xFF, 0xFF, 0xF2, 0x00,
  0x00, 0x00, 0x00, 0x0D, 0xFF, 0xFF, 0x90, 0x00, 0x00, 0x0A, 0xFF, 0xFF, 0xC0, 0x00, 0x00, 0x00,
  0x00, 0x09, 0xFF, 0xFF, 0xD0, 0x00, 0x00, 0x0D, 0xFF, 0xFF, 0x90, 0x00, 0x00, 0x00, 0x00, 0x06,
  0xFF, 0xFF, 0xF2, 0x00, 0x00, 0x3F, 0xFF, 0xFF, 0x50, 0x00, 0x00, 0x00, 0x00, 0x02, 0xFF, 0xFF,
  0xF5, 0x00, 0x00, 0x6F, 0xFF, 0xFF, 0x20, 0x00, 0x00, 0x00, 0x00, 0x00, 0xDF, 0xFF, 0xF9, 0x00,
  0x00, 0x9F, 0xFF, 0xFC, 0x00, 0x00, 0x00, 0x00, 0x00, 0x00, 0x9F, 0xFF, 0xFC, 0x00, 0x00, 0xCF,
  0xFF, 0xF9, 0x00, 0x00, 0x00, 0x00, 0x00, 0x00, 0x6F, 0xFF, 0xFE, 0x20, 0x02, 0xFF, 0xFF, 0xF5,
  0x00, 0x00, 0x00, 0x00, 0x00, 0x00, 0x3F, 0xFF, 0xFF, 0x50, 0x05, 0xFF, 0xFF, 0xF2, 0x00, 0x00,
  0x00, 0x00, 0x00, 0x00, 0x0D, 0xFF, 0xFF, 0x80, 0x08, 0xFF, 0xFF, 0xC0, 0x00, 0x00, 0x00, 0x00,
  0x00, 0x00, 0x09, 0xFF, 0xFF, 0xB0, 0x0C, 0xFF, 0xFF, 0x90, 0x00, 0x00, 0x00, 0x00, 0x00, 0x00,
  0x06, 0xFF, 0xFF, 0xE1, 0x1E, 0xFF, 0xFF, 0x50, 0x00, 0x00, 0x00, 0x00, 0x00, 0x00, 0x03, 0xFF,
  0xFF, 0xF3, 0x4F, 0xFF, 0xFF, 0x20, 0x00, 0x00, 0x00, 0x00, 0x00, 0x00, 0x00, 0xDF, 0xFF, 0xF6,
  0x6F, 0xFF, 0xFC, 0x00, 0x00, 0x00, 0x00, 0x00, 0x00, 0x00, 0x00, 0x9F, 0xFF, 0xFC, 0xDF, 0xFF,
  0xF9, 0x00, 0x00, 0x00, 0x00, 0x00, 0x00, 0x00, 0x00, 0x6F, 0xFF, 0xFF, 0xFF, 0xFF, 0xF5, 0x00,
  0x00, 0x00, 0x00, 0x00, 0x00, 0x00, 0x00, 0x3F, 0xFF, 0xFF, 0xFF, 0xFF, 0xF2, 0x00, 0x00, 0x00,
  0x00, 0x00, 0x00, 0x00, 0x00, 0x0C, 0xEE, 0xEE, 0xEE, 0xEE, 0xB0, 0x00, 0x00, 0x00, 0x00, 0x00,
  0x00, 0x00, 0x00, 0x00, 0x11, 0x11, 0x11, 0x11, 0x00, 0x00, 0x00, 0x00, 0x00, 0x00, 0x11, 0x11,
  0x11, 0x00, 0x00, 0x00, 0x00, 0x11, 0x11, 0x11, 0x11, 0x10, 0x00, 0x00, 0x00, 0x01, 0x11, 0x11,
  0x00, 0x00, 0x9E, 0xEE, 0xEC, 0x10, 0x00, 0x00, 0x0B, 0xEE, 0xEE, 0xEE, 0xEE, 0xD2, 0x00, 0x00,
  0x00, 0x9E, 0xEE, 0xEC, 0x00, 0x00, 0x8F, 0xFF, 0xFE, 0x10, 0x00, 0x00, 0x1D, 0xFF, 0xFF, 0xFF,
  0xFF, 0xF3, 0x00, 0x00, 0x00, 0xCF, 0xFF, 0xFB, 0x00, 0x00, 0x6F, 0xFF, 0xFF, 0x20, 0x00, 0x00,
  0x2E, 0xFF, 0xFF, 0xFF, 0xFF, 0xF5, 0x00, 0x00, 0x01, 0xDF, 0xFF, 0xF9, 0x00, 0x00, 0x4F, 0xFF,
  0xFF, 0x40, 0x00, 0x00, 0x4F, 0xFF, 0xFD, 0xBF, 0xFF, 0xF7, 0x00, 0x00, 0x01, 0xEF, 0xFF, 0xF7,
  0x00, 0x00, 0x3F, 0xFF, 0xFF, 0x60, 0x00, 0x00, 0x6F, 0xFF, 0xF8, 0x4F, 0xFF, 0xF9, 0x00, 0x00,
  0x02, 0xFF, 0xFF, 0xF5, 0x00, 0x00, 0x1E, 0xFF, 0xFF, 0x70, 0x00, 0x00, 0x8F, 0xFF, 0xF6, 0x3F,
  0xFF, 0xFB, 0x00, 0x00, 0x04, 0xFF, 0xFF, 0xF4, 0x00, 0x00, 0x0D, 0xFF, 0xFF, 0x90, 0x00, 0x00,
  0xAF, 0xFF, 0xF4, 0x1F, 0xFF, 0xFD, 0x00, 0x00, 0x06, 0xFF, 0xFF, 0xE2, 0x00, 0x00, 0x0B, 0xFF,
  0xFF, 0xA0, 0x00, 0x00, 0xCF, 0xFF, 0xF3, 0x0D, 0xFF, 0xFE, 0x20, 0x00, 0x07, 0xFF, 0xFF, 0xE1,
  0x00, 0x00, 0x09, 0xFF, 0xFF, 0xC0, 0x00, 0x01, 0xDF, 0xFF, 0xE2, 0x0C, 0xFF, 0xFF, 0x30, 0x00,
  0x09, 0xFF, 0xFF, 0xC0, 0x00, 0x00, 0x07, 0xFF, 0xFF, 0xD1, 0x00, 0x03, 0xEF, 0xFF, 0xC0, 0x0A,
  0xFF, 0xFF, 0x50, 0x00, 0x0A, 0xFF, 0xFF, 0xA0, 0x00, 0x00, 0x05, 0xFF, 0xFF, 0xE1, 0x00, 0x04,
  0xFF, 0xFF, 0xB0, 0x08, 0xFF, 0xFF, 0x70, 0x00, 0x0C, 0xFF, 0xFF, 0x80, 0x00, 0x00, 0x04, 0xFF,
  0xFF, 0xF2, 0x00, 0x06, 0xFF, 0xFF, 0x90, 0x05, 0xFF, 0xFF, 0x90, 0x00, 0x1D, 0xFF, 0xFF, 0x60,
  0x00, 0x00, 0x02, 0xEF, 0xFF, 0xF4, 0x00, 0x08, 0xFF, 0xFF, 0x60, 0x03, 0xFF, 0xFF, 0xB0, 0x00,
  0x1E, 0xFF, 0xFF, 0x50, 0x00, 0x00, 0x01, 0xEF, 0xFF, 0xF6, 0x00, 0x0A, 0xFF, 0xFF, 0x40, 0x02,
  0xEF, 0xFF, 0xD0, 0x00, 0x2F, 0xFF, 0xFF, 0x30, 0x00, 0x00, 0x00, 0xCF, 0xFF, 0xF7, 0x00, 0x0C,
  0xFF, 0xFF, 0x30, 0x01, 0xDF, 0xFF, 0xE2, 0x00, 0x4F, 0xFF, 0xFE, 0x10, 0x00, 0x00, 0x00, 0xAF,
  0xFF, 0xF9, 0x00, 0x1D, 0xFF, 0xFE, 0x10, 0x00, 0xBF, 0xFF, 0xF4, 0x00, 0x6F, 0xFF, 0xFD, 0x00,
  0x00, 0x00, 0x00, 0x8F, 0xFF, 0xFA, 0x00, 0x3F, 0xFF, 0xFC, 0x00, 0x00, 0xAF, 0xFF, 0xF5, 0x00,
  0x7F, 0xFF, 0xFB, 0x00, 0x00, 0x00, 0x00, 0x6F, 0xFF, 0xFC, 0x00, 0x4F, 0xFF, 0xFB, 0x00, 0x00,
  0x7F, 0xFF, 0xF7, 0x00, 0x9F, 0xFF, 0xF9, 0x00, 0x00, 0x00, 0x00, 0x5F, 0xFF, 0xFD, 0x10, 0x6F,
  0xFF, 0xF8, 0x00, 0x00, 0x5F, 0xFF, 0xF9, 0x00, 0xAF, 0xFF, 0xF8, 0x00, 0x00, 0x00, 0x00, 0x3F,
  0xFF, 0xFE, 0x20, 0x8F, 0xFF, 0xF6, 0x00, 0x00, 0x3F, 0xFF, 0xFC, 0x00, 0xCF, 0xFF, 0xF6, 0x00,
  0x00, 0x00, 0x00, 0x1E, 0xFF, 0xFF, 0x30, 0xBF, 0xFF, 0xF4, 0x00, 0x00, 0x2E, 0xFF, 0xFD, 0x01,
  0xDF, 0xFF, 0xF4, 0x00, 0x00, 0x00, 0x00, 0x0D, 0xFF, 0xFF, 0x40, 0xDF, 0xFF, 0xF3, 0x00, 0x00,
  0x1D, 0xFF, 0xFE, 0x21, 0xEF, 0xFF, 0xF3, 0x00, 0x00, 0x00, 0x00, 0x0B, 0xFF, 0xFF, 0x50, 0xEF,
  0xFF, 0xD1, 0x00, 0x00, 0x0B, 0xFF, 0xFF, 0x32, 0xFF, 0xFF, 0xE1, 0x00, 0x00, 0x00, 0x00, 0x09,
  0xFF, 0xFF, 0x72, 0xFF, 0xFF, 0xC0, 0x00, 0x00, 0x09, 0xFF, 0xFF, 0x53, 0xFF, 0xFF, 0xD0, 0x00,
  0x00, 0x00, 0x00, 0x08, 0xFF, 0xFF, 0x83, 0xFF, 0xFF, 0xA0, 0x00, 0x00, 0x07, 0xFF, 0xFF, 0x65,
  0xFF, 0xFF, 0xB0, 0x00, 0x00, 0x00, 0x00, 0x06, 0xFF, 0xFF, 0xA6, 0xFF, 0xFF, 0x80, 0x00, 0x00,
  0x05, 0xFF, 0xFF, 0x98, 0xFF, 0xFF, 0x90, 0x00, 0x00, 0x00, 0x00, 0x04, 0xFF, 0xFF, 0xFF, 0xFF,
  0xFF, 0x60, 0x00, 0x00, 0x03, 0xFF, 0xFF, 0xFF, 0xFF, 0xFF, 0x70, 0x00, 0x00, 0x00, 0x00, 0x03,
  0xFF, 0xFF, 0xFF, 0xFF, 0xFF, 0x40, 0x00, 0x00, 0x02, 0xEF, 0xFF, 0xFF, 0xFF, 0xFF, 0x50, 0x00,
  0x00, 0x00, 0x00, 0x01, 0xEF, 0xFF, 0xFF, 0xFF, 0xFF, 0x20, 0x00, 0x00, 0x01, 0xDF, 0xFF, 0xFF,
  0xFF, 0xFF, 0x40, 0x00, 0x00, 0x00, 0x00, 0x00, 0xCE, 0xEE, 0xEE, 0xEE, 0xEC, 0x10, 0x00, 0x00,
  0x00, 0xAE, 0xEE, 0xEE, 0xEE, 0xED, 0x20, 0x00, 0x00, 0x00, 0x00, 0x00, 0x01, 0x11, 0x11, 0x11,
  0x11, 0x00, 0x00, 0x00, 0x00, 0x01, 0x11, 0x11, 0x11, 0x11, 0x00, 0x00, 0x00, 0x00, 0x11, 0x11,
  0x11, 0x00, 0x00, 0x00, 0x00, 0x00, 0x00, 0x01, 0x11, 0x11, 0x10, 0x00, 0x0A, 0xEE, 0xEE, 0xE8,
  0x00, 0x00, 0x00, 0x00, 0x00, 0x07, 0xEE, 0xEE, 0xEA, 0x00, 0x00, 0x3F, 0xFF, 0xFF, 0xF2, 0x00,
  0x00, 0x00, 0x00, 0x02, 0xEF, 0xFF, 0xFF, 0x30, 0x00, 0x00, 0x8F, 0xFF, 0xFF, 0xA0, 0x00, 0x00,
  0x00, 0x00, 0x9F, 0xFF, 0xFF, 0x90, 0x00, 0x00, 0x01, 0xDF, 0xFF, 0xFF, 0x30, 0x00, 0x00, 0x00,
  0x3F, 0xFF, 0xFF, 0xE1, 0x00, 0x00, 0x00, 0x06, 0xFF, 0xFF, 0xFB, 0x00, 0x00, 0x00, 0x0B, 0xFF,
  0xFF, 0xF7, 0x00, 0x00, 0x00, 0x00, 0x0C, 0xFF, 0xFF, 0xF5, 0x00, 0x00, 0x04, 0xFF, 0xFF, 0xFC,
  0x00, 0x00, 0x00, 0x00, 0x00, 0x4F, 0xFF, 0xFF, 0xC0, 0x00, 0x00, 0xCF, 0xFF, 0xFF, 0x40, 0x00,
  0x00, 0x00, 0x00, 0x00, 0xAF, 0xFF, 0xFF, 0x60, 0x00, 0x5F, 0xFF, 0xFF, 0xA0, 0x00, 0x00, 0x00,
  0x00, 0x00, 0x02, 0xEF, 0xFF, 0xFD, 0x10, 0x1D, 0xFF, 0xFF, 0xF3, 0x00, 0x00, 0x00, 0x00, 0x00,
  0x00, 0x08, 0xFF, 0xFF, 0xF8, 0x07, 0xFF, 0xFF, 0xF8, 0x00, 0x00, 0x00, 0x00, 0x00, 0x00, 0x00,
  0x1D, 0xFF, 0xFF, 0xE6, 0xEF, 0xFF, 0xFD, 0x10, 0x00, 0x00, 0x00, 0x00, 0x00, 0x00, 0x00, 0x5F,
  0xFF, 0xFF, 0xFF, 0xFF, 0xFF, 0x60, 0x00, 0x00, 0x00, 0x00, 0x00, 0x00, 0x00, 0x00, 0xBF, 0xFF,
  0xFF, 0xFF, 0xFF, 0xC0, 0x00, 0x00, 0x00, 0x00, 0x00, 0x00, 0x00, 0x00, 0x03, 0xFF, 0xFF, 0xFF,
  0xFF, 0xF4, 0x00, 0x00, 0x00, 0x00, 0x00, 0x00, 0x00, 0x00, 0x00, 0x0A, 0xFF, 0xFF, 0xFF, 0xFA,
  0x00, 0x00, 0x00, 0x00, 0x00, 0x00, 0x00, 0x00, 0x00, 0x01, 0xCF, 0xFF, 0xFF, 0xFF, 0xD1, 0x00,
  0x00, 0x00, 0x00, 0x00, 0x00, 0x00, 0x00, 0x00, 0x7F, 0xFF, 0xFF, 0xFF, 0xFF, 0x80, 0x00, 0x00,
  0x00, 0x00, 0x00, 0x00, 0x00, 0x00, 0x2E, 0xFF, 0xFF, 0xFF, 0xFF, 0xFE, 0x20, 0x00, 0x00, 0x00,
  0x00, 0x00, 0x00, 0x00, 0x09, 0xFF, 0xFF, 0xFD, 0xFF, 0xFF, 0xF9, 0x00, 0x00, 0x00, 0x00, 0x00,
  0x00, 0x00, 0x03, 0xFF, 0xFF, 0xFC, 0x0B, 0xFF, 0xFF, 0xF3, 0x00, 0x00, 0x00, 0x00, 0x00, 0x00,
  0x00, 0xBF, 0xFF, 0xFF, 0x40, 0x4F, 0xFF, 0xFF, 0xB0, 0x00, 0x00, 0x00, 0x00, 0x00, 0x00, 0x4F,
  0xFF, 0xFF, 0xB0, 0x00, 0xAF, 0xFF, 0xFF, 0x50, 0x00, 0x00, 0x00, 0x00, 0x00, 0x0C, 0xFF, 0xFF,
  0xF3, 0x00, 0x03, 0xFF, 0xFF, 0xFD, 0x10, 0x00, 0x00, 0x00, 0x00, 0x06, 0xFF, 0xFF, 0xFA, 0x00,
  0x00, 0x09, 0xFF, 0xFF, 0xF7, 0x00, 0x00, 0x00, 0x00, 0x01, 0xEF, 0xFF, 0xFF, 0x30, 0x00, 0x00,
  0x2E, 0xFF, 0xFF, 0xE1, 0x00, 0x00, 0x00, 0x00, 0x8F, 0xFF, 0xFF, 0x90, 0x00, 0x00, 0x00, 0x8F,
  0xFF, 0xFF, 0x90, 0x00, 0x00, 0x00, 0x2E, 0xFF, 0xFF, 0xE2, 0x00, 0x00, 0x00, 0x02, 0xEF, 0xFF,
  0xFF, 0x30, 0x00, 0x00, 0x0A, 0xFF, 0xFF, 0xF8, 0x00, 0x00, 0x00, 0x00, 0x07, 0xFF, 0xFF, 0xFB,
  0x00, 0x00, 0x04, 0xFF, 0xFF, 0xFE, 0x10, 0x00, 0x00, 0x00, 0x00, 0x1E, 0xFF, 0xFF, 0xF5, 0x00,
  0x00, 0xBE, 0xEE, 0xEE, 0x70, 0x00, 0x00, 0x00, 0x00, 0x00, 0x6E, 0xEE, 0xEE, 0xB0, 0x00, 0x01,
  0x11, 0x11, 0x10, 0x00, 0x00, 0x00, 0x00, 0x00, 0x00, 0x11, 0x11, 0x11, 0x00, 0x01, 0x11, 0x11,
  0x10, 0x00, 0x00, 0x00, 0x00, 0x00, 0x00, 0x01, 0x11, 0x11, 0x10, 0x04, 0xEE, 0xEE, 0xEC, 0x10,
  0x00, 0x00, 0x00, 0x00, 0x00, 0x9E, 0xEE, 0xEE, 0x70, 0x00, 0xBF, 0xFF, 0xFF, 0x60, 0x00, 0x00,
  0x00, 0x00, 0x02, 0xFF, 0xFF, 0xFE, 0x20, 0x00, 0x4F, 0xFF, 0xFF, 0xD0, 0x00, 0x00, 0x00, 0x00,
  0x09, 0xFF, 0xFF, 0xF8, 0x00, 0x00, 0x0B, 0xFF, 0xFF, 0xF5, 0x00, 0x00, 0x00, 0x00, 0x2E, 0xFF,
  0xFF, 0xE1, 0x00, 0x00, 0x03, 0xFF, 0xFF, 0xFC, 0x00, 0x00, 0x00, 0x00, 0x8F, 0xFF, 0xFF, 0x70,
  0x00, 0x00, 0x00, 0xAF, 0xFF, 0xFF, 0x50, 0x00, 0x00, 0x01, 0xEF, 0xFF, 0xFE, 0x10, 0x00, 0x00,
  0x00, 0x3F, 0xFF, 0xFF, 0xC0, 0x00, 0x00, 0x08, 0xFF, 0xFF, 0xF7, 0x00, 0x00, 0x00, 0x00, 0x0A,
  0xFF, 0xFF, 0xF4, 0x00, 0x00, 0x1E, 0xFF, 0xFF, 0xD1, 0x00, 0x00, 0x00, 0x00, 0x03, 0xFF, 0xFF,
  0xFB, 0x00, 0x00, 0x7F, 0xFF, 0xFF, 0x70, 0x00, 0x00, 0x00, 0x00, 0x00, 0xAF, 0xFF, 0xFF, 0x40,
  0x01, 0xDF, 0xFF, 0xFD, 0x10, 0x00, 0x00, 0x00, 0x00, 0x00, 0x3F, 0xFF, 0xFF, 0xB0, 0x06, 0xFF,
  0xFF, 0xF6, 0x00, 0x00, 0x00, 0x00, 0x00, 0x00, 0x09, 0xFF, 0xFF, 0xF3, 0x0D, 0xFF, 0xFF, 0xD1,
  0x00, 0x00, 0x00, 0x00, 0x00, 0x00, 0x02, 0xFF, 0xFF, 0xFA, 0x7F, 0xFF, 0xFF, 0x60, 0x00, 0x00,
  0x00, 0x00, 0x00, 0x00, 0x00, 0x9F, 0xFF, 0xFF, 0xFF, 0xFF, 0xFD, 0x10, 0x00, 0x00, 0x00, 0x00,
  0x00, 0x00, 0x00, 0x2E, 0xFF, 0xFF, 0xFF, 0xFF, 0xF6, 0x00, 0x00, 0x00, 0x00, 0x00, 0x00, 0x00,
  0x00, 0x09, 0xFF, 0xFF, 0xFF, 0xFF, 0xD0, 0x00, 0x00, 0x00, 0x00, 0x00, 0x00, 0x00, 0x00, 0x02,
  0xEF, 0xFF, 0xFF, 0xFF, 0x60, 0x00, 0x00, 0x00, 0x00, 0x00, 0x00, 0x00, 0x00, 0x00, 0x8F, 0xFF,
  0xFF, 0xFC, 0x00, 0x00, 0x00, 0x00, 0x00, 0x00, 0x00, 0x00, 0x00, 0x00, 0x2E, 0xFF, 0xFF, 0xF5,
  0x00, 0x00, 0x00, 0x00, 0x00, 0x00, 0x00, 0x00, 0x00, 0x00, 0x09, 0xFF, 0xFF, 0xC0, 0x00, 0x00,
  0x00, 0x00, 0x00, 0x00, 0x00, 0x00, 0x00, 0x00, 0x07, 0xFF, 0xFF, 0xB0, 0x00, 0x00, 0x00, 0x00,
  0x00, 0x00, 0x00, 0x00, 0x00, 0x00, 0x08, 0xFF, 0xFF, 0xB0, 0x00, 0x00, 0x00, 0x00, 0x00, 0x00,
  0x00, 0x00, 0x00, 0x00, 0x07, 0xFF, 0xFF, 0xB0, 0x00, 0x00, 0x00, 0x00, 0x00, 0x00, 0x00, 0x00,
  0x00, 0x00, 0x07, 0xFF, 0xFF, 0xB0, 0x00, 0x00, 0x00, 0x00, 0x00, 0x00, 0x00, 0x00, 0x00, 0x00,
  0x07, 0xFF, 0xFF, 0xB0, 0x00, 0x00, 0x00, 0x00, 0x00, 0x00, 0x00, 0x00, 0x00, 0x00, 0x07, 0xFF,
  0xFF, 0xB0, 0x00, 0x00, 0x00, 0x00, 0x00, 0x00, 0x00, 0x00, 0x00, 0x00, 0x07, 0xFF, 0xFF, 0xB0,
  0x00, 0x00, 0x00, 0x00, 0x00, 0x00, 0x00, 0x00, 0x00, 0x00, 0x07, 0xFF, 0xFF, 0xB0, 0x00, 0x00,
  0x00, 0x00, 0x00, 0x00, 0x00, 0x00, 0x00, 0x00, 0x08, 0xFF, 0xFF, 0xC0, 0x00, 0x00, 0x00, 0x00,
  0x00, 0x00, 0x00, 0x00, 0x00, 0x00, 0x07, 0xEE, 0xEE, 0xB0, 0x00, 0x00, 0x00, 0x00, 0x00, 0x00,
  0x00, 0x00, 0x00, 0x00, 0x00, 0x11, 0x11, 0x10, 0x00, 0x00, 0x00, 0x00, 0x00, 0x00, 0x00, 0x11,
  0x11, 0x11, 0x11, 0x11, 0x11, 0x11, 0x11, 0x11, 0x10, 0x00, 0x00, 0x09, 0xEE, 0xEE, 0xEE, 0xEE,
  0xEE, 0xEE, 0xEE, 0xEE, 0xEE, 0xE1, 0x00, 0x00, 0x09, 0xFF, 0xFF, 0xFF, 0xFF, 0xFF, 0xFF, 0xFF,
  0xFF, 0xFF, 0xF1, 0x00, 0x00, 0x09, 0xFF, 0xFF, 0xFF, 0xFF, 0xFF, 0xFF, 0xFF, 0xFF, 0xFF, 0xF1,
  0x00, 0x00, 0x0A, 0xFF, 0xFF, 0xFF, 0xFF, 0xFF, 0xFF, 0xFF, 0xFF, 0xFF, 0xF1, 0x00, 0x00, 0x07,
  0xCB, 0xCC, 0xCC, 0xCC, 0xCC, 0xCC, 0xBE, 0xFF, 0xFF, 0xF1, 0x00, 0x00, 0x00, 0x00, 0x00, 0x00,
  0x00, 0x00, 0x00, 0x1D, 0xFF, 0xFF, 0xF1, 0x00, 0x00, 0x00, 0x00, 0x00, 0x00, 0x00, 0x00, 0x00,
  0x9F, 0xFF, 0xFF, 0xF1, 0x00, 0x00, 0x00, 0x00, 0x00, 0x00, 0x00, 0x00, 0x07, 0xFF, 0xFF, 0xFF,
  0xA0, 0x00, 0x00, 0x00, 0x00, 0x00, 0x00, 0x00, 0x00, 0x4F, 0xFF, 0xFF, 0xFC, 0x10, 0x00, 0x00,
  0x00, 0x00, 0x00, 0x00, 0x00, 0x02, 0xEF, 0xFF, 0xFF, 0xE2, 0x00, 0x00, 0x00, 0x00, 0x00, 0x00,
  0x00, 0x00, 0x1C, 0xFF, 0xFF, 0xFF, 0x40, 0x00, 0x00, 0x00, 0x00, 0x00, 0x00, 0x00, 0x00, 0xAF,
  0xFF, 0xFF, 0xF6, 0x00, 0x00, 0x00, 0x00, 0x00, 0x00, 0x00, 0x00, 0x08, 0xFF, 0xFF, 0xFF, 0x90,
  0x00, 0x00, 0x00, 0x00, 0x00, 0x00, 0x00, 0x00, 0x5F, 0xFF, 0xFF, 0xFB, 0x00, 0x00, 0x00, 0x00,
  0x00, 0x00, 0x00, 0x00, 0x03, 0xEF, 0xFF, 0xFF, 0xD1, 0x00, 0x00, 0x00, 0x00, 0x00, 0x00, 0x00,
  0x00, 0x1D, 0xFF, 0xFF, 0xFE, 0x30, 0x00, 0x00, 0x00, 0x00, 0x00, 0x00, 0x00, 0x00, 0xBF, 0xFF,
  0xFF, 0xF5, 0x00, 0x00, 0x00, 0x00, 0x00, 0x00, 0x00, 0x00, 0x09, 0xFF, 0xFF, 0xFF, 0x80, 0x00,
  0x00, 0x00, 0x00, 0x00, 0x00, 0x00, 0x00, 0x6F, 0xFF, 0xFF, 0xFA, 0x00, 0x00, 0x00, 0x00, 0x00,
  0x00, 0x00, 0x00, 0x04, 0xFF, 0xFF, 0xFF, 0xC1, 0x00, 0x00, 0x00, 0x00, 0x00, 0x00, 0x00, 0x00,
  0x2E, 0xFF, 0xFF, 0xFE, 0x20, 0x00, 0x00, 0x00, 0x00, 0x00, 0x00, 0x00, 0x01, 0xCF, 0xFF, 0xFF,
  0xF4, 0x00, 0x00, 0x00, 0x00, 0x00, 0x00, 0x00, 0x00, 0x0A, 0xFF, 0xFF, 0xFF, 0x70, 0x00, 0x00,
  0x00, 0x00, 0x00, 0x00, 0x00, 0x00, 0x1F, 0xFF, 0xFF, 0xF9, 0x00, 0x00, 0x00, 0x00, 0x00, 0x00,
  0x00, 0x00, 0x00, 0x1F, 0xFF, 0xFF, 0xD1, 0x00, 0x00, 0x00, 0x00, 0x00, 0x00, 0x00, 0x00, 0x00,
  0x1F, 0xFF, 0xFF, 0xEB, 0xCC, 0xCC, 0xCC, 0xCC, 0xCC, 0xCC, 0xB1, 0x00, 0x00, 0x1F, 0xFF, 0xFF,
  0xFF, 0xFF, 0xFF, 0xFF, 0xFF, 0xFF, 0xFF, 0xF1, 0x00, 0x00, 0x1F, 0xFF, 0xFF, 0xFF, 0xFF, 0xFF,
  0xFF, 0xFF, 0xFF, 0xFF, 0xE1, 0x00, 0x00, 0x1F, 0xFF, 0xFF, 0xFF, 0xFF, 0xFF, 0xFF, 0xFF, 0xFF,
  0xFF, 0xF1, 0x00, 0x00, 0x1E, 0xEE, 0xEE, 0xEE, 0xEE, 0xEE, 0xEE, 0xEE, 0xEE, 0xEE, 0xE1, 0x00,
  0x00, 0x01, 0x11, 0x11, 0x11, 0x11, 0x11, 0x11, 0x11, 0x11, 0x11, 0x10, 0x00, 0x00, 0x00, 0x00,
  0x00, 0x00, 0x00, 0x00, 0x00, 0x00, 0x00, 0x00, 0x06, 0x9A, 0xAA, 0xAA, 0xAB, 0x50, 0x00, 0x00,
  0x1B, 0xFF, 0xFF, 0xFF, 0xFF, 0xF8, 0x00, 0x00, 0x08, 0xFF, 0xFF, 0xFF, 0xFF, 0xEF, 0x70, 0x00,
  0x00, 0xDF, 0xFF, 0xFF, 0xFF, 0xFF, 0xF8, 0x00, 0x00, 0x1E, 0xFF, 0xFF, 0xFE, 0xDE, 0xDE, 0x70,
  0x00, 0x01, 0xEF, 0xFF, 0xF8, 0x00, 0x00, 0x00, 0x00, 0x00, 0x1E, 0xFF, 0xFF, 0x40, 0x00, 0x00,
  0x00, 0x00, 0x01, 0xEF, 0xFF, 0xF5, 0x00, 0x00, 0x00, 0x00, 0x00, 0x1E, 0xFF, 0xFF, 0x50, 0x00,
  0x00, 0x00, 0x00, 0x01, 0xEF, 0xFF, 0xF5, 0x00, 0x00, 0x00, 0x00, 0x00, 0x1E, 0xFF, 0xFF, 0x50,
  0x00, 0x00, 0x00, 0x00, 0x01, 0xEF, 0xFF, 0xF5, 0x00, 0x00, 0x00, 0x00, 0x00, 0x1E, 0xFF, 0xFF,
  0x50, 0x00, 0x00, 0x00, 0x00, 0x01, 0xEF, 0xFF, 0xF5, 0x00, 0x00, 0x00, 0x00, 0x00, 0x1E, 0xFF,
  0xFF, 0x50, 0x00, 0x00, 0x00, 0x00, 0x01, 0xEF, 0xFF, 0xF5, 0x00, 0x00, 0x00, 0x00, 0x00, 0x1E,
  0xFF, 0xFF, 0x50, 0x00, 0x00, 0x00, 0x00, 0x01, 0xEF, 0xFF, 0xF5, 0x00, 0x00, 0x00, 0x00, 0x00,
  0x1E, 0xFF, 0xFF, 0x50, 0x00, 0x00, 0x00, 0x00, 0x01, 0xEF, 0xFF, 0xF5, 0x00, 0x00, 0x00, 0x00,
  0x00, 0x1E, 0xFF, 0xFF, 0x50, 0x00, 0x00, 0x00, 0x00, 0x01, 0xEF, 0xFF, 0xF5, 0x00, 0x00, 0x00,
  0x00, 0x00, 0x1E, 0xFF, 0xFF, 0x50, 0x00, 0x00, 0x00, 0x00, 0x01, 0xEF, 0xFF, 0xF5, 0x00, 0x00,
  0x00, 0x00, 0x00, 0x1E, 0xFF, 0xFF, 0x50, 0x00, 0x00, 0x00, 0x00, 0x01, 0xEF, 0xFF, 0xF5, 0x00,
  0x00, 0x00, 0x00, 0x00, 0x1E, 0xFF, 0xFF, 0x50, 0x00, 0x00, 0x00, 0x00, 0x01, 0xEF, 0xFF, 0xF5,
  0x00, 0x00, 0x00, 0x00, 0x00, 0x1E, 0xFF, 0xFF, 0x50, 0x00, 0x00, 0x00, 0x00, 0x01, 0xEF, 0xFF,
  0xF5, 0x00, 0x00, 0x00, 0x00, 0x00, 0x1E, 0xFF, 0xFF, 0x50, 0x00, 0x00, 0x00, 0x00, 0x01, 0xEF,
  0xFF, 0xF5, 0x00, 0x00, 0x00, 0x00, 0x00, 0x1E, 0xFF, 0xFF, 0x50, 0x00, 0x00, 0x00, 0x00, 0x01,
  0xEF, 0xFF, 0xF5, 0x00, 0x00, 0x00, 0x00, 0x00, 0x1E, 0xFF, 0xFF, 0x50, 0x00, 0x00, 0x00, 0x00,
  0x01, 0xEF, 0xFF, 0xF5, 0x00, 0x00, 0x00, 0x00, 0x00, 0x1E, 0xFF, 0xFF, 0x60, 0x00, 0x00, 0x00,
  0x00, 0x01, 0xEF, 0xFF, 0xFE, 0xAA, 0xA9, 0xA5, 0x00, 0x00, 0x1D, 0xFF, 0xFF, 0xFF, 0xFF, 0xFF,
  0x80, 0x00, 0x00, 0xAF, 0xFF, 0xFF, 0xFF, 0xFE, 0xF7, 0x00, 0x00, 0x02, 0xEF, 0xFF, 0xFF, 0xFF,
  0xFF, 0x80, 0x00, 0x00, 0x02, 0x9D, 0xEE, 0xEE, 0xEE, 0xE7, 0x00, 0x00, 0x00, 0x00, 0x11, 0x11,
  0x11, 0x11, 0x00, 0x01, 0x11, 0x11, 0x00, 0x00, 0x00, 0x00, 0x00, 0x00, 0x00, 0x07, 0xEE, 0xEE,
  0xB0, 0x00, 0x00, 0x00, 0x00, 0x00, 0x00, 0x03, 0xFF, 0xFF, 0xF2, 0x00, 0x00, 0x00, 0x00, 0x00,
  0x00, 0x00, 0xCF, 0xFF, 0xF7, 0x00, 0x00, 0x00, 0x00, 0x00, 0x00, 0x00, 0x8F, 0xFF, 0xFB, 0x00,
  0x00, 0x00, 0x00, 0x00, 0x00, 0x00, 0x4F, 0xFF, 0xFE, 0x20, 0x00, 0x00, 0x00, 0x00, 0x00, 0x00,
  0x0D, 0xFF, 0xFF, 0x60, 0x00, 0x00, 0x00, 0x00, 0x00, 0x00, 0x08, 0xFF, 0xFF, 0xB0, 0x00, 0x00,
  0x00, 0x00, 0x00, 0x00, 0x04, 0xFF, 0xFF, 0xE2, 0x00, 0x00, 0x00, 0x00, 0x00, 0x00, 0x00, 0xDF,
  0xFF, 0xF6, 0x00, 0x00, 0x00, 0x00, 0x00, 0x00, 0x00, 0x9F, 0xFF, 0xFA, 0x00, 0x00, 0x00, 0x00,
  0x00, 0x00, 0x00, 0x4F, 0xFF, 0xFE, 0x10, 0x00, 0x00, 0x00, 0x00, 0x00, 0x00, 0x1D, 0xFF, 0xFF,
  0x60, 0x00, 0x00, 0x00, 0x00, 0x00, 0x00, 0x09, 0xFF, 0xFF, 0xA0, 0x00, 0x00, 0x00, 0x00, 0x00,
  0x00, 0x05, 0xFF, 0xFF, 0xE1, 0x00, 0x00, 0x00, 0x00, 0x00, 0x00, 0x01, 0xEF, 0xFF, 0xF5, 0x00,
  0x00, 0x00, 0x00, 0x00, 0x00, 0x00, 0x9F, 0xFF, 0xFA, 0x00, 0x00, 0x00, 0x00, 0x00, 0x00, 0x00,
  0x5F, 0xFF, 0xFE, 0x10, 0x00, 0x00, 0x00, 0x00, 0x00, 0x00, 0x1E, 0xFF, 0xFF, 0x50, 0x00, 0x00,
  0x00, 0x00, 0x00, 0x00, 0x0A, 0xFF, 0xFF, 0x90, 0x00, 0x00, 0x00, 0x00, 0x00, 0x00, 0x05, 0xFF,
  0xFF, 0xD1, 0x00, 0x00, 0x00, 0x00, 0x00, 0x00, 0x01, 0xEF, 0xFF, 0xF4, 0x00, 0x00, 0x00, 0x00,
  0x00, 0x00, 0x00, 0xAF, 0xFF, 0xF9, 0x00, 0x00, 0x00, 0x00, 0x00, 0x00, 0x00, 0x6F, 0xFF, 0xFD,
  0x10, 0x00, 0x00, 0x00, 0x00, 0x00, 0x00, 0x1E, 0xFF, 0xFF, 0x40, 0x00, 0x00, 0x00, 0x00, 0x00,
  0x00, 0x0A, 0xFF, 0xFF, 0x90, 0x00, 0x00, 0x00, 0x00, 0x00, 0x00, 0x06, 0xFF, 0xFF, 0xD0, 0x00,
  0x00, 0x00, 0x00, 0x00, 0x00, 0x02, 0xEF, 0xFF, 0xF4, 0x00, 0x00, 0x00, 0x00, 0x00, 0x00, 0x00,
  0xBF, 0xFF, 0xF8, 0x00, 0x00, 0x00, 0x00, 0x00, 0x00, 0x00, 0x6F, 0xFF, 0xFD, 0x00, 0x00, 0x00,
  0x00, 0x00, 0x00, 0x00, 0x2F, 0xFF, 0xFF, 0x30, 0x00, 0x00, 0x00, 0x00, 0x00, 0x00, 0x0B, 0xFF,
  0xFF, 0x80, 0x00, 0x00, 0x00, 0x00, 0x00, 0x00, 0x07, 0xFF, 0xFF, 0xC0, 0x00, 0x00, 0x00, 0x00,
  0x00, 0x00, 0x02, 0xFF, 0xFF, 0xF3, 0x00, 0x00, 0x00, 0x00, 0x00, 0x00, 0x00, 0xBF, 0xFF, 0xF8,
  0x00, 0x00, 0x00, 0x00, 0x00, 0x00, 0x00, 0x7F, 0xFF, 0xFC, 0x00, 0x00, 0x00, 0x00, 0x00, 0x00,
  0x00, 0x3F, 0xFF, 0xFF, 0x30, 0x00, 0x00, 0x00, 0x00, 0x00, 0x00, 0x0C, 0xFF, 0xFF, 0x70, 0x00,
  0x00, 0x00, 0x00, 0x00, 0x00, 0x07, 0xEE, 0xEE, 0xB0, 0x00, 0x00, 0x00, 0x00, 0x00, 0x00, 0x00,
  0x11, 0x11, 0x10, 0x00, 0x00, 0x00, 0x00, 0x00, 0x00, 0x00, 0x00, 0x00, 0x3B, 0xAA, 0xAA, 0xAA,
  0xA7, 0x10, 0x00, 0x00, 0x04, 0xFF, 0xFF, 0xFF, 0xFF, 0xFD, 0x30, 0x00, 0x00, 0x4F, 0xFF, 0xFF,
  0xFF, 0xFF, 0xFC, 0x00, 0x00, 0x04, 0xFF, 0xFF, 0xFF, 0xFF, 0xFF, 0xF3, 0x00, 0x00, 0x4E, 0xEE,
  0xEE, 0xFF, 0xFF, 0xFF, 0x50, 0x00, 0x00, 0x00, 0x00, 0x04, 0xFF, 0xFF, 0xF5, 0x00, 0x00, 0x00,
  0x00, 0x00, 0x0E, 0xFF, 0xFF, 0x50, 0x00, 0x00, 0x00, 0x00, 0x01, 0xEF, 0xFF, 0xF5, 0x00, 0x00,
  0x00, 0x00, 0x00, 0x1E, 0xFF, 0xFF, 0x50, 0x00, 0x00, 0x00, 0x00, 0x01, 0xEF, 0xFF, 0xF5, 0x00,
  0x00, 0x00, 0x00, 0x00, 0x1E, 0xFF, 0xFF, 0x50, 0x00, 0x00, 0x00, 0x00, 0x01, 0xEF, 0xFF, 0xF5,
  0x00, 0x00, 0x00, 0x00, 0x00, 0x1E, 0xFF, 0xFF, 0x50, 0x00, 0x00, 0x00, 0x00, 0x01, 0xEF, 0xFF,
  0xF5, 0x00, 0x00, 0x00, 0x00, 0x00, 0x1E, 0xFF, 0xFF, 0x50, 0x00, 0x00, 0x00, 0x00, 0x01, 0xEF,
  0xFF, 0xF5, 0x00, 0x00, 0x00, 0x00, 0x00, 0x1E, 0xFF, 0xFF, 0x50, 0x00, 0x00, 0x00, 0x00, 0x01,
  0xEF, 0xFF, 0xF5, 0x00, 0x00, 0x00, 0x00, 0x00, 0x1E, 0xFF, 0xFF, 0x50, 0x00, 0x00, 0x00, 0x00,
  0x01, 0xEF, 0xFF, 0xF5, 0x00, 0x00, 0x00, 0x00, 0x00, 0x1E, 0xFF, 0xFF, 0x50, 0x00, 0x00, 0x00,
  0x00, 0x01, 0xEF, 0xFF, 0xF5, 0x00, 0x00, 0x00, 0x00, 0x00, 0x1E, 0xFF, 0xFF, 0x50, 0x00, 0x00,
  0x00, 0x00, 0x01, 0xEF, 0xFF, 0xF5, 0x00, 0x00, 0x00, 0x00, 0x00, 0x1E, 0xFF, 0xFF, 0x50, 0x00,
  0x00, 0x00, 0x00, 0x01, 0xEF, 0xFF, 0xF5, 0x00, 0x00, 0x00, 0x00, 0x00, 0x1E, 0xFF, 0xFF, 0x50,
  0x00, 0x00, 0x00, 0x00, 0x01, 0xEF, 0xFF, 0xF5, 0x00, 0x00, 0x00, 0x00, 0x00, 0x1E, 0xFF, 0xFF,
  0x50, 0x00, 0x00, 0x00, 0x00, 0x01, 0xEF, 0xFF, 0xF5, 0x00, 0x00, 0x00, 0x00, 0x00, 0x1E, 0xFF,
  0xFF, 0x50, 0x00, 0x00, 0x00, 0x00, 0x01, 0xEF, 0xFF, 0xF5, 0x00, 0x00, 0x00, 0x00, 0x00, 0x1E,
  0xFF, 0xFF, 0x50, 0x00, 0x00, 0x00, 0x00, 0x01, 0xEF, 0xFF, 0xF5, 0x00, 0x00, 0x00, 0x00, 0x00,
  0x1E, 0xFF, 0xFF, 0x50, 0x00, 0x00, 0x00, 0x00, 0x01, 0xEF, 0xFF, 0xF5, 0x00, 0x00, 0x00, 0x00,
  0x00, 0x2F, 0xFF, 0xFF, 0x50, 0x00, 0x03, 0xAA, 0xAA, 0x9C, 0xFF, 0xFF, 0xF5, 0x00, 0x00, 0x4F,
  0xFF, 0xFF, 0xFF, 0xFF, 0xFF, 0x40, 0x00, 0x04, 0xFF, 0xFF, 0xFF, 0xFF, 0xFF, 0xE1, 0x00, 0x00,
  0x4F, 0xFF, 0xFF, 0xFF, 0xFF, 0xF5, 0x00, 0x00, 0x04, 0xEE, 0xEE, 0xEE, 0xEE, 0xB4, 0x00, 0x00,
  0x00, 0x01, 0x11, 0x11, 0x11, 0x10, 0x00, 0x00, 0x00, 0x00, 0x00, 0x00, 0x00, 0x00, 0x11, 0x11,
  0x11, 0x11, 0x00, 0x00, 0x00, 0x00, 0x00, 0x00, 0x00, 0x00, 0x00, 0x03, 0xEE, 0xEE, 0xEE, 0xEE,
  0x30, 0x00, 0x00, 0x00, 0x00, 0x00, 0x00, 0x00, 0x00, 0x0A, 0xFF, 0xFF, 0xFF, 0xFF, 0xB0, 0x00,
  0x00, 0x00, 0x00, 0x00, 0x00, 0x00, 0x00, 0x3F, 0xFF, 0xFF, 0xFF, 0xFF, 0xF4, 0x00, 0x00, 0x00,
  0x00, 0x00, 0x00, 0x00, 0x00, 0xBF, 0xFF, 0xFC, 0xBF, 0xFF, 0xFB, 0x00, 0x00, 0x00, 0x00, 0x00,
  0x00, 0x00, 0x04, 0xFF, 0xFF, 0xF3, 0x2F, 0xFF, 0xFF, 0x40, 0x00, 0x00, 0x00, 0x00, 0x00, 0x00,
  0x0B, 0xFF, 0xFF, 0xB0, 0x0B, 0xFF, 0xFF, 0xC0, 0x00, 0x00, 0x00, 0x00, 0x00, 0x00, 0x4F, 0xFF,
  0xFF, 0x50, 0x04, 0xFF, 0xFF, 0xF5, 0x00, 0x00, 0x00, 0x00, 0x00, 0x00, 0xBF, 0xFF, 0xFC, 0x00,
  0x00, 0xCF, 0xFF, 0xFC, 0x00, 0x00, 0x00, 0x00, 0x00, 0x04, 0xFF, 0xFF, 0xF6, 0x00, 0x00, 0x5F,
  0xFF, 0xFF, 0x50, 0x00, 0x00, 0x00, 0x00, 0x0C, 0xFF, 0xFF, 0xD1, 0x00, 0x00, 0x1D, 0xFF, 0xFF,
  0xC0, 0x00, 0x00, 0x00, 0x00, 0x5F, 0xFF, 0xFF, 0x70, 0x00, 0x00, 0x07, 0xFF, 0xFF, 0xF6, 0x00,
  0x00, 0x00, 0x00, 0xAD, 0xDD, 0xDC, 0x10, 0x00, 0x00, 0x01, 0xCD, 0xDD, 0xDB, 0x00, 0x00, 0x00,
  0x00, 0x11, 0x11, 0x11, 0x00, 0x00, 0x00, 0x00, 0x11, 0x11, 0x11, 0x00, 0x00, 0x00, 0x00, 0x00,
  0x00, 0x00, 0x00, 0x00, 0x00, 0x00, 0x00, 0x00, 0x00, 0x00, 0x00, 0x00, 0x00, 0x00, 0x00, 0x00,
  0x00, 0x00, 0x00, 0x00, 0x00, 0x00, 0x00, 0x00, 0x00, 0x00, 0x00, 0x00, 0x00, 0x00, 0x00, 0x00,
  0x00, 0x00, 0x00, 0x00, 0x00, 0x00, 0x00, 0x00, 0x00, 0x00, 0x00, 0x00, 0x00, 0x00, 0x00, 0x00,
  0x00, 0x00, 0x00, 0x00, 0x00, 0x00, 0x00, 0x00, 0x00, 0x00, 0x00, 0x00, 0x00, 0x00, 0x00, 0x00,
  0x00, 0x00, 0x00, 0x00, 0x00, 0x00, 0x00, 0x00, 0x00, 0x00, 0x00, 0x00, 0x00, 0x00, 0x00, 0x00,
  0x00, 0x00, 0x00, 0x00, 0x00, 0x00, 0x00, 0x00, 0x00, 0x00, 0x00, 0x00, 0x00, 0x00, 0x00, 0x00,
  0x00, 0x00, 0x00, 0x00, 0x00, 0x00, 0x00, 0x00, 0x00, 0x00, 0x00, 0x00, 0x00, 0x00, 0x00, 0x00,
  0x00, 0x00, 0x00, 0x00, 0x00, 0x00, 0x00, 0x00, 0x00, 0x00, 0x00, 0x00, 0x00, 0x00, 0x00, 0x00,
  0x00, 0x00, 0x00, 0x00, 0x00, 0x00, 0x00, 0x00, 0x00, 0x00, 0x00, 0x00, 0x00, 0x00, 0x00, 0x00,
  0x00, 0x00, 0x00, 0x00, 0x00, 0x00, 0x00, 0x00, 0x00, 0x00, 0x00, 0x00, 0x00, 0x00, 0x00, 0x00,
  0x00, 0x00, 0x00, 0x00, 0x00, 0x00, 0x00, 0x00, 0x00, 0x00, 0x00, 0x00, 0x00, 0x00, 0x00, 0x00,
  0x00, 0x00, 0x00, 0x00, 0x00, 0x00, 0x00, 0x00, 0x00, 0x00, 0x00, 0x00, 0x00, 0x00, 0x00, 0x00,
  0x00, 0x00, 0x00, 0x00, 0x00, 0x00, 0x00, 0x00, 0x00, 0x00, 0x00, 0x00, 0x00, 0x00, 0x00, 0x00,
  0x00, 0x00, 0x00, 0x00, 0x00, 0x00, 0x00, 0x00, 0x00, 0x00, 0x00, 0x00, 0x00, 0x00, 0x00, 0x00,
  0x00, 0x00, 0x00, 0x00, 0x00, 0x00, 0x00, 0x00, 0x00, 0x00, 0x00, 0x00, 0x00, 0x00, 0x00, 0x00,
  0x00, 0x00, 0x00, 0x00, 0x00, 0x00, 0x00, 0x00, 0x00, 0x00, 0x00, 0x00, 0x00, 0x00, 0x00, 0x00,
  0x00, 0x00, 0x00, 0x00, 0x00, 0x00, 0x00, 0x00, 0x00, 0x00, 0x00, 0x00, 0x00, 0x00, 0x00, 0x00,
  0x00, 0x00, 0x00, 0x00, 0x00, 0x00, 0x00, 0x00, 0x00, 0x00, 0x00, 0x00, 0x00, 0x00, 0x00, 0x00,
  0x00, 0x00, 0x00, 0x00, 0x05, 0xBA, 0xAA, 0xAA, 0xAA, 0xAA, 0xAA, 0xAA, 0xAA, 0xAA, 0xAB, 0x50,
  0x00, 0x00, 0x07, 0xFF, 0xFF, 0xFF, 0xFF, 0xFF, 0xFF, 0xFF, 0xFF, 0xFF, 0xFF, 0x70, 0x00, 0x00,
  0x06, 0xFE, 0xFF, 0xFF, 0xFF, 0xFF, 0xFF, 0xFF, 0xFF, 0xFF, 0xEF, 0x60, 0x00, 0x00, 0x07, 0xFF,
  0xFF, 0xFF, 0xFF, 0xFF, 0xFF, 0xFF, 0xFF, 0xFF, 0xFF, 0x70, 0x00, 0x00, 0x06, 0xEE, 0xEE, 0xEE,
  0xEE, 0xEE, 0xEE, 0xEE, 0xEE, 0xEE, 0xEE, 0x60, 0x00, 0x00, 0x00, 0x11, 0x11, 0x11, 0x11, 0x11,
  0x11, 0x11, 0x11, 0x11, 0x11, 0x00, 0x00, 0x00, 0x01, 0x11, 0x11, 0x00, 0x00, 0x00, 0x00, 0x2D,
  0xEE, 0xEE, 0x80, 0x00, 0x00, 0x00, 0x06, 0xFF, 0xFF, 0xE2, 0x00, 0x00, 0x00, 0x00, 0xAF, 0xFF,
  0xF8, 0x00, 0x00, 0x00, 0x00, 0x1D, 0xFF, 0xFE, 0x20, 0x00, 0x00, 0x00, 0x04, 0xFF, 0xFF, 0x80,
  0x00, 0x00, 0x00, 0x00, 0x8F, 0xFF, 0xE2, 0x00, 0x00, 0x00, 0x00, 0x02, 0x22, 0x21, 0x00, 0x00,
  0x00, 0x00, 0x00, 0x00, 0x00, 0x00, 0x00, 0x00, 0x00, 0x00, 0x00, 0x00, 0x00, 0x00, 0x00, 0x00,
  0x00, 0x00, 0x00, 0x00, 0x00, 0x00, 0x00, 0x00, 0x00, 0x00, 0x00, 0x00, 0x00, 0x00, 0x00, 0x00,
  0x00, 0x00, 0x00, 0x00, 0x00, 0x00, 0x00, 0x00, 0x00, 0x00, 0x00, 0x00, 0x00, 0x00, 0x00, 0x00,
  0x00, 0x00, 0x00, 0x00, 0x00, 0x00, 0x00, 0x00, 0x00, 0x00, 0x00, 0x00, 0x00, 0x00, 0x00, 0x00,
  0x00, 0x00, 0x00, 0x00, 0x00, 0x00, 0x00, 0x00, 0x00, 0x00, 0x00, 0x00, 0x00, 0x00, 0x00, 0x00,
  0x00, 0x00, 0x00, 0x00, 0x00, 0x00, 0x00, 0x00, 0x00, 0x00, 0x00, 0x00, 0x00, 0x00, 0x00, 0x00,
  0x00, 0x00, 0x00, 0x00, 0x00, 0x00, 0x00, 0x00, 0x00, 0x00, 0x00, 0x00, 0x00, 0x00, 0x00, 0x00,
  0x00, 0x00, 0x00, 0x00, 0x00, 0x00, 0x00, 0x00, 0x00, 0x00, 0x00, 0x00, 0x00, 0x00, 0x00, 0x00,
  0x00, 0x00, 0x00, 0x00, 0x00, 0x00, 0x00, 0x00, 0x00, 0x00, 0x00, 0x00, 0x00, 0x00, 0x00, 0x00,
  0x00, 0x00, 0x00, 0x00, 0x00, 0x00, 0x00, 0x00, 0x00, 0x00, 0x00, 0x00, 0x00, 0x00, 0x00, 0x00,
  0x00, 0x00, 0x00, 0x00, 0x00, 0x00, 0x00, 0x00, 0x00, 0x00, 0x00, 0x00, 0x01, 0x11, 0x00, 0x00,
  0x00, 0x00, 0x00, 0x00, 0x00, 0x00, 0x00, 0x01, 0x69, 0xCD, 0xEE, 0xCA, 0x61, 0x00, 0x00, 0x00,
  0x00, 0x00, 0x00, 0x00, 0x6D, 0xFF, 0xFF, 0xFF, 0xFF, 0xFD, 0x60, 0x00, 0x00, 0x00, 0x00, 0x00,
  0x08, 0xFF, 0xFF, 0xFF, 0xFF, 0xFF, 0xFF, 0xF8, 0x00, 0x00, 0x00, 0x00, 0x00, 0x7F, 0xFF, 0xFF,
  0xFF, 0xFF, 0xFF, 0xFF, 0xFF, 0x50, 0x00, 0x00, 0x00, 0x02, 0xEF, 0xFF, 0xFF, 0xB8, 0x89, 0xCF,
  0xFF, 0xFF, 0xC0, 0x00, 0x00, 0x00, 0x07, 0xFF, 0xFF, 0xE5, 0x00, 0x00, 0x09, 0xFF, 0xFF, 0xF3,
  0x00, 0x00, 0x00, 0x01, 0x48, 0xCF, 0x80, 0x01, 0x11, 0x01, 0xEF, 0xFF, 0xF6, 0x00, 0x00, 0x00,
  0x00, 0x00, 0x02, 0x00, 0x00, 0x00, 0x00, 0xBF, 0xFF, 0xF7, 0x00, 0x00, 0x00, 0x00, 0x00, 0x02,
  0x57, 0x78, 0x78, 0x78, 0xDF, 0xFF, 0xF7, 0x00, 0x00, 0x00, 0x00, 0x05, 0xBF, 0xFF, 0xFF, 0xFF,
  0xFF, 0xFF, 0xFF, 0xF7, 0x00, 0x00, 0x00, 0x00, 0x8F, 0xFF, 0xFF, 0xEE, 0xEE, 0xEE, 0xFF, 0xFF,
  0xF7, 0x00, 0x00, 0x00, 0x07, 0xFF, 0xFF, 0xFF, 0xFF, 0xFF, 0xFF, 0xFF, 0xFF, 0xF7, 0x00, 0x00,
  0x00, 0x1E, 0xFF, 0xFF, 0xFA, 0x87, 0x78, 0x78, 0xDF, 0xFF, 0xF7, 0x00, 0x00, 0x00, 0x5F, 0xFF,
  0xFF, 0x50, 0x00, 0x00, 0x00, 0xCF, 0xFF, 0xF7, 0x00, 0x00, 0x00, 0x7F, 0xFF, 0xFC, 0x00, 0x00,
  0x00, 0x02, 0xEF, 0xFF, 0xF8, 0x00, 0x00, 0x00, 0x7F, 0xFF, 0xFD, 0x00, 0x00, 0x00, 0x09, 0xFF,
  0xFF, 0xF7, 0x00, 0x00, 0x00, 0x6F, 0xFF, 0xFF, 0x70, 0x00, 0x01, 0x8F, 0xFF, 0xFF, 0xFB, 0x11,
  0x00, 0x00, 0x3F, 0xFF, 0xFF, 0xFB, 0x88, 0x9D, 0xFF, 0xFF, 0xFF, 0xFF, 0xED, 0x10, 0x00, 0x0A,
  0xFF, 0xFF, 0xFF, 0xFF, 0xFF, 0xFF, 0x9E, 0xFF, 0xFF, 0xFE, 0x10, 0x00, 0x02, 0xDF, 0xFF, 0xFF,
  0xFF, 0xFF, 0xFB, 0x0C, 0xFF, 0xFF, 0xFE, 0x10, 0x00, 0x00, 0x2B, 0xFF, 0xFF, 0xFF, 0xFF, 0xC2,
  0x04, 0xDF, 0xFF, 0xFF, 0x10, 0x00, 0x00, 0x00, 0x49, 0xCE, 0xED, 0xB6, 0x00, 0x00, 0x16, 0x77,
  0x77, 0x00, 0x00, 0x00, 0x00, 0x00, 0x01, 0x11, 0x00, 0x00, 0x00, 0x00, 0x00, 0x00, 0x00, 0x00,
  0x00, 0x11, 0x11, 0x10, 0x00, 0x00, 0x00, 0x00, 0x00, 0x00, 0x00, 0x00, 0x00, 0x00, 0x00, 0x1D,
  0xEE, 0xEE, 0x40, 0x00, 0x00, 0x00, 0x00, 0x00, 0x00, 0x00, 0x00, 0x00, 0x00, 0x01, 0xEF, 0xFF,
  0xF5, 0x00, 0x00, 0x00, 0x00, 0x00, 0x00, 0x00, 0x00, 0x00, 0x00, 0x00, 0x1E, 0xFF, 0xFF, 0x50,
  0x00, 0x00, 0x00, 0x00, 0x00, 0x00, 0x00, 0x00, 0x00, 0x00, 0x01, 0xEF, 0xFF, 0xF5, 0x00, 0x00,
  0x00, 0x00, 0x00, 0x00, 0x00, 0x00, 0x00, 0x00, 0x00, 0x1E, 0xFF, 0xFF, 0x50, 0x00, 0x00, 0x00,
  0x00, 0x00, 0x00, 0x00, 0x00, 0x00, 0x00, 0x01, 0xEF, 0xFF, 0xF5, 0x00, 0x00, 0x00, 0x00, 0x00,
  0x00, 0x00, 0x00, 0x00, 0x00, 0x00, 0x1E, 0xFF, 0xFF, 0x50, 0x00, 0x00, 0x00, 0x00, 0x00, 0x00,
  0x00, 0x00, 0x00, 0x00, 0x01, 0xEF, 0xFF, 0xF5, 0x00, 0x00, 0x13, 0x43, 0x10, 0x00, 0x00, 0x00,
  0x00, 0x00, 0x00, 0x1E, 0xFF, 0xFF, 0x50, 0x05, 0xBE, 0xFF, 0xFE, 0xB5, 0x00, 0x00, 0x00, 0x00,
  0x00, 0x01, 0xEF, 0xFF, 0xF4, 0x09, 0xFF, 0xFF, 0xFF, 0xFF, 0xFB, 0x20, 0x00, 0x00, 0x00, 0x00,
  0x1E, 0xFF, 0xFF, 0x57, 0xFF, 0xFF, 0xFF, 0xFF, 0xFF, 0xFD, 0x30, 0x00, 0x00, 0x00, 0x01, 0xEF,
  0xFF, 0xFE, 0xFF, 0xFF, 0xFF, 0xFF, 0xFF, 0xFF, 0xFD, 0x10, 0x00, 0x00, 0x00, 0x1E, 0xFF, 0xFF,
  0xFF, 0xFE, 0xA8, 0x8A, 0xEF, 0xFF, 0xFF, 0xF8, 0x00, 0x00, 0x00, 0x01, 0xEF, 0xFF, 0xFF, 0xF9,
  0x20, 0x00, 0x02, 0x9F, 0xFF, 0xFF, 0xE2, 0x00, 0x00, 0x00, 0x1E, 0xFF, 0xFF, 0xF9, 0x00, 0x00,
  0x00, 0x00, 0x9F, 0xFF, 0xFF, 0x60, 0x00, 0x00, 0x01, 0xEF, 0xFF, 0xFD, 0x10, 0x00, 0x00, 0x00,
  0x01, 0xDF, 0xFF, 0xFA, 0x00, 0x00, 0x00, 0x1E, 0xFF, 0xFF, 0x80, 0x00, 0x00, 0x00, 0x00, 0x08,
  0xFF, 0xFF, 0xC0, 0x00, 0x00, 0x01, 0xEF, 0xFF, 0xF6, 0x00, 0x00, 0x00, 0x00, 0x00, 0x6F, 0xFF,
  0xFE, 0x10, 0x00, 0x00, 0x1E, 0xFF, 0xFF, 0x50, 0x00, 0x00, 0x00, 0x00, 0x05, 0xFF, 0xFF, 0xE1,
  0x00, 0x00, 0x01, 0xEF, 0xFF, 0xF5, 0x00, 0x00, 0x00, 0x00, 0x00, 0x5F, 0xFF, 0xFE, 0x10, 0x00,
  0x00, 0x1E, 0xFF, 0xFF, 0x60, 0x00, 0x00, 0x00, 0x00, 0x06, 0xFF, 0xFF, 0xD1, 0x00, 0x00, 0x01,
  0xEF, 0xFF, 0xF9, 0x00, 0x00, 0x00, 0x00, 0x00, 0x9F, 0xFF, 0xFC, 0x00, 0x00, 0x00, 0x1E, 0xFF,
  0xFF, 0xE2, 0x00, 0x00, 0x00, 0x00, 0x2E, 0xFF, 0xFF, 0x90, 0x00, 0x00, 0x01, 0xEF, 0xFF, 0xFF,
  0xB1, 0x00, 0x00, 0x00, 0x1B, 0xFF, 0xFF, 0xF5, 0x00, 0x00, 0x00, 0x1E, 0xFF, 0xFF, 0xFF, 0xC4,
  0x00, 0x00, 0x4C, 0xFF, 0xFF, 0xFD, 0x10, 0x00, 0x00, 0x01, 0xEF, 0xFF, 0xFF, 0xFF, 0xFD, 0xBB,
  0xDF, 0xFF, 0xFF, 0xFF, 0x60, 0x00, 0x00, 0x00, 0x1E, 0xFF, 0xFF, 0xEF, 0xFF, 0xFF, 0xFF, 0xFF,
  0xFF, 0xFF, 0xB0, 0x00, 0x00, 0x00, 0x01, 0xEF, 0xFF, 0xF5, 0x8F, 0xFF, 0xFF, 0xFF, 0xFF, 0xFF,
  0xB1, 0x00, 0x00, 0x00, 0x00, 0x1F, 0xFF, 0xFF, 0x50, 0x8F, 0xFF, 0xFF, 0xFF, 0xFF, 0x91, 0x00,
  0x00, 0x00, 0x00, 0x00, 0x77, 0x77, 0x72, 0x00, 0x39, 0xCD, 0xED, 0xB8, 0x30, 0x00, 0x00, 0x00,
  0x00, 0x00, 0x00, 0x00, 0x00, 0x00, 0x00, 0x00, 0x11, 0x10, 0x00, 0x00, 0x00, 0x00, 0x00, 0x00,
  0x00, 0x00, 0x00, 0x00, 0x00, 0x11, 0x10, 0x00, 0x00, 0x00, 0x00, 0x00, 0x00, 0x00, 0x00, 0x00,
  0x05, 0x9C, 0xDE, 0xDC, 0x96, 0x10, 0x00, 0x00, 0x00, 0x00, 0x00, 0x00, 0x05, 0xCF, 0xFF, 0xFF,
  0xFF, 0xFF, 0xD6, 0x00, 0x00, 0x00, 0x00, 0x00, 0x00, 0x9F, 0xFF, 0xFF, 0xFF, 0xFF, 0xFF, 0xFF,
  0x90, 0x00, 0x00, 0x00, 0x00, 0x09, 0xFF, 0xFF, 0xFF, 0xFF, 0xFF, 0xFF, 0xFF, 0xF9, 0x00, 0x00,
  0x00, 0x00, 0x6F, 0xFF, 0xFF, 0xFF, 0xCB, 0xBE, 0xFF, 0xFF, 0xFF, 0x50, 0x00, 0x00, 0x01, 0xDF,
  0xFF, 0xFF, 0xA3, 0x00, 0x01, 0x7F, 0xFF, 0xFF, 0xC0, 0x00, 0x00, 0x06, 0xFF, 0xFF, 0xF8, 0x00,
  0x00, 0x00, 0x07, 0xFF, 0xFF, 0xF4, 0x00, 0x00, 0x0A, 0xFF, 0xFF, 0xC0, 0x00, 0x00, 0x00, 0x00,
  0xCF, 0xFF, 0xF8, 0x00, 0x00, 0x0C, 0xFF, 0xFF, 0x70, 0x00, 0x00, 0x00, 0x00, 0x7E, 0xB8, 0x52,
  0x00, 0x00, 0x1E, 0xFF, 0xFF, 0x40, 0x00, 0x00, 0x00, 0x00, 0x11, 0x00, 0x00, 0x00, 0x00, 0x1F,
  0xFF, 0xFF, 0x30, 0x00, 0x00, 0x00, 0x00, 0x00, 0x00, 0x00, 0x00, 0x00, 0x1F, 0xFF, 0xFF, 0x30,
  0x00, 0x00, 0x00, 0x00, 0x00, 0x00, 0x00, 0x00, 0x00, 0x1E, 0xFF, 0xFF, 0x40, 0x00, 0x00, 0x00,
  0x00, 0x12, 0x00, 0x00, 0x00, 0x00, 0x0C, 0xFF, 0xFF, 0x70, 0x00, 0x00, 0x00, 0x00, 0x6E, 0xB8,
  0x52, 0x00, 0x00, 0x0A, 0xFF, 0xFF, 0xC0, 0x00, 0x00, 0x00, 0x00, 0xBF, 0xFF, 0xF9, 0x00, 0x00,
  0x06, 0xFF, 0xFF, 0xF8, 0x00, 0x00, 0x00, 0x06, 0xFF, 0xFF, 0xF5, 0x00, 0x00, 0x01, 0xDF, 0xFF,
  0xFF, 0x92, 0x00, 0x01, 0x7F, 0xFF, 0xFF, 0xD0, 0x00, 0x00, 0x00, 0x6F, 0xFF, 0xFF, 0xFF, 0xCB,
  0xBE, 0xFF, 0xFF, 0xFF, 0x50, 0x00, 0x00, 0x00, 0x09, 0xFF, 0xFF, 0xFF, 0xFF, 0xFF, 0xFF, 0xFF,
  0xF9, 0x00, 0x00, 0x00, 0x00, 0x00, 0x9F, 0xFF, 0xFF, 0xFF, 0xFF, 0xFF, 0xFF, 0x90, 0x00, 0x00,
  0x00, 0x00, 0x00, 0x05, 0xDF, 0xFF, 0xFF, 0xFF, 0xFF, 0xD6, 0x00, 0x00, 0x00, 0x00, 0x00, 0x00,
  0x00, 0x05, 0x9C, 0xDE, 0xDC, 0x96, 0x10, 0x00, 0x00, 0x00, 0x00, 0x00, 0x00, 0x00, 0x00, 0x00,
  0x11, 0x10, 0x00, 0x00, 0x00, 0x00, 0x00, 0x00, 0x00, 0x00, 0x00, 0x00, 0x00, 0x00, 0x00, 0x00,
  0x00, 0x11, 0x11, 0x10, 0x00, 0x00, 0x00, 0x00, 0x00, 0x00, 0x00, 0x00, 0x00, 0x00, 0x00, 0x4E,
  0xEE, 0xED, 0x10, 0x00, 0x00, 0x00, 0x00, 0x00, 0x00, 0x00, 0x00, 0x00, 0x00, 0x05, 0xFF, 0xFF,
  0xE1, 0x00, 0x00, 0x00, 0x00, 0x00, 0x00, 0x00, 0x00, 0x00, 0x00, 0x00, 0x5F, 0xFF, 0xFE, 0x10,
  0x00, 0x00, 0x00, 0x00, 0x00, 0x00, 0x00, 0x00, 0x00, 0x00, 0x05, 0xFF, 0xFF, 0xE1, 0x00, 0x00,
  0x00, 0x00, 0x00, 0x00, 0x00, 0x00, 0x00, 0x00, 0x00, 0x5F, 0xFF, 0xFE, 0x10, 0x00, 0x00, 0x00,
  0x00, 0x00, 0x00, 0x00, 0x00, 0x00, 0x00, 0x05, 0xFF, 0xFF, 0xE1, 0x00, 0x00, 0x00, 0x00, 0x00,
  0x00, 0x00, 0x00, 0x00, 0x00, 0x00, 0x5F, 0xFF, 0xFE, 0x10, 0x00, 0x00, 0x00, 0x00, 0x00, 0x00,
  0x13, 0x43, 0x10, 0x00, 0x05, 0xFF, 0xFF, 0xE1, 0x00, 0x00, 0x00, 0x00, 0x00, 0x05, 0xAE, 0xFF,
  0xFE, 0xB5, 0x00, 0x5F, 0xFF, 0xFE, 0x10, 0x00, 0x00, 0x00, 0x00, 0x2B, 0xFF, 0xFF, 0xFF, 0xFF,
  0xFA, 0x04, 0xFF, 0xFF, 0xE1, 0x00, 0x00, 0x00, 0x00, 0x2D, 0xFF, 0xFF, 0xFF, 0xFF, 0xFF, 0xF8,
  0x5F, 0xFF, 0xFE, 0x10, 0x00, 0x00, 0x00, 0x1D, 0xFF, 0xFF, 0xFF, 0xFF, 0xFF, 0xFF, 0xFF, 0xFF,
  0xFF, 0xE1, 0x00, 0x00, 0x00, 0x08, 0xFF, 0xFF, 0xFF, 0xEA, 0x88, 0xAE, 0xFF, 0xFF, 0xFF, 0xFE,
  0x10, 0x00, 0x00, 0x02, 0xEF, 0xFF, 0xFF, 0x92, 0x00, 0x00, 0x29, 0xFF, 0xFF, 0xFF, 0xE1, 0x00,
  0x00, 0x00, 0x6F, 0xFF, 0xFF, 0x90, 0x00, 0x00, 0x00, 0x09, 0xFF, 0xFF, 0xFE, 0x10, 0x00, 0x00,
  0x0A, 0xFF, 0xFF, 0xD1, 0x00, 0x00, 0x00, 0x00, 0x1D, 0xFF, 0xFF, 0xE1, 0x00, 0x00, 0x00, 0xCF,
  0xFF, 0xF8, 0x00, 0x00, 0x00, 0x00, 0x00, 0x8F, 0xFF, 0xFE, 0x10, 0x00, 0x00, 0x1E, 0xFF, 0xFF,
  0x60, 0x00, 0x00, 0x00, 0x00, 0x06, 0xFF, 0xFF, 0xE1, 0x00, 0x00, 0x01, 0xEF, 0xFF, 0xF5, 0x00,
  0x00, 0x00, 0x00, 0x00, 0x5F, 0xFF, 0xFE, 0x10, 0x00, 0x00, 0x1E, 0xFF, 0xFF, 0x50, 0x00, 0x00,
  0x00, 0x00, 0x05, 0xFF, 0xFF, 0xE1, 0x00, 0x00, 0x01, 0xDF, 0xFF, 0xF6, 0x00, 0x00, 0x00, 0x00,
  0x00, 0x6F, 0xFF, 0xFE, 0x10, 0x00, 0x00, 0x0C, 0xFF, 0xFF, 0x90, 0x00, 0x00, 0x00, 0x00, 0x09,
  0xFF, 0xFF, 0xE1, 0x00, 0x00, 0x00, 0x9F, 0xFF, 0xFE, 0x20, 0x00, 0x00, 0x00, 0x02, 0xEF, 0xFF,
  0xFE, 0x10, 0x00, 0x00, 0x06, 0xFF, 0xFF, 0xFB, 0x10, 0x00, 0x00, 0x01, 0xBF, 0xFF, 0xFF, 0xE1,
  0x00, 0x00, 0x00, 0x1D, 0xFF, 0xFF, 0xFC, 0x40, 0x00, 0x04, 0xCF, 0xFF, 0xFF, 0xFE, 0x10, 0x00,
  0x00, 0x00, 0x6F, 0xFF, 0xFF, 0xFF, 0xDB, 0xBD, 0xFF, 0xFF, 0xFF, 0xFF, 0xE1, 0x00, 0x00, 0x00,
  0x00, 0xBF, 0xFF, 0xFF, 0xFF, 0xFF, 0xFF, 0xFF, 0xFF, 0xFF, 0xFE, 0x10, 0x00, 0x00, 0x00, 0x01,
  0xBF, 0xFF, 0xFF, 0xFF, 0xFF, 0xFF, 0x95, 0xFF, 0xFF, 0xE1, 0x00, 0x00, 0x00, 0x00, 0x01, 0x8F,
  0xFF, 0xFF, 0xFF, 0xFF, 0x90, 0x5F, 0xFF, 0xFF, 0x10, 0x00, 0x00, 0x00, 0x00, 0x00, 0x28, 0xBD,
  0xED, 0xC9, 0x40, 0x02, 0x77, 0x77, 0x70, 0x00, 0x00, 0x00, 0x00, 0x00, 0x00, 0x00, 0x11, 0x10,
  0x00, 0x00, 0x00, 0x00, 0x00, 0x00, 0x00, 0x00, 0x00, 0x00, 0x00, 0x03, 0x79, 0xAA, 0x97, 0x40,
  0x00, 0x00, 0x00, 0x00, 0x00, 0x00, 0x00, 0x04, 0xBF, 0xFF, 0xFF, 0xFF, 0xFC, 0x50, 0x00, 0x00,
  0x00, 0x00, 0x00, 0x00, 0x8F, 0xFF, 0xFF, 0xFF, 0xFF, 0xFF, 0xF8, 0x00, 0x00, 0x00, 0x00, 0x00,
  0x08, 0xFF, 0xFF, 0xFF, 0xFF, 0xFF, 0xFF, 0xFF, 0x80, 0x00, 0x00, 0x00, 0x00, 0x5F, 0xFF, 0xFF,
  0xFE, 0xDD, 0xEF, 0xFF, 0xFF, 0xF5, 0x00, 0x00, 0x00, 0x01, 0xDF, 0xFF, 0xFE, 0x72, 0x00, 0x27,
  0xEF, 0xFF, 0xFD, 0x10, 0x00, 0x00, 0x05, 0xFF, 0xFF, 0xE4, 0x00, 0x00, 0x00, 0x4E, 0xFF, 0xFF,
  0x50, 0x00, 0x00, 0x09, 0xFF, 0xFF, 0x70, 0x00, 0x00, 0x00, 0x08, 0xFF, 0xFF, 0x90, 0x00, 0x00,
  0x0C, 0xFF, 0xFF, 0x63, 0x33, 0x33, 0x33, 0x37, 0xFF, 0xFF, 0xC0, 0x00, 0x00, 0x1E, 0xFF, 0xFF,
  0xFF, 0xFF, 0xFF, 0xFF, 0xFF, 0xFF, 0xFF, 0xE1, 0x00, 0x00, 0x1F, 0xFF, 0xFF, 0xFF, 0xFF, 0xFF,
  0xFF, 0xFF, 0xFF, 0xFF, 0xE1, 0x00, 0x00, 0x1F, 0xFF, 0xFF, 0xFF, 0xFF, 0xFF, 0xFF, 0xFF, 0xFF,
  0xFF, 0xF1, 0x00, 0x00, 0x1E, 0xFF, 0xFF, 0xCB, 0xBB, 0xBB, 0xBB, 0xBB, 0xBB, 0xBB, 0xB1, 0x00,
  0x00, 0x0D, 0xFF, 0xFF, 0x30, 0x00, 0x00, 0x00, 0x00, 0x00, 0x00, 0x00, 0x00, 0x00, 0x0A, 0xFF,
  0xFF, 0x80, 0x10, 0x00, 0x00, 0x01, 0x61, 0x00, 0x00, 0x00, 0x00, 0x06, 0xFF, 0xFF, 0xE3, 0x00,
  0x00, 0x00, 0x09, 0xFD, 0x60, 0x00, 0x00, 0x00, 0x01, 0xEF, 0xFF, 0xFE, 0x50, 0x00, 0x01, 0x8F,
  0xFF, 0xFD, 0x20, 0x00, 0x00, 0x00, 0x7F, 0xFF, 0xFF, 0xFD, 0xA9, 0xAD, 0xFF, 0xFF, 0xFC, 0x10,
  0x00, 0x00, 0x00, 0x0B, 0xFF, 0xFF, 0xFF, 0xFF, 0xFF, 0xFF, 0xFF, 0xE2, 0x00, 0x00, 0x00, 0x00,
  0x01, 0xBF, 0xFF, 0xFF, 0xFF, 0xFF, 0xFF, 0xFE, 0x40, 0x00, 0x00, 0x00, 0x00, 0x00, 0x07, 0xEF,
  0xFF, 0xFF, 0xFF, 0xFF, 0xB3, 0x00, 0x00, 0x00, 0x00, 0x00, 0x00, 0x00, 0x16, 0xAD, 0xEE, 0xDC,
  0x94, 0x00, 0x00, 0x00, 0x00, 0x00, 0x00, 0x00, 0x00, 0x00, 0x00, 0x11, 0x10, 0x00, 0x00, 0x00,
  0x00, 0x00, 0x00, 0x00, 0x00, 0x00, 0x00, 0x01, 0x11, 0x11, 0x10, 0x00, 0x00, 0x00, 0x00, 0x00,
  0x06, 0xBE, 0xEE, 0xEE, 0xE5, 0x00, 0x00, 0x00, 0x00, 0x00, 0x9F, 0xFF, 0xFF, 0xFF, 0xF5, 0x00,
  0x00, 0x00, 0x00, 0x05, 0xFF, 0xFF, 0xFF, 0xFF, 0xF5, 0x00, 0x00, 0x00, 0x00, 0x0A, 0xFF, 0xFF,
  0xFF, 0xFF, 0xF6, 0x00, 0x00, 0x00, 0x00, 0x0B, 0xFF, 0xFF, 0xE9, 0x99, 0x93, 0x00, 0x00, 0x00,
  0x00, 0x0B, 0xFF, 0xFF, 0x80, 0x00, 0x00, 0x00, 0x00, 0x00, 0x00, 0x0B, 0xFF, 0xFF, 0x70, 0x11,
  0x10, 0x00, 0x00, 0x00, 0x00, 0x0B, 0xFF, 0xFF, 0x70, 0x00, 0x00, 0x00, 0x00, 0x55, 0x55, 0x5D,
  0xFF, 0xFF, 0xA5, 0x55, 0x55, 0x00, 0x01, 0xFF, 0xFF, 0xFF, 0xFF, 0xFF, 0xFF, 0xFF, 0xFF, 0x10,
  0x01, 0xEF, 0xFF, 0xFF, 0xFF, 0xFF, 0xFF, 0xFF, 0xFE, 0x10, 0x01, 0xEF, 0xFF, 0xFF, 0xFF, 0xFF,
  0xFF, 0xFF, 0xFE, 0x10, 0x01, 0xFF, 0xFF, 0xFF, 0xFF, 0xFF, 0xFF, 0xFF, 0xFF, 0x10, 0x00, 0x33,
  0x33, 0x3C, 0xFF, 0xFF, 0x93, 0x43, 0x33, 0x00, 0x00, 0x00, 0x00, 0x0B, 0xFF, 0xFF, 0x70, 0x00,
  0x00, 0x00, 0x00, 0x00, 0x00, 0x0B, 0xFF, 0xFF, 0x80, 0x00, 0x00, 0x00, 0x00, 0x00, 0x00, 0x0B,
  0xFF, 0xFF, 0x70, 0x00, 0x00, 0x00, 0x00, 0x00, 0x00, 0x0B, 0xFF, 0xFF, 0x70, 0x00, 0x00, 0x00,
  0x00, 0x00, 0x00, 0x0B, 0xFF, 0xFF, 0x70, 0x00, 0x00, 0x00, 0x00, 0x00, 0x00, 0x0B, 0xFF, 0xFF,
  0x70, 0x00, 0x00, 0x00, 0x00, 0x00, 0x00, 0x0B, 0xFF, 0xFF, 0x70, 0x00, 0x00, 0x00, 0x00, 0x00,
  0x00, 0x0B, 0xFF, 0xFF, 0x70, 0x00, 0x00, 0x00, 0x00, 0x00, 0x00, 0x0B, 0xFF, 0xFF, 0x70, 0x00,
  0x00, 0x00, 0x00, 0x00, 0x00, 0x0B, 0xFF, 0xFF, 0x70, 0x00, 0x00, 0x00, 0x00, 0x00, 0x00, 0x0B,
  0xFF, 0xFF, 0x70, 0x00, 0x00, 0x00, 0x00, 0x00, 0x00, 0x0B, 0xFF, 0xFF, 0x70, 0x00, 0x00, 0x00,
  0x00, 0x00, 0x00, 0x0B, 0xFF, 0xFF, 0x70, 0x00, 0x00, 0x00, 0x00, 0x00, 0x00, 0x0B, 0xFF, 0xFF,
  0x70, 0x00, 0x00, 0x00, 0x00, 0x00, 0x00, 0x0C, 0xFF, 0xFF, 0x80, 0x00, 0x00, 0x00, 0x00, 0x00,
  0x00, 0x0B, 0xEE, 0xEE, 0x70, 0x00, 0x00, 0x00, 0x00, 0x00, 0x00, 0x01, 0x11, 0x11, 0x00, 0x00,
  0x00, 0x00, 0x00, 0x00, 0x00, 0x00, 0x00, 0x01, 0x11, 0x00, 0x00, 0x00, 0x00, 0x00, 0x00, 0x00,
  0x00, 0x00, 0x00, 0x00, 0x02, 0x8B, 0xDE, 0xDC, 0x93, 0x00, 0x27, 0x66, 0x76, 0x00, 0x00, 0x00,
  0x00, 0x00, 0x18, 0xFF, 0xFF, 0xFF, 0xFF, 0xF8, 0x05, 0xFF, 0xFF, 0xF1, 0x00, 0x00, 0x00, 0x00,
  0x1B, 0xFF, 0xFF, 0xFF, 0xFF, 0xFF, 0xF7, 0x5F, 0xFF, 0xFE, 0x10, 0x00, 0x00, 0x00, 0x0B, 0xFF,
  0xFF, 0xFF, 0xFF, 0xFF, 0xFF, 0xFE, 0xFF, 0xFF, 0xE1, 0x00, 0x00, 0x00, 0x07, 0xFF, 0xFF, 0xFF,
  0xFD, 0xBB, 0xDF, 0xFF, 0xFF, 0xFF, 0xFE, 0x10, 0x00, 0x00, 0x01, 0xEF, 0xFF, 0xFF, 0xB4, 0x00,
  0x00, 0x4B, 0xFF, 0xFF, 0xFF, 0xE1, 0x00, 0x00, 0x00, 0x6F, 0xFF, 0xFF, 0xA0, 0x00, 0x00, 0x00,
  0x0A, 0xFF, 0xFF, 0xFE, 0x10, 0x00, 0x00, 0x0A, 0xFF, 0xFF, 0xE1, 0x00, 0x00, 0x00, 0x00, 0x1E,
  0xFF, 0xFF, 0xE1, 0x00, 0x00, 0x00, 0xCF, 0xFF, 0xF9, 0x00, 0x00, 0x00, 0x00, 0x00, 0x9F, 0xFF,
  0xFE, 0x10, 0x00, 0x00, 0x1E, 0xFF, 0xFF, 0x60, 0x00, 0x00, 0x00, 0x00, 0x06, 0xFF, 0xFF, 0xE1,
  0x00, 0x00, 0x01, 0xEF, 0xFF, 0xF5, 0x00, 0x00, 0x00, 0x00, 0x00, 0x5F, 0xFF, 0xFE, 0x10, 0x00,
  0x00, 0x1E, 0xFF, 0xFF, 0x50, 0x00, 0x00, 0x00, 0x00, 0x05, 0xFF, 0xFF, 0xE1, 0x00, 0x00, 0x01,
  0xDF, 0xFF, 0xF6, 0x00, 0x00, 0x00, 0x00, 0x00, 0x7F, 0xFF, 0xFE, 0x10, 0x00, 0x00, 0x0C, 0xFF,
  0xFF, 0xA0, 0x00, 0x00, 0x00, 0x00, 0x0A, 0xFF, 0xFF, 0xE1, 0x00, 0x00, 0x00, 0x9F, 0xFF, 0xFF,
  0x30, 0x00, 0x00, 0x00, 0x03, 0xFF, 0xFF, 0xFE, 0x10, 0x00, 0x00, 0x05, 0xFF, 0xFF, 0xFD, 0x30,
  0x00, 0x00, 0x03, 0xDF, 0xFF, 0xFF, 0xE1, 0x00, 0x00, 0x00, 0x0D, 0xFF, 0xFF, 0xFE, 0x83, 0x11,
  0x38, 0xEF, 0xFF, 0xFF, 0xFE, 0x10, 0x00, 0x00, 0x00, 0x5F, 0xFF, 0xFF, 0xFF, 0xFE, 0xEF, 0xFF,
  0xFF, 0xFF, 0xFF, 0xE1, 0x00, 0x00, 0x00, 0x00, 0x8F, 0xFF, 0xFF, 0xFF, 0xFF, 0xFF, 0xFC, 0xAF,
  0xFF, 0xFE, 0x10, 0x00, 0x00, 0x00, 0x00, 0x8F, 0xFF, 0xFF, 0xFF, 0xFF, 0xFE, 0x23, 0xFF, 0xFF,
  0xE1, 0x00, 0x00, 0x00, 0x00, 0x00, 0x4C, 0xFF, 0xFF, 0xFF, 0xFC, 0x30, 0x5F, 0xFF, 0xFE, 0x10,
  0x00, 0x00, 0x00, 0x00, 0x00, 0x04, 0x8A, 0xAA, 0x84, 0x00, 0x05, 0xFF, 0xFF, 0xE1, 0x00, 0x00,
  0x00, 0x00, 0x00, 0x00, 0x00, 0x00, 0x00, 0x00, 0x00, 0x5F, 0xFF, 0xFE, 0x10, 0x00, 0x00, 0x00,
  0x00, 0x00, 0x00, 0x00, 0x00, 0x00, 0x00, 0x04, 0xFF, 0xFF, 0xE1, 0x00, 0x00, 0x00, 0x00, 0x00,
  0x00, 0x00, 0x00, 0x00, 0x00, 0x00, 0x6F, 0xFF, 0xFE, 0x10, 0x00, 0x00, 0x00, 0x00, 0x7B, 0xAA,
  0xAA, 0xAA, 0xAA, 0xAA, 0xBE, 0xFF, 0xFF, 0xE1, 0x00, 0x00, 0x00, 0x00, 0x0A, 0xFF, 0xFF, 0xFF,
  0xFF, 0xFF, 0xFF, 0xFF, 0xFF, 0xFC, 0x00, 0x00, 0x00, 0x00, 0x00, 0x9F, 0xFF, 0xFF, 0xFF, 0xFF,
  0xFF, 0xFF, 0xFF, 0xFF, 0x80, 0x00, 0x00, 0x00, 0x00, 0x0A, 0xFF, 0xFF, 0xFF, 0xFF, 0xFF, 0xFF,
  0xFF, 0xFF, 0xC1, 0x00, 0x00, 0x00, 0x00, 0x00, 0x9E, 0xEE, 0xEE, 0xEE, 0xEE, 0xEE, 0xEE, 0xEC,
  0x81, 0x00, 0x00, 0x00, 0x00, 0x00, 0x01, 0x11, 0x11, 0x11, 0x11, 0x11, 0x11, 0x11, 0x00, 0x00,
  0x00, 0x00, 0x00, 0x00, 0x11, 0x11, 0x10, 0x00, 0x00, 0x00, 0x00, 0x00, 0x00, 0x00, 0x00, 0x00,
  0x00, 0x01, 0xDE, 0xEE, 0xE4, 0x00, 0x00, 0x00, 0x00, 0x00, 0x00, 0x00, 0x00, 0x00, 0x00, 0x01,
  0xEF, 0xFF, 0xF5, 0x00, 0x00, 0x00, 0x00, 0x00, 0x00, 0x00, 0x00, 0x00, 0x00, 0x01, 0xEF, 0xFF,
  0xF5, 0x00, 0x00, 0x00, 0x00, 0x00, 0x00, 0x00, 0x00, 0x00, 0x00, 0x01, 0xEF, 0xFF, 0xF5, 0x00,
  0x00, 0x00, 0x00, 0x00, 0x00, 0x00, 0x00, 0x00, 0x00, 0x01, 0xEF, 0xFF, 0xF5, 0x00, 0x00, 0x00,
  0x00, 0x00, 0x00, 0x00, 0x00, 0x00, 0x00, 0x01, 0xEF, 0xFF, 0xF5, 0x00, 0x00, 0x00, 0x00, 0x00,
  0x00, 0x00, 0x00, 0x00, 0x00, 0x01, 0xEF, 0xFF, 0xF5, 0x00, 0x00, 0x00, 0x00, 0x00, 0x00, 0x00,
  0x00, 0x00, 0x00, 0x01, 0xEF, 0xFF, 0xF5, 0x00, 0x00, 0x12, 0x21, 0x00, 0x00, 0x00, 0x00, 0x00,
  0x00, 0x01, 0xEF, 0xFF, 0xF5, 0x00, 0x5B, 0xDE, 0xED, 0xB6, 0x00, 0x00, 0x00, 0x00, 0x00, 0x01,
  0xEF, 0xFF, 0xF4, 0x0A, 0xFF, 0xFF, 0xFF, 0xFF, 0xC2, 0x00, 0x00, 0x00, 0x00, 0x01, 0xEF, 0xFF,
  0xF5, 0x8F, 0xFF, 0xFF, 0xFF, 0xFF, 0xFD, 0x20, 0x00, 0x00, 0x00, 0x01, 0xEF, 0xFF, 0xFE, 0xFF,
  0xFF, 0xFF, 0xFF, 0xFF, 0xFF, 0xC0, 0x00, 0x00, 0x00, 0x01, 0xEF, 0xFF, 0xFF, 0xFF, 0xEC, 0xBC,
  0xEF, 0xFF, 0xFF, 0xF5, 0x00, 0x00, 0x00, 0x01, 0xEF, 0xFF, 0xFF, 0xF9, 0x20, 0x00, 0x2A, 0xFF,
  0xFF, 0xFB, 0x00, 0x00, 0x00, 0x01, 0xEF, 0xFF, 0xFF, 0x90, 0x00, 0x00, 0x00, 0xBF, 0xFF, 0xFE,
  0x10, 0x00, 0x00, 0x01, 0xEF, 0xFF, 0xFE, 0x10, 0x00, 0x00, 0x00, 0x5F, 0xFF, 0xFF, 0x30, 0x00,
  0x00, 0x01, 0xEF, 0xFF, 0xF9, 0x00, 0x00, 0x00, 0x00, 0x2F, 0xFF, 0xFF, 0x40, 0x00, 0x00, 0x01,
  0xEF, 0xFF, 0xF6, 0x00, 0x00, 0x00, 0x00, 0x1E, 0xFF, 0xFF, 0x50, 0x00, 0x00, 0x01, 0xEF, 0xFF,
  0xF5, 0x00, 0x00, 0x00, 0x00, 0x1E, 0xFF, 0xFF, 0x50, 0x00, 0x00, 0x01, 0xEF, 0xFF, 0xF5, 0x00,
  0x00, 0x00, 0x00, 0x1E, 0xFF, 0xFF, 0x50, 0x00, 0x00, 0x01, 0xEF, 0xFF, 0xF5, 0x00, 0x00, 0x00,
  0x00, 0x1E, 0xFF, 0xFF, 0x50, 0x00, 0x00, 0x01, 0xEF, 0xFF, 0xF5, 0x00, 0x00, 0x00, 0x00, 0x1E,
  0xFF, 0xFF, 0x50, 0x00, 0x00, 0x01, 0xEF, 0xFF, 0xF5, 0x00, 0x00, 0x00, 0x00, 0x1E, 0xFF, 0xFF,
  0x50, 0x00, 0x00, 0x01, 0xEF, 0xFF, 0xF5, 0x00, 0x00, 0x00, 0x00, 0x1E, 0xFF, 0xFF, 0x50, 0x00,
  0x00, 0x01, 0xEF, 0xFF, 0xF5, 0x00, 0x00, 0x00, 0x00, 0x1E, 0xFF, 0xFF, 0x50, 0x00, 0x00, 0x01,
  0xEF, 0xFF, 0xF5, 0x00, 0x00, 0x00, 0x00, 0x1E, 0xFF, 0xFF, 0x50, 0x00, 0x00, 0x01, 0xEF, 0xFF,
  0xF5, 0x00, 0x00, 0x00, 0x00, 0x1E, 0xFF, 0xFF, 0x50, 0x00, 0x00, 0x01, 0xEF, 0xFF, 0xF5, 0x00,
  0x00, 0x00, 0x00, 0x1E, 0xFF, 0xFF, 0x50, 0x00, 0x00, 0x01, 0xEF, 0xFF, 0xF5, 0x00, 0x00, 0x00,
  0x00, 0x1E, 0xFF, 0xFF, 0x50, 0x00, 0x00, 0x01, 0xDE, 0xEE, 0xE4, 0x00, 0x00, 0x00, 0x00, 0x1D,
  0xEE, 0xEE, 0x40, 0x00, 0x00, 0x00, 0x11, 0x11, 0x10, 0x00, 0x00, 0x00, 0x00, 0x01, 0x11, 0x11,
  0x00, 0x00, 0x00, 0x00, 0x6C, 0xEC, 0x70, 0x00, 0x00, 0x00, 0x7F, 0xFF, 0xFF, 0x70, 0x00, 0x00,
  0x0D, 0xFF, 0xFF, 0xFD, 0x00, 0x00, 0x01, 0xEF, 0xFF, 0xFF, 0xE1, 0x00, 0x00, 0x0B, 0xFF, 0xFF,
  0xFB, 0x00, 0x00, 0x00, 0x2D, 0xFF, 0xFD, 0x30, 0x00, 0x00, 0x00, 0x16, 0x86, 0x10, 0x00, 0x00,
  0x00, 0x00, 0x00, 0x00, 0x00, 0x00, 0x00, 0x00, 0x11, 0x11, 0x10, 0x00, 0x00, 0x00, 0x4E, 0xEE,
  0xED, 0x10, 0x00, 0x00, 0x05, 0xFF, 0xFF, 0xE1, 0x00, 0x00, 0x00, 0x5F, 0xFF, 0xFE, 0x10, 0x00,
  0x00, 0x05, 0xFF, 0xFF, 0xE1, 0x00, 0x00, 0x00, 0x5F, 0xFF, 0xFE, 0x10, 0x00, 0x00, 0x05, 0xFF,
  0xFF, 0xE1, 0x00, 0x00, 0x00, 0x5F, 0xFF, 0xFE, 0x10, 0x00, 0x00, 0x05, 0xFF, 0xFF, 0xE1, 0x00,
  0x00, 0x00, 0x5F, 0xFF, 0xFE, 0x10, 0x00, 0x00, 0x05, 0xFF, 0xFF, 0xE1, 0x00, 0x00, 0x00, 0x5F,
  0xFF, 0xFE, 0x10, 0x00, 0x00, 0x05, 0xFF, 0xFF, 0xE1, 0x00, 0x00, 0x00, 0x5F, 0xFF, 0xFE, 0x10,
  0x00, 0x00, 0x05, 0xFF, 0xFF, 0xE1, 0x00, 0x00, 0x00, 0x5F, 0xFF, 0xFE, 0x10, 0x00, 0x00, 0x05,
  0xFF, 0xFF, 0xE1, 0x00, 0x00, 0x00, 0x5F, 0xFF, 0xFE, 0x10, 0x00, 0x00, 0x05, 0xFF, 0xFF, 0xE1,
  0x00, 0x00, 0x00, 0x5F, 0xFF, 0xFE, 0x10, 0x00, 0x00, 0x05, 0xFF, 0xFF, 0xE1, 0x00, 0x00, 0x00,
  0x4E, 0xEE, 0xED, 0x10, 0x00, 0x00, 0x00, 0x11, 0x11, 0x10, 0x00, 0x00, 0x00, 0x00, 0x02, 0x33,
  0x33, 0x00, 0x00, 0x00, 0x00, 0x1E, 0xFF, 0xFF, 0x20, 0x00, 0x00, 0x00, 0x1D, 0xFF, 0xFF, 0x20,
  0x00, 0x00, 0x00, 0x1D, 0xFF, 0xFF, 0x20, 0x00, 0x00, 0x00, 0x1D, 0xFF, 0xFF, 0x20, 0x00, 0x00,
  0x00, 0x1D, 0xFF, 0xFF, 0x20, 0x00, 0x00, 0x00, 0x1D, 0xFF, 0xFF, 0x20, 0x00, 0x00, 0x00, 0x1D,
  0xFF, 0xFF, 0x20, 0x00, 0x00, 0x00, 0x1D, 0xFF, 0xFF, 0x20, 0x00, 0x00, 0x00, 0x1D, 0xFF, 0xFF,
  0x20, 0x00, 0x00, 0x00, 0x1D, 0xFF, 0xFF, 0x20, 0x00, 0x00, 0x00, 0x1D, 0xFF, 0xFF, 0x20, 0x00,
  0x00, 0x00, 0x1D, 0xFF, 0xFF, 0x20, 0x00, 0x00, 0x00, 0x1D, 0xFF, 0xFF, 0x20, 0x00, 0x00, 0x00,
  0x1D, 0xFF, 0xFF, 0x20, 0x00, 0x00, 0x00, 0x1D, 0xFF, 0xFF, 0x20, 0x00, 0x00, 0x00, 0x1D, 0xFF,
  0xFF, 0x20, 0x00, 0x00, 0x00, 0x1D, 0xFF, 0xFF, 0x20, 0x00, 0x00, 0x00, 0x1D, 0xFF, 0xFF, 0x20,
  0x00, 0x00, 0x00, 0x1D, 0xFF, 0xFF, 0x20, 0x00, 0x00, 0x00, 0x1D, 0xFF, 0xFF, 0x20, 0x00, 0x00,
  0x00, 0x1D, 0xFF, 0xFF, 0x20, 0x00, 0x00, 0x00, 0x1D, 0xFF, 0xFF, 0x20, 0x00, 0x00, 0x00, 0x1D,
  0xFF, 0xFF, 0x20, 0x00, 0x00, 0x00, 0x2E, 0xFF, 0xFF, 0x20, 0x00, 0x07, 0xA9, 0xCF, 0xFF, 0xFF,
  0x20, 0x00, 0x0C, 0xFF, 0xFF, 0xFF, 0xFE, 0x10, 0x00, 0x0B, 0xFF, 0xFF, 0xFF, 0xFA, 0x00, 0x00,
  0x0B, 0xFF, 0xFF, 0xFF, 0xE2, 0x00, 0x00, 0x0B, 0xEE, 0xEE, 0xDA, 0x20, 0x00, 0x00, 0x01, 0x11,
  0x11, 0x10, 0x00, 0x00, 0x00, 0x00, 0x00, 0x11, 0x11, 0x10, 0x00, 0x00, 0x00, 0x00, 0x00, 0x00,
  0x00, 0x00, 0x00, 0x00, 0xCE, 0xEE, 0xE7, 0x00, 0x00, 0x00, 0x00, 0x00, 0x00, 0x00, 0x00, 0x00,
  0x00, 0xEF, 0xFF, 0xF7, 0x00, 0x00, 0x00, 0x00, 0x00, 0x00, 0x00, 0x00, 0x00, 0x00, 0xDF, 0xFF,
  0xF7, 0x00, 0x00, 0x00, 0x00, 0x00, 0x00, 0x00, 0x00, 0x00, 0x00, 0xDF, 0xFF, 0xF7, 0x00, 0x00,
  0x00, 0x00, 0x00, 0x00, 0x00, 0x00, 0x00, 0x00, 0xDF, 0xFF, 0xF7, 0x00, 0x00, 0x00, 0x00, 0x00,
  0x00, 0x00, 0x00, 0x00, 0x00, 0xDF, 0xFF, 0xF7, 0x00, 0x00, 0x00, 0x00, 0x00, 0x00, 0x00, 0x00,
  0x00, 0x00, 0xDF, 0xFF, 0xF7, 0x00, 0x00, 0x00, 0x00, 0x00, 0x00, 0x00, 0x00, 0x00, 0x00, 0xDF,
  0xFF, 0xF7, 0x00, 0x00, 0x00, 0x00, 0x00, 0x00, 0x00, 0x00, 0x00, 0x00, 0xDF, 0xFF, 0xF7, 0x00,
  0x00, 0x00, 0x04, 0x55, 0x55, 0x55, 0x10, 0x00, 0x00, 0xDF, 0xFF, 0xF7, 0x00, 0x00, 0x00, 0x7F,
  0xFF, 0xFF, 0xF9, 0x00, 0x00, 0x00, 0xDF, 0xFF, 0xF7, 0x00, 0x00, 0x05, 0xFF, 0xFF, 0xFF, 0x80,
  0x00, 0x00, 0x00, 0xDF, 0xFF, 0xF7, 0x00, 0x00, 0x4F, 0xFF, 0xFF, 0xF9, 0x00, 0x00, 0x00, 0x00,
  0xDF, 0xFF, 0xF7, 0x00, 0x02, 0xEF, 0xFF, 0xFF, 0xA0, 0x00, 0x00, 0x00, 0x00, 0xDF, 0xFF, 0xF7,
  0x00, 0x1D, 0xFF, 0xFF, 0xFB, 0x00, 0x00, 0x00, 0x00, 0x00, 0xDF, 0xFF, 0xF7, 0x00, 0xBF, 0xFF,
  0xFF, 0xB1, 0x00, 0x00, 0x00, 0x00, 0x00, 0xDF, 0xFF, 0xF7, 0x0A, 0xFF, 0xFF, 0xFC, 0x10, 0x00,
  0x00, 0x00, 0x00, 0x00, 0xDF, 0xFF, 0xF8, 0x8F, 0xFF, 0xFF, 0xC2, 0x00, 0x00, 0x00, 0x00, 0x00,
  0x00, 0xDF, 0xFF, 0xFF, 0xFF, 0xFF, 0xFD, 0x20, 0x00, 0x00, 0x00, 0x00, 0x00, 0x00, 0xDF, 0xFF,
  0xFF, 0xFF, 0xFF, 0xD3, 0x00, 0x00, 0x00, 0x00, 0x00, 0x00, 0x00, 0xDF, 0xFF, 0xFF, 0xFF, 0xFF,
  0xC0, 0x00, 0x00, 0x00, 0x00, 0x00, 0x00, 0x00, 0xDF, 0xFF, 0xFF, 0xFF, 0xFF, 0xFB, 0x00, 0x00,
  0x00, 0x00, 0x00, 0x00, 0x00, 0xDF, 0xFF, 0xFB, 0xCF, 0xFF, 0xFF, 0xA0, 0x00, 0x00, 0x00, 0x00,
  0x00, 0x00, 0xDF, 0xFF, 0xF6, 0x1D, 0xFF, 0xFF, 0xF9, 0x00, 0x00, 0x00, 0x00, 0x00, 0x00, 0xDF,
  0xFF, 0xF7, 0x03, 0xDF, 0xFF, 0xFF, 0x80, 0x00, 0x00, 0x00, 0x00, 0x00, 0xDF, 0xFF, 0xF7, 0x00,
  0x4E, 0xFF, 0xFF, 0xF8, 0x00, 0x00, 0x00, 0x00, 0x00, 0xDF, 0xFF, 0xF7, 0x00, 0x05, 0xFF, 0xFF,
  0xFF, 0x70, 0x00, 0x00, 0x00, 0x00, 0xDF, 0xFF, 0xF7, 0x00, 0x00, 0x6F, 0xFF, 0xFF, 0xF6, 0x00,
  0x00, 0x00, 0x00, 0xDF, 0xFF, 0xF7, 0x00, 0x00, 0x08, 0xFF, 0xFF, 0xFF, 0x50, 0x00, 0x00, 0x00,
  0xEF, 0xFF, 0xF7, 0x00, 0x00, 0x00, 0x9F, 0xFF, 0xFF, 0xF5, 0x00, 0x00, 0x00, 0xCE, 0xEE, 0xE7,
  0x00, 0x00, 0x00, 0x0A, 0xEE, 0xEE, 0xED, 0x30, 0x00, 0x00, 0x11, 0x11, 0x10, 0x00, 0x00, 0x00,
  0x00, 0x11, 0x11, 0x11, 0x10, 0x00, 0x00, 0x11, 0x11, 0x10, 0x00, 0x00, 0x00, 0x1D, 0xEE, 0xEE,
  0x40, 0x00, 0x00, 0x01, 0xEF, 0xFF, 0xF5, 0x00, 0x00, 0x00, 0x1E, 0xFF, 0xFF, 0x50, 0x00, 0x00,
  0x01, 0xEF, 0xFF, 0xF5, 0x00, 0x00, 0x00, 0x1E, 0xFF, 0xFF, 0x50, 0x00, 0x00, 0x01, 0xEF, 0xFF,
  0xF5, 0x00, 0x00, 0x00, 0x1E, 0xFF, 0xFF, 0x50, 0x00, 0x00, 0x01, 0xEF, 0xFF, 0xF5, 0x00, 0x00,
  0x00, 0x1E, 0xFF, 0xFF, 0x50, 0x00, 0x00, 0x01, 0xEF, 0xFF, 0xF5, 0x00, 0x00, 0x00, 0x1E, 0xFF,
  0xFF, 0x50, 0x00, 0x00, 0x01, 0xEF, 0xFF, 0xF5, 0x00, 0x00, 0x00, 0x1E, 0xFF, 0xFF, 0x50, 0x00,
  0x00, 0x01, 0xEF, 0xFF, 0xF5, 0x00, 0x00, 0x00, 0x1E, 0xFF, 0xFF, 0x50, 0x00, 0x00, 0x01, 0xEF,
  0xFF, 0xF5, 0x00, 0x00, 0x00, 0x1E, 0xFF, 0xFF, 0x50, 0x00, 0x00, 0x01, 0xEF, 0xFF, 0xF5, 0x00,
  0x00, 0x00, 0x1E, 0xFF, 0xFF, 0x50, 0x00, 0x00, 0x01, 0xEF, 0xFF, 0xF5, 0x00, 0x00, 0x00, 0x1E,
  0xFF, 0xFF, 0x50, 0x00, 0x00, 0x01, 0xEF, 0xFF, 0xF5, 0x00, 0x00, 0x00, 0x1E, 0xFF, 0xFF, 0x50,
  0x00, 0x00, 0x01, 0xEF, 0xFF, 0xF5, 0x00, 0x00, 0x00, 0x1E, 0xFF, 0xFF, 0x50, 0x00, 0x00, 0x01,
  0xEF, 0xFF, 0xF5, 0x00, 0x00, 0x00, 0x1E, 0xFF, 0xFF, 0x50, 0x00, 0x00, 0x01, 0xEF, 0xFF, 0xF5,
  0x00, 0x00, 0x00, 0x1E, 0xFF, 0xFF, 0x50, 0x00, 0x00, 0x01, 0xDE, 0xEE, 0xE4, 0x00, 0x00, 0x00,
  0x01, 0x11, 0x11, 0x00, 0x00, 0x00, 0x00, 0x11, 0x11, 0x10, 0x00, 0x38, 0xAA, 0x95, 0x00, 0x00,
  0x00, 0x38, 0xAA, 0x96, 0x10, 0x00, 0x00, 0x00, 0x00, 0x01, 0xDE, 0xEE, 0xE5, 0x07, 0xFF, 0xFF,
  0xFF, 0xC2, 0x00, 0x08, 0xFF, 0xFF, 0xFF, 0xE6, 0x00, 0x00, 0x00, 0x00, 0x01, 0xEF, 0xFF, 0xF3,
  0x5F, 0xFF, 0xFF, 0xFF, 0xFC, 0x10, 0x8F, 0xFF, 0xFF, 0xFF, 0xFF, 0x70, 0x00, 0x00, 0x00, 0x01,
  0xEF, 0xFF, 0xFA, 0xDF, 0xFF, 0xFF, 0xFF, 0xFF, 0x83, 0xFF, 0xFF, 0xFF, 0xFF, 0xFF, 0xF4, 0x00,
  0x00, 0x00, 0x01, 0xEF, 0xFF, 0xFF, 0xFF, 0xEE, 0xFF, 0xFF, 0xFF, 0xFF, 0xFF, 0xFE, 0xFF, 0xFF,
  0xFF, 0xFA, 0x00, 0x00, 0x00, 0x01, 0xEF, 0xFF, 0xFF, 0xD5, 0x11, 0x4C, 0xFF, 0xFF, 0xFF, 0xF9,
  0x31, 0x27, 0xFF, 0xFF, 0xFE, 0x10, 0x00, 0x00, 0x01, 0xEF, 0xFF, 0xFE, 0x20, 0x00, 0x01, 0xDF,
  0xFF, 0xFF, 0x90, 0x00, 0x00, 0x7F, 0xFF, 0xFF, 0x30, 0x00, 0x00, 0x01, 0xEF, 0xFF, 0xF9, 0x00,
  0x00, 0x00, 0x9F, 0xFF, 0xFF, 0x20, 0x00, 0x00, 0x2F, 0xFF, 0xFF, 0x40, 0x00, 0x00, 0x01, 0xEF,
  0xFF, 0xF6, 0x00, 0x00, 0x00, 0x8F, 0xFF, 0xFC, 0x00, 0x00, 0x00, 0x1E, 0xFF, 0xFF, 0x50, 0x00,
  0x00, 0x01, 0xEF, 0xFF, 0xF5, 0x00, 0x00, 0x00, 0x7F, 0xFF, 0xFB, 0x00, 0x00, 0x00, 0x1E, 0xFF,
  0xFF, 0x50, 0x00, 0x00, 0x01, 0xEF, 0xFF, 0xF5, 0x00, 0x00, 0x00, 0x7F, 0xFF, 0xFB, 0x00, 0x00,
  0x00, 0x1E, 0xFF, 0xFF, 0x50, 0x00, 0x00, 0x01, 0xEF, 0xFF, 0xF5, 0x00, 0x00, 0x00, 0x7F, 0xFF,
  0xFB, 0x00, 0x00, 0x00, 0x1E, 0xFF, 0xFF, 0x50, 0x00, 0x00, 0x01, 0xEF, 0xFF, 0xF5, 0x00, 0x00,
  0x00, 0x7F, 0xFF, 0xFB, 0x00, 0x00, 0x00, 0x1E, 0xFF, 0xFF, 0x50, 0x00, 0x00, 0x01, 0xEF, 0xFF,
  0xF5, 0x00, 0x00, 0x00, 0x7F, 0xFF, 0xFB, 0x00, 0x00, 0x00, 0x1E, 0xFF, 0xFF, 0x50, 0x00, 0x00,
  0x01, 0xEF, 0xFF, 0xF5, 0x00, 0x00, 0x00, 0x7F, 0xFF, 0xFB, 0x00, 0x00, 0x00, 0x1E, 0xFF, 0xFF,
  0x50, 0x00, 0x00, 0x01, 0xEF, 0xFF, 0xF5, 0x00, 0x00, 0x00, 0x7F, 0xFF, 0xFB, 0x00, 0x00, 0x00,
  0x1E, 0xFF, 0xFF, 0x50, 0x00, 0x00, 0x01, 0xEF, 0xFF, 0xF5, 0x00, 0x00, 0x00, 0x7F, 0xFF, 0xFB,
  0x00, 0x00, 0x00, 0x1E, 0xFF, 0xFF, 0x50, 0x00, 0x00, 0x01, 0xEF, 0xFF, 0xF5, 0x00, 0x00, 0x00,
  0x7F, 0xFF, 0xFB, 0x00, 0x00, 0x00, 0x1E, 0xFF, 0xFF, 0x50, 0x00, 0x00, 0x01, 0xEF, 0xFF, 0xF5,
  0x00, 0x00, 0x00, 0x7F, 0xFF, 0xFB, 0x00, 0x00, 0x00, 0x1E, 0xFF, 0xFF, 0x50, 0x00, 0x00, 0x01,
  0xEF, 0xFF, 0xF5, 0x00, 0x00, 0x00, 0x7F, 0xFF, 0xFB, 0x00, 0x00, 0x00, 0x1E, 0xFF, 0xFF, 0x50,
  0x00, 0x00, 0x01, 0xEF, 0xFF, 0xF5, 0x00, 0x00, 0x00, 0x8F, 0xFF, 0xFC, 0x00, 0x00, 0x00, 0x1E,
  0xFF, 0xFF, 0x50, 0x00, 0x00, 0x01, 0xDE, 0xEE, 0xE4, 0x00, 0x00, 0x00, 0x7E, 0xEE, 0xEB, 0x00,
  0x00, 0x00, 0x1D, 0xEE, 0xEE, 0x40, 0x00, 0x00, 0x00, 0x11, 0x11, 0x10, 0x00, 0x00, 0x00, 0x01,
  0x11, 0x11, 0x00, 0x00, 0x00, 0x01, 0x11, 0x11, 0x00, 0x00, 0x00, 0x00, 0x11, 0x11, 0x10, 0x00,
  0x16, 0x8A, 0xA9, 0x62, 0x00, 0x00, 0x00, 0x00, 0x00, 0x01, 0xDE, 0xEE, 0xE5, 0x05, 0xDF, 0xFF,
  0xFF, 0xFE, 0x80, 0x00, 0x00, 0x00, 0x00, 0x01, 0xEF, 0xFF, 0xF4, 0x3F, 0xFF, 0xFF, 0xFF, 0xFF,
  0xFA, 0x10, 0x00, 0x00, 0x00, 0x01, 0xEF, 0xFF, 0xF8, 0xCF, 0xFF, 0xFF, 0xFF, 0xFF, 0xFF, 0x90,
  0x00, 0x00, 0x00, 0x01, 0xEF, 0xFF, 0xFF, 0xFF, 0xFF, 0xEF, 0xFF, 0xFF, 0xFF, 0xF4, 0x00, 0x00,
  0x00, 0x01, 0xEF, 0xFF, 0xFF, 0xFC, 0x62, 0x12, 0x6D, 0xFF, 0xFF, 0xFA, 0x00, 0x00, 0x00, 0x01,
  0xEF, 0xFF, 0xFF, 0xC1, 0x00, 0x00, 0x01, 0xDF, 0xFF, 0xFE, 0x10, 0x00, 0x00, 0x01, 0xEF, 0xFF,
  0xFE, 0x20, 0x00, 0x00, 0x00, 0x6F, 0xFF, 0xFF, 0x30, 0x00, 0x00, 0x01, 0xEF, 0xFF, 0xFA, 0x00,
  0x00, 0x00, 0x00, 0x2F, 0xFF, 0xFF, 0x40, 0x00, 0x00, 0x01, 0xEF, 0xFF, 0xF7, 0x00, 0x00, 0x00,
  0x00, 0x1E, 0xFF, 0xFF, 0x50, 0x00, 0x00, 0x01, 0xEF, 0xFF, 0xF5, 0x00, 0x00, 0x00, 0x00, 0x1E,
  0xFF, 0xFF, 0x50, 0x00, 0x00, 0x01, 0xEF, 0xFF, 0xF5, 0x00, 0x00, 0x00, 0x00, 0x1E, 0xFF, 0xFF,
  0x50, 0x00, 0x00, 0x01, 0xEF, 0xFF, 0xF5, 0x00, 0x00, 0x00, 0x00, 0x1E, 0xFF, 0xFF, 0x50, 0x00,
  0x00, 0x01, 0xEF, 0xFF, 0xF5, 0x00, 0x00, 0x00, 0x00, 0x1E, 0xFF, 0xFF, 0x50, 0x00, 0x00, 0x01,
  0xEF, 0xFF, 0xF5, 0x00, 0x00, 0x00, 0x00, 0x1E, 0xFF, 0xFF, 0x50, 0x00, 0x00, 0x01, 0xEF, 0xFF,
  0xF5, 0x00, 0x00, 0x00, 0x00, 0x1E, 0xFF, 0xFF, 0x50, 0x00, 0x00, 0x01, 0xEF, 0xFF, 0xF5, 0x00,
  0x00, 0x00, 0x00, 0x1E, 0xFF, 0xFF, 0x50, 0x00, 0x00, 0x01, 0xEF, 0xFF, 0xF5, 0x00, 0x00, 0x00,
  0x00, 0x1E, 0xFF, 0xFF, 0x50, 0x00, 0x00, 0x01, 0xEF, 0xFF, 0xF5, 0x00, 0x00, 0x00, 0x00, 0x1E,
  0xFF, 0xFF, 0x50, 0x00, 0x00, 0x01, 0xEF, 0xFF, 0xF5, 0x00, 0x00, 0x00, 0x00, 0x1E, 0xFF, 0xFF,
  0x50, 0x00, 0x00, 0x01, 0xEF, 0xFF, 0xF5, 0x00, 0x00, 0x00, 0x00, 0x1E, 0xFF, 0xFF, 0x50, 0x00,
  0x00, 0x01, 0xDE, 0xEE, 0xE4, 0x00, 0x00, 0x00, 0x00, 0x1D, 0xEE, 0xEE, 0x40, 0x00, 0x00, 0x00,
  0x11, 0x11, 0x10, 0x00, 0x00, 0x00, 0x00, 0x01, 0x11, 0x11, 0x00, 0x00, 0x00, 0x00, 0x00, 0x00,
  0x00, 0x00, 0x01, 0x11, 0x00, 0x00, 0x00, 0x00, 0x00, 0x00, 0x00, 0x00, 0x00, 0x00, 0x03, 0x7B,
  0xDE, 0xED, 0xB8, 0x40, 0x00, 0x00, 0x00, 0x00, 0x00, 0x00, 0x00, 0x03, 0xBF, 0xFF, 0xFF, 0xFF,
  0xFF, 0xFC, 0x50, 0x00, 0x00, 0x00, 0x00, 0x00, 0x00, 0x6F, 0xFF, 0xFF, 0xFF, 0xFF, 0xFF, 0xFF,
  0xF9, 0x00, 0x00, 0x00, 0x00, 0x00, 0x07, 0xFF, 0xFF, 0xFF, 0xFF, 0xFF, 0xFF, 0xFF, 0xFF, 0xA0,
  0x00, 0x00, 0x00, 0x00, 0x4F, 0xFF, 0xFF, 0xFF, 0xDB, 0xBD, 0xFF, 0xFF, 0xFF, 0xF7, 0x00, 0x00,
  0x00, 0x00, 0xCF, 0xFF, 0xFF, 0xD5, 0x10, 0x00, 0x3A, 0xFF, 0xFF, 0xFE, 0x20, 0x00, 0x00, 0x04,
  0xFF, 0xFF, 0xFC, 0x10, 0x00, 0x00, 0x00, 0x9F, 0xFF, 0xFF, 0x80, 0x00, 0x00, 0x08, 0xFF, 0xFF,
  0xF3, 0x00, 0x00, 0x00, 0x00, 0x0C, 0xFF, 0xFF, 0xC0, 0x00, 0x00, 0x0B, 0xFF, 0xFF, 0xB0, 0x00,
  0x00, 0x00, 0x00, 0x07, 0xFF, 0xFF, 0xE2, 0x00, 0x00, 0x0D, 0xFF, 0xFF, 0x80, 0x00, 0x00, 0x00,
  0x00, 0x04, 0xFF, 0xFF, 0xF3, 0x00, 0x00, 0x0E, 0xFF, 0xFF, 0x70, 0x00, 0x00, 0x00, 0x00, 0x03,
  0xFF, 0xFF, 0xF4, 0x00, 0x00, 0x0E, 0xFF, 0xFF, 0x70, 0x00, 0x00, 0x00, 0x00, 0x03, 0xFF, 0xFF,
  0xF4, 0x00, 0x00, 0x0D, 0xFF, 0xFF, 0x80, 0x00, 0x00, 0x00, 0x00, 0x04, 0xFF, 0xFF, 0xF3, 0x00,
  0x00, 0x0B, 0xFF, 0xFF, 0xB0, 0x00, 0x00, 0x00, 0x00, 0x07, 0xFF, 0xFF, 0xE2, 0x00, 0x00, 0x08,
  0xFF, 0xFF, 0xF3, 0x00, 0x00, 0x00, 0x00, 0x1D, 0xFF, 0xFF, 0xC0, 0x00, 0x00, 0x04, 0xFF, 0xFF,
  0xFC, 0x10, 0x00, 0x00, 0x00, 0x9F, 0xFF, 0xFF, 0x80, 0x00, 0x00, 0x00, 0xCF, 0xFF, 0xFF, 0xD5,
  0x10, 0x00, 0x3B, 0xFF, 0xFF, 0xFE, 0x20, 0x00, 0x00, 0x00, 0x4F, 0xFF, 0xFF, 0xFF, 0xDB, 0xBD,
  0xFF, 0xFF, 0xFF, 0xF7, 0x00, 0x00, 0x00, 0x00, 0x07, 0xFF, 0xFF, 0xFF, 0xFF, 0xFF, 0xFF, 0xFF,
  0xFF, 0xA0, 0x00, 0x00, 0x00, 0x00, 0x00, 0x6F, 0xFF, 0xFF, 0xFF, 0xFF, 0xFF, 0xFF, 0xF9, 0x10,
  0x00, 0x00, 0x00, 0x00, 0x00, 0x03, 0xBF, 0xFF, 0xFF, 0xFF, 0xFF, 0xFC, 0x50, 0x00, 0x00, 0x00,
  0x00, 0x00, 0x00, 0x00, 0x03, 0x8B, 0xDE, 0xED, 0xB9, 0x50, 0x00, 0x00, 0x00, 0x00, 0x00, 0x00,
  0x00, 0x00, 0x00, 0x00, 0x01, 0x11, 0x00, 0x00, 0x00, 0x00, 0x00, 0x00, 0x00, 0x00, 0x00, 0x00,
  0x00, 0x00, 0x00, 0x01, 0x11, 0x00, 0x00, 0x00, 0x00, 0x00, 0x00, 0x00, 0x07, 0x77, 0x77, 0x20,
  0x03, 0x9C, 0xDE, 0xDB, 0x83, 0x00, 0x00, 0x00, 0x00, 0x00, 0x01, 0xFF, 0xFF, 0xF5, 0x08, 0xFF,
  0xFF, 0xFF, 0xFF, 0xF8, 0x10, 0x00, 0x00, 0x00, 0x00, 0x1E, 0xFF, 0xFF, 0x58, 0xFF, 0xFF, 0xFF,
  0xFF, 0xFF, 0xFB, 0x10, 0x00, 0x00, 0x00, 0x01, 0xEF, 0xFF, 0xFE, 0xFF, 0xFF, 0xFF, 0xFF, 0xFF,
  0xFF, 0xFB, 0x00, 0x00, 0x00, 0x00, 0x1E, 0xFF, 0xFF, 0xFF, 0xFF, 0xDB, 0xBD, 0xFF, 0xFF, 0xFF,
  0xF6, 0x00, 0x00, 0x00, 0x01, 0xEF, 0xFF, 0xFF, 0xFC, 0x41, 0x00, 0x14, 0xCF, 0xFF, 0xFF, 0xD1,
  0x00, 0x00, 0x00, 0x1E, 0xFF, 0xFF, 0xFB, 0x10, 0x00, 0x00, 0x01, 0xBF, 0xFF, 0xFF, 0x50, 0x00,
  0x00, 0x01, 0xEF, 0xFF, 0xFE, 0x20, 0x00, 0x00, 0x00, 0x02, 0xEF, 0xFF, 0xF9, 0x00, 0x00, 0x00,
  0x1E, 0xFF, 0xFF, 0x90, 0x00, 0x00, 0x00, 0x00, 0x09, 0xFF, 0xFF, 0xC0, 0x00, 0x00, 0x01, 0xEF,
  0xFF, 0xF6, 0x00, 0x00, 0x00, 0x00, 0x00, 0x6F, 0xFF, 0xFD, 0x10, 0x00, 0x00, 0x1E, 0xFF, 0xFF,
  0x50, 0x00, 0x00, 0x00, 0x00, 0x05, 0xFF, 0xFF, 0xE1, 0x00, 0x00, 0x01, 0xEF, 0xFF, 0xF5, 0x00,
  0x00, 0x00, 0x00, 0x00, 0x5F, 0xFF, 0xFE, 0x10, 0x00, 0x00, 0x1E, 0xFF, 0xFF, 0x60, 0x00, 0x00,
  0x00, 0x00, 0x06, 0xFF, 0xFF, 0xE1, 0x00, 0x00, 0x01, 0xEF, 0xFF, 0xF8, 0x00, 0x00, 0x00, 0x00,
  0x00, 0x8F, 0xFF, 0xFC, 0x00, 0x00, 0x00, 0x1E, 0xFF, 0xFF, 0xD1, 0x00, 0x00, 0x00, 0x00, 0x1D,
  0xFF, 0xFF, 0xA0, 0x00, 0x00, 0x01, 0xEF, 0xFF, 0xFF, 0x90, 0x00, 0x00, 0x00, 0x09, 0xFF, 0xFF,
  0xF7, 0x00, 0x00, 0x00, 0x1E, 0xFF, 0xFF, 0xFF, 0x92, 0x00, 0x00, 0x29, 0xFF, 0xFF, 0xFE, 0x20,
  0x00, 0x00, 0x01, 0xEF, 0xFF, 0xFF, 0xFF, 0xEA, 0x88, 0xAE, 0xFF, 0xFF, 0xFF, 0x80, 0x00, 0x00,
  0x00, 0x1E, 0xFF, 0xFF, 0xEF, 0xFF, 0xFF, 0xFF, 0xFF, 0xFF, 0xFF, 0xD1, 0x00, 0x00, 0x00, 0x01,
  0xEF, 0xFF, 0xF5, 0x7F, 0xFF, 0xFF, 0xFF, 0xFF, 0xFF, 0xD3, 0x00, 0x00, 0x00, 0x00, 0x1E, 0xFF,
  0xFF, 0x40, 0x9F, 0xFF, 0xFF, 0xFF, 0xFF, 0xB2, 0x00, 0x00, 0x00, 0x00, 0x01, 0xEF, 0xFF, 0xF5,
  0x00, 0x5B, 0xEF, 0xFF, 0xEB, 0x50, 0x00, 0x00, 0x00, 0x00, 0x00, 0x1E, 0xFF, 0xFF, 0x50, 0x00,
  0x01, 0x34, 0x31, 0x00, 0x00, 0x00, 0x00, 0x00, 0x00, 0x01, 0xEF, 0xFF, 0xF5, 0x00, 0x00, 0x00,
  0x00, 0x00, 0x00, 0x00, 0x00, 0x00, 0x00, 0x00, 0x1E, 0xFF, 0xFF, 0x50, 0x00, 0x00, 0x00, 0x00,
  0x00, 0x00, 0x00, 0x00, 0x00, 0x00, 0x01, 0xEF, 0xFF, 0xF5, 0x00, 0x00, 0x00, 0x00, 0x00, 0x00,
  0x00, 0x00, 0x00, 0x00, 0x00, 0x1E, 0xFF, 0xFF, 0x50, 0x00, 0x00, 0x00, 0x00, 0x00, 0x00, 0x00,
  0x00, 0x00, 0x00, 0x01, 0xEF, 0xFF, 0xF5, 0x00, 0x00, 0x00, 0x00, 0x00, 0x00, 0x00, 0x00, 0x00,
  0x00, 0x00, 0x1E, 0xFF, 0xFF, 0x50, 0x00, 0x00, 0x00, 0x00, 0x00, 0x00, 0x00, 0x00, 0x00, 0x00,
  0x01, 0xDE, 0xEE, 0xE4, 0x00, 0x00, 0x00, 0x00, 0x00, 0x00, 0x00, 0x00, 0x00, 0x00, 0x00, 0x01,
  0x11, 0x11, 0x00, 0x00, 0x00, 0x00, 0x00, 0x00, 0x00, 0x00, 0x00, 0x00, 0x00, 0x00, 0x00, 0x00,
  0x00, 0x01, 0x11, 0x00, 0x00, 0x00, 0x00, 0x00, 0x00, 0x00, 0x00, 0x00, 0x00, 0x00, 0x02, 0x7B,
  0xDE, 0xDC, 0x94, 0x00, 0x27, 0x77, 0x77, 0x00, 0x00, 0x00, 0x00, 0x00, 0x08, 0xEF, 0xFF, 0xFF,
  0xFF, 0xF9, 0x05, 0xFF, 0xFF, 0xF1, 0x00, 0x00, 0x00, 0x00, 0x1B, 0xFF, 0xFF, 0xFF, 0xFF, 0xFF,
  0xF9, 0x5F, 0xFF, 0xFE, 0x10, 0x00, 0x00, 0x00, 0x0B, 0xFF, 0xFF, 0xFF, 0xFF, 0xFF, 0xFF, 0xFF,
  0xFF, 0xFF, 0xE1, 0x00, 0x00, 0x00, 0x06, 0xFF, 0xFF, 0xFF, 0xFD, 0xBB, 0xDF, 0xFF, 0xFF, 0xFF,
  0xFE, 0x10, 0x00, 0x00, 0x01, 0xDF, 0xFF, 0xFF, 0xC4, 0x10, 0x01, 0x4C, 0xFF, 0xFF, 0xFF, 0xE1,
  0x00, 0x00, 0x00, 0x5F, 0xFF, 0xFF, 0xB1, 0x00, 0x00, 0x00, 0x1B, 0xFF, 0xFF, 0xFE, 0x10, 0x00,
  0x00, 0x09, 0xFF, 0xFF, 0xE2, 0x00, 0x00, 0x00, 0x00, 0x2E, 0xFF, 0xFF, 0xE1, 0x00, 0x00, 0x00,
  0xCF, 0xFF, 0xF9, 0x00, 0x00, 0x00, 0x00, 0x00, 0x9F, 0xFF, 0xFE, 0x10, 0x00, 0x00, 0x1D, 0xFF,
  0xFF, 0x60, 0x00, 0x00, 0x00, 0x00, 0x06, 0xFF, 0xFF, 0xE1, 0x00, 0x00, 0x01, 0xEF, 0xFF, 0xF5,
  0x00, 0x00, 0x00, 0x00, 0x00, 0x5F, 0xFF, 0xFE, 0x10, 0x00, 0x00, 0x1E, 0xFF, 0xFF, 0x50, 0x00,
  0x00, 0x00, 0x00, 0x05, 0xFF, 0xFF, 0xE1, 0x00, 0x00, 0x01, 0xEF, 0xFF, 0xF6, 0x00, 0x00, 0x00,
  0x00, 0x00, 0x6F, 0xFF, 0xFE, 0x10, 0x00, 0x00, 0x0C, 0xFF, 0xFF, 0x80, 0x00, 0x00, 0x00, 0x00,
  0x08, 0xFF, 0xFF, 0xE1, 0x00, 0x00, 0x00, 0xAF, 0xFF, 0xFD, 0x10, 0x00, 0x00, 0x00, 0x01, 0xDF,
  0xFF, 0xFE, 0x10, 0x00, 0x00, 0x06, 0xFF, 0xFF, 0xF9, 0x00, 0x00, 0x00, 0x00, 0x9F, 0xFF, 0xFF,
  0xE1, 0x00, 0x00, 0x00, 0x2E, 0xFF, 0xFF, 0xF9, 0x20, 0x00, 0x02, 0x9F, 0xFF, 0xFF, 0xFE, 0x10,
  0x00, 0x00, 0x00, 0x8F, 0xFF, 0xFF, 0xFE, 0xA8, 0x8A, 0xEF, 0xFF, 0xFF, 0xFF, 0xE1, 0x00, 0x00,
  0x00, 0x01, 0xDF, 0xFF, 0xFF, 0xFF, 0xFF, 0xFF, 0xFF, 0xFF, 0xFF, 0xFE, 0x10, 0x00, 0x00, 0x00,
  0x02, 0xDF, 0xFF, 0xFF, 0xFF, 0xFF, 0xFF, 0x85, 0xFF, 0xFF, 0xE1, 0x00, 0x00, 0x00, 0x00, 0x02,
  0xBF, 0xFF, 0xFF, 0xFF, 0xFF, 0xA0, 0x4F, 0xFF, 0xFE, 0x10, 0x00, 0x00, 0x00, 0x00, 0x00, 0x5B,
  0xEF, 0xFF, 0xEB, 0x50, 0x05, 0xFF, 0xFF, 0xE1, 0x00, 0x00, 0x00, 0x00, 0x00, 0x00, 0x01, 0x34,
  0x31, 0x00, 0x00, 0x5F, 0xFF, 0xFE, 0x10, 0x00, 0x00, 0x00, 0x00, 0x00, 0x00, 0x00, 0x00, 0x00,
  0x00, 0x05, 0xFF, 0xFF, 0xE1, 0x00, 0x00, 0x00, 0x00, 0x00, 0x00, 0x00, 0x00, 0x00, 0x00, 0x00,
  0x5F, 0xFF, 0xFE, 0x10, 0x00, 0x00, 0x00, 0x00, 0x00, 0x00, 0x00, 0x00, 0x00, 0x00, 0x05, 0xFF,
  0xFF, 0xE1, 0x00, 0x00, 0x00, 0x00, 0x00, 0x00, 0x00, 0x00, 0x00, 0x00, 0x00, 0x5F, 0xFF, 0xFE,
  0x10, 0x00, 0x00, 0x00, 0x00, 0x00, 0x00, 0x00, 0x00, 0x00, 0x00, 0x05, 0xFF, 0xFF, 0xE1, 0x00,
  0x00, 0x00, 0x00, 0x00, 0x00, 0x00, 0x00, 0x00, 0x00, 0x00, 0x5F, 0xFF, 0xFE, 0x10, 0x00, 0x00,
  0x00, 0x00, 0x00, 0x00, 0x00, 0x00, 0x00, 0x00, 0x04, 0xEE, 0xEE, 0xD1, 0x00, 0x00, 0x00, 0x00,
  0x00, 0x00, 0x00, 0x00, 0x00, 0x00, 0x00, 0x01, 0x11, 0x11, 0x00, 0x00, 0x00, 0x00, 0x11, 0x11,
  0x10, 0x00, 0x01, 0x11, 0x00, 0x00, 0x02, 0xEE, 0xEE, 0xD1, 0x18, 0xCE, 0xEE, 0x10, 0x00, 0x02,
  0xFF, 0xFF, 0xE1, 0xAF, 0xFF, 0xFF, 0x10, 0x00, 0x02, 0xFF, 0xFF, 0xEB, 0xFF, 0xFF, 0xFE, 0x10,
  0x00, 0x02, 0xFF, 0xFF, 0xFF, 0xFF, 0xFF, 0xFF, 0x10, 0x00, 0x02, 0xFF, 0xFF, 0xFF, 0xFF, 0xCA,
  0xAA, 0x10, 0x00, 0x02, 0xFF, 0xFF, 0xFF, 0xA2, 0x00, 0x00, 0x00, 0x00, 0x02, 0xFF, 0xFF, 0xFB,
  0x00, 0x00, 0x00, 0x00, 0x00, 0x02, 0xFF, 0xFF, 0xF4, 0x00, 0x00, 0x00, 0x00, 0x00, 0x02, 0xFF,
  0xFF, 0xE2, 0x00, 0x00, 0x00, 0x00, 0x00, 0x02, 0xFF, 0xFF, 0xE2, 0x00, 0x00, 0x00, 0x00, 0x00,
  0x02, 0xFF, 0xFF, 0xE2, 0x00, 0x00, 0x00, 0x00, 0x00, 0x02, 0xFF, 0xFF, 0xE2, 0x00, 0x00, 0x00,
  0x00, 0x00, 0x02, 0xFF, 0xFF, 0xE2, 0x00, 0x00, 0x00, 0x00, 0x00, 0x02, 0xFF, 0xFF, 0xE2, 0x00,
  0x00, 0x00, 0x00, 0x00, 0x02, 0xFF, 0xFF, 0xE2, 0x00, 0x00, 0x00, 0x00, 0x00, 0x02, 0xFF, 0xFF,
  0xE2, 0x00, 0x00, 0x00, 0x00, 0x00, 0x02, 0xFF, 0xFF, 0xE2, 0x00, 0x00, 0x00, 0x00, 0x00, 0x02,
  0xFF, 0xFF, 0xE2, 0x00, 0x00, 0x00, 0x00, 0x00, 0x02, 0xFF, 0xFF, 0xE2, 0x00, 0x00, 0x00, 0x00,
  0x00, 0x02, 0xFF, 0xFF, 0xE2, 0x00, 0x00, 0x00, 0x00, 0x00, 0x02, 0xEE, 0xEE, 0xD2, 0x00, 0x00,
  0x00, 0x00, 0x00, 0x00, 0x11, 0x11, 0x10, 0x00, 0x00, 0x00, 0x00, 0x00, 0x00, 0x00, 0x00, 0x00,
  0x11, 0x10, 0x00, 0x00, 0x00, 0x00, 0x00, 0x00, 0x00, 0x00, 0x04, 0x9B, 0xDE, 0xDC, 0xA6, 0x10,
  0x00, 0x00, 0x00, 0x00, 0x00, 0x03, 0xBF, 0xFF, 0xFF, 0xFF, 0xFF, 0xE7, 0x00, 0x00, 0x00, 0x00,
  0x00, 0x3E, 0xFF, 0xFF, 0xFF, 0xFF, 0xFF, 0xFF, 0xA0, 0x00, 0x00, 0x00, 0x00, 0xCF, 0xFF, 0xFF,
  0xFE, 0xEF, 0xFF, 0xFF, 0xF8, 0x00, 0x00, 0x00, 0x04, 0xFF, 0xFF, 0xF9, 0x31, 0x25, 0xDF, 0xFF,
  0xFF, 0x30, 0x00, 0x00, 0x07, 0xFF, 0xFF, 0xD0, 0x00, 0x00, 0x3E, 0xFF, 0xEB, 0x40, 0x00, 0x00,
  0x07, 0xFF, 0xFF, 0xC0, 0x00, 0x01, 0x09, 0xB6, 0x20, 0x00, 0x00, 0x00, 0x06, 0xFF, 0xFF, 0xF9,
  0x20, 0x00, 0x00, 0x00, 0x00, 0x00, 0x00, 0x00, 0x03, 0xFF, 0xFF, 0xFF, 0xFC, 0x97, 0x41, 0x00,
  0x00, 0x00, 0x00, 0x00, 0x00, 0xAF, 0xFF, 0xFF, 0xFF, 0xFF, 0xFE, 0x95, 0x00, 0x00, 0x00, 0x00,
  0x00, 0x1B, 0xFF, 0xFF, 0xFF, 0xFF, 0xFF, 0xFF, 0xB3, 0x00, 0x00, 0x00, 0x00, 0x00, 0x7D, 0xFF,
  0xFF, 0xFF, 0xFF, 0xFF, 0xFE, 0x30, 0x00, 0x00, 0x00, 0x00, 0x01, 0x5A, 0xDF, 0xFF, 0xFF, 0xFF,
  0xFF, 0xB0, 0x00, 0x00, 0x00, 0x00, 0x00, 0x00, 0x03, 0x58, 0xDF, 0xFF, 0xFF, 0xF2, 0x00, 0x00,
  0x00, 0x36, 0xAB, 0x00, 0x00, 0x00, 0x08, 0xFF, 0xFF, 0xF4, 0x00, 0x00, 0x2D, 0xFF, 0xFF, 0x30,
  0x00, 0x00, 0x01, 0xEF, 0xFF, 0xF4, 0x00, 0x00, 0x1E, 0xFF, 0xFF, 0xC1, 0x00, 0x00, 0x04, 0xFF,
  0xFF, 0xF3, 0x00, 0x00, 0x08, 0xFF, 0xFF, 0xFC, 0x52, 0x12, 0x5D, 0xFF, 0xFF, 0xD0, 0x00, 0x00,
  0x01, 0xDF, 0xFF, 0xFF, 0xFF, 0xEE, 0xFF, 0xFF, 0xFF, 0x60, 0x00, 0x00, 0x00, 0x3D, 0xFF, 0xFF,
  0xFF, 0xFF, 0xFF, 0xFF, 0xF9, 0x00, 0x00, 0x00, 0x00, 0x02, 0x9F, 0xFF, 0xFF, 0xFF, 0xFF, 0xFE,
  0x70, 0x00, 0x00, 0x00, 0x00, 0x00, 0x02, 0x7A, 0xCD, 0xED, 0xCA, 0x61, 0x00, 0x00, 0x00, 0x00,
  0x00, 0x00, 0x00, 0x00, 0x01, 0x11, 0x00, 0x00, 0x00, 0x00, 0x00, 0x00, 0x00, 0x00, 0x00, 0x00,
  0x00, 0x00, 0x00, 0x00, 0x00, 0x00, 0x00, 0x00, 0x00, 0x00, 0x00, 0x00, 0x00, 0x00, 0x00, 0x00,
  0x00, 0x00, 0x00, 0x01, 0x11, 0x11, 0x00, 0x00, 0x00, 0x00, 0x00, 0x00, 0x00, 0x00, 0xBE, 0xEE,
  0xE7, 0x00, 0x00, 0x00, 0x00, 0x00, 0x00, 0x00, 0x0C, 0xFF, 0xFF, 0x80, 0x00, 0x00, 0x00, 0x00,
  0x00, 0x00, 0x00, 0xBF, 0xFF, 0xF7, 0x00, 0x00, 0x00, 0x00, 0x00, 0x00, 0x00, 0x0B, 0xFF, 0xFF,
  0x70, 0x00, 0x00, 0x00, 0x00, 0x00, 0x00, 0x00, 0xBF, 0xFF, 0xF8, 0x01, 0x00, 0x00, 0x00, 0x00,
  0x00, 0x00, 0x0B, 0xFF, 0xFF, 0x70, 0x00, 0x00, 0x00, 0x00, 0x05, 0x66, 0x66, 0xDF, 0xFF, 0xFA,
  0x66, 0x66, 0x50, 0x00, 0x01, 0xFF, 0xFF, 0xFF, 0xFF, 0xFF, 0xFF, 0xFF, 0xFF, 0x10, 0x00, 0x1E,
  0xFF, 0xFF, 0xFF, 0xFF, 0xFF, 0xFF, 0xFF, 0xE1, 0x00, 0x01, 0xEF, 0xFF, 0xFF, 0xFF, 0xFF, 0xFF,
  0xFF, 0xFE, 0x10, 0x00, 0x1F, 0xFF, 0xFF, 0xFF, 0xFF, 0xFF, 0xFF, 0xFF, 0xF1, 0x00, 0x00, 0x33,
  0x33, 0x3C, 0xFF, 0xFF, 0x93, 0x33, 0x33, 0x00, 0x00, 0x00, 0x00, 0x00, 0xBF, 0xFF, 0xF7, 0x00,
  0x00, 0x00, 0x00, 0x00, 0x00, 0x00, 0x0B, 0xFF, 0xFF, 0x80, 0x00, 0x00, 0x00, 0x00, 0x00, 0x00,
  0x00, 0xBF, 0xFF, 0xF7, 0x00, 0x00, 0x00, 0x00, 0x00, 0x00, 0x00, 0x0B, 0xFF, 0xFF, 0x70, 0x00,
  0x00, 0x00, 0x00, 0x00, 0x00, 0x00, 0xBF, 0xFF, 0xF7, 0x00, 0x00, 0x00, 0x00, 0x00, 0x00, 0x00,
  0x0B, 0xFF, 0xFF, 0x70, 0x00, 0x00, 0x00, 0x00, 0x00, 0x00, 0x00, 0xBF, 0xFF, 0xF7, 0x00, 0x00,
  0x00, 0x00, 0x00, 0x00, 0x00, 0x0B, 0xFF, 0xFF, 0x70, 0x00, 0x00, 0x00, 0x00, 0x00, 0x00, 0x00,
  0xBF, 0xFF, 0xF8, 0x00, 0x00, 0x00, 0x00, 0x00, 0x00, 0x00, 0x0B, 0xFF, 0xFF, 0x70, 0x10, 0x00,
  0x00, 0x00, 0x00, 0x00, 0x00, 0xBF, 0xFF, 0xF9, 0x00, 0x00, 0x00, 0x00, 0x00, 0x00, 0x00, 0x0B,
  0xFF, 0xFF, 0xE9, 0x99, 0x95, 0x00, 0x00, 0x00, 0x00, 0x00, 0x9F, 0xFF, 0xFF, 0xFF, 0xFF, 0x80,
  0x00, 0x00, 0x00, 0x00, 0x05, 0xFF, 0xFF, 0xFF, 0xFE, 0xF7, 0x00, 0x00, 0x00, 0x00, 0x00, 0x09,
  0xFF, 0xFF, 0xFF, 0xFF, 0x80, 0x00, 0x00, 0x00, 0x00, 0x00, 0x06, 0xCE, 0xEE, 0xEE, 0xE7, 0x00,
  0x00, 0x00, 0x00, 0x00, 0x00, 0x00, 0x11, 0x11, 0x11, 0x00, 0x00, 0x00, 0x00, 0x11, 0x11, 0x10,
  0x00, 0x00, 0x00, 0x00, 0x01, 0x11, 0x11, 0x00, 0x00, 0x00, 0x01, 0xDE, 0xEE, 0xE4, 0x00, 0x00,
  0x00, 0x00, 0x1D, 0xEE, 0xEE, 0x40, 0x00, 0x00, 0x01, 0xEF, 0xFF, 0xF5, 0x00, 0x00, 0x00, 0x00,
  0x1E, 0xFF, 0xFF, 0x50, 0x00, 0x00, 0x01, 0xEF, 0xFF, 0xF5, 0x00, 0x00, 0x00, 0x00, 0x1E, 0xFF,
  0xFF, 0x50, 0x00, 0x00, 0x01, 0xEF, 0xFF, 0xF5, 0x00, 0x00, 0x00, 0x00, 0x1E, 0xFF, 0xFF, 0x50,
  0x00, 0x00, 0x01, 0xEF, 0xFF, 0xF5, 0x00, 0x00, 0x00, 0x00, 0x1E, 0xFF, 0xFF, 0x50, 0x00, 0x00,
  0x01, 0xEF, 0xFF, 0xF5, 0x00, 0x00, 0x00, 0x00, 0x1E, 0xFF, 0xFF, 0x50, 0x00, 0x00, 0x01, 0xEF,
  0xFF, 0xF5, 0x00, 0x00, 0x00, 0x00, 0x1E, 0xFF, 0xFF, 0x50, 0x00, 0x00, 0x01, 0xEF, 0xFF, 0xF5,
  0x00, 0x00, 0x00, 0x00, 0x1E, 0xFF, 0xFF, 0x50, 0x00, 0x00, 0x01, 0xEF, 0xFF, 0xF5, 0x00, 0x00,
  0x00, 0x00, 0x1E, 0xFF, 0xFF, 0x50, 0x00, 0x00, 0x01, 0xEF, 0xFF, 0xF5, 0x00, 0x00, 0x00, 0x00,
  0x1E, 0xFF, 0xFF, 0x50, 0x00, 0x00, 0x01, 0xEF, 0xFF, 0xF5, 0x00, 0x00, 0x00, 0x00, 0x1E, 0xFF,
  0xFF, 0x50, 0x00, 0x00, 0x01, 0xEF, 0xFF, 0xF5, 0x00, 0x00, 0x00, 0x00, 0x1E, 0xFF, 0xFF, 0x50,
  0x00, 0x00, 0x01, 0xEF, 0xFF, 0xF5, 0x00, 0x00, 0x00, 0x00, 0x3F, 0xFF, 0xFF, 0x50, 0x00, 0x00,
  0x01, 0xEF, 0xFF, 0xF6, 0x00, 0x00, 0x00, 0x00, 0x6F, 0xFF, 0xFF, 0x50, 0x00, 0x00, 0x00, 0xDF,
  0xFF, 0xF9, 0x00, 0x00, 0x00, 0x00, 0xBF, 0xFF, 0xFF, 0x50, 0x00, 0x00, 0x00, 0xAF, 0xFF, 0xFE,
  0x30, 0x00, 0x00, 0x06, 0xFF, 0xFF, 0xFF, 0x50, 0x00, 0x00, 0x00, 0x7F, 0xFF, 0xFF, 0xD5, 0x10,
  0x12, 0x8F, 0xFF, 0xFF, 0xFF, 0x50, 0x00, 0x00, 0x00, 0x2E, 0xFF, 0xFF, 0xFF, 0xEC, 0xDF, 0xFF,
  0xFF, 0xFF, 0xFF, 0x50, 0x00, 0x00, 0x00, 0x07, 0xFF, 0xFF, 0xFF, 0xFF, 0xFF, 0xFF, 0xBE, 0xFF,
  0xFF, 0x50, 0x00, 0x00, 0x00, 0x00, 0xAF, 0xFF, 0xFF, 0xFF, 0xFF, 0xFB, 0x0E, 0xFF, 0xFF, 0x50,
  0x00, 0x00, 0x00, 0x00, 0x08, 0xFF, 0xFF, 0xFF, 0xFF, 0xB1, 0x1F, 0xFF, 0xFF, 0x50, 0x00, 0x00,
  0x00, 0x00, 0x00, 0x38, 0xCD, 0xED, 0xA6, 0x00, 0x17, 0x77, 0x77, 0x20, 0x00, 0x00, 0x00, 0x00,
  0x00, 0x00, 0x01, 0x10, 0x00, 0x00, 0x00, 0x00, 0x00, 0x00, 0x00, 0x00, 0x11, 0x11, 0x10, 0x00,
  0x00, 0x00, 0x00, 0x00, 0x11, 0x11, 0x10, 0x00, 0x3E, 0xEE, 0xEE, 0x60, 0x00, 0x00, 0x00, 0x00,
  0x6E, 0xEE, 0xEE, 0x30, 0x00, 0xDF, 0xFF, 0xFB, 0x00, 0x00, 0x00, 0x00, 0x0A, 0xFF, 0xFF, 0xD0,
  0x00, 0x08, 0xFF, 0xFF, 0xE1, 0x00, 0x00, 0x00, 0x01, 0xEF, 0xFF, 0xF8, 0x00, 0x00, 0x4F, 0xFF,
  0xFF, 0x50, 0x00, 0x00, 0x00, 0x4F, 0xFF, 0xFF, 0x40, 0x00, 0x00, 0xDF, 0xFF, 0xF9, 0x00, 0x00,
  0x00, 0x08, 0xFF, 0xFF, 0xD1, 0x00, 0x00, 0x09, 0xFF, 0xFF, 0xC0, 0x00, 0x00, 0x00, 0xCF, 0xFF,
  0xF9, 0x00, 0x00, 0x00, 0x4F, 0xFF, 0xFF, 0x30, 0x00, 0x00, 0x2F, 0xFF, 0xFF, 0x50, 0x00, 0x00,
  0x01, 0xEF, 0xFF, 0xF7, 0x00, 0x00, 0x06, 0xFF, 0xFF, 0xE1, 0x00, 0x00, 0x00, 0x09, 0xFF, 0xFF,
  0xA0, 0x00, 0x00, 0xAF, 0xFF, 0xFA, 0x00, 0x00, 0x00, 0x00, 0x5F, 0xFF, 0xFE, 0x10, 0x00, 0x1E,
  0xFF, 0xFF, 0x50, 0x00, 0x00, 0x00, 0x01, 0xEF, 0xFF, 0xF5, 0x00, 0x04, 0xFF, 0xFF, 0xE1, 0x00,
  0x00, 0x00, 0x00, 0x0A, 0xFF, 0xFF, 0x80, 0x00, 0x8F, 0xFF, 0xFA, 0x00, 0x00, 0x00, 0x00, 0x00,
  0x6F, 0xFF, 0xFC, 0x00, 0x0C, 0xFF, 0xFF, 0x60, 0x00, 0x00, 0x00, 0x00, 0x02, 0xEF, 0xFF, 0xF3,
  0x02, 0xFF, 0xFF, 0xE2, 0x00, 0x00, 0x00, 0x00, 0x00, 0x0B, 0xFF, 0xFF, 0x70, 0x7F, 0xFF, 0xFB,
  0x00, 0x00, 0x00, 0x00, 0x00, 0x00, 0x7F, 0xFF, 0xFA, 0x0A, 0xFF, 0xFF, 0x70, 0x00, 0x00, 0x00,
  0x00, 0x00, 0x02, 0xFF, 0xFF, 0xE3, 0xDF, 0xFF, 0xF2, 0x00, 0x00, 0x00, 0x00, 0x00, 0x00, 0x0C,
  0xFF, 0xFF, 0xFF, 0xFF, 0xFC, 0x00, 0x00, 0x00, 0x00, 0x00, 0x00, 0x00, 0x7F, 0xFF, 0xFF, 0xFF,
  0xFF, 0x80, 0x00, 0x00, 0x00, 0x00, 0x00, 0x00, 0x03, 0xFF, 0xFF, 0xFF, 0xFF, 0xF3, 0x00, 0x00,
  0x00, 0x00, 0x00, 0x00, 0x00, 0x0B, 0xEE, 0xEE, 0xEE, 0xEC, 0x00, 0x00, 0x00, 0x00, 0x00, 0x00,
  0x00, 0x00, 0x01, 0x11, 0x11, 0x11, 0x00, 0x00, 0x00, 0x00, 0x00, 0x00, 0x01, 0x11, 0x11, 0x00,
  0x00, 0x01, 0x11, 0x11, 0x11, 0x11, 0x00, 0x00, 0x01, 0x11, 0x11, 0x00, 0x00, 0x04, 0xEE, 0xEE,
  0xD1, 0x00, 0x00, 0xCE, 0xEE, 0xEE, 0xEE, 0xA0, 0x00, 0x01, 0xDE, 0xEE, 0xE3, 0x00, 0x00, 0x2F,
  0xFF, 0xFF, 0x20, 0x00, 0x1E, 0xFF, 0xFF, 0xFF, 0xFE, 0x00, 0x00, 0x3F, 0xFF, 0xFF, 0x10, 0x00,
  0x01, 0xEF, 0xFF, 0xF3, 0x00, 0x03, 0xFF, 0xFF, 0xFF, 0xFF, 0xF2, 0x00, 0x04, 0xFF, 0xFF, 0xD0,
  0x00, 0x00, 0x0C, 0xFF, 0xFF, 0x50, 0x00, 0x5F, 0xFF, 0xE9, 0xFF, 0xFF, 0x40, 0x00, 0x6F, 0xFF,
  0xFB, 0x00, 0x00, 0x00, 0xAF, 0xFF, 0xF6, 0x01, 0x07, 0xFF, 0xFD, 0x1E, 0xFF, 0xF6, 0x01, 0x07,
  0xFF, 0xFF, 0x90, 0x00, 0x00, 0x08, 0xFF, 0xFF, 0x80, 0x00, 0x9F, 0xFF, 0xB0, 0xCF, 0xFF, 0x80,
  0x00, 0x9F, 0xFF, 0xF7, 0x00, 0x00, 0x00, 0x6F, 0xFF, 0xF9, 0x00, 0x0B, 0xFF, 0xF9, 0x0A, 0xFF,
  0xFA, 0x00, 0x0A, 0xFF, 0xFF, 0x50, 0x00, 0x00, 0x04, 0xFF, 0xFF, 0xA0, 0x01, 0xDF, 0xFF, 0x70,
  0x8F, 0xFF, 0xC0, 0x00, 0xBF, 0xFF, 0xF3, 0x00, 0x00, 0x00, 0x3F, 0xFF, 0xFC, 0x00, 0x2F, 0xFF,
  0xF5, 0x06, 0xFF, 0xFE, 0x10, 0x0D, 0xFF, 0xFE, 0x20, 0x00, 0x00, 0x01, 0xEF, 0xFF, 0xD1, 0x04,
  0xFF, 0xFF, 0x30, 0x4F, 0xFF, 0xF3, 0x01, 0xEF, 0xFF, 0xD0, 0x00, 0x00, 0x00, 0x0C, 0xFF, 0xFE,
  0x20, 0x6F, 0xFF, 0xE1, 0x02, 0xFF, 0xFF, 0x50, 0x2F, 0xFF, 0xFB, 0x00, 0x00, 0x00, 0x00, 0xAF,
  0xFF, 0xF3, 0x08, 0xFF, 0xFC, 0x00, 0x1D, 0xFF, 0xF7, 0x04, 0xFF, 0xFF, 0x90, 0x00, 0x00, 0x00,
  0x08, 0xFF, 0xFF, 0x40, 0xAF, 0xFF, 0xA0, 0x00, 0xBF, 0xFF, 0x90, 0x5F, 0xFF, 0xF7, 0x00, 0x00,
  0x00, 0x00, 0x7F, 0xFF, 0xF6, 0x0C, 0xFF, 0xF8, 0x00, 0x09, 0xFF, 0xFB, 0x07, 0xFF, 0xFF, 0x60,
  0x00, 0x00, 0x00, 0x05, 0xFF, 0xFF, 0x70, 0xEF, 0xFF, 0x60, 0x10, 0x7F, 0xFF, 0xE0, 0x8F, 0xFF,
  0xF4, 0x00, 0x00, 0x00, 0x00, 0x3F, 0xFF, 0xF8, 0x2F, 0xFF, 0xF4, 0x00, 0x05, 0xFF, 0xFF, 0x19,
  0xFF, 0xFF, 0x20, 0x00, 0x00, 0x00, 0x01, 0xEF, 0xFF, 0x94, 0xFF, 0xFF, 0x20, 0x00, 0x3F, 0xFF,
  0xF3, 0xAF, 0xFF, 0xD1, 0x00, 0x00, 0x00, 0x00, 0x0D, 0xFF, 0xFC, 0xBF, 0xFF, 0xD1, 0x00, 0x01,
  0xEF, 0xFF, 0xAD, 0xFF, 0xFB, 0x00, 0x00, 0x00, 0x00, 0x00, 0xBF, 0xFF, 0xFF, 0xFF, 0xFB, 0x00,
  0x00, 0x0C, 0xFF, 0xFF, 0xFF, 0xFF, 0xA0, 0x00, 0x00, 0x00, 0x00, 0x09, 0xFF, 0xFF, 0xFF, 0xFF,
  0x90, 0x00, 0x00, 0xAF, 0xFF, 0xFF, 0xFF, 0xF8, 0x00, 0x00, 0x00, 0x00, 0x00, 0x6E, 0xEE, 0xEE,
  0xEE, 0xE7, 0x00, 0x00, 0x08, 0xEE, 0xEE, 0xEE, 0xEE, 0x50, 0x00, 0x00, 0x00, 0x00, 0x00, 0x11,
  0x11, 0x11, 0x11, 0x00, 0x00, 0x00, 0x01, 0x11, 0x11, 0x11, 0x10, 0x00, 0x00, 0x00, 0x00, 0x11,
  0x11, 0x11, 0x00, 0x00, 0x00, 0x00, 0x00, 0x01, 0x11, 0x11, 0x10, 0x00, 0x06, 0xEE, 0xEE, 0xE9,
  0x00, 0x00, 0x00, 0x00, 0x0B, 0xEE, 0xEE, 0xE5, 0x00, 0x00, 0x0B, 0xFF, 0xFF, 0xF5, 0x00, 0x00,
  0x00, 0x07, 0xFF, 0xFF, 0xF9, 0x00, 0x00, 0x00, 0x2E, 0xFF, 0xFF, 0xE1, 0x00, 0x00, 0x03, 0xEF,
  0xFF, 0xFD, 0x10, 0x00, 0x00, 0x00, 0x5F, 0xFF, 0xFF, 0xA0, 0x00, 0x00, 0xCF, 0xFF, 0xFF, 0x30,
  0x00, 0x00, 0x00, 0x00, 0x9F, 0xFF, 0xFF, 0x50, 0x00, 0x7F, 0xFF, 0xFF, 0x70, 0x00, 0x00, 0x00,
  0x00, 0x01, 0xDF, 0xFF, 0xFE, 0x20, 0x3F, 0xFF, 0xFF, 0xB0, 0x00, 0x00, 0x00, 0x00, 0x00, 0x03,
  0xFF, 0xFF, 0xFA, 0x2C, 0xFF, 0xFF, 0xE2, 0x00, 0x00, 0x00, 0x00, 0x00, 0x00, 0x07, 0xFF, 0xFF,
  0xFE, 0xFF, 0xFF, 0xF5, 0x00, 0x00, 0x00, 0x00, 0x00, 0x00, 0x00, 0x0B, 0xFF, 0xFF, 0xFF, 0xFF,
  0xF9, 0x00, 0x00, 0x00, 0x00, 0x00, 0x00, 0x00, 0x00, 0x2D, 0xFF, 0xFF, 0xFF, 0xFC, 0x10, 0x00,
  0x00, 0x00, 0x00, 0x00, 0x00, 0x00, 0x00, 0x8F, 0xFF, 0xFF, 0xFF, 0x60, 0x00, 0x00, 0x00, 0x00,
  0x00, 0x00, 0x00, 0x00, 0x2E, 0xFF, 0xFF, 0xFF, 0xFD, 0x10, 0x00, 0x00, 0x00, 0x00, 0x00, 0x00,
  0x00, 0x0C, 0xFF, 0xFF, 0xFF, 0xFF, 0xFA, 0x00, 0x00, 0x00, 0x00, 0x00, 0x00, 0x00, 0x08, 0xFF,
  0xFF, 0xFE, 0xFF, 0xFF, 0xF6, 0x00, 0x00, 0x00, 0x00, 0x00, 0x00, 0x04, 0xFF, 0xFF, 0xFA, 0x2C,
  0xFF, 0xFF, 0xE3, 0x00, 0x00, 0x00, 0x00, 0x00, 0x01, 0xDF, 0xFF, 0xFE, 0x20, 0x3F, 0xFF, 0xFF,
  0xC0, 0x00, 0x00, 0x00, 0x00, 0x00, 0xAF, 0xFF, 0xFF, 0x50, 0x00, 0x7F, 0xFF, 0xFF, 0x80, 0x00,
  0x00, 0x00, 0x00, 0x6F, 0xFF, 0xFF, 0xA0, 0x00, 0x00, 0xCF, 0xFF, 0xFF, 0x40, 0x00, 0x00, 0x00,
  0x3E, 0xFF, 0xFF, 0xE1, 0x00, 0x00, 0x03, 0xEF, 0xFF, 0xFD, 0x10, 0x00, 0x00, 0x1C, 0xFF, 0xFF,
  0xF5, 0x00, 0x00, 0x00, 0x07, 0xFF, 0xFF, 0xFB, 0x00, 0x00, 0x07, 0xEE, 0xEE, 0xE9, 0x00, 0x00,
  0x00, 0x00, 0x0B, 0xEE, 0xEE, 0xE6, 0x00, 0x00, 0x11, 0x11, 0x11, 0x00, 0x00, 0x00, 0x00, 0x00,
  0x01, 0x11, 0x11, 0x10, 0x00, 0x00, 0x00, 0x00, 0x00, 0x00, 0x00, 0x00, 0x00, 0x00, 0x00, 0x00,
  0x00, 0x00, 0x00, 0x00, 0x01, 0xAA, 0xAA, 0xB3, 0x00, 0x00, 0x00, 0x00, 0x1A, 0xAA, 0xAB, 0x30,
  0x00, 0x00, 0x01, 0xFF, 0xFF, 0xF5, 0x00, 0x00, 0x00, 0x00, 0x1F, 0xFF, 0xFF, 0x50, 0x00, 0x00,
  0x01, 0xEF, 0xFF, 0xF5, 0x00, 0x00, 0x00, 0x00, 0x1E, 0xFF, 0xFF, 0x50, 0x00, 0x00, 0x01, 0xEF,
  0xFF, 0xF5, 0x00, 0x00, 0x00, 0x00, 0x1E, 0xFF, 0xFF, 0x50, 0x00, 0x00, 0x01, 0xEF, 0xFF, 0xF5,
  0x00, 0x00, 0x00, 0x00, 0x1E, 0xFF, 0xFF, 0x50, 0x00, 0x00, 0x01, 0xEF, 0xFF, 0xF5, 0x00, 0x00,
  0x00, 0x00, 0x1E, 0xFF, 0xFF, 0x50, 0x00, 0x00, 0x01, 0xEF, 0xFF, 0xF5, 0x00, 0x00, 0x00, 0x00,
  0x1E, 0xFF, 0xFF, 0x50, 0x00, 0x00, 0x01, 0xEF, 0xFF, 0xF5, 0x00, 0x00, 0x00, 0x00, 0x1E, 0xFF,
  0xFF, 0x50, 0x00, 0x00, 0x01, 0xEF, 0xFF, 0xF5, 0x00, 0x00, 0x00, 0x00, 0x1E, 0xFF, 0xFF, 0x50,
  0x00, 0x00, 0x01, 0xEF, 0xFF, 0xF5, 0x00, 0x00, 0x00, 0x00, 0x1E, 0xFF, 0xFF, 0x50, 0x00, 0x00,
  0x01, 0xEF, 0xFF, 0xF5, 0x00, 0x00, 0x00, 0x00, 0x1E, 0xFF, 0xFF, 0x50, 0x00, 0x00, 0x01, 0xEF,
  0xFF, 0xF5, 0x00, 0x00, 0x00, 0x00, 0x1E, 0xFF, 0xFF, 0x50, 0x00, 0x00, 0x01, 0xEF, 0xFF, 0xF5,
  0x00, 0x00, 0x00, 0x00, 0x3F, 0xFF, 0xFF, 0x50, 0x00, 0x00, 0x01, 0xEF, 0xFF, 0xF6, 0x00, 0x00,
  0x00, 0x00, 0x6F, 0xFF, 0xFF, 0x50, 0x00, 0x00, 0x00, 0xDF, 0xFF, 0xF9, 0x00, 0x00, 0x00, 0x00,
  0xBF, 0xFF, 0xFF, 0x50, 0x00, 0x00, 0x00, 0xAF, 0xFF, 0xFE, 0x40, 0x00, 0x00, 0x07, 0xFF, 0xFF,
  0xFF, 0x50, 0x00, 0x00, 0x00, 0x7F, 0xFF, 0xFF, 0xE6, 0x21, 0x13, 0x9F, 0xFF, 0xFF, 0xFF, 0x50,
  0x00, 0x00, 0x00, 0x1E, 0xFF, 0xFF, 0xFF, 0xED, 0xDF, 0xFF, 0xFF, 0xFF, 0xFF, 0x50, 0x00, 0x00,
  0x00, 0x06, 0xFF, 0xFF, 0xFF, 0xFF, 0xFF, 0xFF, 0xAE, 0xFF, 0xFF, 0x50, 0x00, 0x00, 0x00, 0x00,
  0x9F, 0xFF, 0xFF, 0xFF, 0xFF, 0xF9, 0x0E, 0xFF, 0xFF, 0x50, 0x00, 0x00, 0x00, 0x00, 0x07, 0xEF,
  0xFF, 0xFF, 0xFF, 0xA1, 0x1E, 0xFF, 0xFF, 0x50, 0x00, 0x00, 0x00, 0x00, 0x00, 0x27, 0xAC, 0xDC,
  0x94, 0x00, 0x1E, 0xFF, 0xFF, 0x50, 0x00, 0x00, 0x00, 0x00, 0x00, 0x00, 0x00, 0x00, 0x00, 0x00,
  0x1E, 0xFF, 0xFF, 0x50, 0x00, 0x00, 0x00, 0x00, 0x00, 0x00, 0x00, 0x00, 0x00, 0x00, 0x1E, 0xFF,
  0xFF, 0x50, 0x00, 0x00, 0x00, 0x00, 0x00, 0x00, 0x00, 0x00, 0x00, 0x00, 0x3F, 0xFF, 0xFF, 0x50,
  0x00, 0x00, 0x00, 0x00, 0x6C, 0xBC, 0xCC, 0xCC, 0xCC, 0xCB, 0xEF, 0xFF, 0xFF, 0x40, 0x00, 0x00,
  0x00, 0x00, 0x9F, 0xFF, 0xFF, 0xFF, 0xFF, 0xFF, 0xFF, 0xFF, 0xFF, 0x30, 0x00, 0x00, 0x00, 0x00,
  0x8F, 0xFF, 0xFF, 0xFF, 0xFF, 0xFF, 0xFF, 0xFF, 0xFC, 0x00, 0x00, 0x00, 0x00, 0x00, 0x9F, 0xFF,
  0xFF, 0xFF, 0xFF, 0xFF, 0xFF, 0xFF, 0xE3, 0x00, 0x00, 0x00, 0x00, 0x00, 0x8E, 0xEE, 0xEE, 0xEE,
  0xEE, 0xEE, 0xEE, 0xD9, 0x30, 0x00, 0x00, 0x00, 0x00, 0x00, 0x01, 0x11, 0x11, 0x11, 0x11, 0x11,
  0x11, 0x00, 0x00, 0x00, 0x00, 0x00, 0x00, 0x11, 0x11, 0x11, 0x11, 0x11, 0x11, 0x11, 0x11, 0x10,
  0x00, 0x00, 0x07, 0xEE, 0xEE, 0xEE, 0xEE, 0xEE, 0xEE, 0xEE, 0xEE, 0xD0, 0x00, 0x00, 0x07, 0xFF,
  0xFF, 0xFF, 0xFF, 0xFF, 0xFF, 0xFF, 0xFF, 0xE0, 0x00, 0x00, 0x07, 0xFE, 0xFF, 0xFF, 0xFF, 0xFF,
  0xFF, 0xFF, 0xFF, 0xE0, 0x00, 0x00, 0x08, 0xFF, 0xFF, 0xFF, 0xFF, 0xFF, 0xFF, 0xFF, 0xFF, 0xE0,
  0x00, 0x00, 0x04, 0x77, 0x77, 0x78, 0x87, 0x87, 0x8F, 0xFF, 0xFF, 0xD0, 0x00, 0x00, 0x00, 0x00,
  0x00, 0x00, 0x00, 0x00, 0x8F, 0xFF, 0xFF, 0xE0, 0x00, 0x00, 0x00, 0x00, 0x00, 0x00, 0x00, 0x2B,
  0xFF, 0xFF, 0xFF, 0xA0, 0x00, 0x00, 0x00, 0x00, 0x00, 0x00, 0x03, 0xDF, 0xFF, 0xFF, 0xF8, 0x00,
  0x00, 0x00, 0x00, 0x00, 0x00, 0x00, 0x6F, 0xFF, 0xFF, 0xFE, 0x60, 0x00, 0x00, 0x00, 0x00, 0x00,
  0x00, 0x08, 0xFF, 0xFF, 0xFF, 0xD3, 0x00, 0x00, 0x00, 0x00, 0x00, 0x00, 0x02, 0xBF, 0xFF, 0xFF,
  0xFB, 0x20, 0x00, 0x00, 0x00, 0x00, 0x00, 0x00, 0x3D, 0xFF, 0xFF, 0xFF, 0x80, 0x00, 0x00, 0x00,
  0x00, 0x00, 0x00, 0x06, 0xEF, 0xFF, 0xFF, 0xF6, 0x00, 0x00, 0x00, 0x00, 0x00, 0x00, 0x00, 0x8F,
  0xFF, 0xFF, 0xFD, 0x30, 0x00, 0x00, 0x00, 0x00, 0x00, 0x00, 0x0A, 0xFF, 0xFF, 0xFF, 0xB2, 0x00,
  0x00, 0x00, 0x00, 0x00, 0x00, 0x00, 0x0E, 0xFF, 0xFF, 0xF8, 0x00, 0x00, 0x00, 0x00, 0x00, 0x00,
  0x00, 0x00, 0x0D, 0xFF, 0xFF, 0xF8, 0x78, 0x78, 0x87, 0x77, 0x77, 0x70, 0x00, 0x00, 0x0E, 0xFF,
  0xFF, 0xFF, 0xFF, 0xFF, 0xFF, 0xFF, 0xFF, 0xF0, 0x00, 0x00, 0x0E, 0xFF, 0xFF, 0xFF, 0xFF, 0xFF,
  0xFF, 0xFF, 0xFF, 0xD0, 0x00, 0x00, 0x0E, 0xFF, 0xFF, 0xFF, 0xFF, 0xFF, 0xFF, 0xFF, 0xFF, 0xE0,
  0x00, 0x00, 0x0D, 0xEE, 0xEE, 0xEE, 0xEE, 0xEE, 0xEE, 0xEE, 0xEE, 0xD0, 0x00, 0x00, 0x01, 0x11,
  0x11, 0x11, 0x11, 0x11, 0x11, 0x11, 0x11, 0x10, 0x00, 0x00, 0x00, 0x00, 0x00, 0x00, 0x00, 0x00,
  0x00, 0x00, 0x00, 0x00, 0x00, 0x00, 0x00, 0x00, 0x00, 0x17, 0xAA, 0xAA, 0xAA, 0xAB, 0x50, 0x00,
  0x00, 0x00, 0x00, 0x03, 0xDF, 0xFF, 0xFF, 0xFF, 0xFF, 0x70, 0x00, 0x00, 0x00, 0x00, 0x0C, 0xFF,
  0xFF, 0xFF, 0xFF, 0xEF, 0x70, 0x00, 0x00, 0x00, 0x00, 0x3F, 0xFF, 0xFF, 0xFF, 0xFF, 0xFF, 0x70,
  0x00, 0x00, 0x00, 0x00, 0x4F, 0xFF, 0xFF, 0xFE, 0xEE, 0xDE, 0x60, 0x00, 0x00, 0x00, 0x00, 0x4F,
  0xFF, 0xFF, 0x50, 0x00, 0x00, 0x00, 0x00, 0x00, 0x00, 0x00, 0x4F, 0xFF, 0xFE, 0x20, 0x00, 0x00,
  0x00, 0x00, 0x00, 0x00, 0x00, 0x4F, 0xFF, 0xFE, 0x30, 0x00, 0x00, 0x00, 0x00, 0x00, 0x00, 0x00,
  0x4F, 0xFF, 0xFE, 0x30, 0x00, 0x00, 0x00, 0x00, 0x00, 0x00, 0x00, 0x4F, 0xFF, 0xFE, 0x30, 0x00,
  0x00, 0x00, 0x00, 0x00, 0x00, 0x00, 0x4F, 0xFF, 0xFE, 0x30, 0x00, 0x00, 0x00, 0x00, 0x00, 0x00,
  0x00, 0x4F, 0xFF, 0xFE, 0x30, 0x00, 0x00, 0x00, 0x00, 0x00, 0x00, 0x00, 0x4F, 0xFF, 0xFE, 0x30,
  0x00, 0x00, 0x00, 0x00, 0x00, 0x00, 0x00, 0x4F, 0xFF, 0xFE, 0x30, 0x00, 0x00, 0x00, 0x00, 0x00,
  0x00, 0x00, 0x4F, 0xFF, 0xFE, 0x30, 0x00, 0x00, 0x00, 0x00, 0x00, 0x00, 0x00, 0x4F, 0xFF, 0xFE,
  0x30, 0x00, 0x00, 0x00, 0x00, 0x00, 0x00, 0x00, 0x5F, 0xFF, 0xFE, 0x30, 0x00, 0x00, 0x00, 0x00,
  0x00, 0x00, 0x00, 0x4F, 0xFF, 0xFE, 0x30, 0x00, 0x00, 0x00, 0x00, 0x13, 0x33, 0x33, 0xAF, 0xFF,
  0xFE, 0x10, 0x00, 0x00, 0x00, 0x00, 0x7F, 0xFF, 0xFF, 0xFF, 0xFF, 0xF7, 0x00, 0x00, 0x00, 0x00,
  0x00, 0x7F, 0xFF, 0xFF, 0xFE, 0xBA, 0x50, 0x00, 0x00, 0x00, 0x00, 0x00, 0x7F, 0xFF, 0xFF, 0xFD,
  0x54, 0x00, 0x00, 0x00, 0x00, 0x00, 0x00, 0x7F, 0xFF, 0xFF, 0xFF, 0xFF, 0xC2, 0x00, 0x00, 0x00,
  0x00, 0x00, 0x5B, 0xBB, 0xBB, 0xEF, 0xFF, 0xFB, 0x00, 0x00, 0x00, 0x00, 0x00, 0x00, 0x00, 0x00,
  0x6F, 0xFF, 0xFE, 0x20, 0x00, 0x00, 0x00, 0x00, 0x00, 0x00, 0x00, 0x4F, 0xFF, 0xFE, 0x30, 0x00,
  0x00, 0x00, 0x00, 0x00, 0x00, 0x00, 0x5F, 0xFF, 0xFE, 0x30, 0x00, 0x00, 0x00, 0x00, 0x00, 0x00,
  0x00, 0x4F, 0xFF, 0xFE, 0x30, 0x00, 0x00, 0x00, 0x00, 0x00, 0x00, 0x00, 0x4F, 0xFF, 0xFE, 0x30,
  0x00, 0x00, 0x00, 0x00, 0x00, 0x00, 0x00, 0x4F, 0xFF, 0xFE, 0x30, 0x00, 0x00, 0x00, 0x00, 0x00,
  0x00, 0x00, 0x4F, 0xFF, 0xFE, 0x30, 0x00, 0x00, 0x00, 0x00, 0x00, 0x00, 0x00, 0x4F, 0xFF, 0xFE,
  0x30, 0x00, 0x00, 0x00, 0x00, 0x00, 0x00, 0x00, 0x4F, 0xFF, 0xFE, 0x30, 0x00, 0x00, 0x00, 0x00,
  0x00, 0x00, 0x00, 0x4F, 0xFF, 0xFE, 0x30, 0x00, 0x00, 0x00, 0x00, 0x00, 0x00, 0x00, 0x4F, 0xFF,
  0xFE, 0x30, 0x00, 0x00, 0x00, 0x00, 0x00, 0x00, 0x00, 0x4F, 0xFF, 0xFE, 0x20, 0x00, 0x00, 0x00,
  0x00, 0x00, 0x00, 0x00, 0x4F, 0xFF, 0xFF, 0x30, 0x00, 0x00, 0x00, 0x00, 0x00, 0x00, 0x00, 0x4F,
  0xFF, 0xFF, 0xDA, 0xAA, 0x9A, 0x40, 0x00, 0x00, 0x00, 0x00, 0x4F, 0xFF, 0xFF, 0xFF, 0xFF, 0xFF,
  0x70, 0x00, 0x00, 0x00, 0x00, 0x1D, 0xFF, 0xFF, 0xFF, 0xFF, 0xEF, 0x70, 0x00, 0x00, 0x00, 0x00,
  0x05, 0xFF, 0xFF, 0xFF, 0xFF, 0xFF, 0x70, 0x00, 0x00, 0x00, 0x00, 0x00, 0x4B, 0xDE, 0xEE, 0xEE,
  0xEE, 0x60, 0x00, 0x00, 0x00, 0x00, 0x00, 0x00, 0x11, 0x11, 0x11, 0x11, 0x00, 0x00, 0x00, 0x11,
  0x11, 0x10, 0x00, 0x00, 0x00, 0x1D, 0xEE, 0xEE, 0x40, 0x00, 0x00, 0x01, 0xEF, 0xFF, 0xF5, 0x00,
  0x00, 0x00, 0x1E, 0xFF, 0xFF, 0x50, 0x00, 0x00, 0x01, 0xEF, 0xFF, 0xF5, 0x00, 0x00, 0x00, 0x1E,
  0xFF, 0xFF, 0x50, 0x00, 0x00, 0x01, 0xEF, 0xFF, 0xF5, 0x00, 0x00, 0x00, 0x1E, 0xFF, 0xFF, 0x50,
  0x00, 0x00, 0x01, 0xEF, 0xFF, 0xF5, 0x00, 0x00, 0x00, 0x1E, 0xFF, 0xFF, 0x50, 0x00, 0x00, 0x01,
  0xEF, 0xFF, 0xF5, 0x00, 0x00, 0x00, 0x1E, 0xFF, 0xFF, 0x50, 0x00, 0x00, 0x01, 0xEF, 0xFF, 0xF5,
  0x00, 0x00, 0x00, 0x1E, 0xFF, 0xFF, 0x50, 0x00, 0x00, 0x01, 0xEF, 0xFF, 0xF5, 0x00, 0x00, 0x00,
  0x1E, 0xFF, 0xFF, 0x50, 0x00, 0x00, 0x01, 0xEF, 0xFF, 0xF5, 0x00, 0x00, 0x00, 0x1E, 0xFF, 0xFF,
  0x50, 0x00, 0x00, 0x01, 0xEF, 0xFF, 0xF5, 0x00, 0x00, 0x00, 0x1E, 0xFF, 0xFF, 0x50, 0x00, 0x00,
  0x01, 0xEF, 0xFF, 0xF5, 0x00, 0x00, 0x00, 0x1E, 0xFF, 0xFF, 0x50, 0x00, 0x00, 0x01, 0xEF, 0xFF,
  0xF5, 0x00, 0x00, 0x00, 0x1E, 0xFF, 0xFF, 0x50, 0x00, 0x00, 0x01, 0xEF, 0xFF, 0xF5, 0x00, 0x00,
  0x00, 0x1E, 0xFF, 0xFF, 0x50, 0x00, 0x00, 0x01, 0xEF, 0xFF, 0xF5, 0x00, 0x00, 0x00, 0x1E, 0xFF,
  0xFF, 0x50, 0x00, 0x00, 0x01, 0xEF, 0xFF, 0xF5, 0x00, 0x00, 0x00, 0x1E, 0xFF, 0xFF, 0x50, 0x00,
  0x00, 0x01, 0xEF, 0xFF, 0xF5, 0x00, 0x00, 0x00, 0x1E, 0xFF, 0xFF, 0x50, 0x00, 0x00, 0x01, 0xEF,
  0xFF, 0xF5, 0x00, 0x00, 0x00, 0x1E, 0xFF, 0xFF, 0x50, 0x00, 0x00, 0x01, 0xEF, 0xFF, 0xF5, 0x00,
  0x00, 0x00, 0x1E, 0xFF, 0xFF, 0x50, 0x00, 0x00, 0x01, 0xEF, 0xFF, 0xF5, 0x00, 0x00, 0x00, 0x1E,
  0xFF, 0xFF, 0x50, 0x00, 0x00, 0x01, 0xEF, 0xFF, 0xF5, 0x00, 0x00, 0x00, 0x1E, 0xFF, 0xFF, 0x50,
  0x00, 0x00, 0x01, 0xEF, 0xFF, 0xF5, 0x00, 0x00, 0x00, 0x1E, 0xFF, 0xFF, 0x50, 0x00, 0x00, 0x01,
  0xEF, 0xFF, 0xF5, 0x00, 0x00, 0x00, 0x1E, 0xFF, 0xFF, 0x50, 0x00, 0x00, 0x01, 0xDE, 0xEE, 0xE4,
  0x00, 0x00, 0x00, 0x01, 0x11, 0x11, 0x00, 0x00, 0x00, 0x00, 0x00, 0x00, 0x00, 0x00, 0x00, 0x00,
  0x00, 0x00, 0x00, 0x03, 0xAA, 0xAA, 0xAA, 0xAA, 0x83, 0x00, 0x00, 0x00, 0x00, 0x00, 0x04, 0xFF,
  0xFF, 0xFF, 0xFF, 0xFF, 0x60, 0x00, 0x00, 0x00, 0x00, 0x04, 0xFF, 0xFF, 0xFF, 0xFF, 0xFF, 0xF2,
  0x00, 0x00, 0x00, 0x00, 0x04, 0xFF, 0xFF, 0xFF, 0xFF, 0xFF, 0xF7, 0x00, 0x00, 0x00, 0x00, 0x03,
  0xEE, 0xDE, 0xEE, 0xFF, 0xFF, 0xF9, 0x00, 0x00, 0x00, 0x00, 0x00, 0x00, 0x00, 0x02, 0xEF, 0xFF,
  0xF9, 0x00, 0x00, 0x00, 0x00, 0x00, 0x00, 0x00, 0x00, 0xCF, 0xFF, 0xF9, 0x00, 0x00, 0x00, 0x00,
  0x00, 0x00, 0x00, 0x00, 0xCF, 0xFF, 0xF9, 0x00, 0x00, 0x00, 0x00, 0x00, 0x00, 0x00, 0x00, 0xCF,
  0xFF, 0xF9, 0x00, 0x00, 0x00, 0x00, 0x00, 0x00, 0x00, 0x00, 0xCF, 0xFF, 0xF9, 0x00, 0x00, 0x00,
  0x00, 0x00, 0x00, 0x00, 0x00, 0xCF, 0xFF, 0xF9, 0x00, 0x00, 0x00, 0x00, 0x00, 0x00, 0x00, 0x00,
  0xCF, 0xFF, 0xF9, 0x00, 0x00, 0x00, 0x00, 0x00, 0x00, 0x00, 0x00, 0xCF, 0xFF, 0xF9, 0x00, 0x00,
  0x00, 0x00, 0x00, 0x00, 0x00, 0x00, 0xCF, 0xFF, 0xF9, 0x00, 0x00, 0x00, 0x00, 0x00, 0x00, 0x00,
  0x00, 0xCF, 0xFF, 0xF9, 0x00, 0x00, 0x00, 0x00, 0x00, 0x00, 0x00, 0x00, 0xCF, 0xFF, 0xF9, 0x00,
  0x00, 0x00, 0x00, 0x00, 0x00, 0x00, 0x00, 0xCF, 0xFF, 0xF9, 0x00, 0x00, 0x00, 0x00, 0x00, 0x00,
  0x00, 0x00, 0xCF, 0xFF, 0xF9, 0x00, 0x00, 0x00, 0x00, 0x00, 0x00, 0x00, 0x00, 0xAF, 0xFF, 0xFD,
  0x43, 0x33, 0x31, 0x00, 0x00, 0x00, 0x00, 0x00, 0x3F, 0xFF, 0xFF, 0xFF, 0xFF, 0xF7, 0x00, 0x00,
  0x00, 0x00, 0x00, 0x04, 0xAB, 0xEF, 0xFF, 0xFF, 0xF7, 0x00, 0x00, 0x00, 0x00, 0x00, 0x00, 0x35,
  0xDF, 0xFF, 0xFF, 0xF7, 0x00, 0x00, 0x00, 0x00, 0x00, 0x1A, 0xFF, 0xFF, 0xFF, 0xFF, 0xF7, 0x00,
  0x00, 0x00, 0x00, 0x00, 0x7F, 0xFF, 0xFF, 0xBB, 0xBB, 0xB5, 0x00, 0x00, 0x00, 0x00, 0x00, 0xCF,
  0xFF, 0xFA, 0x00, 0x00, 0x00, 0x00, 0x00, 0x00, 0x00, 0x00, 0xCF, 0xFF, 0xF9, 0x00, 0x00, 0x00,
  0x00, 0x00, 0x00, 0x00, 0x00, 0xCF, 0xFF, 0xF9, 0x00, 0x00, 0x00, 0x00, 0x00, 0x00, 0x00, 0x00,
  0xCF, 0xFF, 0xF9, 0x00, 0x00, 0x00, 0x00, 0x00, 0x00, 0x00, 0x00, 0xCF, 0xFF, 0xF9, 0x00, 0x00,
  0x00, 0x00, 0x00, 0x00, 0x00, 0x00, 0xCF, 0xFF, 0xF9, 0x00, 0x00, 0x00, 0x00, 0x00, 0x00, 0x00,
  0x00, 0xCF, 0xFF, 0xF9, 0x00, 0x00, 0x00, 0x00, 0x00, 0x00, 0x00, 0x00, 0xCF, 0xFF, 0xF9, 0x00,
  0x00, 0x00, 0x00, 0x00, 0x00, 0x00, 0x00, 0xCF, 0xFF, 0xF9, 0x00, 0x00, 0x00, 0x00, 0x00, 0x00,
  0x00, 0x00, 0xCF, 0xFF, 0xF9, 0x00, 0x00, 0x00, 0x00, 0x00, 0x00, 0x00, 0x00, 0xCF, 0xFF, 0xF9,
  0x00, 0x00, 0x00, 0x00, 0x00, 0x00, 0x00, 0x00, 0xCF, 0xFF, 0xF9, 0x00, 0x00, 0x00, 0x00, 0x00,
  0x00, 0x00, 0x00, 0xDF, 0xFF, 0xF9, 0x00, 0x00, 0x00, 0x00, 0x02, 0xAA, 0xAA, 0x9B, 0xFF, 0xFF,
  0xF9, 0x00, 0x00, 0x00, 0x00, 0x04, 0xFF, 0xFF, 0xFF, 0xFF, 0xFF, 0xF8, 0x00, 0x00, 0x00, 0x00,
  0x04, 0xFF, 0xFF, 0xFF, 0xFF, 0xFF, 0xF4, 0x00, 0x00, 0x00, 0x00, 0x04, 0xFF, 0xFF, 0xFF, 0xFF,
  0xFF, 0x90, 0x00, 0x00, 0x00, 0x00, 0x03, 0xEE, 0xEE, 0xEE, 0xEE, 0xC6, 0x00, 0x00, 0x00, 0x00,
  0x00, 0x00, 0x11, 0x11, 0x11, 0x11, 0x00, 0x00, 0x00, 0x00, 0x00, 0x00, 0x00, 0x00, 0x00, 0x00,
  0x00, 0x00, 0x00, 0x00, 0x00, 0x00, 0x00, 0x00, 0x00, 0x00, 0x00, 0x00, 0x00, 0x00, 0x01, 0x57,
  0x63, 0x00, 0x00, 0x00, 0x04, 0x50, 0x00, 0x00, 0x00, 0x00, 0x00, 0x00, 0x5D, 0xFF, 0xFF, 0x70,
  0x00, 0x00, 0x7F, 0xF3, 0x00, 0x00, 0x00, 0x00, 0x00, 0x08, 0xFF, 0xFF, 0xFF, 0xF7, 0x00, 0x2B,
  0xFF, 0xFD, 0x10, 0x00, 0x00, 0x00, 0x02, 0xBF, 0xFF, 0xFF, 0xFF, 0xFF, 0x87, 0xEF, 0xFF, 0xFF,
  0xB0, 0x00, 0x00, 0x00, 0x4D, 0xFF, 0xFF, 0xFF, 0xFF, 0xFF, 0xFF, 0xFF, 0xFF, 0xFF, 0xA1, 0x00,
  0x00, 0x07, 0xFF, 0xFF, 0xFF, 0xFF, 0xFF, 0xFF, 0xFF, 0xFF, 0xFF, 0xF7, 0x00, 0x00, 0x00, 0x1D,
  0xFF, 0xFF, 0xFF, 0xBC, 0xFF, 0xFF, 0xFF, 0xFF, 0xFE, 0x50, 0x00, 0x00, 0x00, 0x04, 0xFF, 0xFF,
  0xE6, 0x00, 0xAF, 0xFF, 0xFF, 0xFF, 0xC2, 0x00, 0x00, 0x00, 0x00, 0x00, 0x7F, 0xFC, 0x30, 0x00,
  0x1B, 0xFF, 0xFF, 0xF9, 0x10, 0x00, 0x00, 0x00, 0x00, 0x00, 0x0B, 0xA1, 0x00, 0x00, 0x00, 0x6A,
  0xB8, 0x30, 0x00, 0x00, 0x00, 0x00, 0x00, 0x00, 0x01, 0x00, 0x00, 0x00, 0x00, 0x00, 0x00, 0x00,
  0x00, 0x00, 0x00, 0x00, 0x00, 0x00, 0x00, 0x00, 0x00, 0x00, 0x00, 0x00, 0x00, 0x00, 0x00, 0x00,
  0x00, 0x00, 0x00, 0x00, 0x00, 0x00, 0x00, 0x00, 0x00, 0x00, 0x00, 0x00, 0x00, 0x00, 0x00, 0x00,
  0x00, 0x00, 0x00, 0x00, 0x00, 0x00, 0x00, 0x00, 0x00, 0x00, 0x00, 0x00, 0x00, 0x00, 0x00, 0x00,
  0x00, 0x00, 0x00, 0x00, 0x00, 0x00, 0x00, 0x00, 0x00, 0x00, 0x00, 0x00, 0x00, 0x00, 0x00, 0x00,
  0x00, 0x00, 0x00, 0x00, 0x00, 0x00, 0x00, 0x00, 0x00, 0x00, 0x00, 0x00, 0x00, 0x00, 0x00, 0x00,
  0x00, 0x00, 0x00, 0x00, 0x00, 0x00, 0x00, 0x00, 0x00, 0x00, 0x00, 0x00, 0x00, 0x00, 0x00, 0x00,
  0x00, 0x00, 0x00, 0x00, 0x00, 0x00, 0x00, 0x00, 0x00, 0x00, 0x00, 0x00, 0x00, 0x00, 0x00, 0x00,
  0x00, 0x00, 0x00, 0x00, 0x00, 0x00, 0x00, 0x00, 0x00, 0x00, 0x00, 0x00, 0x00, 0x00, 0x00, 0x00,
  0x00, 0x00, 0x00, 0x00, 0x00, 0x00, 0x00, 0x00, 0x00, 0x00, 0x00, 0x00, 0x00, 0x00, 0x00, 0x00,
};

static const BadgeSmoothGlyph font_spacegrotesk_42_glyphs[] PROGMEM = {
  {0, 12, 2, 10, -1, -1}, // ' '
  {12, 15, 32, 13, -1, -30}, // '!'
  {252, 24, 32, 22, -1, -31}, // '"'
  {636, 28, 32, 26, -1, -30}, // '#'
  {1084, 28, 42, 26, -1, -36}, // '$'
  {1672, 34, 34, 32, -1, -32}, // '%'
  {2250, 26, 32, 24, -1, -30}, // '&'
  {2666, 14, 32, 12, -1, -31}, // "'"
  {2890, 18, 44, 16, -1, -33}, // '('
  {3286, 19, 44, 17, -1, -33}, // ')'
  {3704, 25, 32, 23, -1, -30}, // '*'
  {4104, 28, 26, 26, -1, -24}, // '+'
  {4468, 14, 16, 12, -1, -8}, // ','
  {4580, 20, 16, 18, -1, -14}, // '-'
  {4740, 15, 16, 13, -1, -14}, // '.'
  {4860, 20, 40, 16, -2, -30}, // '/'
  {5260, 29, 31, 27, -1, -30}, // '0'
  {5710, 21, 32, 19, -1, -30}, // '1'
  {6046, 27, 31, 25, -1, -30}, // '2'
  {6465, 28, 32, 26, -1, -30}, // '3'
  {6913, 28, 32, 26, -1, -30}, // '4'
  {7361, 27, 32, 25, -1, -30}, // '5'
  {7793, 28, 31, 26, -1, -30}, // '6'
  {8227, 25, 32, 23, -1, -30}, // '7'
  {8627, 27, 31, 25, -1, -30}, // '8'
  {9046, 28, 31, 26, -1, -30}, // '9'
  {9480, 15, 16, 13, -1, -14}, // ':'
  {9600, 15, 30, 13, -1, -22}, // ';'
  {9825, 28, 26, 26, -1, -26}, // '<'
  {10189, 28, 22, 26, -1, -22}, // '='
  {10497, 28, 26, 26, -1, -26}, // '>'
  {10861, 26, 33, 24, -1, -32}, // '?'
  {11290, 45, 40, 43, -1, -31}, // '@'
  {12190, 28, 32, 26, -1, -30}, // 'A'
  {12638, 30, 32, 28, -1, -30}, // 'B'
  {13118, 29, 31, 27, -1, -30}, // 'C'
  {13568, 30, 32, 28, -1, -30}, // 'D'
  {14048, 26, 32, 24, -1, -30}, // 'E'
  {14464, 24, 32, 22, -1, -30}, // 'F'
  {14848, 30, 31, 28, -1, -30}, // 'G'
  {15313, 30, 32, 28, -1, -30}, // 'H'
  {15793, 13, 32, 11, -1, -30}, // 'I'
  {16001, 28, 32, 26, -1, -30}, // 'J'
  {16449, 28, 32, 26, -1, -30}, // 'K'
  {16897, 25, 32, 23, -1, -30}, // 'L'
  {17297, 40, 32, 38, -1, -30}, // 'M'
  {17937, 30, 32, 28, -1, -30}, // 'N'
  {18417, 30, 31, 28, -1, -30}, // 'O'
  {18882, 28, 32, 26, -1, -30}, // 'P'
  {19330, 30, 39, 28, -1, -30}, // 'Q'
  {19915, 28, 32, 26, -1, -30}, // 'R'
  {20363, 28, 31, 26, -1, -30}, // 'S'
  {20797, 26, 32, 24, -1, -30}, // 'T'
  {21213, 30, 32, 28, -1, -30}, // 'U'
  {21693, 28, 32, 26, -1, -30}, // 'V'
  {22141, 40, 32, 38, -1, -30}, // 'W'
  {22781, 29, 32, 27, -1, -30}, // 'X'
  {23245, 28, 32, 26, -1, -30}, // 'Y'
  {23693, 26, 32, 24, -1, -30}, // 'Z'
  {24109, 17, 44, 15, -1, -33}, // '['
  {24483, 20, 40, 16, -2, -30}, // '\\'
  {24883, 17, 44, 15, -1, -33}, // ']'
  {25257, 28, 32, 26, -1, -30}, // '^'
  {25705, 28, 9, 26, -1, -1}, // '_'
  {25831, 14, 32, 12, -1, -30}, // '`'
  {26055, 26, 24, 24, -1, -22}, // 'a'
  {26367, 29, 32, 27, -1, -30}, // 'b'
  {26831, 26, 24, 24, -1, -22}, // 'c'
  {27143, 29, 32, 27, -1, -30}, // 'd'
  {27607, 26, 23, 24, -1, -22}, // 'e'
  {27906, 20, 32, 18, -1, -30}, // 'f'
  {28226, 29, 32, 27, -1, -22}, // 'g'
  {28690, 28, 32, 26, -1, -30}, // 'h'
  {29138, 13, 31, 11, -1, -30}, // 'i'
  {29340, 14, 31, 12, -2, -22}, // 'j'
  {29557, 26, 32, 24, -1, -30}, // 'k'
  {29973, 13, 32, 11, -1, -30}, // 'l'
  {30181, 38, 23, 36, -1, -22}, // 'm'
  {30618, 28, 23, 26, -1, -22}, // 'n'
  {30940, 28, 24, 26, -1, -22}, // 'o'
  {31276, 29, 32, 27, -1, -22}, // 'p'
  {31740, 29, 32, 27, -1, -22}, // 'q'
  {32204, 18, 23, 16, -1, -22}, // 'r'
  {32411, 24, 24, 22, -1, -22}, // 's'
  {32699, 21, 32, 19, -1, -30}, // 't'
  {33035, 28, 24, 26, -1, -22}, // 'u'
  {33371, 25, 23, 23, -1, -22}, // 'v'
  {33659, 35, 23, 33, -1, -22}, // 'w'
  {34062, 27, 23, 25, -1, -22}, // 'x'
  {34373, 28, 32, 26, -1, -22}, // 'y'
  {34821, 24, 23, 22, -1, -22}, // 'z'
  {35097, 22, 44, 20, -1, -33}, // '{'
  {35581, 13, 46, 11, -1, -35}, // '|'
  {35880, 22, 44, 20, -1, -33}, // '}'
  {36364, 28, 22, 26, -1, -20}, // '~'
};

static const BadgeSmoothFont font_spacegrotesk_42 PROGMEM = {
  font_spacegrotesk_42_alpha,
  font_spacegrotesk_42_glyphs,
  32, 126,
  54,
  42,
  4,
};
