#pragma once
#include <stdint.h>
#include "badge_smooth_font.h"

// Auto-generated — 28px 4bpp AA (oversample×2)
static const uint8_t font_archivo_28_alpha[] PROGMEM = {
  0x00, 0x00, 0x00, 0x00, 0x00, 0x00, 0x00, 0x00, 0x00, 0x01, 0x11, 0x10, 0x00, 0x00, 0x3E, 0xEE,
  0xE2, 0x00, 0x00, 0x2F, 0xFF, 0xF2, 0x00, 0x00, 0x1E, 0xFF, 0xE1, 0x00, 0x00, 0x1E, 0xFF, 0xD0,
  0x00, 0x00, 0x0D, 0xFF, 0xC0, 0x00, 0x00, 0x0C, 0xFF, 0xB0, 0x00, 0x00, 0x0B, 0xFF, 0xA0, 0x00,
  0x00, 0x0A, 0xFF, 0x90, 0x00, 0x00, 0x09, 0xFF, 0x80, 0x00, 0x00, 0x08, 0xFF, 0x70, 0x00, 0x00,
  0x07, 0xFF, 0x60, 0x00, 0x00, 0x06, 0xFF, 0x50, 0x00, 0x00, 0x05, 0xFF, 0x50, 0x00, 0x00, 0x02,
  0x77, 0x20, 0x00, 0x00, 0x00, 0x00, 0x00, 0x00, 0x00, 0x1D, 0xEE, 0xD1, 0x00, 0x00, 0x1E, 0xFF,
  0xE1, 0x00, 0x00, 0x1E, 0xFF, 0xE1, 0x00, 0x00, 0x1D, 0xEE, 0xD1, 0x00, 0x00, 0x01, 0x11, 0x10,
  0x00, 0x00, 0x11, 0x11, 0x00, 0x11, 0x11, 0x00, 0x00, 0x8E, 0xEE, 0x33, 0xEE, 0xE8, 0x00, 0x00,
  0x9F, 0xFF, 0x33, 0xFF, 0xF9, 0x00, 0x00, 0x9F, 0xFF, 0x33, 0xFF, 0xF9, 0x00, 0x00, 0x9F, 0xFF,
  0x33, 0xFF, 0xF9, 0x00, 0x00, 0x8F, 0xFF, 0x33, 0xFF, 0xF8, 0x00, 0x00, 0x6F, 0xFD, 0x11, 0xEF,
  0xF5, 0x00, 0x00, 0x3F, 0xFB, 0x00, 0xDF, 0xF2, 0x00, 0x00, 0x1D, 0xE8, 0x00, 0xAE, 0xC1, 0x00,
  0x00, 0x01, 0x10, 0x00, 0x01, 0x10, 0x00, 0x00, 0x00, 0x00, 0x00, 0x00, 0x00, 0x00, 0x00, 0x00,
  0x00, 0x00, 0x00, 0x00, 0x00, 0x00, 0x00, 0x00, 0x00, 0x00, 0x00, 0x00, 0x00, 0x00, 0x00, 0x00,
  0x00, 0x00, 0x00, 0x00, 0x00, 0x00, 0x00, 0x00, 0x00, 0x00, 0x00, 0x00, 0x00, 0x00, 0x00, 0x00,
  0x00, 0x00, 0x00, 0x00, 0x00, 0x00, 0x00, 0x00, 0x00, 0x00, 0x00, 0x00, 0x00, 0x00, 0x00, 0x00,
  0x00, 0x00, 0x00, 0x00, 0x00, 0x00, 0x00, 0x00, 0x00, 0x00, 0x00, 0x00, 0x00, 0x00, 0x00, 0x00,
  0x00, 0x00, 0x00, 0x00, 0x00, 0x00, 0x00, 0x00, 0x00, 0x00, 0x00, 0x00, 0x00, 0x00, 0x00, 0x00,
  0x3B, 0xB6, 0x00, 0x2B, 0xB7, 0x00, 0x00, 0x00, 0x00, 0x7F, 0xF6, 0x00, 0x6F, 0xF7, 0x00, 0x00,
  0x00, 0x00, 0xAF, 0xF3, 0x00, 0x9F, 0xF4, 0x00, 0x00, 0x00, 0x01, 0xDF, 0xD1, 0x00, 0xCF, 0xE2,
  0x00, 0x00, 0x00, 0x02, 0xFF, 0xA0, 0x01, 0xEF, 0xB0, 0x00, 0x00, 0x17, 0x7A, 0xFF, 0xC7, 0x79,
  0xFF, 0xC7, 0x40, 0x00, 0x2F, 0xFF, 0xFF, 0xFF, 0xFF, 0xFF, 0xFF, 0x80, 0x00, 0x2F, 0xFF, 0xFF,
  0xFF, 0xFF, 0xFF, 0xFF, 0x90, 0x00, 0x17, 0x8E, 0xFE, 0x77, 0x8E, 0xFE, 0x87, 0x40, 0x00, 0x00,
  0x1F, 0xFA, 0x00, 0x0E, 0xFC, 0x00, 0x00, 0x00, 0x00, 0x6F, 0xF7, 0x00, 0x4F, 0xF9, 0x00, 0x00,
  0x00, 0x11, 0x9F, 0xF5, 0x11, 0x7F, 0xF6, 0x11, 0x00, 0x07, 0xEE, 0xFF, 0xFE, 0xEE, 0xFF, 0xFE,
  0xE8, 0x00, 0x08, 0xFF, 0xFF, 0xFF, 0xFF, 0xFF, 0xFF, 0xF9, 0x00, 0x08, 0xEE, 0xFF, 0xFE, 0xEE,
  0xFF, 0xFE, 0xE8, 0x00, 0x01, 0x17, 0xFF, 0x71, 0x15, 0xFF, 0x91, 0x10, 0x00, 0x00, 0x09, 0xFF,
  0x40, 0x07, 0xFF, 0x60, 0x00, 0x00, 0x00, 0x0B, 0xFE, 0x20, 0x0A, 0xFF, 0x30, 0x00, 0x00, 0x00,
  0x1E, 0xFD, 0x00, 0x0D, 0xFE, 0x10, 0x00, 0x00, 0x00, 0x3E, 0xEA, 0x00, 0x2D, 0xEA, 0x00, 0x00,
  0x00, 0x00, 0x01, 0x10, 0x00, 0x01, 0x11, 0x00, 0x00, 0x00, 0x00, 0x00, 0x00, 0x00, 0x11, 0x00,
  0x00, 0x00, 0x00, 0x00, 0x00, 0x00, 0x00, 0xCC, 0x00, 0x00, 0x00, 0x00, 0x00, 0x00, 0x00, 0x00,
  0xDD, 0x00, 0x00, 0x00, 0x00, 0x00, 0x00, 0x00, 0x00, 0xCC, 0x00, 0x00, 0x00, 0x00, 0x00, 0x00,
  0x01, 0x57, 0xEE, 0x75, 0x20, 0x00, 0x00, 0x00, 0x00, 0x7E, 0xFF, 0xFF, 0xFF, 0xE8, 0x10, 0x00,
  0x00, 0x09, 0xFF, 0xFF, 0xFF, 0xFF, 0xFF, 0xA0, 0x00, 0x00, 0x3F, 0xFF, 0xE7, 0xDD, 0x8F, 0xFF,
  0xF4, 0x00, 0x00, 0x6F, 0xFF, 0xB0, 0xCC, 0x0B, 0xEE, 0xE6, 0x00, 0x00, 0x6F, 0xFF, 0xE7, 0xDC,
  0x00, 0x11, 0x10, 0x00, 0x00, 0x2E, 0xFF, 0xFF, 0xFE, 0x85, 0x10, 0x00, 0x00, 0x00, 0x05, 0xEF,
  0xFF, 0xFF, 0xFF, 0xEA, 0x30, 0x00, 0x00, 0x00, 0x38, 0xDF, 0xFF, 0xFF, 0xFF, 0xE3, 0x00, 0x00,
  0x00, 0x00, 0x03, 0xDF, 0xDF, 0xFF, 0xFB, 0x00, 0x00, 0x55, 0x56, 0x10, 0xCC, 0x19, 0xFF, 0xFD,
  0x00, 0x00, 0xEF, 0xFF, 0x50, 0xCC, 0x03, 0xFF, 0xFD, 0x00, 0x00, 0x9F, 0xEF, 0xE7, 0xDD, 0x6D,
  0xFF, 0xFA, 0x00, 0x00, 0x2D, 0xFF, 0xFF, 0xFF, 0xFF, 0xFF, 0xE2, 0x00, 0x00, 0x02, 0x9E, 0xFF,
  0xFF, 0xFF, 0xFA, 0x20, 0x00, 0x00, 0x00, 0x02, 0x57, 0xEE, 0x76, 0x20, 0x00, 0x00, 0x00, 0x00,
  0x00, 0x00, 0xCC, 0x00, 0x00, 0x00, 0x00, 0x00, 0x00, 0x00, 0x00, 0xDD, 0x00, 0x00, 0x00, 0x00,
  0x00, 0x00, 0x00, 0x00, 0xCC, 0x00, 0x00, 0x00, 0x00, 0x00, 0x00, 0x00, 0x00, 0x11, 0x00, 0x00,
  0x00, 0x00, 0x00, 0x00, 0x00, 0x00, 0x00, 0x00, 0x00, 0x00, 0x00, 0x00, 0x00, 0x00, 0x00, 0x00,
  0x00, 0x00, 0x00, 0x02, 0x7A, 0xA9, 0x71, 0x00, 0x00, 0x00, 0x00, 0x27, 0x83, 0x00, 0x00, 0x00,
  0x00, 0x00, 0x5E, 0xFF, 0xFF, 0xFD, 0x30, 0x00, 0x00, 0x01, 0xCF, 0xD1, 0x00, 0x00, 0x00, 0x00,
  0x01, 0xEF, 0xF8, 0x4A, 0xFF, 0xB0, 0x00, 0x00, 0x09, 0xFE, 0x20, 0x00, 0x00, 0x00, 0x00, 0x05,
  0xFF, 0xC0, 0x01, 0xEF, 0xE2, 0x00, 0x00, 0x5F, 0xF6, 0x00, 0x00, 0x00, 0x00, 0x00, 0x06, 0xFF,
  0x90, 0x00, 0xCF, 0xF3, 0x00, 0x02, 0xEF, 0x90, 0x00, 0x00, 0x00, 0x00, 0x00, 0x06, 0xFF, 0x90,
  0x00, 0xCF, 0xF3, 0x00, 0x0B, 0xFC, 0x10, 0x00, 0x00, 0x00, 0x00, 0x00, 0x05, 0xFF, 0xB0, 0x01,
  0xDF, 0xF2, 0x00, 0x8F, 0xE3, 0x00, 0x00, 0x00, 0x00, 0x00, 0x00, 0x02, 0xEF, 0xE5, 0x17, 0xFF,
  0xC1, 0x04, 0xFF, 0x70, 0x00, 0x00, 0x00, 0x00, 0x00, 0x00, 0x00, 0x7F, 0xFF, 0xEF, 0xFF, 0x50,
  0x1D, 0xFA, 0x00, 0x00, 0x00, 0x00, 0x00, 0x00, 0x00, 0x00, 0x05, 0xBD, 0xED, 0xA4, 0x00, 0xAF,
  0xD1, 0x01, 0x57, 0x76, 0x20, 0x00, 0x00, 0x00, 0x00, 0x00, 0x01, 0x10, 0x00, 0x07, 0xFF, 0x40,
  0x5D, 0xFF, 0xFF, 0xE7, 0x00, 0x00, 0x00, 0x00, 0x00, 0x00, 0x00, 0x00, 0x3E, 0xF8, 0x02, 0xEF,
  0xF9, 0x8E, 0xFF, 0x50, 0x00, 0x00, 0x00, 0x00, 0x00, 0x00, 0x01, 0xCF, 0xB0, 0x07, 0xFF, 0xA0,
  0x06, 0xFF, 0xA0, 0x00, 0x00, 0x00, 0x00, 0x00, 0x00, 0x09, 0xFE, 0x20, 0x0A, 0xFF, 0x60, 0x03,
  0xFF, 0xD0, 0x00, 0x00, 0x00, 0x00, 0x00, 0x00, 0x6F, 0xF5, 0x00, 0x0B, 0xFF, 0x50, 0x02, 0xFF,
  0xE0, 0x00, 0x00, 0x00, 0x00, 0x00, 0x02, 0xEF, 0x90, 0x00, 0x0A, 0xFF, 0x60, 0x02, 0xFF, 0xD0,
  0x00, 0x00, 0x00, 0x00, 0x00, 0x0C, 0xFC, 0x10, 0x00, 0x08, 0xFF, 0x80, 0x05, 0xFF, 0xB0, 0x00,
  0x00, 0x00, 0x00, 0x00, 0x8F, 0xE3, 0x00, 0x00, 0x03, 0xFF, 0xE6, 0x5C, 0xFF, 0x60, 0x00, 0x00,
  0x00, 0x00, 0x06, 0xFF, 0x60, 0x00, 0x00, 0x00, 0x7F, 0xFF, 0xFF, 0xFA, 0x10, 0x00, 0x00, 0x00,
  0x00, 0x06, 0x76, 0x00, 0x00, 0x00, 0x00, 0x04, 0x8A, 0xA9, 0x50, 0x00, 0x00, 0x00, 0x00, 0x00,
  0x00, 0x00, 0x00, 0x00, 0x00, 0x00, 0x00, 0x00, 0x00, 0x00, 0x00, 0x00, 0x00, 0x00, 0x00, 0x00,
  0x00, 0x00, 0x00, 0x00, 0x00, 0x00, 0x00, 0x00, 0x00, 0x00, 0x02, 0x68, 0xAB, 0xA9, 0x74, 0x00,
  0x00, 0x00, 0x00, 0x00, 0x00, 0x19, 0xFF, 0xFF, 0xFF, 0xFF, 0xFC, 0x50, 0x00, 0x00, 0x00, 0x00,
  0x2D, 0xFF, 0xFF, 0xFF, 0xFF, 0xFF, 0xFF, 0x60, 0x00, 0x00, 0x00, 0x09, 0xFF, 0xFF, 0xA6, 0x45,
  0x7C, 0xFF, 0xFF, 0x20, 0x00, 0x00, 0x00, 0xDF, 0xFF, 0x60, 0x00, 0x00, 0x0B, 0xFF, 0xF7, 0x00,
  0x00, 0x00, 0x1E, 0xFF, 0xE1, 0x00, 0x00, 0x00, 0x6D, 0xCD, 0x60, 0x00, 0x00, 0x00, 0xCF, 0xFF,
  0x30, 0x00, 0x00, 0x00, 0x00, 0x00, 0x00, 0x00, 0x00, 0x05, 0xFF, 0xFC, 0x41, 0x11, 0x00, 0x01,
  0x11, 0x11, 0x10, 0x00, 0x00, 0x05, 0xCF, 0xFF, 0xEE, 0xD1, 0x07, 0xEE, 0xEE, 0xEE, 0x40, 0x00,
  0x00, 0x07, 0xEF, 0xFF, 0xFE, 0x10, 0x7F, 0xFF, 0xFF, 0xF4, 0x00, 0x00, 0x2C, 0xFF, 0xFF, 0xEE,
  0xD1, 0x07, 0xFF, 0xFF, 0xEE, 0x40, 0x00, 0x0C, 0xFF, 0xF9, 0x31, 0x11, 0x00, 0x7F, 0xEF, 0x81,
  0x10, 0x00, 0x04, 0xFF, 0xFB, 0x00, 0x00, 0x00, 0x07, 0xFE, 0xF7, 0x00, 0x00, 0x00, 0x7F, 0xEF,
  0x70, 0x00, 0x00, 0x00, 0x7F, 0xEF, 0x70, 0x00, 0x00, 0x07, 0xFE, 0xF9, 0x00, 0x00, 0x00, 0x09,
  0xFF, 0xF7, 0x00, 0x00, 0x00, 0x5F, 0xFF, 0xE2, 0x00, 0x00, 0x02, 0xEF, 0xFF, 0x40, 0x00, 0x00,
  0x01, 0xDF, 0xFF, 0xE8, 0x54, 0x58, 0xEF, 0xFF, 0xC0, 0x00, 0x00, 0x00, 0x03, 0xEF, 0xFF, 0xFF,
  0xFF, 0xFF, 0xFF, 0xE3, 0x00, 0x00, 0x00, 0x00, 0x02, 0xAF, 0xFF, 0xFF, 0xFF, 0xFF, 0xB2, 0x00,
  0x00, 0x00, 0x00, 0x00, 0x00, 0x26, 0x9A, 0xBA, 0x97, 0x30, 0x00, 0x00, 0x00, 0x00, 0x00, 0x00,
  0x00, 0x00, 0x00, 0x00, 0x00, 0x00, 0x00, 0x00, 0x00, 0x00, 0x01, 0x11, 0x00, 0x00, 0x07, 0xED,
  0xE7, 0x00, 0x00, 0x8F, 0xFF, 0x70, 0x00, 0x07, 0xFE, 0xF7, 0x00, 0x00, 0x8F, 0xEF, 0x70, 0x00,
  0x07, 0xFF, 0xF6, 0x00, 0x00, 0x4F, 0xFF, 0x30, 0x00, 0x02, 0xFF, 0xE1, 0x00, 0x00, 0x0C, 0xEA,
  0x00, 0x00, 0x00, 0x11, 0x00, 0x00, 0x00, 0x00, 0x00, 0x00, 0x00, 0x00, 0x00, 0x00, 0x00, 0x00,
  0x00, 0x00, 0x00, 0x00, 0x00, 0x00, 0x00, 0x00, 0x00, 0x00, 0x00, 0x00, 0x00, 0x00, 0x00, 0x00,
  0x00, 0x00, 0x00, 0x00, 0x00, 0x00, 0x00, 0x00, 0x00, 0x00, 0x00, 0x00, 0x00, 0x00, 0x00, 0x00,
  0x00, 0x00, 0x00, 0x00, 0x00, 0x00, 0x00, 0x00, 0x00, 0x00, 0x00, 0x01, 0x11, 0x00, 0x00, 0x00,
  0x00, 0x3D, 0xE6, 0x00, 0x00, 0x00, 0x01, 0xDF, 0xD1, 0x00, 0x00, 0x00, 0x09, 0xFF, 0x60, 0x00,
  0x00, 0x00, 0x3F, 0xFD, 0x10, 0x00, 0x00, 0x00, 0xAF, 0xF8, 0x00, 0x00, 0x00, 0x03, 0xFF, 0xF3,
  0x00, 0x00, 0x00, 0x08, 0xFF, 0xD0, 0x00, 0x00, 0x00, 0x0C, 0xFF, 0x90, 0x00, 0x00, 0x00, 0x2E,
  0xFF, 0x60, 0x00, 0x00, 0x00, 0x4F, 0xFF, 0x40, 0x00, 0x00, 0x00, 0x6F, 0xFF, 0x20, 0x00, 0x00,
  0x00, 0x7F, 0xFE, 0x10, 0x00, 0x00, 0x00, 0x7F, 0xFE, 0x10, 0x00, 0x00, 0x00, 0x7F, 0xFE, 0x20,
  0x00, 0x00, 0x00, 0x6F, 0xFF, 0x20, 0x00, 0x00, 0x00, 0x4F, 0xFF, 0x40, 0x00, 0x00, 0x00, 0x1E,
  0xFF, 0x60, 0x00, 0x00, 0x00, 0x0C, 0xFF, 0x90, 0x00, 0x00, 0x00, 0x07, 0xFF, 0xD0, 0x00, 0x00,
  0x00, 0x02, 0xFF, 0xF4, 0x00, 0x00, 0x00, 0x00, 0xAF, 0xF8, 0x00, 0x00, 0x00, 0x00, 0x3F, 0xFD,
  0x10, 0x00, 0x00, 0x00, 0x09, 0xFF, 0x60, 0x00, 0x00, 0x00, 0x01, 0xDF, 0xD1, 0x00, 0x00, 0x00,
  0x00, 0x3D, 0xE6, 0x00, 0x00, 0x00, 0x00, 0x01, 0x11, 0x00, 0x00, 0x11, 0x10, 0x00, 0x00, 0x00,
  0x00, 0x6E, 0xD3, 0x00, 0x00, 0x00, 0x00, 0x1D, 0xFC, 0x10, 0x00, 0x00, 0x00, 0x06, 0xFF, 0x80,
  0x00, 0x00, 0x00, 0x01, 0xDF, 0xF3, 0x00, 0x00, 0x00, 0x00, 0x8F, 0xFA, 0x00, 0x00, 0x00, 0x00,
  0x3F, 0xFF, 0x20, 0x00, 0x00, 0x00, 0x0D, 0xFF, 0x70, 0x00, 0x00, 0x00, 0x09, 0xFF, 0xC0, 0x00,
  0x00, 0x00, 0x06, 0xFF, 0xE1, 0x00, 0x00, 0x00, 0x04, 0xFF, 0xF4, 0x00, 0x00, 0x00, 0x02, 0xFF,
  0xF6, 0x00, 0x00, 0x00, 0x02, 0xEF, 0xF7, 0x00, 0x00, 0x00, 0x01, 0xEF, 0xF7, 0x00, 0x00, 0x00,
  0x01, 0xEF, 0xF7, 0x00, 0x00, 0x00, 0x02, 0xFF, 0xF6, 0x00, 0x00, 0x00, 0x04, 0xFF, 0xF4, 0x00,
  0x00, 0x00, 0x06, 0xFF, 0xE2, 0x00, 0x00, 0x00, 0x09, 0xFF, 0xC0, 0x00, 0x00, 0x00, 0x0D, 0xFF,
  0x70, 0x00, 0x00, 0x00, 0x3F, 0xFF, 0x20, 0x00, 0x00, 0x00, 0x8F, 0xFA, 0x00, 0x00, 0x00, 0x01,
  0xDF, 0xF3, 0x00, 0x00, 0x00, 0x06, 0xFF, 0x90, 0x00, 0x00, 0x00, 0x1D, 0xFD, 0x10, 0x00, 0x00,
  0x00, 0x6E, 0xD3, 0x00, 0x00, 0x00, 0x00, 0x11, 0x10, 0x00, 0x00, 0x00, 0x00, 0x00, 0x00, 0x11,
  0x00, 0x00, 0x00, 0x00, 0x00, 0x03, 0xED, 0x20, 0x00, 0x00, 0x00, 0x13, 0x02, 0xFE, 0x10, 0x40,
  0x00, 0x00, 0x8F, 0x71, 0xEC, 0x18, 0xF6, 0x00, 0x00, 0x9F, 0xFC, 0xEE, 0xCF, 0xF8, 0x00, 0x00,
  0x03, 0x9F, 0xFF, 0xF8, 0x20, 0x00, 0x00, 0x03, 0x9F, 0xFF, 0xF8, 0x20, 0x00, 0x00, 0x9F, 0xFB,
  0xED, 0xCF, 0xF8, 0x00, 0x00, 0x8F, 0x71, 0xEC, 0x08, 0xF6, 0x00, 0x00, 0x13, 0x02, 0xFE, 0x10,
  0x30, 0x00, 0x00, 0x00, 0x03, 0xED, 0x20, 0x00, 0x00, 0x00, 0x00, 0x00, 0x11, 0x00, 0x00, 0x00,
  0x00, 0x00, 0x00, 0x00, 0x00, 0x00, 0x00, 0x00, 0x00, 0x00, 0x00, 0x00, 0x00, 0x00, 0x00, 0x00,
  0x00, 0x00, 0x00, 0x00, 0x00, 0x00, 0x00, 0x00, 0x00, 0x00, 0x00, 0x00, 0x00, 0x00, 0x00, 0x00,
  0x00, 0x00, 0x00, 0x00, 0x00, 0x00, 0x00, 0x00, 0x00, 0x00, 0x00, 0x00, 0x00, 0x00, 0x00, 0x00,
  0x00, 0x00, 0x00, 0x00, 0x00, 0x00, 0x00, 0x00, 0x00, 0x00, 0x00, 0x00, 0x00, 0x00, 0x00, 0x00,
  0x00, 0x00, 0x00, 0x01, 0x11, 0x00, 0x00, 0x00, 0x00, 0x00, 0x00, 0x00, 0x00, 0x4E, 0xEB, 0x00,
  0x00, 0x00, 0x00, 0x00, 0x00, 0x00, 0x00, 0x4F, 0xFC, 0x00, 0x00, 0x00, 0x00, 0x00, 0x00, 0x00,
  0x00, 0x4F, 0xFC, 0x00, 0x00, 0x00, 0x00, 0x00, 0x00, 0x00, 0x00, 0x4F, 0xFC, 0x00, 0x00, 0x00,
  0x00, 0x00, 0x00, 0x00, 0x00, 0x4F, 0xFC, 0x00, 0x00, 0x00, 0x00, 0x00, 0x03, 0x33, 0x33, 0x7F,
  0xFD, 0x33, 0x33, 0x30, 0x00, 0x00, 0x0E, 0xFF, 0xFF, 0xFF, 0xFF, 0xFF, 0xFF, 0xE0, 0x00, 0x00,
  0x0E, 0xFF, 0xFF, 0xFF, 0xFF, 0xFF, 0xFF, 0xE0, 0x00, 0x00, 0x09, 0xBA, 0xAA, 0xCF, 0xFE, 0xAA,
  0xAB, 0x90, 0x00, 0x00, 0x00, 0x00, 0x00, 0x3F, 0xFC, 0x00, 0x00, 0x00, 0x00, 0x00, 0x00, 0x00,
  0x00, 0x4F, 0xFC, 0x00, 0x00, 0x00, 0x00, 0x00, 0x00, 0x00, 0x00, 0x4F, 0xFC, 0x00, 0x00, 0x00,
  0x00, 0x00, 0x00, 0x00, 0x00, 0x4F, 0xFC, 0x00, 0x00, 0x00, 0x00, 0x00, 0x00, 0x00, 0x00, 0x4E,
  0xEB, 0x00, 0x00, 0x00, 0x00, 0x00, 0x00, 0x00, 0x00, 0x01, 0x11, 0x00, 0x00, 0x00, 0x00, 0x00,
  0x01, 0x11, 0x10, 0x00, 0x00, 0x09, 0xEE, 0xE2, 0x00, 0x00, 0x0A, 0xFF, 0xF2, 0x00, 0x00, 0x0A,
  0xFF, 0xF2, 0x00, 0x00, 0x0A, 0xEF, 0xF2, 0x00, 0x00, 0x01, 0x1C, 0xF2, 0x00, 0x00, 0x00, 0x2E,
  0xD0, 0x00, 0x00, 0x01, 0xBF, 0x60, 0x00, 0x00, 0x1D, 0xF9, 0x00, 0x00, 0x00, 0x18, 0x40, 0x00,
  0x00, 0x00, 0x00, 0x00, 0x00, 0x00, 0x00, 0x00, 0x00, 0x00, 0x00, 0x00, 0x1D, 0xEE, 0xEE, 0xED,
  0x10, 0x01, 0xEF, 0xFF, 0xFF, 0xE1, 0x00, 0x1F, 0xFF, 0xFF, 0xFF, 0x10, 0x01, 0xAA, 0xAA, 0xAA,
  0xA1, 0x00, 0x00, 0x00, 0x00, 0x00, 0x00, 0x00, 0x00, 0x00, 0x00, 0x00, 0x00, 0x00, 0x00, 0x00,
  0x00, 0x00, 0x00, 0x00, 0x00, 0x00, 0x00, 0x00, 0x00, 0x00, 0x00, 0x00, 0x00, 0x00, 0x00, 0x00,
  0x00, 0x00, 0x00, 0x00, 0x00, 0x00, 0x00, 0x00, 0x00, 0x00, 0x00, 0x00, 0x00, 0x00, 0x00, 0x00,
  0x00, 0x00, 0x00, 0x00, 0x00, 0x00, 0x00, 0x00, 0x00, 0x00, 0x00, 0x00, 0x00, 0x00, 0x00, 0x00,
  0x00, 0x00, 0x01, 0x11, 0x10, 0x00, 0x00, 0x09, 0xEE, 0xE2, 0x00, 0x00, 0x0A, 0xFF, 0xF2, 0x00,
  0x00, 0x0A, 0xFF, 0xF2, 0x00, 0x00, 0x09, 0xEE, 0xE2, 0x00, 0x00, 0x01, 0x11, 0x10, 0x00, 0x00,
  0x00, 0x00, 0x00, 0x00, 0x00, 0x00, 0x00, 0x7B, 0x80, 0x00, 0x00, 0x00, 0xDF, 0xA0, 0x00, 0x00,
  0x03, 0xEF, 0x60, 0x00, 0x00, 0x06, 0xFF, 0x20, 0x00, 0x00, 0x0A, 0xFC, 0x00, 0x00, 0x00, 0x1D,
  0xF9, 0x00, 0x00, 0x00, 0x3F, 0xF6, 0x00, 0x00, 0x00, 0x6F, 0xF2, 0x00, 0x00, 0x00, 0xAF, 0xC0,
  0x00, 0x00, 0x01, 0xDF, 0x90, 0x00, 0x00, 0x03, 0xFF, 0x60, 0x00, 0x00, 0x06, 0xFF, 0x20, 0x00,
  0x00, 0x0A, 0xFC, 0x00, 0x00, 0x00, 0x1D, 0xF9, 0x00, 0x00, 0x00, 0x3F, 0xF6, 0x00, 0x00, 0x00,
  0x6F, 0xE2, 0x00, 0x00, 0x00, 0xAF, 0xC0, 0x00, 0x00, 0x01, 0xDF, 0x90, 0x00, 0x00, 0x03, 0xFF,
  0x50, 0x00, 0x00, 0x06, 0xFE, 0x20, 0x00, 0x00, 0x0A, 0xFC, 0x00, 0x00, 0x00, 0x1C, 0xE8, 0x00,
  0x00, 0x00, 0x01, 0x10, 0x00, 0x00, 0x00, 0x00, 0x00, 0x00, 0x00, 0x00, 0x00, 0x00, 0x00, 0x00,
  0x00, 0x00, 0x00, 0x04, 0x8A, 0xAA, 0x84, 0x00, 0x00, 0x00, 0x00, 0x00, 0x1B, 0xFF, 0xFF, 0xFF,
  0xFB, 0x10, 0x00, 0x00, 0x00, 0x0B, 0xFF, 0xFF, 0xFF, 0xFF, 0xFB, 0x00, 0x00, 0x00, 0x06, 0xFF,
  0xFD, 0x64, 0x6D, 0xFF, 0xF6, 0x00, 0x00, 0x00, 0xCF, 0xFF, 0x40, 0x00, 0x4F, 0xFF, 0xB0, 0x00,
  0x00, 0x2F, 0xFF, 0xC0, 0x00, 0x00, 0xCF, 0xFE, 0x20, 0x00, 0x04, 0xFF, 0xF9, 0x00, 0x00, 0x0A,
  0xFF, 0xF4, 0x00, 0x00, 0x6F, 0xFF, 0x80, 0x00, 0x00, 0x8F, 0xFF, 0x60, 0x00, 0x07, 0xFE, 0xF7,
  0x00, 0x00, 0x08, 0xFF, 0xF7, 0x00, 0x00, 0x7F, 0xEF, 0x70, 0x00, 0x00, 0x7F, 0xEF, 0x70, 0x00,
  0x07, 0xFE, 0xF7, 0x00, 0x00, 0x07, 0xFE, 0xF7, 0x00, 0x00, 0x7F, 0xEF, 0x70, 0x00, 0x00, 0x8F,
  0xFF, 0x70, 0x00, 0x06, 0xFF, 0xF8, 0x00, 0x00, 0x08, 0xFF, 0xF6, 0x00, 0x00, 0x4F, 0xFF, 0x90,
  0x00, 0x00, 0x9F, 0xFF, 0x40, 0x00, 0x02, 0xFF, 0xFC, 0x00, 0x00, 0x0C, 0xFF, 0xE2, 0x00, 0x00,
  0x0C, 0xFF, 0xF3, 0x00, 0x04, 0xFF, 0xFB, 0x00, 0x00, 0x00, 0x6F, 0xFF, 0xD6, 0x46, 0xDF, 0xFF,
  0x60, 0x00, 0x00, 0x00, 0xBF, 0xFF, 0xFF, 0xFF, 0xFF, 0xB0, 0x00, 0x00, 0x00, 0x01, 0xBF, 0xFF,
  0xFF, 0xFF, 0xB1, 0x00, 0x00, 0x00, 0x00, 0x00, 0x48, 0xAB, 0xA8, 0x40, 0x00, 0x00, 0x00, 0x00,
  0x00, 0x00, 0x00, 0x00, 0x00, 0x00, 0x00, 0x00, 0x00, 0x00, 0x00, 0x00, 0x00, 0x01, 0x00, 0x00,
  0x00, 0x00, 0x00, 0x00, 0x00, 0x00, 0x5C, 0xE7, 0x00, 0x00, 0x00, 0x00, 0x00, 0x00, 0x37, 0xDF,
  0xFF, 0x80, 0x00, 0x00, 0x00, 0x00, 0x09, 0xCF, 0xFF, 0xFF, 0xF7, 0x00, 0x00, 0x00, 0x00, 0x01,
  0xFF, 0xFF, 0xFF, 0xFF, 0x70, 0x00, 0x00, 0x00, 0x00, 0x1A, 0xBB, 0xAD, 0xFF, 0xF7, 0x00, 0x00,
  0x00, 0x00, 0x00, 0x00, 0x00, 0x7F, 0xEF, 0x70, 0x00, 0x00, 0x00, 0x00, 0x00, 0x00, 0x07, 0xFE,
  0xF7, 0x00, 0x00, 0x00, 0x00, 0x00, 0x00, 0x00, 0x7F, 0xEF, 0x70, 0x00, 0x00, 0x00, 0x00, 0x00,
  0x00, 0x07, 0xFE, 0xF7, 0x00, 0x00, 0x00, 0x00, 0x00, 0x00, 0x00, 0x7F, 0xEF, 0x70, 0x00, 0x00,
  0x00, 0x00, 0x00, 0x00, 0x07, 0xFE, 0xF7, 0x00, 0x00, 0x00, 0x00, 0x00, 0x00, 0x00, 0x7F, 0xEF,
  0x70, 0x00, 0x00, 0x00, 0x00, 0x00, 0x00, 0x07, 0xFE, 0xF7, 0x00, 0x00, 0x00, 0x00, 0x00, 0x00,
  0x00, 0x7F, 0xEF, 0x70, 0x00, 0x00, 0x00, 0x00, 0x00, 0x00, 0x07, 0xFE, 0xF7, 0x00, 0x00, 0x00,
  0x00, 0x00, 0x11, 0x11, 0x8F, 0xEF, 0x81, 0x11, 0x10, 0x00, 0x00, 0x1D, 0xEE, 0xEE, 0xFF, 0xFE,
  0xEE, 0xED, 0x10, 0x00, 0x01, 0xFF, 0xFF, 0xFF, 0xFF, 0xFF, 0xFF, 0xF1, 0x00, 0x00, 0x1D, 0xEE,
  0xEE, 0xEE, 0xEE, 0xEE, 0xED, 0x10, 0x00, 0x00, 0x11, 0x11, 0x11, 0x11, 0x11, 0x11, 0x10, 0x00,
  0x00, 0x00, 0x00, 0x00, 0x00, 0x00, 0x00, 0x00, 0x00, 0x00, 0x00, 0x00, 0x04, 0x79, 0xAA, 0x86,
  0x10, 0x00, 0x00, 0x00, 0x00, 0x3B, 0xFF, 0xFF, 0xFF, 0xFD, 0x50, 0x00, 0x00, 0x00, 0x4E, 0xFF,
  0xFF, 0xFF, 0xFF, 0xFF, 0x40, 0x00, 0x00, 0x0D, 0xFF, 0xFD, 0x85, 0x7C, 0xFF, 0xFD, 0x10, 0x00,
  0x04, 0xFF, 0xFD, 0x20, 0x00, 0x1D, 0xFF, 0xF4, 0x00, 0x00, 0x7F, 0xEF, 0x90, 0x00, 0x00, 0x8F,
  0xEF, 0x70, 0x00, 0x07, 0xFF, 0xF8, 0x00, 0x00, 0x08, 0xFF, 0xF7, 0x00, 0x00, 0x24, 0x34, 0x20,
  0x00, 0x01, 0xDF, 0xFF, 0x40, 0x00, 0x00, 0x00, 0x00, 0x00, 0x00, 0x9F, 0xFF, 0xD1, 0x00, 0x00,
  0x00, 0x00, 0x00, 0x00, 0x8F, 0xFF, 0xF5, 0x00, 0x00, 0x00, 0x00, 0x00, 0x01, 0xAF, 0xFF, 0xF8,
  0x00, 0x00, 0x00, 0x00, 0x00, 0x03, 0xCF, 0xFF, 0xF8, 0x00, 0x00, 0x00, 0x00, 0x00, 0x06, 0xEF,
  0xFF, 0xE6, 0x00, 0x00, 0x00, 0x00, 0x00, 0x08, 0xFF, 0xFF, 0xC3, 0x00, 0x00, 0x00, 0x00, 0x00,
  0x08, 0xFF, 0xFF, 0x81, 0x00, 0x00, 0x00, 0x00, 0x00, 0x06, 0xFF, 0xFD, 0x40, 0x00, 0x00, 0x00,
  0x00, 0x00, 0x01, 0xEF, 0xFF, 0xD9, 0x99, 0x99, 0x99, 0x95, 0x00, 0x00, 0x5F, 0xFF, 0xFF, 0xFF,
  0xFF, 0xFF, 0xFF, 0x80, 0x00, 0x07, 0xFF, 0xFF, 0xFF, 0xFF, 0xFF, 0xFF, 0xF8, 0x00, 0x00, 0x7E,
  0xEE, 0xEE, 0xEE, 0xEE, 0xEE, 0xEE, 0x70, 0x00, 0x00, 0x11, 0x11, 0x11, 0x11, 0x11, 0x11, 0x10,
  0x00, 0x00, 0x00, 0x00, 0x00, 0x00, 0x00, 0x00, 0x00, 0x00, 0x00, 0x00, 0x02, 0x79, 0xAA, 0x97,
  0x20, 0x00, 0x00, 0x00, 0x00, 0x8E, 0xFF, 0xFF, 0xFF, 0xF9, 0x10, 0x00, 0x00, 0x09, 0xFF, 0xFF,
  0xFF, 0xFF, 0xFF, 0xA0, 0x00, 0x00, 0x4F, 0xFF, 0xF9, 0x55, 0x9F, 0xFF, 0xF4, 0x00, 0x00, 0x8F,
  0xFF, 0x90, 0x00, 0x09, 0xFF, 0xF8, 0x00, 0x00, 0x7D, 0xDD, 0x40, 0x00, 0x05, 0xFF, 0xF8, 0x00,
  0x00, 0x01, 0x01, 0x00, 0x00, 0x08, 0xFF, 0xF5, 0x00, 0x00, 0x00, 0x00, 0x00, 0x11, 0x6E, 0xFF,
  0xB0, 0x00, 0x00, 0x00, 0x00, 0x08, 0xEE, 0xFF, 0xE9, 0x10, 0x00, 0x00, 0x00, 0x00, 0x09, 0xFF,
  0xFF, 0xB1, 0x00, 0x00, 0x00, 0x00, 0x00, 0x09, 0xEE, 0xFF, 0xFD, 0x30, 0x00, 0x00, 0x00, 0x00,
  0x01, 0x12, 0x7E, 0xFF, 0xD1, 0x00, 0x00, 0x00, 0x00, 0x00, 0x00, 0x08, 0xFF, 0xF5, 0x00, 0x01,
  0x77, 0x76, 0x00, 0x00, 0x05, 0xFF, 0xF8, 0x00, 0x01, 0xFF, 0xFD, 0x00, 0x00, 0x05, 0xFF, 0xF8,
  0x00, 0x00, 0xCF, 0xFE, 0x30, 0x00, 0x0A, 0xFF, 0xF6, 0x00, 0x00, 0x8F, 0xFF, 0xD7, 0x45, 0xAF,
  0xFF, 0xE2, 0x00, 0x00, 0x1C, 0xFF, 0xFF, 0xFF, 0xFF, 0xFF, 0x60, 0x00, 0x00, 0x02, 0xAF, 0xFF,
  0xFF, 0xFF, 0xE6, 0x00, 0x00, 0x00, 0x00, 0x03, 0x7A, 0xAA, 0x96, 0x10, 0x00, 0x00, 0x00, 0x00,
  0x00, 0x00, 0x00, 0x00, 0x00, 0x00, 0x00, 0x00, 0x00, 0x00, 0x00, 0x11, 0x10, 0x00, 0x00, 0x00,
  0x00, 0x00, 0x00, 0x01, 0xDE, 0xED, 0x10, 0x00, 0x00, 0x00, 0x00, 0x00, 0x00, 0x4F, 0xFF, 0xB0,
  0x00, 0x00, 0x00, 0x00, 0x00, 0x00, 0x08, 0xFF, 0xF6, 0x03, 0x63, 0x00, 0x00, 0x00, 0x00, 0x00,
  0xCF, 0xFE, 0x20, 0xAF, 0x80, 0x00, 0x00, 0x00, 0x00, 0x3F, 0xFF, 0xA0, 0x1D, 0xF7, 0x00, 0x00,
  0x00, 0x00, 0x08, 0xFF, 0xF4, 0x06, 0xFF, 0x70, 0x00, 0x00, 0x00, 0x01, 0xDF, 0xFC, 0x00, 0xCF,
  0xF7, 0x00, 0x00, 0x00, 0x00, 0x5F, 0xFF, 0x50, 0x5F, 0xFF, 0x70, 0x00, 0x00, 0x00, 0x0B, 0xFF,
  0xC1, 0x07, 0xFE, 0xF7, 0x00, 0x00, 0x00, 0x04, 0xFF, 0xF5, 0x00, 0x7F, 0xEF, 0x70, 0x00, 0x00,
  0x00, 0xBF, 0xFB, 0x00, 0x07, 0xFE, 0xF8, 0x00, 0x00, 0x00, 0x4F, 0xFE, 0x20, 0x00, 0x7F, 0xEF,
  0x70, 0x00, 0x00, 0x0C, 0xFF, 0x92, 0x33, 0x39, 0xFF, 0xF9, 0x33, 0x00, 0x01, 0xEF, 0xFF, 0xFF,
  0xFF, 0xFF, 0xFF, 0xFF, 0xF1, 0x00, 0x1F, 0xFF, 0xFF, 0xFF, 0xFF, 0xFF, 0xFF, 0xFF, 0x10, 0x01,
  0xCD, 0xDD, 0xDD, 0xDD, 0xEF, 0xFF, 0xED, 0xC1, 0x00, 0x00, 0x00, 0x00, 0x00, 0x07, 0xFE, 0xF7,
  0x00, 0x00, 0x00, 0x00, 0x00, 0x00, 0x00, 0x7F, 0xEF, 0x70, 0x00, 0x00, 0x00, 0x00, 0x00, 0x00,
  0x07, 0xFF, 0xF8, 0x00, 0x00, 0x00, 0x00, 0x00, 0x00, 0x00, 0x7E, 0xDE, 0x70, 0x00, 0x00, 0x00,
  0x00, 0x00, 0x00, 0x00, 0x11, 0x10, 0x00, 0x00, 0x00, 0x00, 0x11, 0x11, 0x11, 0x11, 0x11, 0x00,
  0x00, 0x00, 0x08, 0xEE, 0xEE, 0xEE, 0xEE, 0xEE, 0x70, 0x00, 0x00, 0x0A, 0xFF, 0xFF, 0xFF, 0xFF,
  0xFF, 0x80, 0x00, 0x00, 0x0B, 0xFF, 0xFF, 0xFF, 0xFF, 0xFF, 0x80, 0x00, 0x00, 0x0C, 0xFF, 0xC9,
  0x99, 0x99, 0x99, 0x50, 0x00, 0x00, 0x1D, 0xFF, 0x70, 0x00, 0x00, 0x00, 0x00, 0x00, 0x00, 0x1D,
  0xFF, 0x80, 0x00, 0x00, 0x00, 0x00, 0x00, 0x00, 0x1E, 0xFF, 0x70, 0x35, 0x53, 0x00, 0x00, 0x00,
  0x00, 0x2F, 0xFF, 0xAA, 0xEF, 0xFF, 0xB3, 0x00, 0x00, 0x00, 0x3F, 0xFF, 0xFF, 0xFF, 0xFF, 0xFE,
  0x30, 0x00, 0x00, 0x4F, 0xFF, 0xFE, 0xBC, 0xFF, 0xFF, 0xC0, 0x00, 0x00, 0x4D, 0xEF, 0xA2, 0x00,
  0x5F, 0xFF, 0xF4, 0x00, 0x00, 0x01, 0x24, 0x10, 0x00, 0x09, 0xFF, 0xF7, 0x00, 0x00, 0x00, 0x00,
  0x00, 0x00, 0x05, 0xFF, 0xF8, 0x00, 0x01, 0xAA, 0xA8, 0x00, 0x00, 0x05, 0xFF, 0xF8, 0x00, 0x01,
  0xFF, 0xFE, 0x10, 0x00, 0x07, 0xFF, 0xF7, 0x00, 0x00, 0xBF, 0xEF, 0x70, 0x00, 0x2D, 0xFF, 0xF3,
  0x00, 0x00, 0x5F, 0xFF, 0xF9, 0x67, 0xDF, 0xFF, 0xB0, 0x00, 0x00, 0x09, 0xFF, 0xFF, 0xFF, 0xFF,
  0xFE, 0x30, 0x00, 0x00, 0x00, 0x8E, 0xFF, 0xFF, 0xFF, 0xC3, 0x00, 0x00, 0x00, 0x00, 0x02, 0x69,
  0xAA, 0x85, 0x00, 0x00, 0x00, 0x00, 0x00, 0x00, 0x00, 0x00, 0x00, 0x00, 0x00, 0x00, 0x00, 0x00,
  0x00, 0x00, 0x00, 0x00, 0x00, 0x00, 0x00, 0x00, 0x00, 0x00, 0x48, 0xAB, 0xA8, 0x30, 0x00, 0x00,
  0x00, 0x00, 0x1A, 0xFF, 0xFF, 0xFF, 0xF9, 0x00, 0x00, 0x00, 0x00, 0xBF, 0xFF, 0xFF, 0xFF, 0xFF,
  0x80, 0x00, 0x00, 0x05, 0xFF, 0xFB, 0x54, 0x8F, 0xFF, 0xF2, 0x00, 0x00, 0x0B, 0xFF, 0xD1, 0x00,
  0x09, 0xFF, 0xF7, 0x00, 0x00, 0x2E, 0xFF, 0x90, 0x00, 0x04, 0xEE, 0xE8, 0x00, 0x00, 0x4F, 0xFF,
  0x60, 0x00, 0x11, 0x00, 0x10, 0x00, 0x00, 0x6F, 0xFF, 0x43, 0xAD, 0xED, 0x93, 0x00, 0x00, 0x00,
  0x8F, 0xFF, 0xBE, 0xFF, 0xFF, 0xFE, 0x50, 0x00, 0x00, 0x8F, 0xFF, 0xFF, 0xFE, 0xFF, 0xFF, 0xE2,
  0x00, 0x00, 0x9F, 0xFF, 0xFA, 0x31, 0x4D, 0xFF, 0xF9, 0x00, 0x00, 0x8F, 0xFF, 0xD0, 0x00, 0x04,
  0xFF, 0xFC, 0x00, 0x00, 0x7F, 0xFF, 0x90, 0x00, 0x00, 0xDF, 0xFE, 0x10, 0x00, 0x6F, 0xFF, 0x70,
  0x00, 0x00, 0xCF, 0xFF, 0x10, 0x00, 0x3F, 0xFF, 0x90, 0x00, 0x01, 0xDF, 0xFD, 0x10, 0x00, 0x1D,
  0xFF, 0xE1, 0x00, 0x06, 0xFF, 0xFB, 0x00, 0x00, 0x07, 0xFF, 0xFC, 0x64, 0x7E, 0xFF, 0xF5, 0x00,
  0x00, 0x01, 0xCF, 0xFF, 0xFF, 0xFF, 0xFF, 0x90, 0x00, 0x00, 0x00, 0x2B, 0xFF, 0xFF, 0xFF, 0xF9,
  0x00, 0x00, 0x00, 0x00, 0x00, 0x48, 0xAA, 0xA7, 0x30, 0x00, 0x00, 0x00, 0x00, 0x00, 0x00, 0x00,
  0x00, 0x00, 0x00, 0x00, 0x00, 0x01, 0x11, 0x11, 0x11, 0x11, 0x11, 0x11, 0x10, 0x00, 0x07, 0xEE,
  0xEE, 0xEE, 0xEE, 0xEE, 0xEE, 0xED, 0x10, 0x00, 0x8F, 0xFF, 0xFF, 0xFF, 0xFF, 0xFF, 0xFF, 0xF1,
  0x00, 0x08, 0xFF, 0xFF, 0xFF, 0xFF, 0xFF, 0xFF, 0xFC, 0x00, 0x00, 0x47, 0x77, 0x78, 0x78, 0x79,
  0xFF, 0xFD, 0x20, 0x00, 0x00, 0x00, 0x00, 0x00, 0x00, 0xAF, 0xFE, 0x30, 0x00, 0x00, 0x00, 0x00,
  0x00, 0x00, 0x8F, 0xFF, 0x60, 0x00, 0x00, 0x00, 0x00, 0x00, 0x00, 0x4F, 0xFF, 0xA0, 0x00, 0x00,
  0x00, 0x00, 0x00, 0x00, 0x1C, 0xFF, 0xE1, 0x00, 0x00, 0x00, 0x00, 0x00, 0x00, 0x07, 0xFF, 0xF6,
  0x00, 0x00, 0x00, 0x00, 0x00, 0x00, 0x01, 0xEF, 0xFC, 0x00, 0x00, 0x00, 0x00, 0x00, 0x00, 0x00,
  0x7F, 0xFF, 0x50, 0x00, 0x00, 0x00, 0x00, 0x00, 0x00, 0x0D, 0xFF, 0xC0, 0x00, 0x00, 0x00, 0x00,
  0x00, 0x00, 0x05, 0xFF, 0xF7, 0x00, 0x00, 0x00, 0x00, 0x00, 0x00, 0x00, 0x9F, 0xFF, 0x30, 0x00,
  0x00, 0x00, 0x00, 0x00, 0x00, 0x0D, 0xFF, 0xC0, 0x00, 0x00, 0x00, 0x00, 0x00, 0x00, 0x03, 0xFF,
  0xFA, 0x00, 0x00, 0x00, 0x00, 0x00, 0x00, 0x00, 0x5F, 0xFF, 0x80, 0x00, 0x00, 0x00, 0x00, 0x00,
  0x00, 0x06, 0xFF, 0xF8, 0x00, 0x00, 0x00, 0x00, 0x00, 0x00, 0x00, 0x7E, 0xDE, 0x70, 0x00, 0x00,
  0x00, 0x00, 0x00, 0x00, 0x00, 0x11, 0x10, 0x00, 0x00, 0x00, 0x00, 0x00, 0x00, 0x00, 0x00, 0x00,
  0x00, 0x00, 0x00, 0x00, 0x00, 0x00, 0x00, 0x02, 0x79, 0xAA, 0x97, 0x20, 0x00, 0x00, 0x00, 0x00,
  0x8F, 0xFF, 0xFF, 0xFF, 0xE8, 0x00, 0x00, 0x00, 0x09, 0xFF, 0xFF, 0xFF, 0xFF, 0xFF, 0x80, 0x00,
  0x00, 0x3F, 0xFF, 0xF9, 0x45, 0x9F, 0xFF, 0xF3, 0x00, 0x00, 0x8F, 0xFF, 0x90, 0x00, 0x09, 0xFF,
  0xF7, 0x00, 0x00, 0x9F, 0xFF, 0x40, 0x00, 0x05, 0xFF, 0xF8, 0x00, 0x00, 0x7F, 0xFF, 0x70, 0x00,
  0x07, 0xFF, 0xF6, 0x00, 0x00, 0x2E, 0xFF, 0xE5, 0x11, 0x6E, 0xFF, 0xE2, 0x00, 0x00, 0x05, 0xEF,
  0xFF, 0xEE, 0xFF, 0xFE, 0x50, 0x00, 0x00, 0x00, 0x8F, 0xFF, 0xFF, 0xFF, 0xF7, 0x00, 0x00, 0x00,
  0x08, 0xFF, 0xFF, 0xEE, 0xFF, 0xFF, 0x80, 0x00, 0x00, 0x6F, 0xFF, 0xD5, 0x11, 0x5D, 0xFF, 0xF6,
  0x00, 0x00, 0xCF, 0xFE, 0x30, 0x00, 0x03, 0xEF, 0xFC, 0x00, 0x01, 0xEF, 0xFC, 0x00, 0x00, 0x00,
  0xDF, 0xFE, 0x10, 0x01, 0xEF, 0xFD, 0x00, 0x00, 0x00, 0xDF, 0xFE, 0x10, 0x00, 0xDF, 0xFF, 0x50,
  0x00, 0x05, 0xFF, 0xFC, 0x00, 0x00, 0x8F, 0xFF, 0xE8, 0x44, 0x8E, 0xFF, 0xF8, 0x00, 0x00, 0x1D,
  0xFF, 0xFF, 0xFF, 0xFF, 0xFF, 0xC1, 0x00, 0x00, 0x02, 0xBF, 0xFF, 0xFF, 0xFF, 0xFA, 0x20, 0x00,
  0x00, 0x00, 0x03, 0x79, 0xAA, 0x97, 0x30, 0x00, 0x00, 0x00, 0x00, 0x00, 0x00, 0x00, 0x00, 0x00,
  0x00, 0x00, 0x00, 0x00, 0x00, 0x00, 0x00, 0x00, 0x00, 0x00, 0x00, 0x00, 0x00, 0x03, 0x8A, 0xAA,
  0x84, 0x00, 0x00, 0x00, 0x00, 0x01, 0x9F, 0xFF, 0xFF, 0xFF, 0xB2, 0x00, 0x00, 0x00, 0x0B, 0xFF,
  0xFF, 0xFF, 0xFF, 0xFC, 0x10, 0x00, 0x00, 0x6F, 0xFF, 0xE7, 0x45, 0xBF, 0xFF, 0x70, 0x00, 0x00,
  0xCF, 0xFF, 0x50, 0x00, 0x0C, 0xFF, 0xD0, 0x00, 0x01, 0xEF, 0xFD, 0x00, 0x00, 0x07, 0xFF, 0xF3,
  0x00, 0x01, 0xFF, 0xFC, 0x00, 0x00, 0x05, 0xFF, 0xF6, 0x00, 0x01, 0xEF, 0xFE, 0x10, 0x00, 0x08,
  0xFF, 0xF7, 0x00, 0x00, 0xBF, 0xFF, 0x70, 0x00, 0x2D, 0xFF, 0xF8, 0x00, 0x00, 0x6F, 0xFF, 0xFB,
  0x89, 0xDF, 0xFF, 0xF9, 0x00, 0x00, 0x1B, 0xFF, 0xFF, 0xFF, 0xFF, 0xFF, 0xF8, 0x00, 0x00, 0x01,
  0xAF, 0xFF, 0xFF, 0xB6, 0xFF, 0xF8, 0x00, 0x00, 0x00, 0x02, 0x67, 0x74, 0x03, 0xFF, 0xF6, 0x00,
  0x00, 0x36, 0x55, 0x10, 0x00, 0x05, 0xFF, 0xF4, 0x00, 0x00, 0x8F, 0xFF, 0x60, 0x11, 0x08, 0xFF,
  0xE2, 0x00, 0x00, 0x5F, 0xFF, 0xA0, 0x00, 0x1D, 0xFF, 0xB0, 0x00, 0x00, 0x1E, 0xFF, 0xF9, 0x45,
  0xBF, 0xFF, 0x50, 0x00, 0x00, 0x07, 0xFF, 0xFF, 0xFF, 0xFF, 0xFB, 0x00, 0x00, 0x00, 0x00, 0x8F,
  0xFF, 0xFF, 0xFF, 0xA1, 0x00, 0x00, 0x00, 0x00, 0x03, 0x7A, 0xBA, 0x84, 0x00, 0x00, 0x00, 0x00,
  0x00, 0x00, 0x00, 0x00, 0x00, 0x00, 0x00, 0x00, 0x00, 0x00, 0x00, 0x00, 0x00, 0x00, 0x00, 0x00,
  0x00, 0x00, 0x00, 0x00, 0x00, 0x00, 0x00, 0x00, 0x00, 0x00, 0x00, 0x00, 0x00, 0x00, 0x00, 0x00,
  0x00, 0x00, 0x00, 0x00, 0x00, 0x6D, 0xCD, 0x60, 0x00, 0x00, 0x08, 0xFF, 0xF7, 0x00, 0x00, 0x00,
  0x8F, 0xFF, 0x70, 0x00, 0x00, 0x07, 0xEE, 0xE7, 0x00, 0x00, 0x00, 0x11, 0x11, 0x10, 0x00, 0x00,
  0x00, 0x11, 0x11, 0x00, 0x00, 0x00, 0x00, 0xBE, 0xDE, 0x40, 0x00, 0x00, 0x00, 0xDF, 0xFF, 0x50,
  0x00, 0x00, 0x00, 0xCF, 0xFF, 0x50, 0x00, 0x00, 0x00, 0xCF, 0xFF, 0x50, 0x00, 0x00, 0x00, 0x22,
  0x22, 0x10, 0x00, 0x00, 0x00, 0x00, 0x00, 0x00, 0x00, 0x00, 0x00, 0x00, 0x00, 0x00, 0x00, 0x00,
  0x00, 0x00, 0x00, 0x00, 0x00, 0x00, 0x00, 0x00, 0x00, 0x00, 0x00, 0x00, 0x00, 0x00, 0x00, 0x00,
  0x00, 0x00, 0x00, 0x33, 0x33, 0x10, 0x00, 0x00, 0x00, 0xDF, 0xFF, 0x50, 0x00, 0x00, 0x00, 0xCF,
  0xEF, 0x50, 0x00, 0x00, 0x00, 0xDF, 0xFF, 0x50, 0x00, 0x00, 0x00, 0xAD, 0xEF, 0x50, 0x00, 0x00,
  0x00, 0x00, 0xCF, 0x40, 0x00, 0x00, 0x00, 0x03, 0xEE, 0x20, 0x00, 0x00, 0x00, 0x3C, 0xF8, 0x00,
  0x00, 0x00, 0x02, 0xFF, 0x90, 0x00, 0x00, 0x00, 0x02, 0x84, 0x00, 0x00, 0x00, 0x00, 0x00, 0x00,
  0x00, 0x00, 0x00, 0x00, 0x00, 0x00, 0x00, 0x00, 0x00, 0x00, 0x00, 0x00, 0x00, 0x00, 0x00, 0x00,
  0x00, 0x00, 0x00, 0x00, 0x03, 0x30, 0x00, 0x00, 0x00, 0x00, 0x00, 0x00, 0x00, 0x05, 0xAF, 0x80,
  0x00, 0x00, 0x00, 0x00, 0x00, 0x00, 0x27, 0xDF, 0xFF, 0x80, 0x00, 0x00, 0x00, 0x00, 0x00, 0x4A,
  0xEF, 0xFF, 0xFF, 0x60, 0x00, 0x00, 0x00, 0x02, 0x7C, 0xFF, 0xFF, 0xFD, 0x82, 0x00, 0x00, 0x00,
  0x04, 0x9E, 0xFF, 0xFF, 0xEA, 0x40, 0x00, 0x00, 0x00, 0x00, 0x1E, 0xFF, 0xFF, 0xC7, 0x20, 0x00,
  0x00, 0x00, 0x00, 0x00, 0x1E, 0xFF, 0xB3, 0x00, 0x00, 0x00, 0x00, 0x00, 0x00, 0x00, 0x1F, 0xFF,
  0xE9, 0x51, 0x00, 0x00, 0x00, 0x00, 0x00, 0x00, 0x0A, 0xFF, 0xFF, 0xFD, 0x83, 0x00, 0x00, 0x00,
  0x00, 0x00, 0x00, 0x38, 0xDF, 0xFF, 0xFF, 0xB6, 0x10, 0x00, 0x00, 0x00, 0x00, 0x00, 0x15, 0xBF,
  0xFF, 0xFF, 0xE9, 0x30, 0x00, 0x00, 0x00, 0x00, 0x00, 0x03, 0x8D, 0xFF, 0xFF, 0x80, 0x00, 0x00,
  0x00, 0x00, 0x00, 0x00, 0x01, 0x6B, 0xFF, 0x80, 0x00, 0x00, 0x00, 0x00, 0x00, 0x00, 0x00, 0x00,
  0x39, 0x60, 0x00, 0x00, 0x00, 0x00, 0x00, 0x00, 0x00, 0x00, 0x00, 0x00, 0x00, 0x00, 0x00, 0x00,
  0x00, 0x00, 0x00, 0x00, 0x00, 0x00, 0x00, 0x00, 0x0C, 0xED, 0xDD, 0xDD, 0xDD, 0xDD, 0xDE, 0xC0,
  0x00, 0x00, 0x0E, 0xFF, 0xFF, 0xFF, 0xFF, 0xFF, 0xFF, 0xE0, 0x00, 0x00, 0x0E, 0xFF, 0xFF, 0xFF,
  0xFF, 0xFF, 0xFF, 0xE0, 0x00, 0x00, 0x02, 0x22, 0x22, 0x22, 0x22, 0x22, 0x22, 0x20, 0x00, 0x00,
  0x00, 0x00, 0x00, 0x00, 0x00, 0x00, 0x00, 0x00, 0x00, 0x00, 0x00, 0x00, 0x00, 0x00, 0x00, 0x00,
  0x00, 0x00, 0x00, 0x00, 0x0A, 0xBB, 0xBB, 0xBB, 0xBB, 0xBB, 0xBB, 0xA0, 0x00, 0x00, 0x0E, 0xFF,
  0xFF, 0xFF, 0xFF, 0xFF, 0xFF, 0xE0, 0x00, 0x00, 0x0E, 0xFF, 0xFF, 0xFF, 0xFF, 0xFF, 0xFF, 0xE0,
  0x00, 0x00, 0x05, 0x55, 0x55, 0x55, 0x55, 0x55, 0x55, 0x50, 0x00, 0x00, 0x00, 0x00, 0x00, 0x00,
  0x00, 0x00, 0x00, 0x00, 0x00, 0x00, 0x00, 0x00, 0x00, 0x00, 0x00, 0x00, 0x00, 0x00, 0x00, 0x00,
  0x00, 0x00, 0x00, 0x00, 0x00, 0x00, 0x00, 0x00, 0x00, 0x00, 0x00, 0x00, 0x00, 0x00, 0x00, 0x00,
  0x00, 0x00, 0x00, 0x00, 0x03, 0x30, 0x00, 0x00, 0x00, 0x00, 0x00, 0x00, 0x00, 0x00, 0x08, 0xFA,
  0x50, 0x00, 0x00, 0x00, 0x00, 0x00, 0x00, 0x00, 0x08, 0xFF, 0xFD, 0x72, 0x00, 0x00, 0x00, 0x00,
  0x00, 0x00, 0x06, 0xFF, 0xFF, 0xFE, 0xA4, 0x00, 0x00, 0x00, 0x00, 0x00, 0x00, 0x38, 0xDF, 0xFF,
  0xFF, 0xC7, 0x20, 0x00, 0x00, 0x00, 0x00, 0x00, 0x04, 0xAE, 0xFF, 0xFF, 0xE9, 0x40, 0x00, 0x00,
  0x00, 0x00, 0x00, 0x02, 0x7C, 0xFF, 0xFF, 0xE1, 0x00, 0x00, 0x00, 0x00, 0x00, 0x00, 0x00, 0x3B,
  0xFF, 0xE1, 0x00, 0x00, 0x00, 0x00, 0x00, 0x00, 0x15, 0x9E, 0xFF, 0xF1, 0x00, 0x00, 0x00, 0x00,
  0x00, 0x38, 0xDF, 0xFF, 0xFF, 0xA0, 0x00, 0x00, 0x00, 0x01, 0x6B, 0xFF, 0xFF, 0xFD, 0x83, 0x00,
  0x00, 0x00, 0x03, 0x9E, 0xFF, 0xFF, 0xFB, 0x51, 0x00, 0x00, 0x00, 0x00, 0x08, 0xFF, 0xFF, 0xD8,
  0x30, 0x00, 0x00, 0x00, 0x00, 0x00, 0x08, 0xFF, 0xB6, 0x10, 0x00, 0x00, 0x00, 0x00, 0x00, 0x00,
  0x06, 0x93, 0x00, 0x00, 0x00, 0x00, 0x00, 0x00, 0x00, 0x00, 0x00, 0x00, 0x00, 0x00, 0x00, 0x00,
  0x00, 0x00, 0x00, 0x00, 0x00, 0x00, 0x00, 0x00, 0x00, 0x00, 0x00, 0x00, 0x00, 0x00, 0x00, 0x04,
  0x8A, 0xAA, 0x84, 0x00, 0x00, 0x00, 0x00, 0x00, 0x4C, 0xFF, 0xFF, 0xFF, 0xFC, 0x30, 0x00, 0x00,
  0x00, 0x4F, 0xFF, 0xFF, 0xFF, 0xFF, 0xFE, 0x20, 0x00, 0x00, 0x1D, 0xFF, 0xFC, 0x75, 0x8E, 0xFF,
  0xF9, 0x00, 0x00, 0x05, 0xFF, 0xFC, 0x10, 0x00, 0x5F, 0xFF, 0xD0, 0x00, 0x00, 0x7F, 0xFF, 0x80,
  0x00, 0x01, 0xEF, 0xFE, 0x10, 0x00, 0x06, 0xDC, 0xD6, 0x00, 0x00, 0x3F, 0xFF, 0xD0, 0x00, 0x00,
  0x01, 0x11, 0x00, 0x00, 0x1B, 0xFF, 0xF9, 0x00, 0x00, 0x00, 0x00, 0x00, 0x00, 0x2C, 0xFF, 0xFE,
  0x20, 0x00, 0x00, 0x00, 0x00, 0x00, 0x3D, 0xFF, 0xFE, 0x40, 0x00, 0x00, 0x00, 0x00, 0x00, 0x1C,
  0xFF, 0xFC, 0x20, 0x00, 0x00, 0x00, 0x00, 0x00, 0x05, 0xFF, 0xFB, 0x10, 0x00, 0x00, 0x00, 0x00,
  0x00, 0x00, 0x7F, 0xFF, 0x30, 0x00, 0x00, 0x00, 0x00, 0x00, 0x00, 0x07, 0xEE, 0xE1, 0x00, 0x00,
  0x00, 0x00, 0x00, 0x00, 0x00, 0x12, 0x22, 0x00, 0x00, 0x00, 0x00, 0x00, 0x00, 0x00, 0x01, 0x21,
  0x21, 0x00, 0x00, 0x00, 0x00, 0x00, 0x00, 0x00, 0x8F, 0xFF, 0x70, 0x00, 0x00, 0x00, 0x00, 0x00,
  0x00, 0x07, 0xFE, 0xF7, 0x00, 0x00, 0x00, 0x00, 0x00, 0x00, 0x00, 0x8F, 0xFF, 0x70, 0x00, 0x00,
  0x00, 0x00, 0x00, 0x00, 0x07, 0xED, 0xE7, 0x00, 0x00, 0x00, 0x00, 0x00, 0x00, 0x00, 0x01, 0x11,
  0x00, 0x00, 0x00, 0x00, 0x00, 0x00, 0x00, 0x00, 0x00, 0x00, 0x00, 0x00, 0x00, 0x00, 0x00, 0x00,
  0x00, 0x00, 0x00, 0x00, 0x00, 0x00, 0x00, 0x00, 0x25, 0x79, 0xAA, 0xA9, 0x74, 0x10, 0x00, 0x00,
  0x00, 0x00, 0x00, 0x00, 0x00, 0x00, 0x5B, 0xEF, 0xFF, 0xFF, 0xFF, 0xFF, 0xEA, 0x40, 0x00, 0x00,
  0x00, 0x00, 0x00, 0x00, 0x3B, 0xFF, 0xFC, 0x86, 0x55, 0x57, 0x9D, 0xFF, 0xF9, 0x10, 0x00, 0x00,
  0x00, 0x00, 0x04, 0xEF, 0xF9, 0x30, 0x00, 0x00, 0x00, 0x01, 0x4B, 0xFF, 0xB1, 0x00, 0x00, 0x00,
  0x00, 0x3E, 0xFD, 0x40, 0x00, 0x00, 0x00, 0x00, 0x00, 0x00, 0x7F, 0xFA, 0x00, 0x00, 0x00, 0x00,
  0xCF, 0xE3, 0x00, 0x00, 0x49, 0xCD, 0xCA, 0x50, 0x00, 0x08, 0xFF, 0x50, 0x00, 0x00, 0x06, 0xFF,
  0x60, 0x00, 0x09, 0xFF, 0xFF, 0xFF, 0xF9, 0x00, 0x00, 0xCF, 0xB0, 0x00, 0x00, 0x0B, 0xFC, 0x00,
  0x00, 0x5F, 0xFF, 0xBA, 0xDF, 0xFF, 0x40, 0x00, 0x6F, 0xF2, 0x00, 0x00, 0x2E, 0xF7, 0x00, 0x00,
  0xAF, 0xF8, 0x00, 0x2E, 0xFF, 0x90, 0x00, 0x3F, 0xF5, 0x00, 0x00, 0x5F, 0xF4, 0x00, 0x00, 0x58,
  0x82, 0x00, 0x0C, 0xFF, 0xA0, 0x00, 0x1E, 0xF7, 0x00, 0x00, 0x7F, 0xE2, 0x00, 0x00, 0x00, 0x00,
  0x23, 0x4D, 0xFF, 0xA0, 0x00, 0x0D, 0xF8, 0x00, 0x00, 0x8F, 0xD1, 0x00, 0x00, 0x04, 0xAD, 0xEF,
  0xFF, 0xFF, 0xA0, 0x00, 0x0D, 0xF8, 0x00, 0x00, 0x8F, 0xD0, 0x00, 0x00, 0x7F, 0xFF, 0xFF, 0xFF,
  0xFF, 0xA0, 0x00, 0x1E, 0xF7, 0x00, 0x00, 0x7F, 0xD1, 0x00, 0x04, 0xFF, 0xFD, 0x85, 0x4D, 0xFF,
  0xA0, 0x00, 0x3F, 0xF5, 0x00, 0x00, 0x6F, 0xE2, 0x00, 0x09, 0xFF, 0xE2, 0x00, 0x0C, 0xFF, 0xA0,
  0x10, 0x7F, 0xE1, 0x00, 0x00, 0x4F, 0xF4, 0x00, 0x0A, 0xFF, 0xC0, 0x00, 0x3E, 0xFF, 0xA0, 0x01,
  0xDF, 0xA0, 0x00, 0x00, 0x2E, 0xF7, 0x00, 0x08, 0xFF, 0xE7, 0x25, 0xDF, 0xFF, 0xD4, 0x4C, 0xFF,
  0x30, 0x00, 0x00, 0x0B, 0xFC, 0x00, 0x03, 0xFF, 0xFF, 0xFF, 0xFC, 0xFF, 0xFF, 0xFF, 0xF6, 0x00,
  0x00, 0x00, 0x05, 0xFF, 0x60, 0x00, 0x6E, 0xFF, 0xFE, 0x71, 0x9F, 0xFF, 0xFC, 0x40, 0x00, 0x00,
  0x00, 0x00, 0xBF, 0xE4, 0x00, 0x02, 0x56, 0x52, 0x00, 0x03, 0x65, 0x30, 0x00, 0x00, 0x00, 0x00,
  0x00, 0x2D, 0xFE, 0x61, 0x00, 0x00, 0x00, 0x00, 0x00, 0x00, 0x00, 0x00, 0x00, 0x00, 0x00, 0x00,
  0x03, 0xCF, 0xFD, 0x85, 0x32, 0x22, 0x46, 0x96, 0x00, 0x00, 0x00, 0x00, 0x00, 0x00, 0x00, 0x00,
  0x18, 0xEF, 0xFF, 0xFF, 0xFF, 0xFF, 0xF9, 0x00, 0x00, 0x00, 0x00, 0x00, 0x00, 0x00, 0x00, 0x00,
  0x15, 0x8B, 0xDE, 0xED, 0xCA, 0x73, 0x00, 0x00, 0x00, 0x00, 0x00, 0x00, 0x00, 0x00, 0x00, 0x00,
  0x00, 0x01, 0x10, 0x00, 0x00, 0x00, 0x00, 0x00, 0x00, 0x00, 0x00, 0x00, 0x00, 0x00, 0x01, 0x11,
  0x10, 0x00, 0x00, 0x00, 0x00, 0x00, 0x00, 0x00, 0x00, 0xBE, 0xEE, 0xE8, 0x00, 0x00, 0x00, 0x00,
  0x00, 0x00, 0x00, 0x03, 0xFF, 0xFF, 0xFE, 0x10, 0x00, 0x00, 0x00, 0x00, 0x00, 0x00, 0x09, 0xFF,
  0xFF, 0xFF, 0x50, 0x00, 0x00, 0x00, 0x00, 0x00, 0x00, 0x1D, 0xFF, 0xEE, 0xFF, 0xB0, 0x00, 0x00,
  0x00, 0x00, 0x00, 0x00, 0x5F, 0xFF, 0x7C, 0xFF, 0xF2, 0x00, 0x00, 0x00, 0x00, 0x00, 0x00, 0xBF,
  0xFF, 0x28, 0xFF, 0xF8, 0x00, 0x00, 0x00, 0x00, 0x00, 0x02, 0xEF, 0xFC, 0x04, 0xFF, 0xFD, 0x00,
  0x00, 0x00, 0x00, 0x00, 0x07, 0xFF, 0xF7, 0x01, 0xDF, 0xFF, 0x40, 0x00, 0x00, 0x00, 0x00, 0x0C,
  0xFF, 0xF2, 0x00, 0x8F, 0xFF, 0x90, 0x00, 0x00, 0x00, 0x00, 0x4F, 0xFF, 0xB0, 0x00, 0x3F, 0xFF,
  0xE1, 0x00, 0x00, 0x00, 0x00, 0x9F, 0xFF, 0x60, 0x00, 0x0C, 0xFF, 0xF6, 0x00, 0x00, 0x00, 0x01,
  0xEF, 0xFE, 0x31, 0x11, 0x17, 0xFF, 0xFB, 0x00, 0x00, 0x00, 0x06, 0xFF, 0xFF, 0xEE, 0xEE, 0xEE,
  0xFF, 0xFF, 0x30, 0x00, 0x00, 0x0B, 0xFF, 0xFF, 0xFF, 0xFF, 0xFF, 0xFF, 0xFF, 0x80, 0x00, 0x00,
  0x3F, 0xFF, 0xFF, 0xFF, 0xFF, 0xFF, 0xFF, 0xFF, 0xD1, 0x00, 0x00, 0x8F, 0xFF, 0xC8, 0x87, 0x77,
  0x87, 0x8F, 0xFF, 0xF5, 0x00, 0x00, 0xDF, 0xFF, 0x50, 0x00, 0x00, 0x00, 0x0B, 0xFF, 0xFA, 0x00,
  0x05, 0xFF, 0xFD, 0x10, 0x00, 0x00, 0x00, 0x05, 0xFF, 0xFF, 0x20, 0x09, 0xEE, 0xE8, 0x00, 0x00,
  0x00, 0x00, 0x01, 0xDE, 0xEE, 0x60, 0x01, 0x11, 0x10, 0x00, 0x00, 0x00, 0x00, 0x00, 0x11, 0x11,
  0x10, 0x00, 0x01, 0x11, 0x11, 0x11, 0x11, 0x11, 0x10, 0x00, 0x00, 0x00, 0x00, 0x1D, 0xEE, 0xEE,
  0xEE, 0xEE, 0xEE, 0xDB, 0x60, 0x00, 0x00, 0x00, 0x1E, 0xFF, 0xFF, 0xFF, 0xFF, 0xFF, 0xFF, 0xFA,
  0x00, 0x00, 0x00, 0x1E, 0xFF, 0xFF, 0xFF, 0xFF, 0xFF, 0xFF, 0xFF, 0x70, 0x00, 0x00, 0x1E, 0xFF,
  0xE8, 0x78, 0x78, 0x89, 0xEF, 0xFF, 0xC0, 0x00, 0x00, 0x1E, 0xFF, 0xE0, 0x00, 0x00, 0x00, 0x5F,
  0xFF, 0xE1, 0x00, 0x00, 0x1E, 0xFF, 0xE1, 0x11, 0x11, 0x10, 0x1E, 0xFF, 0xD0, 0x00, 0x00, 0x1E,
  0xFF, 0xE0, 0x00, 0x00, 0x00, 0x5F, 0xFF, 0x80, 0x00, 0x00, 0x1E, 0xFF, 0xE8, 0x78, 0x78, 0x89,
  0xFF, 0xFC, 0x10, 0x00, 0x00, 0x1E, 0xFF, 0xFF, 0xFF, 0xFF, 0xFF, 0xFF, 0xA1, 0x00, 0x00, 0x00,
  0x1E, 0xFF, 0xFF, 0xFF, 0xFF, 0xFF, 0xFF, 0xD9, 0x10, 0x00, 0x00, 0x1E, 0xFF, 0xE8, 0x77, 0x77,
  0x78, 0xDF, 0xFF, 0xC1, 0x00, 0x00, 0x1E, 0xFF, 0xE0, 0x00, 0x00, 0x00, 0x1D, 0xFF, 0xF8, 0x00,
  0x00, 0x1E, 0xFF, 0xE1, 0x00, 0x00, 0x00, 0x08, 0xFF, 0xFD, 0x00, 0x00, 0x1E, 0xFF, 0xE1, 0x00,
  0x00, 0x00, 0x08, 0xFF, 0xFE, 0x10, 0x00, 0x1E, 0xFF, 0xE0, 0x00, 0x00, 0x00, 0x1D, 0xFF, 0xFD,
  0x10, 0x00, 0x1E, 0xFF, 0xE8, 0x78, 0x78, 0x88, 0xDF, 0xFF, 0xFB, 0x00, 0x00, 0x1E, 0xFF, 0xFF,
  0xFF, 0xFF, 0xFF, 0xFF, 0xFF, 0xF4, 0x00, 0x00, 0x1E, 0xFF, 0xFF, 0xFF, 0xFF, 0xFF, 0xFF, 0xFF,
  0x60, 0x00, 0x00, 0x1D, 0xEE, 0xEE, 0xEE, 0xEE, 0xEE, 0xEC, 0x93, 0x00, 0x00, 0x00, 0x01, 0x11,
  0x11, 0x11, 0x11, 0x11, 0x10, 0x00, 0x00, 0x00, 0x00, 0x00, 0x00, 0x00, 0x00, 0x00, 0x00, 0x00,
  0x00, 0x00, 0x00, 0x00, 0x00, 0x00, 0x02, 0x68, 0xAB, 0xA9, 0x62, 0x00, 0x00, 0x00, 0x00, 0x00,
  0x01, 0x8E, 0xFF, 0xFF, 0xFF, 0xFE, 0x92, 0x00, 0x00, 0x00, 0x00, 0x2C, 0xFF, 0xFF, 0xFF, 0xFF,
  0xFF, 0xFD, 0x20, 0x00, 0x00, 0x01, 0xCF, 0xFF, 0xFF, 0xDB, 0xCE, 0xFF, 0xFF, 0xC1, 0x00, 0x00,
  0x07, 0xFF, 0xFF, 0xC4, 0x00, 0x01, 0x7F, 0xFF, 0xF6, 0x00, 0x00, 0x0D, 0xFF, 0xFC, 0x10, 0x00,
  0x00, 0x07, 0xFE, 0xFB, 0x00, 0x00, 0x3F, 0xFF, 0xF5, 0x00, 0x00, 0x00, 0x01, 0xEF, 0xFE, 0x10,
  0x00, 0x6F, 0xFF, 0xE2, 0x00, 0x00, 0x00, 0x00, 0x9B, 0xBA, 0x10, 0x00, 0x7F, 0xFF, 0xD0, 0x00,
  0x00, 0x00, 0x00, 0x00, 0x00, 0x00, 0x00, 0x8F, 0xFF, 0xD0, 0x00, 0x00, 0x00, 0x00, 0x00, 0x00,
  0x00, 0x00, 0x8F, 0xFF, 0xD0, 0x00, 0x00, 0x00, 0x00, 0x00, 0x00, 0x00, 0x00, 0x7F, 0xFF, 0xD0,
  0x00, 0x00, 0x00, 0x00, 0x00, 0x00, 0x00, 0x00, 0x6F, 0xFF, 0xE2, 0x00, 0x00, 0x00, 0x00, 0x9B,
  0xAA, 0x10, 0x00, 0x3F, 0xFF, 0xF5, 0x00, 0x00, 0x00, 0x01, 0xEF, 0xFE, 0x10, 0x00, 0x0D, 0xFF,
  0xFC, 0x10, 0x00, 0x00, 0x07, 0xFF, 0xFB, 0x00, 0x00, 0x07, 0xFF, 0xFF, 0xB3, 0x00, 0x01, 0x7F,
  0xFF, 0xF7, 0x00, 0x00, 0x01, 0xCF, 0xFF, 0xFF, 0xCB, 0xCE, 0xFF, 0xFF, 0xD1, 0x00, 0x00, 0x00,
  0x2D, 0xFF, 0xFF, 0xFF, 0xFF, 0xFF, 0xFD, 0x30, 0x00, 0x00, 0x00, 0x02, 0x9E, 0xFF, 0xFF, 0xFF,
  0xFF, 0xA2, 0x00, 0x00, 0x00, 0x00, 0x00, 0x02, 0x68, 0xAB, 0xA9, 0x62, 0x00, 0x00, 0x00, 0x00,
  0x00, 0x00, 0x00, 0x00, 0x00, 0x00, 0x00, 0x00, 0x00, 0x00, 0x00, 0x01, 0x11, 0x11, 0x11, 0x11,
  0x00, 0x00, 0x00, 0x00, 0x00, 0x00, 0x01, 0xDE, 0xEE, 0xEE, 0xEE, 0xED, 0xB8, 0x40, 0x00, 0x00,
  0x00, 0x00, 0x1E, 0xFF, 0xFF, 0xFF, 0xFF, 0xFF, 0xFF, 0xB2, 0x00, 0x00, 0x00, 0x01, 0xEF, 0xFF,
  0xFF, 0xFF, 0xFF, 0xFF, 0xFF, 0xE3, 0x00, 0x00, 0x00, 0x1E, 0xFF, 0xE8, 0x78, 0x88, 0xBF, 0xFF,
  0xFF, 0xD1, 0x00, 0x00, 0x01, 0xEF, 0xFE, 0x00, 0x00, 0x00, 0x3C, 0xFF, 0xFF, 0x80, 0x00, 0x00,
  0x1E, 0xFF, 0xE1, 0x00, 0x00, 0x00, 0x1D, 0xFF, 0xFD, 0x00, 0x00, 0x01, 0xEF, 0xFE, 0x10, 0x00,
  0x00, 0x00, 0x6F, 0xFF, 0xF3, 0x00, 0x00, 0x1E, 0xFF, 0xE1, 0x00, 0x00, 0x00, 0x03, 0xFF, 0xFF,
  0x60, 0x00, 0x01, 0xEF, 0xFE, 0x10, 0x00, 0x00, 0x00, 0x1E, 0xFF, 0xF7, 0x00, 0x00, 0x1E, 0xFF,
  0xE1, 0x00, 0x00, 0x00, 0x01, 0xEF, 0xFF, 0x70, 0x00, 0x01, 0xEF, 0xFE, 0x10, 0x00, 0x00, 0x00,
  0x1E, 0xFF, 0xF7, 0x00, 0x00, 0x1E, 0xFF, 0xE1, 0x00, 0x00, 0x00, 0x03, 0xFF, 0xFF, 0x60, 0x00,
  0x01, 0xEF, 0xFE, 0x10, 0x00, 0x00, 0x00, 0x6F, 0xFF, 0xF3, 0x00, 0x00, 0x1E, 0xFF, 0xE1, 0x00,
  0x00, 0x00, 0x1D, 0xFF, 0xFD, 0x00, 0x00, 0x01, 0xEF, 0xFE, 0x00, 0x00, 0x00, 0x2B, 0xFF, 0xFF,
  0x70, 0x00, 0x00, 0x1E, 0xFF, 0xE8, 0x78, 0x88, 0xBE, 0xFF, 0xFF, 0xD1, 0x00, 0x00, 0x01, 0xEF,
  0xFF, 0xFF, 0xFF, 0xFF, 0xFF, 0xFF, 0xE3, 0x00, 0x00, 0x00, 0x1E, 0xFF, 0xFF, 0xFF, 0xFF, 0xFF,
  0xFF, 0xB2, 0x00, 0x00, 0x00, 0x01, 0xDE, 0xEE, 0xEE, 0xEE, 0xED, 0xB8, 0x40, 0x00, 0x00, 0x00,
  0x00, 0x01, 0x11, 0x11, 0x11, 0x11, 0x10, 0x00, 0x00, 0x00, 0x00, 0x00, 0x00, 0x01, 0x11, 0x11,
  0x11, 0x11, 0x11, 0x11, 0x11, 0x00, 0x00, 0x01, 0xDE, 0xEE, 0xEE, 0xEE, 0xEE, 0xEE, 0xEE, 0xE4,
  0x00, 0x00, 0x1E, 0xFF, 0xFF, 0xFF, 0xFF, 0xFF, 0xFF, 0xFF, 0x40, 0x00, 0x01, 0xEF, 0xFF, 0xFF,
  0xFF, 0xFF, 0xFF, 0xFF, 0xF5, 0x00, 0x00, 0x1E, 0xFF, 0xE8, 0x78, 0x77, 0x77, 0x77, 0x77, 0x20,
  0x00, 0x01, 0xEF, 0xFE, 0x00, 0x00, 0x00, 0x00, 0x00, 0x00, 0x00, 0x00, 0x1E, 0xFF, 0xE1, 0x11,
  0x11, 0x11, 0x11, 0x10, 0x00, 0x00, 0x01, 0xEF, 0xFE, 0x00, 0x00, 0x00, 0x00, 0x00, 0x00, 0x00,
  0x00, 0x1E, 0xFF, 0xE8, 0x78, 0x77, 0x77, 0x77, 0x70, 0x00, 0x00, 0x01, 0xEF, 0xFF, 0xFF, 0xFF,
  0xFF, 0xFF, 0xFF, 0x10, 0x00, 0x00, 0x1E, 0xFF, 0xFF, 0xFF, 0xFF, 0xFF, 0xFF, 0xE1, 0x00, 0x00,
  0x01, 0xEF, 0xFF, 0xEE, 0xEE, 0xEE, 0xEE, 0xED, 0x10, 0x00, 0x00, 0x1E, 0xFF, 0xE1, 0x11, 0x11,
  0x11, 0x11, 0x10, 0x00, 0x00, 0x01, 0xEF, 0xFE, 0x00, 0x00, 0x00, 0x00, 0x00, 0x00, 0x00, 0x00,
  0x1E, 0xFF, 0xE1, 0x00, 0x00, 0x00, 0x00, 0x00, 0x00, 0x00, 0x01, 0xEF, 0xFE, 0x00, 0x00, 0x00,
  0x00, 0x00, 0x00, 0x00, 0x00, 0x1E, 0xFF, 0xE8, 0x78, 0x77, 0x77, 0x77, 0x77, 0x40, 0x00, 0x01,
  0xEF, 0xFF, 0xFF, 0xFF, 0xFF, 0xFF, 0xFF, 0xF8, 0x00, 0x00, 0x1E, 0xFF, 0xFF, 0xFF, 0xFF, 0xFF,
  0xFF, 0xFF, 0x80, 0x00, 0x01, 0xDE, 0xEE, 0xEE, 0xEE, 0xEE, 0xEE, 0xEE, 0xE7, 0x00, 0x00, 0x01,
  0x11, 0x11, 0x11, 0x11, 0x11, 0x11, 0x11, 0x00, 0x00, 0x00, 0x01, 0x11, 0x11, 0x11, 0x11, 0x11,
  0x11, 0x11, 0x00, 0x00, 0x0D, 0xEE, 0xEE, 0xEE, 0xEE, 0xEE, 0xEE, 0xE9, 0x00, 0x00, 0x0E, 0xFF,
  0xFF, 0xFF, 0xFF, 0xFF, 0xFF, 0xFA, 0x00, 0x00, 0x0D, 0xFF, 0xFF, 0xFF, 0xFF, 0xFF, 0xFF, 0xFB,
  0x00, 0x00, 0x0D, 0xFF, 0xF9, 0x78, 0x77, 0x77, 0x77, 0x75, 0x00, 0x00, 0x0D, 0xFF, 0xF2, 0x00,
  0x00, 0x00, 0x00, 0x00, 0x00, 0x00, 0x0D, 0xFF, 0xF3, 0x00, 0x00, 0x00, 0x00, 0x00, 0x00, 0x00,
  0x0D, 0xFF, 0xF2, 0x00, 0x00, 0x00, 0x00, 0x00, 0x00, 0x00, 0x0D, 0xFF, 0xF3, 0x11, 0x11, 0x11,
  0x11, 0x00, 0x00, 0x00, 0x0D, 0xFF, 0xFE, 0xEE, 0xEE, 0xEE, 0xEE, 0x60, 0x00, 0x00, 0x0D, 0xFF,
  0xFF, 0xFF, 0xFF, 0xFF, 0xFF, 0x60, 0x00, 0x00, 0x0D, 0xFF, 0xFF, 0xFF, 0xFF, 0xFF, 0xFF, 0x70,
  0x00, 0x00, 0x0D, 0xFF, 0xF9, 0x78, 0x77, 0x77, 0x77, 0x30, 0x00, 0x00, 0x0D, 0xFF, 0xF2, 0x00,
  0x00, 0x00, 0x00, 0x00, 0x00, 0x00, 0x0D, 0xFF, 0xF3, 0x00, 0x00, 0x00, 0x00, 0x00, 0x00, 0x00,
  0x0D, 0xFF, 0xF3, 0x00, 0x00, 0x00, 0x00, 0x00, 0x00, 0x00, 0x0D, 0xFF, 0xF3, 0x00, 0x00, 0x00,
  0x00, 0x00, 0x00, 0x00, 0x0D, 0xFF, 0xF3, 0x00, 0x00, 0x00, 0x00, 0x00, 0x00, 0x00, 0x0E, 0xFF,
  0xF3, 0x00, 0x00, 0x00, 0x00, 0x00, 0x00, 0x00, 0x0D, 0xEE, 0xE2, 0x00, 0x00, 0x00, 0x00, 0x00,
  0x00, 0x00, 0x01, 0x11, 0x10, 0x00, 0x00, 0x00, 0x00, 0x00, 0x00, 0x00, 0x00, 0x00, 0x00, 0x00,
  0x00, 0x00, 0x00, 0x00, 0x00, 0x00, 0x00, 0x00, 0x00, 0x00, 0x01, 0x48, 0x9A, 0xAA, 0x85, 0x10,
  0x00, 0x00, 0x00, 0x00, 0x00, 0x00, 0x7D, 0xFF, 0xFF, 0xFF, 0xFF, 0xE9, 0x20, 0x00, 0x00, 0x00,
  0x00, 0x1B, 0xFF, 0xFF, 0xFF, 0xFF, 0xFF, 0xFF, 0xD4, 0x00, 0x00, 0x00, 0x00, 0xBF, 0xFF, 0xFF,
  0xEC, 0xBC, 0xEF, 0xFF, 0xFE, 0x20, 0x00, 0x00, 0x06, 0xFF, 0xFF, 0xD6, 0x10, 0x00, 0x17, 0xEF,
  0xFF, 0x90, 0x00, 0x00, 0x0C, 0xFF, 0xFE, 0x20, 0x00, 0x00, 0x00, 0x5F, 0xFF, 0xD1, 0x00, 0x00,
  0x3F, 0xFF, 0xF7, 0x00, 0x00, 0x00, 0x00, 0x0C, 0xEE, 0xE1, 0x00, 0x00, 0x6F, 0xFF, 0xE2, 0x00,
  0x00, 0x00, 0x00, 0x00, 0x11, 0x10, 0x00, 0x00, 0x7F, 0xFF, 0xD1, 0x00, 0x00, 0x11, 0x11, 0x11,
  0x11, 0x10, 0x00, 0x00, 0x8F, 0xFF, 0xD0, 0x00, 0x05, 0xEE, 0xEE, 0xEE, 0xEE, 0xE1, 0x00, 0x00,
  0x8F, 0xFF, 0xD0, 0x00, 0x05, 0xFF, 0xFF, 0xFF, 0xFF, 0xF1, 0x00, 0x00, 0x7F, 0xFF, 0xD0, 0x00,
  0x05, 0xEE, 0xEE, 0xEF, 0xFF, 0xF1, 0x00, 0x00, 0x6F, 0xFF, 0xE2, 0x00, 0x00, 0x11, 0x11, 0x1D,
  0xFF, 0xF1, 0x00, 0x00, 0x3F, 0xFF, 0xF6, 0x00, 0x00, 0x00, 0x00, 0x2E, 0xFF, 0xF1, 0x00, 0x00,
  0x0D, 0xFF, 0xFD, 0x10, 0x00, 0x00, 0x00, 0xAF, 0xFF, 0xF1, 0x00, 0x00, 0x07, 0xFF, 0xFF, 0xC4,
  0x10, 0x00, 0x3A, 0xFF, 0xFF, 0xF1, 0x00, 0x00, 0x01, 0xCF, 0xFF, 0xFF, 0xDB, 0xBD, 0xFF, 0xFF,
  0xFF, 0xF1, 0x00, 0x00, 0x00, 0x2C, 0xFF, 0xFF, 0xFF, 0xFF, 0xFF, 0xFC, 0xCF, 0xE1, 0x00, 0x00,
  0x00, 0x01, 0x9E, 0xFF, 0xFF, 0xFF, 0xFF, 0x91, 0x9F, 0xF2, 0x00, 0x00, 0x00, 0x00, 0x02, 0x68,
  0xAB, 0xA9, 0x62, 0x00, 0x47, 0x71, 0x00, 0x00, 0x00, 0x00, 0x00, 0x00, 0x00, 0x00, 0x00, 0x00,
  0x00, 0x00, 0x00, 0x00, 0x01, 0x11, 0x10, 0x00, 0x00, 0x00, 0x00, 0x11, 0x11, 0x00, 0x00, 0x01,
  0xDE, 0xED, 0x10, 0x00, 0x00, 0x00, 0x1D, 0xEE, 0xD1, 0x00, 0x00, 0x1E, 0xFF, 0xE1, 0x00, 0x00,
  0x00, 0x01, 0xEF, 0xFE, 0x10, 0x00, 0x01, 0xEF, 0xFE, 0x10, 0x00, 0x00, 0x00, 0x1E, 0xFF, 0xE1,
  0x00, 0x00, 0x1E, 0xFF, 0xE1, 0x00, 0x00, 0x00, 0x01, 0xEF, 0xFE, 0x10, 0x00, 0x01, 0xEF, 0xFE,
  0x10, 0x00, 0x00, 0x00, 0x1E, 0xFF, 0xE1, 0x00, 0x00, 0x1E, 0xFF, 0xE1, 0x00, 0x00, 0x00, 0x01,
  0xEF, 0xFE, 0x10, 0x00, 0x01, 0xEF, 0xFE, 0x00, 0x00, 0x00, 0x00, 0x0E, 0xFF, 0xE1, 0x00, 0x00,
  0x1E, 0xFF, 0xE8, 0x78, 0x77, 0x78, 0x78, 0xEF, 0xFE, 0x10, 0x00, 0x01, 0xEF, 0xFF, 0xFF, 0xFF,
  0xFF, 0xFF, 0xFF, 0xFF, 0xE1, 0x00, 0x00, 0x1E, 0xFF, 0xFF, 0xFF, 0xFF, 0xFF, 0xFF, 0xFF, 0xFE,
  0x10, 0x00, 0x01, 0xEF, 0xFF, 0xEE, 0xEE, 0xEE, 0xEE, 0xEF, 0xFF, 0xE1, 0x00, 0x00, 0x1E, 0xFF,
  0xE1, 0x11, 0x11, 0x11, 0x11, 0xEF, 0xFE, 0x10, 0x00, 0x01, 0xEF, 0xFE, 0x00, 0x00, 0x00, 0x00,
  0x0E, 0xFF, 0xE1, 0x00, 0x00, 0x1E, 0xFF, 0xE1, 0x00, 0x00, 0x00, 0x01, 0xEF, 0xFE, 0x10, 0x00,
  0x01, 0xEF, 0xFE, 0x10, 0x00, 0x00, 0x00, 0x1E, 0xFF, 0xE1, 0x00, 0x00, 0x1E, 0xFF, 0xE1, 0x00,
  0x00, 0x00, 0x01, 0xEF, 0xFE, 0x10, 0x00, 0x01, 0xEF, 0xFE, 0x10, 0x00, 0x00, 0x00, 0x1E, 0xFF,
  0xE1, 0x00, 0x00, 0x1E, 0xFF, 0xE1, 0x00, 0x00, 0x00, 0x01, 0xEF, 0xFE, 0x10, 0x00, 0x01, 0xDE,
  0xED, 0x10, 0x00, 0x00, 0x00, 0x1D, 0xEE, 0xD1, 0x00, 0x00, 0x01, 0x11, 0x10, 0x00, 0x00, 0x00,
  0x00, 0x11, 0x11, 0x00, 0x00, 0x00, 0x01, 0x11, 0x10, 0x00, 0x00, 0x1D, 0xEE, 0xD1, 0x00, 0x00,
  0x1E, 0xFF, 0xE1, 0x00, 0x00, 0x1E, 0xFF, 0xE1, 0x00, 0x00, 0x1E, 0xFF, 0xE1, 0x00, 0x00, 0x1E,
  0xFF, 0xE1, 0x00, 0x00, 0x1E, 0xFF, 0xE1, 0x00, 0x00, 0x1E, 0xFF, 0xE1, 0x00, 0x00, 0x1E, 0xFF,
  0xE1, 0x00, 0x00, 0x1E, 0xFF, 0xE1, 0x00, 0x00, 0x1E, 0xFF, 0xE1, 0x00, 0x00, 0x1E, 0xFF, 0xE1,
  0x00, 0x00, 0x1E, 0xFF, 0xE1, 0x00, 0x00, 0x1E, 0xFF, 0xE1, 0x00, 0x00, 0x1E, 0xFF, 0xE1, 0x00,
  0x00, 0x1E, 0xFF, 0xE1, 0x00, 0x00, 0x1E, 0xFF, 0xE1, 0x00, 0x00, 0x1E, 0xFF, 0xE1, 0x00, 0x00,
  0x1E, 0xFF, 0xE1, 0x00, 0x00, 0x1D, 0xEE, 0xD1, 0x00, 0x00, 0x01, 0x11, 0x10, 0x00, 0x00, 0x00,
  0x00, 0x00, 0x00, 0x00, 0x11, 0x11, 0x00, 0x00, 0x00, 0x00, 0x00, 0x00, 0x00, 0x1D, 0xEE, 0xD1,
  0x00, 0x00, 0x00, 0x00, 0x00, 0x00, 0x01, 0xEF, 0xFE, 0x10, 0x00, 0x00, 0x00, 0x00, 0x00, 0x00,
  0x1E, 0xFF, 0xE1, 0x00, 0x00, 0x00, 0x00, 0x00, 0x00, 0x01, 0xEF, 0xFE, 0x10, 0x00, 0x00, 0x00,
  0x00, 0x00, 0x00, 0x1E, 0xFF, 0xE1, 0x00, 0x00, 0x00, 0x00, 0x00, 0x00, 0x01, 0xEF, 0xFE, 0x10,
  0x00, 0x00, 0x00, 0x00, 0x00, 0x00, 0x1E, 0xFF, 0xE1, 0x00, 0x00, 0x00, 0x00, 0x00, 0x00, 0x01,
  0xEF, 0xFE, 0x10, 0x00, 0x00, 0x00, 0x00, 0x00, 0x00, 0x1E, 0xFF, 0xE1, 0x00, 0x00, 0x00, 0x00,
  0x00, 0x00, 0x01, 0xEF, 0xFE, 0x10, 0x00, 0x00, 0x00, 0x00, 0x00, 0x00, 0x1E, 0xFF, 0xE1, 0x00,
  0x00, 0x00, 0x00, 0x00, 0x00, 0x01, 0xEF, 0xFE, 0x10, 0x00, 0x04, 0x44, 0x40, 0x00, 0x00, 0x1E,
  0xFF, 0xE1, 0x00, 0x01, 0xFF, 0xFF, 0x10, 0x00, 0x01, 0xEF, 0xFE, 0x10, 0x00, 0x1D, 0xFF, 0xF2,
  0x00, 0x00, 0x5F, 0xFF, 0xC0, 0x00, 0x00, 0xBF, 0xFF, 0xB2, 0x11, 0x4D, 0xFF, 0xF9, 0x00, 0x00,
  0x06, 0xFF, 0xFF, 0xFC, 0xDF, 0xFF, 0xFF, 0x40, 0x00, 0x00, 0x1B, 0xFF, 0xFF, 0xFF, 0xFF, 0xFF,
  0x90, 0x00, 0x00, 0x00, 0x1A, 0xFF, 0xFF, 0xFF, 0xFE, 0x80, 0x00, 0x00, 0x00, 0x00, 0x03, 0x79,
  0xAA, 0x96, 0x20, 0x00, 0x00, 0x00, 0x00, 0x00, 0x00, 0x00, 0x00, 0x00, 0x00, 0x00, 0x00, 0x00,
  0x01, 0x11, 0x10, 0x00, 0x00, 0x00, 0x01, 0x11, 0x11, 0x00, 0x00, 0x1D, 0xEE, 0xD1, 0x00, 0x00,
  0x00, 0x5E, 0xEE, 0xEA, 0x10, 0x00, 0x1E, 0xFF, 0xE1, 0x00, 0x00, 0x05, 0xFF, 0xFF, 0xC1, 0x00,
  0x00, 0x1E, 0xFF, 0xE1, 0x00, 0x00, 0x4E, 0xFF, 0xFC, 0x10, 0x00, 0x00, 0x1E, 0xFF, 0xE1, 0x00,
  0x03, 0xEF, 0xFF, 0xD2, 0x00, 0x00, 0x00, 0x1E, 0xFF, 0xE1, 0x00, 0x3E, 0xFF, 0xFD, 0x20, 0x00,
  0x00, 0x00, 0x1E, 0xFF, 0xE1, 0x02, 0xDF, 0xFF, 0xE3, 0x00, 0x00, 0x00, 0x00, 0x1E, 0xFF, 0xE0,
  0x2D, 0xFF, 0xFE, 0x30, 0x00, 0x00, 0x00, 0x00, 0x1E, 0xFF, 0xE2, 0xCF, 0xFF, 0xF4, 0x00, 0x00,
  0x00, 0x00, 0x00, 0x1E, 0xFF, 0xED, 0xFF, 0xFF, 0xF7, 0x00, 0x00, 0x00, 0x00, 0x00, 0x1E, 0xFF,
  0xFF, 0xFF, 0xFF, 0xFF, 0x30, 0x00, 0x00, 0x00, 0x00, 0x1E, 0xFF, 0xFF, 0xFE, 0xEF, 0xFF, 0xC0,
  0x00, 0x00, 0x00, 0x00, 0x1E, 0xFF, 0xFF, 0xD2, 0x5F, 0xFF, 0xF7, 0x00, 0x00, 0x00, 0x00, 0x1E,
  0xFF, 0xFC, 0x20, 0x0A, 0xFF, 0xFE, 0x30, 0x00, 0x00, 0x00, 0x1E, 0xFF, 0xE1, 0x00, 0x02, 0xEF,
  0xFF, 0xC0, 0x00, 0x00, 0x00, 0x1E, 0xFF, 0xE1, 0x00, 0x00, 0x6F, 0xFF, 0xF7, 0x00, 0x00, 0x00,
  0x1E, 0xFF, 0xE1, 0x00, 0x00, 0x0B, 0xFF, 0xFE, 0x30, 0x00, 0x00, 0x1E, 0xFF, 0xE1, 0x00, 0x00,
  0x03, 0xEF, 0xFF, 0xB0, 0x00, 0x00, 0x1E, 0xFF, 0xE1, 0x00, 0x00, 0x00, 0x7F, 0xFF, 0xF7, 0x00,
  0x00, 0x1D, 0xEE, 0xD1, 0x00, 0x00, 0x00, 0x1B, 0xEE, 0xED, 0x20, 0x00, 0x01, 0x11, 0x10, 0x00,
  0x00, 0x00, 0x00, 0x11, 0x11, 0x10, 0x00, 0x01, 0x11, 0x10, 0x00, 0x00, 0x00, 0x00, 0x00, 0x00,
  0x2E, 0xEE, 0xB0, 0x00, 0x00, 0x00, 0x00, 0x00, 0x00, 0x2F, 0xFF, 0xC0, 0x00, 0x00, 0x00, 0x00,
  0x00, 0x00, 0x2F, 0xFF, 0xC0, 0x00, 0x00, 0x00, 0x00, 0x00, 0x00, 0x2F, 0xFF, 0xC0, 0x00, 0x00,
  0x00, 0x00, 0x00, 0x00, 0x2F, 0xFF, 0xC0, 0x00, 0x00, 0x00, 0x00, 0x00, 0x00, 0x2F, 0xFF, 0xC0,
  0x00, 0x00, 0x00, 0x00, 0x00, 0x00, 0x2F, 0xFF, 0xC0, 0x00, 0x00, 0x00, 0x00, 0x00, 0x00, 0x2F,
  0xFF, 0xC0, 0x00, 0x00, 0x00, 0x00, 0x00, 0x00, 0x2F, 0xFF, 0xC0, 0x00, 0x00, 0x00, 0x00, 0x00,
  0x00, 0x2F, 0xFF, 0xC0, 0x00, 0x00, 0x00, 0x00, 0x00, 0x00, 0x2F, 0xFF, 0xC0, 0x00, 0x00, 0x00,
  0x00, 0x00, 0x00, 0x2F, 0xFF, 0xC0, 0x00, 0x00, 0x00, 0x00, 0x00, 0x00, 0x2F, 0xFF, 0xC0, 0x00,
  0x00, 0x00, 0x00, 0x00, 0x00, 0x2F, 0xFF, 0xC0, 0x00, 0x00, 0x00, 0x00, 0x00, 0x00, 0x2F, 0xFF,
  0xB0, 0x00, 0x00, 0x00, 0x00, 0x00, 0x00, 0x2F, 0xFF, 0xD7, 0x87, 0x77, 0x77, 0x77, 0x20, 0x00,
  0x2F, 0xFF, 0xFF, 0xFF, 0xFF, 0xFF, 0xFF, 0x50, 0x00, 0x2F, 0xFF, 0xFF, 0xFF, 0xFF, 0xFF, 0xFF,
  0x50, 0x00, 0x2E, 0xEE, 0xEE, 0xEE, 0xEE, 0xEE, 0xEE, 0x40, 0x00, 0x01, 0x11, 0x11, 0x11, 0x11,
  0x11, 0x11, 0x00, 0x00, 0x01, 0x11, 0x11, 0x10, 0x00, 0x00, 0x00, 0x01, 0x11, 0x11, 0x10, 0x00,
  0x00, 0x1D, 0xEE, 0xEE, 0xE8, 0x00, 0x00, 0x00, 0x4E, 0xEE, 0xEE, 0xD1, 0x00, 0x00, 0x1E, 0xFF,
  0xFF, 0xFC, 0x00, 0x00, 0x00, 0x8F, 0xFF, 0xFF, 0xE1, 0x00, 0x00, 0x1E, 0xFF, 0xFF, 0xFF, 0x20,
  0x00, 0x00, 0xCF, 0xFF, 0xFF, 0xE1, 0x00, 0x00, 0x1E, 0xFF, 0xFF, 0xFF, 0x60, 0x00, 0x02, 0xFF,
  0xFF, 0xFF, 0xE1, 0x00, 0x00, 0x1E, 0xFF, 0xEC, 0xFF, 0xA0, 0x00, 0x06, 0xFF, 0xBE, 0xFF, 0xE1,
  0x00, 0x00, 0x1E, 0xFF, 0xD9, 0xFF, 0xD1, 0x00, 0x0A, 0xFF, 0x8D, 0xFF, 0xE1, 0x00, 0x00, 0x1E,
  0xFF, 0xD6, 0xFF, 0xF4, 0x00, 0x1D, 0xFF, 0x4D, 0xFF, 0xE1, 0x00, 0x00, 0x1E, 0xFF, 0xE2, 0xEF,
  0xF8, 0x00, 0x4F, 0xFD, 0x2E, 0xFF, 0xE1, 0x00, 0x00, 0x1E, 0xFF, 0xE1, 0xBF, 0xFB, 0x00, 0x8F,
  0xFA, 0x0E, 0xFF, 0xE1, 0x00, 0x00, 0x1E, 0xFF, 0xE0, 0x7F, 0xFE, 0x20, 0xBF, 0xF6, 0x0E, 0xFF,
  0xE1, 0x00, 0x00, 0x1E, 0xFF, 0xE0, 0x4F, 0xFF, 0x50, 0xEF, 0xF2, 0x0E, 0xFF, 0xE1, 0x00, 0x00,
  0x1E, 0xFF, 0xE1, 0x0D, 0xFF, 0x84, 0xFF, 0xC0, 0x1E, 0xFF, 0xE1, 0x00, 0x00, 0x1E, 0xFF, 0xE1,
  0x0A, 0xFF, 0xB7, 0xFF, 0x90, 0x1E, 0xFF, 0xE1, 0x00, 0x00, 0x1E, 0xFF, 0xE1, 0x06, 0xFF, 0xEC,
  0xFF, 0x50, 0x1E, 0xFF, 0xE1, 0x00, 0x00, 0x1E, 0xFF, 0xE1, 0x02, 0xFF, 0xFF, 0xFE, 0x10, 0x1E,
  0xFF, 0xE1, 0x00, 0x00, 0x1E, 0xFF, 0xE1, 0x00, 0xCF, 0xFF, 0xFB, 0x00, 0x1E, 0xFF, 0xE1, 0x00,
  0x00, 0x1E, 0xFF, 0xE1, 0x00, 0x8F, 0xFF, 0xF7, 0x00, 0x1E, 0xFF, 0xE1, 0x00, 0x00, 0x1E, 0xFF,
  0xE1, 0x00, 0x4F, 0xFF, 0xF3, 0x00, 0x1E, 0xFF, 0xE1, 0x00, 0x00, 0x1D, 0xEE, 0xD1, 0x00, 0x1D,
  0xEE, 0xC0, 0x00, 0x1D, 0xEE, 0xD1, 0x00, 0x00, 0x01, 0x11, 0x10, 0x00, 0x01, 0x11, 0x10, 0x00,
  0x01, 0x11, 0x10, 0x00, 0x00, 0x01, 0x11, 0x10, 0x00, 0x00, 0x00, 0x00, 0x11, 0x11, 0x00, 0x00,
  0x01, 0xDE, 0xED, 0x40, 0x00, 0x00, 0x00, 0x1D, 0xEE, 0xD1, 0x00, 0x00, 0x1E, 0xFF, 0xFD, 0x10,
  0x00, 0x00, 0x01, 0xEF, 0xFE, 0x10, 0x00, 0x01, 0xEF, 0xFF, 0xFB, 0x00, 0x00, 0x00, 0x1E, 0xFF,
  0xE1, 0x00, 0x00, 0x1E, 0xFF, 0xFF, 0xF8, 0x00, 0x00, 0x01, 0xEF, 0xFE, 0x10, 0x00, 0x01, 0xEF,
  0xFF, 0xFF, 0xF5, 0x00, 0x00, 0x1E, 0xFF, 0xE1, 0x00, 0x00, 0x1E, 0xFF, 0xFF, 0xFF, 0xE2, 0x00,
  0x01, 0xEF, 0xFE, 0x10, 0x00, 0x01, 0xEF, 0xFF, 0xFF, 0xFF, 0xC1, 0x00, 0x1E, 0xFF, 0xE1, 0x00,
  0x00, 0x1E, 0xFF, 0xDA, 0xFF, 0xFF, 0x90, 0x01, 0xEF, 0xFE, 0x10, 0x00, 0x01, 0xEF, 0xFE, 0x2D,
  0xFF, 0xFF, 0x60, 0x1E, 0xFF, 0xE1, 0x00, 0x00, 0x1E, 0xFF, 0xE0, 0x3F, 0xFF, 0xFF, 0x30, 0xEF,
  0xFE, 0x10, 0x00, 0x01, 0xEF, 0xFE, 0x10, 0x6F, 0xFF, 0xFD, 0x2E, 0xFF, 0xE1, 0x00, 0x00, 0x1E,
  0xFF, 0xE1, 0x00, 0x9F, 0xFF, 0xFB, 0xEF, 0xFE, 0x10, 0x00, 0x01, 0xEF, 0xFE, 0x10, 0x01, 0xCF,
  0xFF, 0xFF, 0xFF, 0xE1, 0x00, 0x00, 0x1E, 0xFF, 0xE1, 0x00, 0x02, 0xEF, 0xFF, 0xFF, 0xFE, 0x10,
  0x00, 0x01, 0xEF, 0xFE, 0x10, 0x00, 0x05, 0xFF, 0xFF, 0xFF, 0xE1, 0x00, 0x00, 0x1E, 0xFF, 0xE1,
  0x00, 0x00, 0x08, 0xFF, 0xFF, 0xFE, 0x10, 0x00, 0x01, 0xEF, 0xFE, 0x10, 0x00, 0x00, 0x0B, 0xFF,
  0xFF, 0xE1, 0x00, 0x00, 0x1E, 0xFF, 0xE1, 0x00, 0x00, 0x00, 0x1D, 0xFF, 0xFE, 0x10, 0x00, 0x01,
  0xDE, 0xED, 0x10, 0x00, 0x00, 0x00, 0x3D, 0xEE, 0xD1, 0x00, 0x00, 0x01, 0x11, 0x10, 0x00, 0x00,
  0x00, 0x00, 0x11, 0x11, 0x00, 0x00, 0x00, 0x00, 0x00, 0x00, 0x00, 0x00, 0x00, 0x00, 0x00, 0x00,
  0x00, 0x00, 0x00, 0x00, 0x00, 0x00, 0x03, 0x79, 0xAB, 0xA9, 0x73, 0x00, 0x00, 0x00, 0x00, 0x00,
  0x00, 0x00, 0x5C, 0xFF, 0xFF, 0xFF, 0xFF, 0xFC, 0x50, 0x00, 0x00, 0x00, 0x00, 0x00, 0x9F, 0xFF,
  0xFF, 0xFF, 0xFF, 0xFF, 0xFF, 0x90, 0x00, 0x00, 0x00, 0x00, 0x9F, 0xFF, 0xFF, 0xEC, 0xBC, 0xEF,
  0xFF, 0xFF, 0x90, 0x00, 0x00, 0x00, 0x4F, 0xFF, 0xFE, 0x71, 0x00, 0x01, 0x7E, 0xFF, 0xFF, 0x40,
  0x00, 0x00, 0x0B, 0xFF, 0xFF, 0x40, 0x00, 0x00, 0x00, 0x4F, 0xFF, 0xFB, 0x00, 0x00, 0x02, 0xEF,
  0xFF, 0x90, 0x00, 0x00, 0x00, 0x00, 0x9F, 0xFF, 0xE2, 0x00, 0x00, 0x5F, 0xFF, 0xF4, 0x00, 0x00,
  0x00, 0x00, 0x04, 0xFF, 0xFF, 0x50, 0x00, 0x07, 0xFF, 0xFF, 0x20, 0x00, 0x00, 0x00, 0x00, 0x2F,
  0xFF, 0xF6, 0x00, 0x00, 0x7F, 0xFF, 0xE1, 0x00, 0x00, 0x00, 0x00, 0x01, 0xEF, 0xFF, 0x70, 0x00,
  0x07, 0xFF, 0xFE, 0x10, 0x00, 0x00, 0x00, 0x00, 0x1E, 0xFF, 0xF7, 0x00, 0x00, 0x6F, 0xFF, 0xF2,
  0x00, 0x00, 0x00, 0x00, 0x02, 0xFF, 0xFF, 0x60, 0x00, 0x05, 0xFF, 0xFF, 0x40, 0x00, 0x00, 0x00,
  0x00, 0x4F, 0xFF, 0xF5, 0x00, 0x00, 0x2E, 0xFF, 0xF9, 0x00, 0x00, 0x00, 0x00, 0x09, 0xFF, 0xFE,
  0x20, 0x00, 0x00, 0xBF, 0xFF, 0xF4, 0x00, 0x00, 0x00, 0x04, 0xFF, 0xFF, 0xB0, 0x00, 0x00, 0x04,
  0xFF, 0xFF, 0xE7, 0x10, 0x00, 0x17, 0xEF, 0xFF, 0xF4, 0x00, 0x00, 0x00, 0x08, 0xFF, 0xFF, 0xFE,
  0xCB, 0xCE, 0xFF, 0xFF, 0xF8, 0x00, 0x00, 0x00, 0x00, 0x09, 0xFF, 0xFF, 0xFF, 0xFF, 0xFF, 0xFF,
  0xF9, 0x00, 0x00, 0x00, 0x00, 0x00, 0x05, 0xCF, 0xFF, 0xFF, 0xFF, 0xFF, 0xC5, 0x00, 0x00, 0x00,
  0x00, 0x00, 0x00, 0x00, 0x37, 0x9A, 0xBA, 0x97, 0x30, 0x00, 0x00, 0x00, 0x00, 0x00, 0x00, 0x00,
  0x00, 0x00, 0x00, 0x00, 0x00, 0x00, 0x00, 0x00, 0x00, 0x00, 0x01, 0x11, 0x11, 0x11, 0x11, 0x11,
  0x00, 0x00, 0x00, 0x00, 0x1E, 0xEE, 0xEE, 0xEE, 0xEE, 0xED, 0xB6, 0x00, 0x00, 0x00, 0x2F, 0xFF,
  0xFF, 0xFF, 0xFF, 0xFF, 0xFF, 0xA1, 0x00, 0x00, 0x2F, 0xFF, 0xFF, 0xFF, 0xFF, 0xFF, 0xFF, 0xF8,
  0x00, 0x00, 0x2F, 0xFF, 0xD7, 0x87, 0x88, 0x8D, 0xFF, 0xFF, 0x20, 0x00, 0x2F, 0xFF, 0xC0, 0x00,
  0x00, 0x01, 0xCF, 0xFF, 0x50, 0x00, 0x2F, 0xFF, 0xC0, 0x00, 0x00, 0x00, 0x7F, 0xFF, 0x70, 0x00,
  0x2F, 0xFF, 0xC0, 0x00, 0x00, 0x00, 0x6F, 0xEF, 0x70, 0x00, 0x2F, 0xFF, 0xC0, 0x00, 0x00, 0x00,
  0x9F, 0xFF, 0x60, 0x00, 0x2F, 0xFF, 0xC1, 0x11, 0x11, 0x27, 0xFF, 0xFF, 0x30, 0x00, 0x2F, 0xFF,
  0xFE, 0xEE, 0xEE, 0xEF, 0xFF, 0xFC, 0x00, 0x00, 0x2F, 0xFF, 0xFF, 0xFF, 0xFF, 0xFF, 0xFF, 0xE3,
  0x00, 0x00, 0x2F, 0xFF, 0xFF, 0xFF, 0xFF, 0xFF, 0xFB, 0x30, 0x00, 0x00, 0x2F, 0xFF, 0xD7, 0x87,
  0x77, 0x76, 0x30, 0x00, 0x00, 0x00, 0x2F, 0xFF, 0xC0, 0x00, 0x00, 0x00, 0x00, 0x00, 0x00, 0x00,
  0x2F, 0xFF, 0xC0, 0x00, 0x00, 0x00, 0x00, 0x00, 0x00, 0x00, 0x2F, 0xFF, 0xC0, 0x00, 0x00, 0x00,
  0x00, 0x00, 0x00, 0x00, 0x2F, 0xFF, 0xC0, 0x00, 0x00, 0x00, 0x00, 0x00, 0x00, 0x00, 0x2F, 0xFF,
  0xC0, 0x00, 0x00, 0x00, 0x00, 0x00, 0x00, 0x00, 0x1E, 0xEE, 0xB0, 0x00, 0x00, 0x00, 0x00, 0x00,
  0x00, 0x00, 0x01, 0x11, 0x10, 0x00, 0x00, 0x00, 0x00, 0x00, 0x00, 0x00, 0x00, 0x00, 0x00, 0x00,
  0x00, 0x00, 0x00, 0x00, 0x00, 0x00, 0x00, 0x00, 0x00, 0x00, 0x00, 0x03, 0x79, 0xAB, 0xA9, 0x73,
  0x00, 0x00, 0x00, 0x00, 0x00, 0x00, 0x00, 0x5C, 0xFF, 0xFF, 0xFF, 0xFF, 0xFC, 0x50, 0x00, 0x00,
  0x00, 0x00, 0x00, 0x9F, 0xFF, 0xFF, 0xFF, 0xFF, 0xFF, 0xFF, 0x90, 0x00, 0x00, 0x00, 0x00, 0x9F,
  0xFF, 0xFF, 0xEC, 0xBC, 0xEF, 0xFF, 0xFF, 0x90, 0x00, 0x00, 0x00, 0x4F, 0xFF, 0xFE, 0x71, 0x00,
  0x01, 0x7E, 0xFF, 0xFF, 0x40, 0x00, 0x00, 0x0B, 0xFF, 0xFF, 0x40, 0x00, 0x00, 0x00, 0x4F, 0xFF,
  0xFB, 0x00, 0x00, 0x02, 0xEF, 0xFF, 0x90, 0x00, 0x00, 0x00, 0x00, 0x9F, 0xFF, 0xE2, 0x00, 0x00,
  0x5F, 0xFF, 0xF4, 0x00, 0x00, 0x00, 0x00, 0x04, 0xFF, 0xFF, 0x50, 0x00, 0x07, 0xFF, 0xFF, 0x20,
  0x00, 0x00, 0x00, 0x00, 0x2F, 0xFF, 0xF6, 0x00, 0x00, 0x7F, 0xFF, 0xE1, 0x00, 0x00, 0x00, 0x00,
  0x01, 0xEF, 0xFF, 0x70, 0x00, 0x07, 0xFF, 0xFE, 0x10, 0x00, 0x00, 0x00, 0x00, 0x1E, 0xFF, 0xF7,
  0x00, 0x00, 0x6F, 0xFF, 0xF2, 0x00, 0x00, 0x00, 0x00, 0x02, 0xFF, 0xFF, 0x60, 0x00, 0x05, 0xFF,
  0xFF, 0x40, 0x00, 0x00, 0x00, 0x00, 0x4F, 0xFF, 0xF4, 0x00, 0x00, 0x2E, 0xFF, 0xF9, 0x00, 0x00,
  0x00, 0x00, 0x09, 0xFF, 0xFE, 0x10, 0x00, 0x00, 0xBF, 0xFF, 0xF4, 0x00, 0x00, 0x00, 0x04, 0xFF,
  0xFF, 0xA0, 0x00, 0x00, 0x04, 0xFF, 0xFF, 0xE7, 0x10, 0x00, 0x17, 0xEF, 0xFF, 0xF3, 0x00, 0x00,
  0x00, 0x09, 0xFF, 0xFF, 0xFE, 0xCB, 0xCE, 0xFF, 0xFF, 0xF7, 0x00, 0x00, 0x00, 0x00, 0x09, 0xFF,
  0xFF, 0xFF, 0xFF, 0xFF, 0xFF, 0xF7, 0x00, 0x00, 0x00, 0x00, 0x00, 0x05, 0xCF, 0xFF, 0xFF, 0xFF,
  0xFF, 0xC3, 0x00, 0x00, 0x00, 0x00, 0x00, 0x00, 0x00, 0x47, 0x9B, 0xBE, 0xFF, 0xFD, 0x20, 0x00,
  0x00, 0x00, 0x00, 0x00, 0x00, 0x00, 0x00, 0x00, 0x3E, 0xFF, 0xFE, 0x40, 0x00, 0x00, 0x00, 0x00,
  0x00, 0x00, 0x00, 0x00, 0x00, 0x4E, 0xFF, 0xFF, 0x50, 0x00, 0x00, 0x00, 0x00, 0x00, 0x00, 0x00,
  0x00, 0x00, 0x4D, 0xEE, 0xEE, 0x50, 0x00, 0x00, 0x00, 0x00, 0x00, 0x00, 0x00, 0x00, 0x00, 0x11,
  0x11, 0x11, 0x00, 0x00, 0x00, 0x01, 0x11, 0x11, 0x11, 0x11, 0x11, 0x10, 0x00, 0x00, 0x00, 0x00,
  0x1E, 0xEE, 0xEE, 0xEE, 0xEE, 0xEE, 0xDA, 0x50, 0x00, 0x00, 0x00, 0x1F, 0xFF, 0xFF, 0xFF, 0xFF,
  0xFF, 0xFF, 0xFB, 0x10, 0x00, 0x00, 0x1F, 0xFF, 0xFF, 0xFF, 0xFF, 0xFF, 0xFF, 0xFF, 0x90, 0x00,
  0x00, 0x1F, 0xFF, 0xE7, 0x87, 0x78, 0x88, 0xDF, 0xFF, 0xF3, 0x00, 0x00, 0x1F, 0xFF, 0xC0, 0x00,
  0x00, 0x00, 0x1C, 0xFF, 0xF7, 0x00, 0x00, 0x1F, 0xFF, 0xC0, 0x00, 0x00, 0x00, 0x06, 0xFE, 0xF8,
  0x00, 0x00, 0x1F, 0xFF, 0xC0, 0x00, 0x00, 0x00, 0x05, 0xFF, 0xF8, 0x00, 0x00, 0x1F, 0xFF, 0xC0,
  0x00, 0x00, 0x00, 0x09, 0xFF, 0xF6, 0x00, 0x00, 0x1F, 0xFF, 0xC1, 0x11, 0x11, 0x11, 0x7F, 0xFF,
  0xF2, 0x00, 0x00, 0x1F, 0xFF, 0xFE, 0xEE, 0xEE, 0xEE, 0xFF, 0xFF, 0x90, 0x00, 0x00, 0x1F, 0xFF,
  0xFF, 0xFF, 0xFF, 0xFF, 0xFF, 0xFA, 0x10, 0x00, 0x00, 0x1F, 0xFF, 0xFE, 0xEE, 0xEE, 0xFF, 0xFF,
  0xB0, 0x00, 0x00, 0x00, 0x1F, 0xFF, 0xC1, 0x11, 0x11, 0x6F, 0xFF, 0xE2, 0x00, 0x00, 0x00, 0x1F,
  0xFF, 0xC0, 0x00, 0x00, 0x0C, 0xFF, 0xF9, 0x00, 0x00, 0x00, 0x1F, 0xFF, 0xC0, 0x00, 0x00, 0x05,
  0xFF, 0xFE, 0x20, 0x00, 0x00, 0x1F, 0xFF, 0xC0, 0x00, 0x00, 0x00, 0xCF, 0xFF, 0x80, 0x00, 0x00,
  0x1F, 0xFF, 0xC0, 0x00, 0x00, 0x00, 0x5F, 0xFF, 0xE1, 0x00, 0x00, 0x1F, 0xFF, 0xC0, 0x00, 0x00,
  0x00, 0x0C, 0xFF, 0xF7, 0x00, 0x00, 0x1E, 0xEE, 0xB0, 0x00, 0x00, 0x00, 0x05, 0xEE, 0xEC, 0x10,
  0x00, 0x01, 0x11, 0x10, 0x00, 0x00, 0x00, 0x00, 0x11, 0x11, 0x00, 0x00, 0x00, 0x00, 0x00, 0x00,
  0x00, 0x00, 0x00, 0x00, 0x00, 0x00, 0x00, 0x00, 0x01, 0x58, 0xAA, 0xA9, 0x74, 0x00, 0x00, 0x00,
  0x00, 0x00, 0x18, 0xEF, 0xFF, 0xFF, 0xFF, 0xFC, 0x50, 0x00, 0x00, 0x00, 0x1B, 0xFF, 0xFF, 0xFF,
  0xFF, 0xFF, 0xFF, 0x60, 0x00, 0x00, 0x08, 0xFF, 0xFE, 0x85, 0x45, 0x7D, 0xFF, 0xFE, 0x20, 0x00,
  0x00, 0xDF, 0xFF, 0x40, 0x00, 0x00, 0x1C, 0xFF, 0xF6, 0x00, 0x00, 0x1E, 0xFF, 0xF1, 0x00, 0x00,
  0x00, 0x6D, 0xCD, 0x60, 0x00, 0x00, 0xDF, 0xFF, 0xC3, 0x00, 0x00, 0x00, 0x00, 0x00, 0x00, 0x00,
  0x09, 0xFF, 0xFF, 0xFC, 0x84, 0x10, 0x00, 0x00, 0x00, 0x00, 0x00, 0x1D, 0xFF, 0xFF, 0xFF, 0xFE,
  0xA6, 0x10, 0x00, 0x00, 0x00, 0x00, 0x2A, 0xFF, 0xFF, 0xFF, 0xFF, 0xFE, 0x70, 0x00, 0x00, 0x00,
  0x00, 0x03, 0x9D, 0xFF, 0xFF, 0xFF, 0xFF, 0xA0, 0x00, 0x00, 0x00, 0x00, 0x00, 0x03, 0x6A, 0xDF,
  0xFF, 0xFF, 0x70, 0x00, 0x00, 0x10, 0x10, 0x00, 0x00, 0x01, 0x5D, 0xFF, 0xFC, 0x00, 0x00, 0x7E,
  0xDE, 0x60, 0x00, 0x00, 0x00, 0x3F, 0xFF, 0xE1, 0x00, 0x07, 0xFF, 0xFA, 0x00, 0x00, 0x00, 0x01,
  0xEF, 0xFD, 0x00, 0x00, 0x4F, 0xFF, 0xF9, 0x20, 0x00, 0x03, 0xBF, 0xFF, 0xB0, 0x00, 0x00, 0xBF,
  0xFF, 0xFE, 0xCB, 0xBD, 0xFF, 0xFF, 0xF5, 0x00, 0x00, 0x02, 0xCF, 0xFF, 0xFF, 0xFF, 0xFF, 0xFF,
  0xF9, 0x00, 0x00, 0x00, 0x01, 0x9E, 0xFF, 0xFF, 0xFF, 0xFF, 0xD6, 0x00, 0x00, 0x00, 0x00, 0x00,
  0x26, 0x8A, 0xAA, 0x98, 0x51, 0x00, 0x00, 0x00, 0x00, 0x00, 0x00, 0x00, 0x00, 0x00, 0x00, 0x00,
  0x00, 0x00, 0x00, 0x11, 0x11, 0x11, 0x11, 0x11, 0x11, 0x11, 0x11, 0x00, 0x06, 0xEE, 0xEE, 0xEE,
  0xEE, 0xEE, 0xEE, 0xEE, 0xEE, 0x60, 0x07, 0xFF, 0xFF, 0xFF, 0xFF, 0xFF, 0xFF, 0xFF, 0xFF, 0x70,
  0x07, 0xFF, 0xFF, 0xFF, 0xFF, 0xFF, 0xFF, 0xFF, 0xFF, 0x70, 0x03, 0x77, 0x77, 0x87, 0xDF, 0xFF,
  0xA7, 0x87, 0x77, 0x30, 0x00, 0x00, 0x00, 0x00, 0xBF, 0xFF, 0x40, 0x00, 0x00, 0x00, 0x00, 0x00,
  0x00, 0x00, 0xCF, 0xFF, 0x50, 0x10, 0x00, 0x00, 0x00, 0x00, 0x00, 0x00, 0xCF, 0xFF, 0x50, 0x00,
  0x00, 0x00, 0x00, 0x00, 0x00, 0x00, 0xCF, 0xFF, 0x50, 0x00, 0x00, 0x00, 0x00, 0x00, 0x00, 0x00,
  0xCF, 0xFF, 0x50, 0x00, 0x00, 0x00, 0x00, 0x00, 0x00, 0x00, 0xCF, 0xFF, 0x50, 0x00, 0x00, 0x00,
  0x00, 0x00, 0x00, 0x00, 0xCF, 0xFF, 0x50, 0x00, 0x00, 0x00, 0x00, 0x00, 0x00, 0x00, 0xCF, 0xFF,
  0x50, 0x00, 0x00, 0x00, 0x00, 0x00, 0x00, 0x00, 0xCF, 0xFF, 0x50, 0x00, 0x00, 0x00, 0x00, 0x00,
  0x00, 0x00, 0xCF, 0xFF, 0x50, 0x00, 0x00, 0x00, 0x00, 0x00, 0x00, 0x00, 0xCF, 0xFF, 0x50, 0x00,
  0x00, 0x00, 0x00, 0x00, 0x00, 0x00, 0xCF, 0xFF, 0x50, 0x00, 0x00, 0x00, 0x00, 0x00, 0x00, 0x00,
  0xBF, 0xFF, 0x50, 0x00, 0x00, 0x00, 0x00, 0x00, 0x00, 0x00, 0xCF, 0xFF, 0x50, 0x00, 0x00, 0x00,
  0x00, 0x00, 0x00, 0x00, 0xBE, 0xEE, 0x40, 0x00, 0x00, 0x00, 0x00, 0x00, 0x00, 0x00, 0x11, 0x11,
  0x00, 0x00, 0x00, 0x00, 0x00, 0x01, 0x11, 0x10, 0x00, 0x00, 0x00, 0x00, 0x11, 0x11, 0x00, 0x00,
  0x01, 0xDE, 0xED, 0x10, 0x00, 0x00, 0x00, 0x1D, 0xEE, 0xD1, 0x00, 0x00, 0x1E, 0xFF, 0xE1, 0x00,
  0x00, 0x00, 0x01, 0xEF, 0xFE, 0x10, 0x00, 0x01, 0xEF, 0xFE, 0x10, 0x00, 0x00, 0x00, 0x1E, 0xFF,
  0xE1, 0x00, 0x00, 0x1E, 0xFF, 0xE1, 0x00, 0x00, 0x00, 0x01, 0xEF, 0xFE, 0x10, 0x00, 0x01, 0xEF,
  0xFE, 0x10, 0x00, 0x00, 0x00, 0x1E, 0xFF, 0xE1, 0x00, 0x00, 0x1E, 0xFF, 0xE1, 0x00, 0x00, 0x00,
  0x01, 0xEF, 0xFE, 0x10, 0x00, 0x01, 0xEF, 0xFE, 0x10, 0x00, 0x00, 0x00, 0x1E, 0xFF, 0xE1, 0x00,
  0x00, 0x1E, 0xFF, 0xE1, 0x00, 0x00, 0x00, 0x01, 0xEF, 0xFE, 0x10, 0x00, 0x01, 0xEF, 0xFE, 0x10,
  0x00, 0x00, 0x00, 0x1E, 0xFF, 0xE1, 0x00, 0x00, 0x1E, 0xFF, 0xE1, 0x00, 0x00, 0x00, 0x01, 0xEF,
  0xFE, 0x10, 0x00, 0x01, 0xEF, 0xFE, 0x10, 0x00, 0x00, 0x00, 0x1E, 0xFF, 0xE1, 0x00, 0x00, 0x1E,
  0xFF, 0xE1, 0x00, 0x00, 0x00, 0x01, 0xEF, 0xFE, 0x10, 0x00, 0x01, 0xEF, 0xFE, 0x10, 0x00, 0x00,
  0x00, 0x1E, 0xFF, 0xE1, 0x00, 0x00, 0x0D, 0xFF, 0xF4, 0x00, 0x00, 0x00, 0x04, 0xFF, 0xFD, 0x00,
  0x00, 0x00, 0xAF, 0xFF, 0xB0, 0x00, 0x00, 0x00, 0xBF, 0xFF, 0xA0, 0x00, 0x00, 0x06, 0xFF, 0xFF,
  0xA3, 0x11, 0x13, 0xBF, 0xFF, 0xF6, 0x00, 0x00, 0x00, 0x1C, 0xFF, 0xFF, 0xFD, 0xCD, 0xFF, 0xFF,
  0xFC, 0x10, 0x00, 0x00, 0x00, 0x2D, 0xFF, 0xFF, 0xFF, 0xFF, 0xFF, 0xFD, 0x20, 0x00, 0x00, 0x00,
  0x00, 0x2A, 0xEF, 0xFF, 0xFF, 0xFF, 0xEA, 0x20, 0x00, 0x00, 0x00, 0x00, 0x00, 0x02, 0x68, 0xAA,
  0xA8, 0x62, 0x00, 0x00, 0x00, 0x00, 0x00, 0x00, 0x00, 0x00, 0x00, 0x00, 0x00, 0x00, 0x00, 0x00,
  0x00, 0x01, 0x11, 0x11, 0x00, 0x00, 0x00, 0x00, 0x00, 0x11, 0x11, 0x10, 0x06, 0xEE, 0xEE, 0x30,
  0x00, 0x00, 0x00, 0x01, 0xDE, 0xEE, 0x60, 0x02, 0xFF, 0xFF, 0x80, 0x00, 0x00, 0x00, 0x06, 0xFF,
  0xFE, 0x20, 0x00, 0xAF, 0xFF, 0xC0, 0x00, 0x00, 0x00, 0x0B, 0xFF, 0xFA, 0x00, 0x00, 0x5F, 0xFF,
  0xF3, 0x00, 0x00, 0x00, 0x2E, 0xFF, 0xF4, 0x00, 0x00, 0x1D, 0xFF, 0xF8, 0x00, 0x00, 0x00, 0x6F,
  0xFF, 0xD0, 0x00, 0x00, 0x09, 0xFF, 0xFD, 0x10, 0x00, 0x00, 0xBF, 0xFF, 0x80, 0x00, 0x00, 0x03,
  0xFF, 0xFF, 0x40, 0x00, 0x02, 0xFF, 0xFF, 0x30, 0x00, 0x00, 0x00, 0xCF, 0xFF, 0x90, 0x00, 0x07,
  0xFF, 0xFB, 0x00, 0x00, 0x00, 0x00, 0x7F, 0xFF, 0xD1, 0x00, 0x0C, 0xFF, 0xF6, 0x00, 0x00, 0x00,
  0x00, 0x2E, 0xFF, 0xF5, 0x00, 0x3F, 0xFF, 0xE1, 0x00, 0x00, 0x00, 0x00, 0x0A, 0xFF, 0xFA, 0x00,
  0x8F, 0xFF, 0xA0, 0x00, 0x00, 0x00, 0x00, 0x05, 0xFF, 0xFE, 0x10, 0xCF, 0xFF, 0x40, 0x00, 0x00,
  0x00, 0x00, 0x01, 0xDF, 0xFF, 0x52, 0xFF, 0xFD, 0x10, 0x00, 0x00, 0x00, 0x00, 0x00, 0x9F, 0xFF,
  0x97, 0xFF, 0xF8, 0x00, 0x00, 0x00, 0x00, 0x00, 0x00, 0x4F, 0xFF, 0xEE, 0xFF, 0xF3, 0x00, 0x00,
  0x00, 0x00, 0x00, 0x00, 0x0C, 0xFF, 0xFF, 0xFF, 0xB0, 0x00, 0x00, 0x00, 0x00, 0x00, 0x00, 0x07,
  0xFF, 0xFF, 0xFF, 0x60, 0x00, 0x00, 0x00, 0x00, 0x00, 0x00, 0x02, 0xFF, 0xFF, 0xFE, 0x10, 0x00,
  0x00, 0x00, 0x00, 0x00, 0x00, 0x00, 0xAE, 0xEE, 0xE9, 0x00, 0x00, 0x00, 0x00, 0x00, 0x00, 0x00,
  0x00, 0x01, 0x11, 0x10, 0x00, 0x00, 0x00, 0x00, 0x01, 0x11, 0x10, 0x00, 0x00, 0x00, 0x11, 0x11,
  0x10, 0x00, 0x00, 0x00, 0x11, 0x11, 0x00, 0x8E, 0xEE, 0xB0, 0x00, 0x00, 0x1D, 0xEE, 0xEE, 0x40,
  0x00, 0x00, 0x6E, 0xEE, 0x80, 0x06, 0xFF, 0xFF, 0x20, 0x00, 0x04, 0xFF, 0xFF, 0xF7, 0x00, 0x00,
  0x09, 0xFF, 0xF5, 0x00, 0x2F, 0xFF, 0xF5, 0x00, 0x00, 0x7F, 0xFF, 0xFF, 0xA0, 0x00, 0x00, 0xDF,
  0xFF, 0x20, 0x00, 0xCF, 0xFF, 0x80, 0x00, 0x0A, 0xFF, 0xFF, 0xFD, 0x10, 0x00, 0x2F, 0xFF, 0xC0,
  0x00, 0x08, 0xFF, 0xFB, 0x00, 0x00, 0xDF, 0xFE, 0xFF, 0xF3, 0x00, 0x06, 0xFF, 0xF8, 0x00, 0x00,
  0x5F, 0xFF, 0xE1, 0x00, 0x2F, 0xFF, 0xAE, 0xFF, 0x60, 0x00, 0x9F, 0xFF, 0x40, 0x00, 0x01, 0xEF,
  0xFF, 0x50, 0x06, 0xFF, 0xF5, 0xEF, 0xFA, 0x00, 0x0C, 0xFF, 0xE1, 0x00, 0x00, 0x0B, 0xFF, 0xF8,
  0x00, 0x9F, 0xFD, 0x1C, 0xFF, 0xD0, 0x02, 0xFF, 0xFB, 0x00, 0x00, 0x00, 0x7F, 0xFF, 0xB0, 0x0C,
  0xFF, 0xA0, 0x9F, 0xFF, 0x30, 0x6F, 0xFF, 0x70, 0x00, 0x00, 0x04, 0xFF, 0xFE, 0x11, 0xEF, 0xF7,
  0x06, 0xFF, 0xF6, 0x09, 0xFF, 0xF4, 0x00, 0x00, 0x00, 0x1E, 0xFF, 0xF4, 0x4F, 0xFF, 0x40, 0x3F,
  0xFF, 0x90, 0xCF, 0xFD, 0x10, 0x00, 0x00, 0x00, 0xAF, 0xFF, 0x76, 0xFF, 0xE1, 0x00, 0xDF, 0xFC,
  0x2F, 0xFF, 0xA0, 0x00, 0x00, 0x00, 0x07, 0xFF, 0xFA, 0x9F, 0xFB, 0x00, 0x0A, 0xFF, 0xD6, 0xFF,
  0xF6, 0x00, 0x00, 0x00, 0x00, 0x3F, 0xFF, 0xDC, 0xFF, 0x80, 0x00, 0x6F, 0xFE, 0xBF, 0xFF, 0x30,
  0x00, 0x00, 0x00, 0x00, 0xDF, 0xFF, 0xFF, 0xF4, 0x00, 0x03, 0xFF, 0xFF, 0xFF, 0xD0, 0x00, 0x00,
  0x00, 0x00, 0x09, 0xFF, 0xFF, 0xFE, 0x10, 0x00, 0x1D, 0xFF, 0xFF, 0xF9, 0x00, 0x00, 0x00, 0x00,
  0x00, 0x6F, 0xFF, 0xFF, 0xB0, 0x00, 0x00, 0xAF, 0xFF, 0xFF, 0x50, 0x00, 0x00, 0x00, 0x00, 0x02,
  0xFF, 0xFF, 0xF8, 0x00, 0x00, 0x07, 0xFF, 0xFF, 0xF2, 0x00, 0x00, 0x00, 0x00, 0x00, 0x0B, 0xEE,
  0xEE, 0x50, 0x00, 0x00, 0x3E, 0xEE, 0xEB, 0x00, 0x00, 0x00, 0x00, 0x00, 0x00, 0x01, 0x11, 0x10,
  0x00, 0x00, 0x00, 0x11, 0x11, 0x00, 0x00, 0x00, 0x00, 0x00, 0x11, 0x11, 0x10, 0x00, 0x00, 0x00,
  0x01, 0x11, 0x11, 0x00, 0x00, 0xAE, 0xEE, 0xE5, 0x00, 0x00, 0x00, 0x4E, 0xEE, 0xE7, 0x00, 0x00,
  0x2E, 0xFF, 0xFE, 0x20, 0x00, 0x01, 0xDF, 0xFF, 0xC1, 0x00, 0x00, 0x05, 0xFF, 0xFF, 0xA0, 0x00,
  0x08, 0xFF, 0xFE, 0x30, 0x00, 0x00, 0x00, 0xAF, 0xFF, 0xF5, 0x00, 0x4F, 0xFF, 0xF7, 0x00, 0x00,
  0x00, 0x00, 0x1D, 0xFF, 0xFE, 0x10, 0xCF, 0xFF, 0xB0, 0x00, 0x00, 0x00, 0x00, 0x04, 0xFF, 0xFF,
  0x98, 0xFF, 0xFE, 0x20, 0x00, 0x00, 0x00, 0x00, 0x00, 0x8F, 0xFF, 0xFF, 0xFF, 0xF5, 0x00, 0x00,
  0x00, 0x00, 0x00, 0x00, 0x1C, 0xFF, 0xFF, 0xFF, 0xA0, 0x00, 0x00, 0x00, 0x00, 0x00, 0x00, 0x03,
  0xEF, 0xFF, 0xFD, 0x10, 0x00, 0x00, 0x00, 0x00, 0x00, 0x00, 0x03, 0xEF, 0xFF, 0xFD, 0x10, 0x00,
  0x00, 0x00, 0x00, 0x00, 0x00, 0x1C, 0xFF, 0xFF, 0xFF, 0x90, 0x00, 0x00, 0x00, 0x00, 0x00, 0x00,
  0x8F, 0xFF, 0xFF, 0xFF, 0xF5, 0x00, 0x00, 0x00, 0x00, 0x00, 0x04, 0xFF, 0xFF, 0x6B, 0xFF, 0xFE,
  0x20, 0x00, 0x00, 0x00, 0x00, 0x1D, 0xFF, 0xFA, 0x03, 0xFF, 0xFF, 0xA0, 0x00, 0x00, 0x00, 0x00,
  0x9F, 0xFF, 0xE1, 0x00, 0x8F, 0xFF, 0xF6, 0x00, 0x00, 0x00, 0x05, 0xFF, 0xFF, 0x50, 0x00, 0x1C,
  0xFF, 0xFE, 0x20, 0x00, 0x00, 0x2E, 0xFF, 0xFA, 0x00, 0x00, 0x04, 0xFF, 0xFF, 0xB0, 0x00, 0x00,
  0xBF, 0xFF, 0xE2, 0x00, 0x00, 0x00, 0x8F, 0xFF, 0xF7, 0x00, 0x05, 0xEE, 0xEE, 0x60, 0x00, 0x00,
  0x00, 0x1C, 0xEE, 0xEE, 0x30, 0x01, 0x11, 0x11, 0x00, 0x00, 0x00, 0x00, 0x00, 0x11, 0x11, 0x10,
  0x01, 0x11, 0x11, 0x00, 0x00, 0x00, 0x00, 0x00, 0x11, 0x11, 0x00, 0x8E, 0xEE, 0xE3, 0x00, 0x00,
  0x00, 0x01, 0xDE, 0xEE, 0x70, 0x01, 0xEF, 0xFF, 0xC0, 0x00, 0x00, 0x00, 0x9F, 0xFF, 0xD1, 0x00,
  0x05, 0xFF, 0xFF, 0x60, 0x00, 0x00, 0x3F, 0xFF, 0xF4, 0x00, 0x00, 0x0A, 0xFF, 0xFE, 0x20, 0x00,
  0x0C, 0xFF, 0xF9, 0x00, 0x00, 0x00, 0x1E, 0xFF, 0xF9, 0x00, 0x06, 0xFF, 0xFD, 0x10, 0x00, 0x00,
  0x00, 0x5F, 0xFF, 0xF4, 0x02, 0xEF, 0xFF, 0x40, 0x00, 0x00, 0x00, 0x00, 0xAF, 0xFF, 0xC0, 0x9F,
  0xFF, 0x90, 0x00, 0x00, 0x00, 0x00, 0x02, 0xEF, 0xFF, 0xAE, 0xFF, 0xE1, 0x00, 0x00, 0x00, 0x00,
  0x00, 0x06, 0xFF, 0xFF, 0xFF, 0xF5, 0x00, 0x00, 0x00, 0x00, 0x00, 0x00, 0x0B, 0xFF, 0xFF, 0xFA,
  0x00, 0x00, 0x00, 0x00, 0x00, 0x00, 0x00, 0x2E, 0xFF, 0xFE, 0x20, 0x00, 0x00, 0x00, 0x00, 0x00,
  0x00, 0x00, 0x8F, 0xEF, 0x80, 0x00, 0x00, 0x00, 0x00, 0x00, 0x00, 0x00, 0x07, 0xFE, 0xF7, 0x00,
  0x00, 0x00, 0x00, 0x00, 0x00, 0x00, 0x00, 0x8F, 0xEF, 0x70, 0x00, 0x00, 0x00, 0x00, 0x00, 0x00,
  0x00, 0x07, 0xFE, 0xF7, 0x00, 0x00, 0x00, 0x00, 0x00, 0x00, 0x00, 0x00, 0x7F, 0xEF, 0x70, 0x00,
  0x00, 0x00, 0x00, 0x00, 0x00, 0x00, 0x07, 0xFE, 0xF7, 0x00, 0x00, 0x00, 0x00, 0x00, 0x00, 0x00,
  0x00, 0x8F, 0xFF, 0x70, 0x00, 0x00, 0x00, 0x00, 0x00, 0x00, 0x00, 0x07, 0xED, 0xE7, 0x00, 0x00,
  0x00, 0x00, 0x00, 0x00, 0x00, 0x00, 0x01, 0x11, 0x00, 0x00, 0x00, 0x00, 0x00, 0x00, 0x01, 0x11,
  0x11, 0x11, 0x11, 0x11, 0x11, 0x10, 0x00, 0x00, 0x8E, 0xEE, 0xEE, 0xEE, 0xEE, 0xEE, 0xEE, 0xE8,
  0x00, 0x00, 0x8F, 0xFF, 0xFF, 0xFF, 0xFF, 0xFF, 0xFF, 0xF9, 0x00, 0x00, 0x9F, 0xFF, 0xFF, 0xFF,
  0xFF, 0xFF, 0xFF, 0xE3, 0x00, 0x00, 0x47, 0x77, 0x78, 0x88, 0x7D, 0xFF, 0xFF, 0x60, 0x00, 0x00,
  0x00, 0x00, 0x00, 0x00, 0x3E, 0xFF, 0xFA, 0x00, 0x00, 0x00, 0x00, 0x00, 0x00, 0x01, 0xDF, 0xFF,
  0xD1, 0x00, 0x00, 0x00, 0x00, 0x00, 0x00, 0x0A, 0xFF, 0xFF, 0x40, 0x00, 0x00, 0x00, 0x00, 0x00,
  0x00, 0x5F, 0xFF, 0xF8, 0x00, 0x00, 0x00, 0x00, 0x00, 0x00, 0x02, 0xEF, 0xFF, 0xC1, 0x00, 0x00,
  0x00, 0x00, 0x00, 0x00, 0x0B, 0xFF, 0xFE, 0x30, 0x00, 0x00, 0x00, 0x00, 0x00, 0x00, 0x6F, 0xFF,
  0xF6, 0x00, 0x00, 0x00, 0x00, 0x00, 0x00, 0x03, 0xEF, 0xFF, 0xA0, 0x00, 0x00, 0x00, 0x00, 0x00,
  0x00, 0x0C, 0xFF, 0xFE, 0x10, 0x00, 0x00, 0x00, 0x00, 0x00, 0x00, 0x7F, 0xFF, 0xF5, 0x00, 0x00,
  0x00, 0x00, 0x00, 0x00, 0x03, 0xFF, 0xFF, 0x80, 0x00, 0x00, 0x00, 0x00, 0x00, 0x00, 0x1C, 0xFF,
  0xFF, 0x88, 0x87, 0x87, 0x77, 0x77, 0x10, 0x00, 0x9F, 0xFF, 0xFF, 0xFF, 0xFF, 0xFF, 0xFF, 0xFF,
  0x10, 0x01, 0xFF, 0xFF, 0xFF, 0xFF, 0xFF, 0xFF, 0xFF, 0xFF, 0x10, 0x01, 0xEE, 0xEE, 0xEE, 0xEE,
  0xEE, 0xEE, 0xEE, 0xEE, 0x10, 0x00, 0x11, 0x11, 0x11, 0x11, 0x11, 0x11, 0x11, 0x11, 0x00, 0x00,
  0x00, 0x11, 0x11, 0x11, 0x00, 0x00, 0x01, 0xDE, 0xEE, 0xEE, 0x40, 0x00, 0x01, 0xEF, 0xFF, 0xFF,
  0x50, 0x00, 0x01, 0xEF, 0xE8, 0x77, 0x20, 0x00, 0x01, 0xEF, 0xE0, 0x00, 0x00, 0x00, 0x01, 0xEF,
  0xE1, 0x00, 0x00, 0x00, 0x01, 0xEF, 0xE1, 0x00, 0x00, 0x00, 0x01, 0xEF, 0xE1, 0x00, 0x00, 0x00,
  0x01, 0xEF, 0xE1, 0x00, 0x00, 0x00, 0x01, 0xEF, 0xE1, 0x00, 0x00, 0x00, 0x01, 0xEF, 0xE1, 0x00,
  0x00, 0x00, 0x01, 0xEF, 0xE1, 0x00, 0x00, 0x00, 0x01, 0xEF, 0xE1, 0x00, 0x00, 0x00, 0x01, 0xEF,
  0xE1, 0x00, 0x00, 0x00, 0x01, 0xEF, 0xE1, 0x00, 0x00, 0x00, 0x01, 0xEF, 0xE1, 0x00, 0x00, 0x00,
  0x01, 0xEF, 0xE1, 0x00, 0x00, 0x00, 0x01, 0xEF, 0xE1, 0x00, 0x00, 0x00, 0x01, 0xEF, 0xE1, 0x00,
  0x00, 0x00, 0x01, 0xEF, 0xE1, 0x00, 0x00, 0x00, 0x01, 0xEF, 0xE1, 0x00, 0x00, 0x00, 0x01, 0xEF,
  0xE1, 0x00, 0x00, 0x00, 0x01, 0xEF, 0xE0, 0x00, 0x00, 0x00, 0x01, 0xEF, 0xE8, 0x77, 0x20, 0x00,
  0x01, 0xEF, 0xFF, 0xFF, 0x50, 0x00, 0x01, 0xDE, 0xEE, 0xEE, 0x40, 0x00, 0x00, 0x11, 0x11, 0x11,
  0x00, 0x00, 0x00, 0x00, 0x00, 0x00, 0x19, 0xB6, 0x00, 0x00, 0x00, 0x0B, 0xFC, 0x00, 0x00, 0x00,
  0x07, 0xFE, 0x20, 0x00, 0x00, 0x04, 0xFF, 0x50, 0x00, 0x00, 0x01, 0xEF, 0x80, 0x00, 0x00, 0x00,
  0xAF, 0xC0, 0x00, 0x00, 0x00, 0x7F, 0xE2, 0x00, 0x00, 0x00, 0x4F, 0xF5, 0x00, 0x00, 0x00, 0x1D,
  0xF8, 0x00, 0x00, 0x00, 0x0A, 0xFC, 0x00, 0x00, 0x00, 0x07, 0xFE, 0x20, 0x00, 0x00, 0x03, 0xFF,
  0x50, 0x00, 0x00, 0x01, 0xDF, 0x80, 0x00, 0x00, 0x00, 0xAF, 0xC0, 0x00, 0x00, 0x00, 0x7F, 0xE2,
  0x00, 0x00, 0x00, 0x3F, 0xF5, 0x00, 0x00, 0x00, 0x1D, 0xF9, 0x00, 0x00, 0x00, 0x0A, 0xFC, 0x00,
  0x00, 0x00, 0x07, 0xFE, 0x20, 0x00, 0x00, 0x03, 0xFF, 0x50, 0x00, 0x00, 0x01, 0xDF, 0x90, 0x00,
  0x00, 0x00, 0xAE, 0xB0, 0x00, 0x00, 0x00, 0x01, 0x10, 0x00, 0x11, 0x11, 0x11, 0x00, 0x00, 0x01,
  0xEE, 0xEE, 0xEE, 0x20, 0x00, 0x02, 0xFF, 0xFF, 0xFF, 0x30, 0x00, 0x01, 0x77, 0x9F, 0xFF, 0x30,
  0x00, 0x00, 0x00, 0x2F, 0xFF, 0x30, 0x00, 0x00, 0x00, 0x3F, 0xFF, 0x30, 0x00, 0x00, 0x00, 0x3F,
  0xFF, 0x30, 0x00, 0x00, 0x00, 0x3F, 0xFF, 0x30, 0x00, 0x00, 0x00, 0x3F, 0xFF, 0x30, 0x00, 0x00,
  0x00, 0x3F, 0xFF, 0x30, 0x00, 0x00, 0x00, 0x3F, 0xFF, 0x30, 0x00, 0x00, 0x00, 0x3F, 0xFF, 0x30,
  0x00, 0x00, 0x00, 0x3F, 0xFF, 0x30, 0x00, 0x00, 0x00, 0x3F, 0xFF, 0x30, 0x00, 0x00, 0x00, 0x3F,
  0xFF, 0x30, 0x00, 0x00, 0x00, 0x3F, 0xFF, 0x30, 0x00, 0x00, 0x00, 0x3F, 0xFF, 0x30, 0x00, 0x00,
  0x00, 0x3F, 0xFF, 0x30, 0x00, 0x00, 0x00, 0x3F, 0xFF, 0x30, 0x00, 0x00, 0x00, 0x3F, 0xFF, 0x30,
  0x00, 0x00, 0x00, 0x3F, 0xFF, 0x30, 0x00, 0x00, 0x00, 0x3F, 0xFF, 0x30, 0x00, 0x00, 0x00, 0x2F,
  0xFF, 0x30, 0x00, 0x01, 0x77, 0x9F, 0xFF, 0x30, 0x00, 0x02, 0xFF, 0xFF, 0xFF, 0x30, 0x00, 0x01,
  0xEE, 0xEE, 0xEE, 0x20, 0x00, 0x00, 0x11, 0x11, 0x11, 0x00, 0x00, 0x00, 0x00, 0x00, 0x00, 0x00,
  0x00, 0x00, 0x00, 0x00, 0x00, 0x00, 0x00, 0x00, 0x00, 0x8A, 0xA7, 0x00, 0x00, 0x00, 0x00, 0x00,
  0x00, 0x00, 0x02, 0xFF, 0xFF, 0x20, 0x00, 0x00, 0x00, 0x00, 0x00, 0x00, 0x08, 0xFF, 0xFF, 0x70,
  0x00, 0x00, 0x00, 0x00, 0x00, 0x00, 0x1D, 0xFE, 0xEF, 0xD0, 0x00, 0x00, 0x00, 0x00, 0x00, 0x00,
  0x5F, 0xF8, 0x9F, 0xF5, 0x00, 0x00, 0x00, 0x00, 0x00, 0x00, 0xBF, 0xF3, 0x4F, 0xFA, 0x00, 0x00,
  0x00, 0x00, 0x00, 0x03, 0xFF, 0xC0, 0x0D, 0xFF, 0x20, 0x00, 0x00, 0x00, 0x00, 0x09, 0xFF, 0x70,
  0x08, 0xFF, 0x80, 0x00, 0x00, 0x00, 0x00, 0x1E, 0xFE, 0x20, 0x03, 0xFF, 0xD1, 0x00, 0x00, 0x00,
  0x00, 0x6F, 0xFB, 0x00, 0x00, 0xBF, 0xF5, 0x00, 0x00, 0x00, 0x00, 0xDF, 0xF5, 0x00, 0x00, 0x6F,
  0xFC, 0x00, 0x00, 0x00, 0x00, 0x44, 0x41, 0x00, 0x00, 0x14, 0x44, 0x00, 0x00, 0x00, 0x00, 0x00,
  0x00, 0x00, 0x00, 0x00, 0x00, 0x00, 0x00, 0x00, 0x00, 0x00, 0x00, 0x00, 0x00, 0x00, 0x00, 0x00,
  0x00, 0x00, 0x00, 0x00, 0x00, 0x00, 0x00, 0x00, 0x00, 0x00, 0x00, 0x00, 0x00, 0x00, 0x00, 0x00,
  0x00, 0x00, 0x00, 0x00, 0x00, 0x00, 0x00, 0x00, 0x00, 0x00, 0x00, 0x00, 0x00, 0x00, 0x00, 0x00,
  0x00, 0x00, 0x00, 0x00, 0x00, 0x00, 0x00, 0x00, 0x00, 0x00, 0x00, 0x00, 0x00, 0x00, 0x00, 0x00,
  0x00, 0x00, 0x00, 0x00, 0x00, 0x00, 0x00, 0x00, 0x00, 0x00, 0x00, 0x00, 0x00, 0x00, 0x00, 0x00,
  0x00, 0x00, 0x00, 0x00, 0x00, 0x00, 0x00, 0x00, 0x00, 0x00, 0x00, 0x00, 0x00, 0x00, 0x00, 0x00,
  0x00, 0x00, 0x00, 0x00, 0x00, 0x00, 0x00, 0x03, 0x33, 0x33, 0x33, 0x33, 0x33, 0x33, 0x30, 0x1F,
  0xFF, 0xFF, 0xFF, 0xFF, 0xFF, 0xFF, 0xF1, 0x1E, 0xEE, 0xEE, 0xEE, 0xEE, 0xEE, 0xEE, 0xE1, 0x02,
  0x22, 0x22, 0x22, 0x22, 0x22, 0x22, 0x20, 0x01, 0x11, 0x10, 0x00, 0x08, 0xEE, 0xD2, 0x00, 0x00,
  0xBF, 0xFA, 0x00, 0x00, 0x1B, 0xFF, 0x60, 0x00, 0x01, 0x77, 0x60, 0x00, 0x00, 0x00, 0x00, 0x00,
  0x00, 0x00, 0x00, 0x00, 0x00, 0x00, 0x00, 0x00, 0x00, 0x00, 0x00, 0x00, 0x00, 0x00, 0x00, 0x00,
  0x00, 0x00, 0x00, 0x00, 0x00, 0x00, 0x00, 0x00, 0x00, 0x00, 0x00, 0x00, 0x00, 0x00, 0x00, 0x00,
  0x00, 0x00, 0x00, 0x00, 0x00, 0x00, 0x00, 0x00, 0x00, 0x00, 0x00, 0x00, 0x00, 0x00, 0x00, 0x00,
  0x00, 0x00, 0x00, 0x00, 0x00, 0x00, 0x00, 0x00, 0x00, 0x00, 0x00, 0x00, 0x00, 0x00, 0x00, 0x00,
  0x00, 0x00, 0x00, 0x00, 0x00, 0x00, 0x00, 0x00, 0x00, 0x00, 0x04, 0x79, 0xAA, 0x96, 0x20, 0x00,
  0x00, 0x00, 0x02, 0xBF, 0xFF, 0xFF, 0xFF, 0xE7, 0x00, 0x00, 0x00, 0x1D, 0xFF, 0xFF, 0xFF, 0xFF,
  0xFF, 0x50, 0x00, 0x00, 0x6F, 0xFF, 0xE8, 0x66, 0xBF, 0xFF, 0xC0, 0x00, 0x00, 0x8E, 0xEE, 0x60,
  0x00, 0x1D, 0xFF, 0xE1, 0x00, 0x00, 0x12, 0x21, 0x00, 0x00, 0x0C, 0xFF, 0xF2, 0x00, 0x00, 0x00,
  0x02, 0x68, 0xAB, 0xCE, 0xFF, 0xF2, 0x00, 0x00, 0x03, 0xBF, 0xFF, 0xFF, 0xFF, 0xFF, 0xF2, 0x00,
  0x00, 0x3E, 0xFF, 0xFF, 0xDC, 0xBE, 0xFF, 0xF2, 0x00, 0x00, 0xAF, 0xFF, 0xB4, 0x10, 0x0C, 0xFF,
  0xF2, 0x00, 0x01, 0xEF, 0xFD, 0x00, 0x00, 0x1D, 0xFF, 0xF2, 0x00, 0x01, 0xFF, 0xFD, 0x00, 0x00,
  0x8F, 0xFF, 0xF1, 0x00, 0x01, 0xDF, 0xFF, 0xB6, 0x6A, 0xFF, 0xFF, 0xF9, 0x40, 0x00, 0x9F, 0xFF,
  0xFF, 0xFF, 0xFD, 0xFF, 0xFF, 0xB0, 0x00, 0x1C, 0xFF, 0xFF, 0xFF, 0x72, 0xEF, 0xFF, 0xC0, 0x00,
  0x00, 0x59, 0xAA, 0x73, 0x00, 0x28, 0xA9, 0x40, 0x00, 0x00, 0x00, 0x00, 0x00, 0x00, 0x00, 0x00,
  0x00, 0x00, 0x01, 0x11, 0x10, 0x00, 0x00, 0x00, 0x00, 0x00, 0x00, 0x01, 0xDE, 0xED, 0x10, 0x00,
  0x00, 0x00, 0x00, 0x00, 0x00, 0x1E, 0xFF, 0xE1, 0x00, 0x00, 0x00, 0x00, 0x00, 0x00, 0x01, 0xEF,
  0xFE, 0x10, 0x00, 0x00, 0x00, 0x00, 0x00, 0x00, 0x1E, 0xFF, 0xE1, 0x00, 0x00, 0x00, 0x00, 0x00,
  0x00, 0x01, 0xEF, 0xFE, 0x10, 0x00, 0x10, 0x00, 0x00, 0x00, 0x00, 0x1E, 0xFF, 0xE0, 0x4A, 0xCC,
  0xB7, 0x10, 0x00, 0x00, 0x01, 0xEF, 0xFE, 0x8F, 0xFF, 0xFF, 0xFD, 0x30, 0x00, 0x00, 0x1E, 0xFF,
  0xFF, 0xFE, 0xEF, 0xFF, 0xFC, 0x10, 0x00, 0x01, 0xEF, 0xFF, 0xF7, 0x22, 0x6E, 0xFF, 0xF6, 0x00,
  0x00, 0x1E, 0xFF, 0xF8, 0x00, 0x00, 0x7F, 0xFF, 0xA0, 0x00, 0x01, 0xEF, 0xFF, 0x30, 0x00, 0x02,
  0xFF, 0xFD, 0x00, 0x00, 0x1E, 0xFF, 0xE1, 0x00, 0x00, 0x1E, 0xFF, 0xE1, 0x00, 0x01, 0xEF, 0xFE,
  0x10, 0x00, 0x01, 0xEF, 0xFE, 0x10, 0x00, 0x1E, 0xFF, 0xE1, 0x00, 0x00, 0x1E, 0xFF, 0xE1, 0x00,
  0x01, 0xEF, 0xFF, 0x30, 0x00, 0x03, 0xFF, 0xFC, 0x00, 0x00, 0x1E, 0xFF, 0xF9, 0x00, 0x00, 0x8F,
  0xFF, 0xA0, 0x00, 0x01, 0xEF, 0xFF, 0xF8, 0x33, 0x7F, 0xFF, 0xF5, 0x00, 0x00, 0x1E, 0xFF, 0xDF,
  0xFF, 0xFF, 0xFF, 0xFB, 0x00, 0x00, 0x01, 0xFF, 0xF7, 0x6F, 0xFF, 0xFF, 0xFC, 0x20, 0x00, 0x00,
  0x07, 0x88, 0x30, 0x38, 0xAB, 0x96, 0x00, 0x00, 0x00, 0x00, 0x00, 0x00, 0x00, 0x00, 0x00, 0x00,
  0x00, 0x00, 0x00, 0x00, 0x00, 0x00, 0x00, 0x00, 0x00, 0x00, 0x00, 0x00, 0x00, 0x01, 0x58, 0xAA,
  0x97, 0x30, 0x00, 0x00, 0x00, 0x00, 0x5D, 0xFF, 0xFF, 0xFF, 0xFA, 0x10, 0x00, 0x00, 0x06, 0xFF,
  0xFF, 0xFF, 0xFF, 0xFF, 0xB0, 0x00, 0x00, 0x2E, 0xFF, 0xFC, 0x76, 0x9F, 0xFF, 0xF6, 0x00, 0x00,
  0x7F, 0xFF, 0xB0, 0x00, 0x07, 0xFF, 0xFB, 0x00, 0x00, 0xBF, 0xFF, 0x40, 0x00, 0x02, 0xFF, 0xFE,
  0x00, 0x00, 0xDF, 0xFF, 0x20, 0x00, 0x00, 0x44, 0x44, 0x00, 0x01, 0xEF, 0xFE, 0x10, 0x00, 0x00,
  0x00, 0x00, 0x00, 0x01, 0xEF, 0xFE, 0x10, 0x00, 0x00, 0x00, 0x00, 0x00, 0x00, 0xDF, 0xFE, 0x20,
  0x00, 0x00, 0x44, 0x44, 0x00, 0x00, 0xBF, 0xFF, 0x40, 0x00, 0x02, 0xFF, 0xFE, 0x00, 0x00, 0x7F,
  0xFF, 0xB0, 0x00, 0x07, 0xFF, 0xFB, 0x00, 0x00, 0x2E, 0xFF, 0xFC, 0x76, 0x9F, 0xFF, 0xF6, 0x00,
  0x00, 0x06, 0xFF, 0xFF, 0xFF, 0xFF, 0xFF, 0xB0, 0x00, 0x00, 0x00, 0x6D, 0xFF, 0xFF, 0xFF, 0xF9,
  0x10, 0x00, 0x00, 0x00, 0x01, 0x58, 0xAA, 0x97, 0x30, 0x00, 0x00, 0x00, 0x00, 0x00, 0x00, 0x00,
  0x00, 0x00, 0x00, 0x00, 0x00, 0x00, 0x00, 0x00, 0x00, 0x00, 0x11, 0x11, 0x00, 0x00, 0x00, 0x00,
  0x00, 0x00, 0x00, 0x1D, 0xEE, 0xD1, 0x00, 0x00, 0x00, 0x00, 0x00, 0x00, 0x01, 0xEF, 0xFE, 0x10,
  0x00, 0x00, 0x00, 0x00, 0x00, 0x00, 0x1E, 0xFF, 0xE1, 0x00, 0x00, 0x00, 0x00, 0x00, 0x00, 0x01,
  0xEF, 0xFE, 0x10, 0x00, 0x00, 0x00, 0x00, 0x00, 0x00, 0x1E, 0xFF, 0xE1, 0x00, 0x00, 0x00, 0x17,
  0xBC, 0xCA, 0x50, 0xEF, 0xFE, 0x10, 0x00, 0x00, 0x2D, 0xFF, 0xFF, 0xFF, 0xAE, 0xFF, 0xE1, 0x00,
  0x00, 0x0C, 0xFF, 0xFF, 0xEE, 0xFF, 0xFF, 0xFE, 0x10, 0x00, 0x05, 0xFF, 0xFE, 0x62, 0x26, 0xEF,
  0xFF, 0xE1, 0x00, 0x00, 0xAF, 0xFF, 0x70, 0x00, 0x06, 0xFF, 0xFE, 0x10, 0x00, 0x0C, 0xFF, 0xF2,
  0x00, 0x00, 0x1E, 0xFF, 0xE1, 0x00, 0x01, 0xEF, 0xFE, 0x10, 0x00, 0x00, 0xDF, 0xFE, 0x10, 0x00,
  0x1E, 0xFF, 0xE1, 0x00, 0x00, 0x0C, 0xFF, 0xE1, 0x00, 0x01, 0xEF, 0xFE, 0x10, 0x00, 0x00, 0xDF,
  0xFE, 0x10, 0x00, 0x0C, 0xFF, 0xF3, 0x00, 0x00, 0x2F, 0xFF, 0xE1, 0x00, 0x00, 0xAF, 0xFF, 0x80,
  0x00, 0x08, 0xFF, 0xFE, 0x10, 0x00, 0x05, 0xFF, 0xFF, 0x84, 0x37, 0xFF, 0xFF, 0xE1, 0x00, 0x00,
  0x0B, 0xFF, 0xFF, 0xFF, 0xFF, 0xDF, 0xFE, 0x10, 0x00, 0x00, 0x1B, 0xFF, 0xFF, 0xFF, 0x76, 0xFF,
  0xF1, 0x00, 0x00, 0x00, 0x05, 0x9B, 0xB8, 0x40, 0x28, 0x87, 0x00, 0x00, 0x00, 0x00, 0x00, 0x00,
  0x00, 0x00, 0x00, 0x00, 0x00, 0x00, 0x00, 0x00, 0x00, 0x00, 0x00, 0x00, 0x00, 0x00, 0x00, 0x00,
  0x01, 0x58, 0xAA, 0x97, 0x20, 0x00, 0x00, 0x00, 0x00, 0x6D, 0xFF, 0xFF, 0xFF, 0xF8, 0x00, 0x00,
  0x00, 0x06, 0xFF, 0xFF, 0xFF, 0xFF, 0xFF, 0x90, 0x00, 0x00, 0x2E, 0xFF, 0xFB, 0x76, 0x9F, 0xFF,
  0xF3, 0x00, 0x00, 0x8F, 0xFF, 0xA0, 0x00, 0x07, 0xFF, 0xF9, 0x00, 0x00, 0xBF, 0xFF, 0x20, 0x00,
  0x01, 0xEF, 0xFC, 0x00, 0x00, 0xDF, 0xFF, 0xCC, 0xCC, 0xCC, 0xFF, 0xFD, 0x10, 0x01, 0xEF, 0xFF,
  0xFF, 0xFF, 0xFF, 0xFF, 0xFF, 0x10, 0x01, 0xEF, 0xFF, 0xCB, 0xBB, 0xBB, 0xBB, 0xBB, 0x10, 0x00,
  0xDF, 0xFE, 0x00, 0x00, 0x00, 0x00, 0x00, 0x00, 0x00, 0xBF, 0xFF, 0x30, 0x10, 0x01, 0xDD, 0xDC,
  0x10, 0x00, 0x8F, 0xFF, 0xA0, 0x00, 0x06, 0xFF, 0xFC, 0x00, 0x00, 0x2E, 0xFF, 0xFB, 0x76, 0x9F,
  0xFF, 0xF7, 0x00, 0x00, 0x06, 0xFF, 0xFF, 0xFF, 0xFF, 0xFF, 0xC1, 0x00, 0x00, 0x00, 0x6D, 0xFF,
  0xFF, 0xFF, 0xFA, 0x20, 0x00, 0x00, 0x00, 0x01, 0x58, 0xAA, 0x97, 0x30, 0x00, 0x00, 0x00, 0x00,
  0x00, 0x00, 0x00, 0x00, 0x00, 0x00, 0x00, 0x00, 0x00, 0x04, 0x9B, 0xA9, 0x30, 0x00, 0x00, 0x6F,
  0xFF, 0xFF, 0x70, 0x00, 0x01, 0xEF, 0xFF, 0xFE, 0x60, 0x00, 0x04, 0xFF, 0xFE, 0x53, 0x10, 0x00,
  0x04, 0xFF, 0xFC, 0x00, 0x00, 0x01, 0x37, 0xFF, 0xFD, 0x33, 0x10, 0x06, 0xFF, 0xFF, 0xFF, 0xFF,
  0x60, 0x07, 0xFF, 0xFF, 0xFF, 0xFF, 0x70, 0x05, 0xCC, 0xFF, 0xFE, 0xBC, 0x50, 0x00, 0x04, 0xFF,
  0xFC, 0x00, 0x00, 0x00, 0x05, 0xFF, 0xFC, 0x00, 0x00, 0x00, 0x05, 0xFF, 0xFC, 0x00, 0x00, 0x00,
  0x05, 0xFF, 0xFC, 0x00, 0x00, 0x00, 0x05, 0xFF, 0xFC, 0x00, 0x00, 0x00, 0x05, 0xFF, 0xFC, 0x00,
  0x00, 0x00, 0x05, 0xFF, 0xFC, 0x00, 0x00, 0x00, 0x05, 0xFF, 0xFC, 0x00, 0x00, 0x00, 0x05, 0xFF,
  0xFC, 0x00, 0x00, 0x00, 0x05, 0xFF, 0xFC, 0x00, 0x00, 0x00, 0x05, 0xEE, 0xEC, 0x00, 0x00, 0x00,
  0x00, 0x11, 0x11, 0x00, 0x00, 0x00, 0x00, 0x00, 0x00, 0x00, 0x00, 0x03, 0xDF, 0xFF, 0x30, 0x00,
  0x00, 0x03, 0x7A, 0xBB, 0xB9, 0x8E, 0xFF, 0xF7, 0x00, 0x00, 0x01, 0x9F, 0xFF, 0xFF, 0xFF, 0xFF,
  0xFB, 0x40, 0x00, 0x00, 0x0A, 0xFF, 0xFE, 0xB9, 0xBE, 0xFF, 0xFB, 0x00, 0x00, 0x00, 0x3F, 0xFF,
  0xE4, 0x00, 0x04, 0xEF, 0xFF, 0x40, 0x00, 0x00, 0x6F, 0xFF, 0xB0, 0x00, 0x00, 0xBF, 0xFF, 0x60,
  0x00, 0x00, 0x6F, 0xFF, 0xB0, 0x00, 0x00, 0xBF, 0xFF, 0x60, 0x00, 0x00, 0x2E, 0xFF, 0xE5, 0x00,
  0x05, 0xEF, 0xFF, 0x30, 0x00, 0x00, 0x06, 0xEF, 0xFF, 0xCB, 0xCF, 0xFF, 0xF9, 0x00, 0x00, 0x00,
  0x00, 0x7F, 0xFF, 0xFF, 0xFF, 0xFF, 0x91, 0x00, 0x00, 0x00, 0x08, 0xEF, 0xFC, 0xBB, 0xBA, 0x73,
  0x00, 0x00, 0x00, 0x00, 0x4F, 0xFF, 0xB0, 0x00, 0x00, 0x00, 0x00, 0x00, 0x00, 0x00, 0x7F, 0xFF,
  0xD6, 0x55, 0x55, 0x55, 0x43, 0x00, 0x00, 0x00, 0x3E, 0xFF, 0xFF, 0xFF, 0xFF, 0xFF, 0xFF, 0xB2,
  0x00, 0x00, 0x09, 0xFF, 0xFF, 0xFF, 0xFF, 0xFF, 0xFF, 0xFC, 0x00, 0x00, 0x8E, 0xFF, 0xCA, 0xAA,
  0xAA, 0xAC, 0xFF, 0xFF, 0x40, 0x04, 0xFF, 0xFB, 0x00, 0x00, 0x00, 0x00, 0xCF, 0xFF, 0x60, 0x07,
  0xFE, 0xFA, 0x00, 0x00, 0x00, 0x00, 0xBF, 0xFF, 0x50, 0x05, 0xFF, 0xFF, 0x96, 0x66, 0x66, 0x6A,
  0xFF, 0xFD, 0x10, 0x01, 0xCF, 0xFF, 0xFF, 0xFF, 0xFF, 0xFF, 0xFF, 0xD3, 0x00, 0x00, 0x18, 0xDE,
  0xEE, 0xEE, 0xEE, 0xED, 0xC8, 0x20, 0x00, 0x00, 0x00, 0x11, 0x11, 0x11, 0x11, 0x11, 0x00, 0x00,
  0x00, 0x00, 0x01, 0x11, 0x10, 0x00, 0x00, 0x00, 0x00, 0x00, 0x00, 0x01, 0xDE, 0xED, 0x10, 0x00,
  0x00, 0x00, 0x00, 0x00, 0x00, 0x1E, 0xFF, 0xE1, 0x00, 0x00, 0x00, 0x00, 0x00, 0x00, 0x01, 0xEF,
  0xFE, 0x10, 0x00, 0x00, 0x00, 0x00, 0x00, 0x00, 0x1E, 0xFF, 0xE1, 0x00, 0x00, 0x00, 0x00, 0x00,
  0x00, 0x01, 0xEF, 0xFE, 0x10, 0x00, 0x00, 0x00, 0x00, 0x00, 0x00, 0x1E, 0xFF, 0xE0, 0x16, 0x9B,
  0xA7, 0x20, 0x00, 0x00, 0x01, 0xEF, 0xFE, 0x4C, 0xFF, 0xFF, 0xFD, 0x30, 0x00, 0x00, 0x1E, 0xFF,
  0xFF, 0xFF, 0xFF, 0xFF, 0xFD, 0x10, 0x00, 0x01, 0xEF, 0xFF, 0xFC, 0x77, 0xBF, 0xFF, 0xF4, 0x00,
  0x00, 0x1E, 0xFF, 0xFA, 0x00, 0x00, 0xCF, 0xFF, 0x70, 0x00, 0x01, 0xEF, 0xFF, 0x30, 0x01, 0x08,
  0xFE, 0xF7, 0x00, 0x00, 0x1E, 0xFF, 0xE1, 0x00, 0x00, 0x7F, 0xEF, 0x70, 0x00, 0x01, 0xEF, 0xFE,
  0x10, 0x00, 0x07, 0xFE, 0xF7, 0x00, 0x00, 0x1E, 0xFF, 0xE1, 0x00, 0x00, 0x7F, 0xEF, 0x70, 0x00,
  0x01, 0xEF, 0xFE, 0x10, 0x00, 0x07, 0xFE, 0xF7, 0x00, 0x00, 0x1E, 0xFF, 0xE1, 0x00, 0x00, 0x7F,
  0xEF, 0x70, 0x00, 0x01, 0xEF, 0xFE, 0x10, 0x00, 0x07, 0xFE, 0xF7, 0x00, 0x00, 0x1E, 0xFF, 0xE1,
  0x00, 0x00, 0x7F, 0xEF, 0x70, 0x00, 0x01, 0xEF, 0xFE, 0x10, 0x00, 0x08, 0xFF, 0xF7, 0x00, 0x00,
  0x1D, 0xEE, 0xD1, 0x00, 0x00, 0x7E, 0xDE, 0x70, 0x00, 0x00, 0x11, 0x11, 0x00, 0x00, 0x00, 0x11,
  0x10, 0x00, 0x00, 0x01, 0x11, 0x10, 0x00, 0x00, 0x1D, 0xEE, 0xD1, 0x00, 0x00, 0x1E, 0xFF, 0xE1,
  0x00, 0x00, 0x1F, 0xFF, 0xF1, 0x00, 0x00, 0x07, 0x88, 0x70, 0x00, 0x00, 0x00, 0x00, 0x00, 0x00,
  0x00, 0x07, 0x88, 0x70, 0x00, 0x00, 0x1F, 0xFF, 0xF1, 0x00, 0x00, 0x1E, 0xFF, 0xE1, 0x00, 0x00,
  0x1E, 0xFF, 0xE1, 0x00, 0x00, 0x1E, 0xFF, 0xE1, 0x00, 0x00, 0x1E, 0xFF, 0xE1, 0x00, 0x00, 0x1E,
  0xFF, 0xE1, 0x00, 0x00, 0x1E, 0xFF, 0xE1, 0x00, 0x00, 0x1E, 0xFF, 0xE1, 0x00, 0x00, 0x1E, 0xFF,
  0xE1, 0x00, 0x00, 0x1E, 0xFF, 0xE1, 0x00, 0x00, 0x1E, 0xFF, 0xE1, 0x00, 0x00, 0x1E, 0xFF, 0xE1,
  0x00, 0x00, 0x1E, 0xFF, 0xE1, 0x00, 0x00, 0x1D, 0xEE, 0xD1, 0x00, 0x00, 0x01, 0x11, 0x10, 0x00,
  0x00, 0x00, 0x00, 0x00, 0x00, 0x00, 0x01, 0x66, 0x64, 0x00, 0x00, 0x03, 0xFF, 0xFA, 0x00, 0x00,
  0x03, 0xFE, 0xF9, 0x00, 0x00, 0x03, 0xFF, 0xF9, 0x00, 0x00, 0x03, 0xFF, 0xF9, 0x00, 0x00, 0x03,
  0xFF, 0xF9, 0x00, 0x00, 0x03, 0xFF, 0xF9, 0x00, 0x00, 0x03, 0xFF, 0xF9, 0x00, 0x00, 0x03, 0xFF,
  0xF9, 0x00, 0x00, 0x03, 0xFF, 0xF9, 0x00, 0x00, 0x03, 0xFF, 0xF9, 0x00, 0x00, 0x03, 0xFF, 0xF9,
  0x00, 0x00, 0x03, 0xFF, 0xF9, 0x00, 0x00, 0x03, 0xFF, 0xF9, 0x00, 0x00, 0x03, 0xFF, 0xF9, 0x00,
  0x00, 0x03, 0xFF, 0xF9, 0x00, 0x00, 0x03, 0xFF, 0xF9, 0x00, 0x04, 0x5B, 0xFF, 0xF8, 0x00, 0x0C,
  0xFF, 0xFF, 0xF4, 0x00, 0x0C, 0xFF, 0xFF, 0xA0, 0x00, 0x05, 0x9A, 0xA6, 0x00, 0x00, 0x00, 0x00,
  0x00, 0x00, 0x00, 0x00, 0x01, 0x11, 0x10, 0x00, 0x00, 0x00, 0x00, 0x00, 0x00, 0x2E, 0xEE, 0xB0,
  0x00, 0x00, 0x00, 0x00, 0x00, 0x00, 0x2F, 0xFF, 0xC0, 0x00, 0x00, 0x00, 0x00, 0x00, 0x00, 0x2F,
  0xFF, 0xC0, 0x00, 0x00, 0x00, 0x00, 0x00, 0x00, 0x2F, 0xFF, 0xC0, 0x00, 0x00, 0x00, 0x00, 0x00,
  0x00, 0x2F, 0xFF, 0xC0, 0x00, 0x00, 0x00, 0x00, 0x00, 0x00, 0x2F, 0xFF, 0xC0, 0x00, 0x03, 0x87,
  0x77, 0x10, 0x00, 0x2F, 0xFF, 0xC0, 0x00, 0x2E, 0xFF, 0xF7, 0x00, 0x00, 0x2F, 0xFF, 0xC0, 0x01,
  0xCF, 0xEF, 0x70, 0x00, 0x00, 0x2F, 0xFF, 0xC0, 0x0A, 0xFF, 0xF9, 0x00, 0x00, 0x00, 0x2F, 0xFF,
  0xC0, 0x8F, 0xFF, 0xB0, 0x00, 0x00, 0x00, 0x2F, 0xFF, 0xB5, 0xFF, 0xFC, 0x10, 0x00, 0x00, 0x00,
  0x2F, 0xFF, 0xEE, 0xFF, 0xF8, 0x00, 0x00, 0x00, 0x00, 0x2F, 0xFF, 0xFF, 0xFF, 0xFE, 0x20, 0x00,
  0x00, 0x00, 0x2F, 0xFF, 0xFF, 0xFF, 0xFF, 0xA0, 0x00, 0x00, 0x00, 0x2F, 0xFF, 0xFE, 0x5B, 0xFF,
  0xF4, 0x00, 0x00, 0x00, 0x2F, 0xFF, 0xE4, 0x04, 0xFF, 0xFC, 0x00, 0x00, 0x00, 0x2F, 0xFF, 0xC0,
  0x00, 0xBF, 0xFF, 0x70, 0x00, 0x00, 0x2F, 0xFF, 0xC0, 0x00, 0x3F, 0xFF, 0xE1, 0x00, 0x00, 0x2F,
  0xFF, 0xC0, 0x00, 0x0A, 0xFF, 0xF9, 0x00, 0x00, 0x2E, 0xEE, 0xB0, 0x00, 0x02, 0xDE, 0xEE, 0x30,
  0x00, 0x01, 0x11, 0x10, 0x00, 0x00, 0x11, 0x11, 0x10, 0x00, 0x01, 0x11, 0x10, 0x00, 0x00, 0x1D,
  0xEE, 0xD1, 0x00, 0x00, 0x1E, 0xFF, 0xE1, 0x00, 0x00, 0x1E, 0xFF, 0xE1, 0x00, 0x00, 0x1E, 0xFF,
  0xE1, 0x00, 0x00, 0x1E, 0xFF, 0xE1, 0x00, 0x00, 0x1E, 0xFF, 0xE1, 0x00, 0x00, 0x1E, 0xFF, 0xE1,
  0x00, 0x00, 0x1E, 0xFF, 0xE1, 0x00, 0x00, 0x1E, 0xFF, 0xE1, 0x00, 0x00, 0x1E, 0xFF, 0xE1, 0x00,
  0x00, 0x1E, 0xFF, 0xE1, 0x00, 0x00, 0x1E, 0xFF, 0xE1, 0x00, 0x00, 0x1E, 0xFF, 0xE1, 0x00, 0x00,
  0x1E, 0xFF, 0xE1, 0x00, 0x00, 0x1E, 0xFF, 0xE1, 0x00, 0x00, 0x1E, 0xFF, 0xE1, 0x00, 0x00, 0x1E,
  0xFF, 0xE1, 0x00, 0x00, 0x1E, 0xFF, 0xE1, 0x00, 0x00, 0x1E, 0xFF, 0xE1, 0x00, 0x00, 0x1D, 0xEE,
  0xD1, 0x00, 0x00, 0x01, 0x11, 0x10, 0x00, 0x00, 0x00, 0x00, 0x00, 0x00, 0x00, 0x00, 0x00, 0x00,
  0x00, 0x00, 0x00, 0x00, 0x00, 0x17, 0x77, 0x20, 0x38, 0xAA, 0x71, 0x00, 0x27, 0xAA, 0x84, 0x00,
  0x00, 0x00, 0x1F, 0xFF, 0x56, 0xFF, 0xFF, 0xFD, 0x15, 0xEF, 0xFF, 0xFF, 0x60, 0x00, 0x00, 0x1E,
  0xFF, 0xCF, 0xFF, 0xFF, 0xFF, 0xCE, 0xFF, 0xFF, 0xFF, 0xF2, 0x00, 0x00, 0x1F, 0xFF, 0xFF, 0x86,
  0xBF, 0xFF, 0xFF, 0xB6, 0x8F, 0xFF, 0xF6, 0x00, 0x00, 0x1F, 0xFF, 0xF6, 0x00, 0x0D, 0xFF, 0xFB,
  0x00, 0x08, 0xFF, 0xF8, 0x00, 0x00, 0x1F, 0xFF, 0xE1, 0x00, 0x0B, 0xFF, 0xF5, 0x01, 0x05, 0xFE,
  0xF9, 0x00, 0x00, 0x1F, 0xFF, 0xD0, 0x00, 0x0A, 0xFF, 0xF3, 0x00, 0x05, 0xFF, 0xF9, 0x00, 0x00,
  0x1F, 0xFF, 0xC0, 0x00, 0x0A, 0xFF, 0xF3, 0x00, 0x05, 0xFF, 0xF9, 0x00, 0x00, 0x1F, 0xFF, 0xC0,
  0x00, 0x0A, 0xFF, 0xF3, 0x00, 0x05, 0xFF, 0xF9, 0x00, 0x00, 0x1F, 0xFF, 0xC0, 0x00, 0x0A, 0xFF,
  0xF3, 0x00, 0x05, 0xFF, 0xF9, 0x00, 0x00, 0x1F, 0xFF, 0xC0, 0x00, 0x0A, 0xFF, 0xF3, 0x00, 0x05,
  0xFF, 0xF9, 0x00, 0x00, 0x1F, 0xFF, 0xC0, 0x00, 0x0A, 0xFF, 0xF3, 0x00, 0x05, 0xFF, 0xF9, 0x00,
  0x00, 0x1F, 0xFF, 0xC0, 0x00, 0x0A, 0xFF, 0xF3, 0x00, 0x05, 0xFE, 0xF9, 0x00, 0x00, 0x1F, 0xFF,
  0xD0, 0x00, 0x0B, 0xFF, 0xF3, 0x00, 0x05, 0xFF, 0xF9, 0x00, 0x00, 0x1E, 0xEE, 0xC0, 0x00, 0x0A,
  0xEE, 0xE3, 0x00, 0x05, 0xEE, 0xE8, 0x00, 0x00, 0x01, 0x11, 0x10, 0x00, 0x01, 0x11, 0x10, 0x00,
  0x00, 0x11, 0x10, 0x00, 0x00, 0x00, 0x00, 0x00, 0x00, 0x00, 0x00, 0x00, 0x00, 0x00, 0x00, 0x77,
  0x73, 0x02, 0x69, 0xBA, 0x72, 0x00, 0x00, 0x00, 0x1F, 0xFF, 0x74, 0xDF, 0xFF, 0xFF, 0xE3, 0x00,
  0x00, 0x01, 0xEF, 0xFD, 0xEF, 0xFF, 0xFF, 0xFF, 0xD1, 0x00, 0x00, 0x1E, 0xFF, 0xFF, 0xA5, 0x59,
  0xFF, 0xFF, 0x40, 0x00, 0x01, 0xEF, 0xFF, 0x90, 0x00, 0x0B, 0xFF, 0xF7, 0x00, 0x00, 0x1E, 0xFF,
  0xF2, 0x00, 0x00, 0x8F, 0xEF, 0x70, 0x00, 0x01, 0xEF, 0xFE, 0x10, 0x00, 0x07, 0xFE, 0xF7, 0x00,
  0x00, 0x1E, 0xFF, 0xE1, 0x00, 0x00, 0x7F, 0xEF, 0x70, 0x00, 0x01, 0xEF, 0xFE, 0x10, 0x00, 0x07,
  0xFE, 0xF7, 0x00, 0x00, 0x1E, 0xFF, 0xE1, 0x00, 0x00, 0x7F, 0xEF, 0x70, 0x00, 0x01, 0xEF, 0xFE,
  0x10, 0x00, 0x07, 0xFE, 0xF7, 0x00, 0x00, 0x1E, 0xFF, 0xE1, 0x00, 0x00, 0x7F, 0xEF, 0x70, 0x00,
  0x01, 0xEF, 0xFE, 0x10, 0x00, 0x07, 0xFE, 0xF7, 0x00, 0x00, 0x1E, 0xFF, 0xE1, 0x00, 0x00, 0x8F,
  0xFF, 0x70, 0x00, 0x01, 0xDE, 0xED, 0x10, 0x00, 0x07, 0xED, 0xE7, 0x00, 0x00, 0x01, 0x11, 0x10,
  0x00, 0x00, 0x01, 0x11, 0x00, 0x00, 0x00, 0x00, 0x00, 0x00, 0x00, 0x00, 0x00, 0x00, 0x00, 0x00,
  0x00, 0x00, 0x15, 0x8A, 0xAA, 0x85, 0x10, 0x00, 0x00, 0x00, 0x00, 0x5D, 0xFF, 0xFF, 0xFF, 0xFD,
  0x50, 0x00, 0x00, 0x00, 0x6F, 0xFF, 0xFF, 0xFF, 0xFF, 0xFF, 0x60, 0x00, 0x00, 0x2E, 0xFF, 0xFC,
  0x76, 0x7C, 0xFF, 0xFE, 0x20, 0x00, 0x07, 0xFF, 0xFC, 0x10, 0x00, 0x1C, 0xFF, 0xF7, 0x00, 0x00,
  0xBF, 0xFF, 0x50, 0x00, 0x00, 0x5F, 0xFF, 0xB0, 0x00, 0x0D, 0xFF, 0xF2, 0x00, 0x00, 0x02, 0xFF,
  0xFD, 0x00, 0x01, 0xEF, 0xFE, 0x10, 0x00, 0x00, 0x1E, 0xFF, 0xE1, 0x00, 0x1E, 0xFF, 0xE1, 0x00,
  0x00, 0x01, 0xEF, 0xFE, 0x10, 0x00, 0xDF, 0xFF, 0x20, 0x00, 0x00, 0x2F, 0xFF, 0xD0, 0x00, 0x0B,
  0xFF, 0xF4, 0x00, 0x00, 0x04, 0xFF, 0xFB, 0x00, 0x00, 0x7F, 0xFF, 0xB1, 0x00, 0x00, 0xBF, 0xFF,
  0x70, 0x00, 0x02, 0xEF, 0xFF, 0xC7, 0x67, 0xCF, 0xFF, 0xE2, 0x00, 0x00, 0x05, 0xFF, 0xFF, 0xFF,
  0xFF, 0xFF, 0xF5, 0x00, 0x00, 0x00, 0x05, 0xDF, 0xFF, 0xFF, 0xFF, 0xD5, 0x00, 0x00, 0x00, 0x00,
  0x01, 0x58, 0xAA, 0xA8, 0x51, 0x00, 0x00, 0x00, 0x00, 0x00, 0x00, 0x00, 0x00, 0x00, 0x00, 0x00,
  0x00, 0x00, 0x00, 0x00, 0x00, 0x00, 0x00, 0x00, 0x00, 0x00, 0x00, 0x00, 0x77, 0x72, 0x03, 0x8A,
  0xA9, 0x50, 0x00, 0x00, 0x00, 0x1F, 0xFF, 0x66, 0xFF, 0xFF, 0xFF, 0xB1, 0x00, 0x00, 0x01, 0xEF,
  0xFD, 0xFF, 0xFF, 0xFF, 0xFF, 0xB0, 0x00, 0x00, 0x1E, 0xFF, 0xFF, 0x95, 0x59, 0xFF, 0xFF, 0x40,
  0x00, 0x01, 0xEF, 0xFF, 0x90, 0x00, 0x09, 0xFF, 0xF9, 0x00, 0x00, 0x1E, 0xFF, 0xF2, 0x00, 0x00,
  0x3F, 0xFF, 0xC0, 0x00, 0x01, 0xEF, 0xFD, 0x10, 0x00, 0x01, 0xEF, 0xFE, 0x10, 0x00, 0x1E, 0xFF,
  0xC0, 0x00, 0x00, 0x1E, 0xFF, 0xE1, 0x00, 0x01, 0xEF, 0xFD, 0x00, 0x00, 0x01, 0xEF, 0xFE, 0x10,
  0x00, 0x1E, 0xFF, 0xE1, 0x00, 0x00, 0x2F, 0xFF, 0xD0, 0x00, 0x01, 0xEF, 0xFF, 0x50, 0x00, 0x05,
  0xFF, 0xFB, 0x00, 0x00, 0x1E, 0xFF, 0xFD, 0x30, 0x03, 0xDF, 0xFF, 0x70, 0x00, 0x01, 0xEF, 0xFF,
  0xFE, 0xBB, 0xEF, 0xFF, 0xE1, 0x00, 0x00, 0x1E, 0xFF, 0xED, 0xFF, 0xFF, 0xFF, 0xF5, 0x00, 0x00,
  0x01, 0xEF, 0xFE, 0x2A, 0xEF, 0xFF, 0xC4, 0x00, 0x00, 0x00, 0x1E, 0xFF, 0xE0, 0x02, 0x44, 0x20,
  0x00, 0x00, 0x00, 0x01, 0xEF, 0xFE, 0x10, 0x00, 0x00, 0x00, 0x00, 0x00, 0x00, 0x1E, 0xFF, 0xE1,
  0x00, 0x00, 0x00, 0x00, 0x00, 0x00, 0x01, 0xEF, 0xFE, 0x10, 0x00, 0x00, 0x00, 0x00, 0x00, 0x00,
  0x1D, 0xEE, 0xD1, 0x00, 0x00, 0x00, 0x00, 0x00, 0x00, 0x00, 0x11, 0x11, 0x00, 0x00, 0x00, 0x00,
  0x00, 0x00, 0x00, 0x00, 0x00, 0x00, 0x00, 0x00, 0x00, 0x00, 0x00, 0x00, 0x00, 0x00, 0x59, 0xAA,
  0x83, 0x02, 0x77, 0x70, 0x00, 0x00, 0x01, 0xBF, 0xFF, 0xFF, 0xE5, 0x6F, 0xFF, 0x10, 0x00, 0x00,
  0xBF, 0xFF, 0xFF, 0xFF, 0xFD, 0xFF, 0xE1, 0x00, 0x00, 0x4F, 0xFF, 0xF9, 0x55, 0x9F, 0xFF, 0xFE,
  0x10, 0x00, 0x09, 0xFF, 0xF9, 0x00, 0x00, 0xAF, 0xFF, 0xE1, 0x00, 0x00, 0xCF, 0xFF, 0x30, 0x00,
  0x04, 0xFF, 0xFE, 0x10, 0x00, 0x1E, 0xFF, 0xE1, 0x00, 0x00, 0x1E, 0xFF, 0xE1, 0x00, 0x01, 0xEF,
  0xFE, 0x10, 0x00, 0x01, 0xEF, 0xFE, 0x10, 0x00, 0x1E, 0xFF, 0xE1, 0x00, 0x00, 0x1E, 0xFF, 0xE1,
  0x00, 0x00, 0xDF, 0xFF, 0x20, 0x00, 0x02, 0xFF, 0xFE, 0x10, 0x00, 0x0B, 0xFF, 0xF5, 0x00, 0x00,
  0x6F, 0xFF, 0xE1, 0x00, 0x00, 0x7F, 0xFF, 0xD2, 0x00, 0x3D, 0xFF, 0xFE, 0x10, 0x00, 0x01, 0xEF,
  0xFF, 0xEB, 0xBE, 0xFF, 0xFF, 0xE1, 0x00, 0x00, 0x05, 0xFF, 0xFF, 0xFF, 0xFC, 0xEF, 0xFE, 0x10,
  0x00, 0x00, 0x04, 0xCF, 0xFF, 0xE8, 0x1E, 0xFF, 0xE1, 0x00, 0x00, 0x00, 0x00, 0x34, 0x31, 0x01,
  0xEF, 0xFE, 0x10, 0x00, 0x00, 0x00, 0x00, 0x00, 0x00, 0x1E, 0xFF, 0xE1, 0x00, 0x00, 0x00, 0x00,
  0x00, 0x00, 0x01, 0xEF, 0xFE, 0x10, 0x00, 0x00, 0x00, 0x00, 0x00, 0x00, 0x1E, 0xFF, 0xE1, 0x00,
  0x00, 0x00, 0x00, 0x00, 0x00, 0x01, 0xDE, 0xED, 0x10, 0x00, 0x00, 0x00, 0x00, 0x00, 0x00, 0x01,
  0x11, 0x10, 0x00, 0x00, 0x00, 0x00, 0x00, 0x00, 0x00, 0x00, 0x00, 0x77, 0x73, 0x05, 0xAA, 0x40,
  0x00, 0x1F, 0xFF, 0x65, 0xFF, 0xF8, 0x00, 0x01, 0xEF, 0xF9, 0xDF, 0xEF, 0x70, 0x00, 0x1E, 0xFF,
  0xFF, 0xFF, 0xF8, 0x00, 0x01, 0xEF, 0xFF, 0xFA, 0x54, 0x20, 0x00, 0x1E, 0xFF, 0xF9, 0x00, 0x00,
  0x00, 0x01, 0xEF, 0xFF, 0x30, 0x00, 0x00, 0x00, 0x1E, 0xFF, 0xE1, 0x00, 0x00, 0x00, 0x01, 0xEF,
  0xFE, 0x10, 0x00, 0x00, 0x00, 0x1E, 0xFF, 0xE1, 0x00, 0x00, 0x00, 0x01, 0xEF, 0xFE, 0x10, 0x00,
  0x00, 0x00, 0x1E, 0xFF, 0xE1, 0x00, 0x00, 0x00, 0x01, 0xEF, 0xFE, 0x10, 0x00, 0x00, 0x00, 0x1E,
  0xFF, 0xE1, 0x00, 0x00, 0x00, 0x01, 0xDE, 0xED, 0x10, 0x00, 0x00, 0x00, 0x01, 0x11, 0x10, 0x00,
  0x00, 0x00, 0x00, 0x00, 0x00, 0x00, 0x00, 0x00, 0x00, 0x00, 0x00, 0x00, 0x00, 0x02, 0x69, 0xAA,
  0x97, 0x30, 0x00, 0x00, 0x00, 0x01, 0x9F, 0xFF, 0xFF, 0xFF, 0xFA, 0x10, 0x00, 0x00, 0x0A, 0xFF,
  0xFF, 0xFF, 0xFF, 0xFF, 0xB0, 0x00, 0x00, 0x4F, 0xFF, 0xFA, 0x66, 0xAF, 0xFF, 0xF4, 0x00, 0x00,
  0x6F, 0xFF, 0xB0, 0x00, 0x0B, 0xFE, 0xF6, 0x00, 0x00, 0x5F, 0xFF, 0xE6, 0x20, 0x00, 0x22, 0x21,
  0x00, 0x00, 0x1E, 0xFF, 0xFF, 0xEB, 0x73, 0x00, 0x00, 0x00, 0x00, 0x04, 0xDF, 0xFF, 0xFF, 0xFF,
  0xD9, 0x20, 0x00, 0x00, 0x00, 0x16, 0xBE, 0xFF, 0xFF, 0xFF, 0xD3, 0x00, 0x00, 0x00, 0x00, 0x02,
  0x48, 0xCF, 0xFF, 0xFA, 0x00, 0x00, 0x66, 0x66, 0x10, 0x00, 0x07, 0xFF, 0xFD, 0x00, 0x00, 0xEF,
  0xFF, 0x60, 0x00, 0x03, 0xFF, 0xFD, 0x00, 0x00, 0x9F, 0xEF, 0xE9, 0x66, 0x8E, 0xFF, 0xFA, 0x00,
  0x00, 0x2D, 0xFF, 0xFF, 0xFF, 0xFF, 0xFF, 0xE3, 0x00, 0x00, 0x02, 0xBF, 0xFF, 0xFF, 0xFF, 0xFC,
  0x40, 0x00, 0x00, 0x00, 0x03, 0x79, 0xAA, 0x97, 0x40, 0x00, 0x00, 0x00, 0x00, 0x00, 0x00, 0x00,
  0x00, 0x00, 0x00, 0x00, 0x00, 0x00, 0x00, 0x00, 0x00, 0x00, 0x00, 0x00, 0x01, 0x10, 0x00, 0x00,
  0x00, 0x00, 0x7E, 0xEB, 0x00, 0x00, 0x00, 0x00, 0xAF, 0xFC, 0x00, 0x00, 0x00, 0x00, 0xCF, 0xFC,
  0x00, 0x00, 0x00, 0x01, 0xEF, 0xFC, 0x00, 0x00, 0x02, 0x67, 0xFF, 0xFD, 0x56, 0x20, 0x07, 0xFF,
  0xFF, 0xFF, 0xFF, 0x70, 0x07, 0xFF, 0xFF, 0xFF, 0xFF, 0x70, 0x04, 0xBC, 0xFF, 0xFE, 0xAB, 0x40,
  0x00, 0x04, 0xFF, 0xFC, 0x00, 0x00, 0x00, 0x05, 0xFF, 0xFC, 0x00, 0x00, 0x00, 0x05, 0xFF, 0xFC,
  0x00, 0x00, 0x00, 0x05, 0xFF, 0xFC, 0x00, 0x00, 0x00, 0x05, 0xFF, 0xFC, 0x00, 0x00, 0x00, 0x05,
  0xFF, 0xFC, 0x00, 0x00, 0x00, 0x05, 0xFF, 0xFC, 0x00, 0x00, 0x00, 0x05, 0xFF, 0xFC, 0x00, 0x00,
  0x00, 0x05, 0xFF, 0xFE, 0x75, 0x20, 0x00, 0x02, 0xEF, 0xFF, 0xFF, 0x60, 0x00, 0x00, 0x7F, 0xFF,
  0xFF, 0x70, 0x00, 0x00, 0x04, 0x9A, 0x97, 0x20, 0x00, 0x00, 0x00, 0x00, 0x00, 0x00, 0x00, 0x01,
  0x11, 0x00, 0x00, 0x00, 0x11, 0x11, 0x00, 0x00, 0x07, 0xED, 0xE7, 0x00, 0x00, 0x1D, 0xEE, 0xD1,
  0x00, 0x00, 0x8F, 0xFF, 0x70, 0x00, 0x01, 0xEF, 0xFE, 0x10, 0x00, 0x08, 0xFE, 0xF7, 0x00, 0x00,
  0x1E, 0xFF, 0xE1, 0x00, 0x00, 0x8F, 0xEF, 0x70, 0x00, 0x01, 0xEF, 0xFE, 0x10, 0x00, 0x08, 0xFE,
  0xF7, 0x00, 0x00, 0x1E, 0xFF, 0xE1, 0x00, 0x00, 0x8F, 0xEF, 0x70, 0x00, 0x01, 0xEF, 0xFE, 0x10,
  0x00, 0x08, 0xFE, 0xF7, 0x00, 0x00, 0x1E, 0xFF, 0xE1, 0x00, 0x00, 0x8F, 0xEF, 0x70, 0x00, 0x01,
  0xEF, 0xFE, 0x10, 0x00, 0x08, 0xFE, 0xF7, 0x00, 0x00, 0x1E, 0xFF, 0xE1, 0x00, 0x00, 0x7F, 0xEF,
  0x70, 0x00, 0x03, 0xFF, 0xFE, 0x10, 0x00, 0x07, 0xFF, 0xFB, 0x00, 0x00, 0x9F, 0xFF, 0xE1, 0x00,
  0x00, 0x5F, 0xFF, 0xF9, 0x45, 0xAF, 0xFF, 0xFE, 0x10, 0x00, 0x01, 0xDF, 0xFF, 0xFF, 0xFF, 0xFD,
  0xFF, 0xE1, 0x00, 0x00, 0x04, 0xDF, 0xFF, 0xFF, 0xD4, 0x7F, 0xFF, 0x10, 0x00, 0x00, 0x02, 0x7A,
  0xB9, 0x61, 0x03, 0x77, 0x70, 0x00, 0x00, 0x00, 0x00, 0x00, 0x00, 0x00, 0x00, 0x00, 0x00, 0x00,
  0x01, 0x11, 0x10, 0x00, 0x00, 0x00, 0x01, 0x11, 0x10, 0x09, 0xEE, 0xE8, 0x00, 0x00, 0x00, 0x8E,
  0xEE, 0x60, 0x04, 0xFF, 0xFD, 0x10, 0x00, 0x01, 0xDF, 0xFE, 0x20, 0x00, 0xCF, 0xFF, 0x50, 0x00,
  0x05, 0xFF, 0xFA, 0x00, 0x00, 0x7F, 0xFF, 0xA0, 0x00, 0x0A, 0xFF, 0xF4, 0x00, 0x00, 0x2E, 0xFF,
  0xE2, 0x00, 0x2E, 0xFF, 0xC0, 0x00, 0x00, 0x09, 0xFF, 0xF7, 0x00, 0x7F, 0xFF, 0x70, 0x00, 0x00,
  0x04, 0xFF, 0xFC, 0x00, 0xCF, 0xFE, 0x20, 0x00, 0x00, 0x00, 0xCF, 0xFF, 0x22, 0xFF, 0xF9, 0x00,
  0x00, 0x00, 0x00, 0x6F, 0xFF, 0x65, 0xFF, 0xF4, 0x00, 0x00, 0x00, 0x00, 0x2E, 0xFF, 0xBA, 0xFF,
  0xC0, 0x00, 0x00, 0x00, 0x00, 0x09, 0xFF, 0xFF, 0xFF, 0x60, 0x00, 0x00, 0x00, 0x00, 0x04, 0xFF,
  0xFF, 0xFE, 0x10, 0x00, 0x00, 0x00, 0x00, 0x00, 0xCF, 0xFF, 0xF9, 0x00, 0x00, 0x00, 0x00, 0x00,
  0x00, 0x6E, 0xEE, 0xE3, 0x00, 0x00, 0x00, 0x00, 0x00, 0x00, 0x01, 0x11, 0x10, 0x00, 0x00, 0x00,
  0x01, 0x11, 0x10, 0x00, 0x00, 0x11, 0x11, 0x00, 0x00, 0x01, 0x11, 0x10, 0x0B, 0xEE, 0xE3, 0x00,
  0x02, 0xDE, 0xEE, 0x30, 0x00, 0x1D, 0xEE, 0x90, 0x07, 0xFF, 0xF7, 0x00, 0x05, 0xFF, 0xFF, 0x70,
  0x00, 0x4F, 0xFF, 0x50, 0x03, 0xFF, 0xFA, 0x00, 0x08, 0xFF, 0xFF, 0xB0, 0x00, 0x8F, 0xFE, 0x10,
  0x00, 0xCF, 0xFE, 0x10, 0x0C, 0xFF, 0xFF, 0xE1, 0x00, 0xBF, 0xFA, 0x00, 0x00, 0x8F, 0xFF, 0x40,
  0x2E, 0xFD, 0xDF, 0xF4, 0x02, 0xEF, 0xF6, 0x00, 0x00, 0x3F, 0xFF, 0x70, 0x5F, 0xF9, 0xAF, 0xF8,
  0x05, 0xFF, 0xE1, 0x00, 0x00, 0x0C, 0xFF, 0xB0, 0x9F, 0xF6, 0x7F, 0xFB, 0x08, 0xFF, 0xB0, 0x00,
  0x00, 0x08, 0xFF, 0xE1, 0xBF, 0xF2, 0x3F, 0xFE, 0x1B, 0xFF, 0x60, 0x00, 0x00, 0x04, 0xFF, 0xF5,
  0xDF, 0xD0, 0x1E, 0xFF, 0x5D, 0xFE, 0x20, 0x00, 0x00, 0x00, 0xDF, 0xFB, 0xEF, 0xA0, 0x0B, 0xFF,
  0xCE, 0xFB, 0x00, 0x00, 0x00, 0x00, 0x9F, 0xFF, 0xFF, 0x60, 0x07, 0xFF, 0xFF, 0xF7, 0x00, 0x00,
  0x00, 0x00, 0x4F, 0xFF, 0xFF, 0x30, 0x04, 0xFF, 0xFF, 0xF2, 0x00, 0x00, 0x00, 0x00, 0x1D, 0xFF,
  0xFD, 0x00, 0x01, 0xEF, 0xFF, 0xC0, 0x00, 0x00, 0x00, 0x00, 0x09, 0xEE, 0xE9, 0x00, 0x00, 0xAE,
  0xEE, 0x70, 0x00, 0x00, 0x00, 0x00, 0x00, 0x11, 0x10, 0x00, 0x00, 0x11, 0x11, 0x00, 0x00, 0x00,
  0x01, 0x11, 0x11, 0x00, 0x00, 0x00, 0x11, 0x11, 0x10, 0x01, 0xDE, 0xEE, 0x90, 0x00, 0x04, 0xEE,
  0xED, 0x20, 0x00, 0x4F, 0xFF, 0xF5, 0x00, 0x1D, 0xFF, 0xF6, 0x00, 0x00, 0x08, 0xFF, 0xFE, 0x10,
  0x9F, 0xFF, 0x90, 0x00, 0x00, 0x00, 0xBF, 0xFF, 0x94, 0xFF, 0xFC, 0x10, 0x00, 0x00, 0x00, 0x2E,
  0xFF, 0xFE, 0xFF, 0xE3, 0x00, 0x00, 0x00, 0x00, 0x05, 0xFF, 0xFF, 0xFF, 0x60, 0x00, 0x00, 0x00,
  0x00, 0x00, 0x9F, 0xFF, 0xFB, 0x00, 0x00, 0x00, 0x00, 0x00, 0x01, 0xCF, 0xFF, 0xFD, 0x20, 0x00,
  0x00, 0x00, 0x00, 0x0A, 0xFF, 0xFF, 0xFF, 0xB0, 0x00, 0x00, 0x00, 0x00, 0x6F, 0xFF, 0xAC, 0xFF,
  0xF8, 0x00, 0x00, 0x00, 0x03, 0xFF, 0xFE, 0x13, 0xFF, 0xFF, 0x40, 0x00, 0x00, 0x1C, 0xFF, 0xF5,
  0x00, 0x8F, 0xFF, 0xD1, 0x00, 0x00, 0xAF, 0xFF, 0xA0, 0x00, 0x0C, 0xFF, 0xFA, 0x00, 0x05, 0xEE,
  0xED, 0x10, 0x00, 0x03, 0xEE, 0xEE, 0x50, 0x01, 0x11, 0x11, 0x00, 0x00, 0x00, 0x11, 0x11, 0x10,
  0x01, 0x11, 0x10, 0x00, 0x00, 0x00, 0x01, 0x11, 0x10, 0x06, 0xEE, 0xEA, 0x00, 0x00, 0x00, 0x5E,
  0xEE, 0x90, 0x02, 0xFF, 0xFF, 0x30, 0x00, 0x00, 0xAF, 0xFF, 0x50, 0x00, 0xAF, 0xFF, 0x80, 0x00,
  0x01, 0xDF, 0xFD, 0x10, 0x00, 0x4F, 0xFF, 0xD1, 0x00, 0x05, 0xFF, 0xF8, 0x00, 0x00, 0x0C, 0xFF,
  0xF5, 0x00, 0x09, 0xFF, 0xF3, 0x00, 0x00, 0x06, 0xFF, 0xFA, 0x00, 0x1D, 0xFF, 0xC0, 0x00, 0x00,
  0x01, 0xEF, 0xFE, 0x20, 0x4F, 0xFF, 0x70, 0x00, 0x00, 0x00, 0x9F, 0xFF, 0x70, 0x9F, 0xFE, 0x20,
  0x00, 0x00, 0x00, 0x3F, 0xFF, 0xB0, 0xCF, 0xFA, 0x00, 0x00, 0x00, 0x00, 0x0C, 0xFF, 0xD4, 0xFF,
  0xF5, 0x00, 0x00, 0x00, 0x00, 0x06, 0xFF, 0xFC, 0xFF, 0xD1, 0x00, 0x00, 0x00, 0x00, 0x01, 0xDF,
  0xFF, 0xFF, 0x90, 0x00, 0x00, 0x00, 0x00, 0x00, 0x8F, 0xFF, 0xFF, 0x40, 0x00, 0x00, 0x00, 0x00,
  0x00, 0x3E, 0xFF, 0xFC, 0x00, 0x00, 0x00, 0x00, 0x00, 0x00, 0x0C, 0xFF, 0xF7, 0x00, 0x00, 0x00,
  0x00, 0x00, 0x00, 0x5F, 0xFF, 0xE2, 0x00, 0x00, 0x00, 0x00, 0x24, 0x48, 0xFF, 0xFF, 0x70, 0x00,
  0x00, 0x00, 0x00, 0x6F, 0xFF, 0xFF, 0xFB, 0x10, 0x00, 0x00, 0x00, 0x00, 0x7F, 0xFF, 0xFF, 0xB1,
  0x00, 0x00, 0x00, 0x00, 0x00, 0x39, 0xAA, 0x95, 0x00, 0x00, 0x00, 0x00, 0x00, 0x00, 0x00, 0x00,
  0x00, 0x00, 0x00, 0x00, 0x00, 0x00, 0x00, 0x11, 0x11, 0x11, 0x11, 0x11, 0x11, 0x00, 0x01, 0xEE,
  0xEE, 0xEE, 0xEE, 0xEE, 0xEE, 0x10, 0x01, 0xFF, 0xFF, 0xFF, 0xFF, 0xFF, 0xFE, 0x10, 0x01, 0xCD,
  0xDD, 0xDD, 0xEF, 0xFF, 0xF5, 0x00, 0x00, 0x00, 0x00, 0x01, 0xCF, 0xFF, 0x90, 0x00, 0x00, 0x00,
  0x00, 0x0A, 0xFF, 0xFC, 0x10, 0x00, 0x00, 0x00, 0x00, 0x6F, 0xFF, 0xE3, 0x00, 0x00, 0x00, 0x00,
  0x03, 0xFF, 0xFF, 0x60, 0x00, 0x00, 0x00, 0x00, 0x1C, 0xFF, 0xFA, 0x00, 0x00, 0x00, 0x00, 0x00,
  0x9F, 0xFF, 0xD1, 0x00, 0x00, 0x00, 0x00, 0x06, 0xFF, 0xFF, 0x30, 0x00, 0x00, 0x00, 0x00, 0x3E,
  0xFF, 0xF7, 0x00, 0x00, 0x00, 0x00, 0x01, 0xCF, 0xFF, 0xFD, 0xDD, 0xDD, 0xDC, 0x10, 0x07, 0xFF,
  0xFF, 0xFF, 0xFF, 0xFF, 0xFF, 0x10, 0x08, 0xEE, 0xEE, 0xEE, 0xEE, 0xEE, 0xEE, 0x10, 0x01, 0x11,
  0x11, 0x11, 0x11, 0x11, 0x11, 0x00, 0x00, 0x00, 0x00, 0x00, 0x00, 0x00, 0x00, 0x00, 0x00, 0x58,
  0xA8, 0x00, 0x00, 0x00, 0x1B, 0xFF, 0xFD, 0x00, 0x00, 0x00, 0x6F, 0xFD, 0x73, 0x00, 0x00, 0x00,
  0xAF, 0xF5, 0x00, 0x00, 0x00, 0x00, 0xAF, 0xF3, 0x00, 0x00, 0x00, 0x00, 0xAF, 0xF3, 0x00, 0x00,
  0x00, 0x00, 0xAF, 0xF3, 0x00, 0x00, 0x00, 0x00, 0xAF, 0xF3, 0x00, 0x00, 0x00, 0x00, 0xAF, 0xF3,
  0x00, 0x00, 0x00, 0x00, 0xAF, 0xF3, 0x00, 0x00, 0x00, 0x01, 0xCF, 0xF2, 0x00, 0x00, 0x01, 0x8C,
  0xFF, 0xA0, 0x00, 0x00, 0x02, 0xFF, 0xB7, 0x00, 0x00, 0x00, 0x01, 0xEF, 0xEC, 0x40, 0x00, 0x00,
  0x00, 0x16, 0xEF, 0xE1, 0x00, 0x00, 0x00, 0x00, 0xBF, 0xF3, 0x00, 0x00, 0x00, 0x00, 0xAF, 0xF3,
  0x00, 0x00, 0x00, 0x00, 0xAF, 0xF3, 0x00, 0x00, 0x00, 0x00, 0xAF, 0xF3, 0x00, 0x00, 0x00, 0x00,
  0xAF, 0xF3, 0x00, 0x00, 0x00, 0x00, 0xAF, 0xF3, 0x00, 0x00, 0x00, 0x00, 0xAF, 0xF3, 0x00, 0x00,
  0x00, 0x00, 0x8F, 0xFB, 0x31, 0x00, 0x00, 0x00, 0x2E, 0xFF, 0xFC, 0x00, 0x00, 0x00, 0x03, 0x9C,
  0xEB, 0x00, 0x00, 0x00, 0x00, 0x00, 0x11, 0x00, 0x00, 0x01, 0x11, 0x00, 0x00, 0x01, 0xDE, 0xD1,
  0x00, 0x00, 0x1E, 0xFE, 0x10, 0x00, 0x01, 0xEF, 0xE1, 0x00, 0x00, 0x1E, 0xFE, 0x10, 0x00, 0x01,
  0xEF, 0xE1, 0x00, 0x00, 0x1E, 0xFE, 0x10, 0x00, 0x01, 0xEF, 0xE1, 0x00, 0x00, 0x1E, 0xFE, 0x10,
  0x00, 0x01, 0xEF, 0xE1, 0x00, 0x00, 0x1E, 0xFE, 0x10, 0x00, 0x01, 0xEF, 0xE1, 0x00, 0x00, 0x1E,
  0xFE, 0x10, 0x00, 0x01, 0xEF, 0xE1, 0x00, 0x00, 0x1E, 0xFE, 0x10, 0x00, 0x01, 0xEF, 0xE1, 0x00,
  0x00, 0x1E, 0xFE, 0x10, 0x00, 0x01, 0xEF, 0xE1, 0x00, 0x00, 0x1E, 0xFE, 0x10, 0x00, 0x01, 0xEF,
  0xE1, 0x00, 0x00, 0x1E, 0xFE, 0x10, 0x00, 0x01, 0xEF, 0xE1, 0x00, 0x00, 0x1E, 0xFE, 0x10, 0x00,
  0x01, 0xEF, 0xE1, 0x00, 0x00, 0x1E, 0xFE, 0x10, 0x00, 0x01, 0xEF, 0xE1, 0x00, 0x00, 0x1D, 0xED,
  0x10, 0x00, 0x00, 0x11, 0x10, 0x00, 0x00, 0x00, 0x00, 0x00, 0x00, 0x00, 0x00, 0x08, 0xA8, 0x61,
  0x00, 0x00, 0x00, 0x00, 0xCF, 0xFF, 0xD3, 0x00, 0x00, 0x00, 0x03, 0x6C, 0xFF, 0xB0, 0x00, 0x00,
  0x00, 0x00, 0x2F, 0xFE, 0x10, 0x00, 0x00, 0x00, 0x01, 0xEF, 0xE1, 0x00, 0x00, 0x00, 0x00, 0x1E,
  0xFE, 0x10, 0x00, 0x00, 0x00, 0x01, 0xEF, 0xE1, 0x00, 0x00, 0x00, 0x00, 0x1E, 0xFE, 0x10, 0x00,
  0x00, 0x00, 0x01, 0xEF, 0xE1, 0x00, 0x00, 0x00, 0x00, 0x1E, 0xFE, 0x00, 0x00, 0x00, 0x00, 0x00,
  0xDF, 0xF4, 0x00, 0x00, 0x00, 0x00, 0x07, 0xFF, 0xEA, 0x60, 0x00, 0x00, 0x00, 0x05, 0xAE, 0xFC,
  0x00, 0x00, 0x00, 0x03, 0xBD, 0xFF, 0xA0, 0x00, 0x00, 0x00, 0xBF, 0xFA, 0x31, 0x00, 0x00, 0x00,
  0x1E, 0xFE, 0x10, 0x00, 0x00, 0x00, 0x01, 0xEF, 0xE1, 0x00, 0x00, 0x00, 0x00, 0x1E, 0xFE, 0x10,
  0x00, 0x00, 0x00, 0x01, 0xEF, 0xE1, 0x00, 0x00, 0x00, 0x00, 0x1E, 0xFE, 0x10, 0x00, 0x00, 0x00,
  0x01, 0xEF, 0xE1, 0x00, 0x00, 0x00, 0x00, 0x1E, 0xFE, 0x10, 0x00, 0x00, 0x01, 0x39, 0xFF, 0xC0,
  0x00, 0x00, 0x00, 0xBF, 0xFF, 0xF5, 0x00, 0x00, 0x00, 0x0A, 0xEC, 0xA4, 0x00, 0x00, 0x00, 0x00,
  0x11, 0x00, 0x00, 0x00, 0x00, 0x00, 0x00, 0x00, 0x00, 0x00, 0x00, 0x00, 0x00, 0x00, 0x00, 0x00,
  0x00, 0x00, 0x04, 0x66, 0x20, 0x00, 0x00, 0x00, 0x23, 0x00, 0x00, 0x03, 0xCF, 0xFF, 0xE9, 0x30,
  0x00, 0x02, 0xC7, 0x00, 0x00, 0x3E, 0xFF, 0xFF, 0xFF, 0xEA, 0x66, 0x9E, 0xF7, 0x00, 0x00, 0x7F,
  0xFD, 0xAA, 0xDF, 0xFF, 0xFF, 0xFF, 0xF5, 0x00, 0x00, 0x7E, 0x61, 0x00, 0x17, 0xDF, 0xFF, 0xFE,
  0x60, 0x00, 0x00, 0x54, 0x00, 0x00, 0x00, 0x16, 0xAB, 0x82, 0x00, 0x00, 0x00, 0x00, 0x00, 0x00,
  0x00, 0x00, 0x00, 0x00, 0x00, 0x00, 0x00, 0x00, 0x00, 0x00, 0x00, 0x00, 0x00, 0x00, 0x00, 0x00,
  0x00, 0x00, 0x00, 0x00, 0x00, 0x00, 0x00, 0x00, 0x00, 0x00, 0x00, 0x00, 0x00, 0x00, 0x00, 0x00,
  0x00, 0x00, 0x00, 0x00, 0x00, 0x00, 0x00, 0x00, 0x00, 0x00, 0x00, 0x00, 0x00, 0x00, 0x00, 0x00,
  0x00, 0x00, 0x00, 0x00, 0x00, 0x00, 0x00, 0x00, 0x00, 0x00, 0x00, 0x00, 0x00, 0x00, 0x00, 0x00,
  0x00, 0x00,
};

static const BadgeSmoothGlyph font_archivo_28_glyphs[] PROGMEM = {
  {0, 8, 2, 6, -1, -1}, // ' '
  {8, 10, 21, 8, -1, -20}, // '!'
  {113, 14, 21, 12, -1, -20}, // '"'
  {260, 18, 22, 16, -1, -20}, // '#'
  {458, 18, 24, 16, -1, -21}, // '$'
  {674, 30, 22, 28, -1, -20}, // '%'
  {1004, 23, 22, 21, -1, -20}, // '&'
  {1257, 9, 21, 7, -1, -20}, // "'"
  {1352, 12, 27, 10, -1, -22}, // '('
  {1514, 12, 27, 10, -1, -22}, // ')'
  {1676, 14, 21, 12, -1, -20}, // '*'
  {1823, 20, 16, 18, -1, -16}, // '+'
  {1983, 10, 11, 8, -1, -5}, // ','
  {2038, 11, 12, 9, -1, -10}, // '-'
  {2104, 10, 11, 8, -1, -10}, // '.'
  {2159, 10, 24, 8, -1, -22}, // '/'
  {2279, 19, 22, 17, -1, -20}, // '0'
  {2488, 19, 21, 17, -1, -20}, // '1'
  {2688, 19, 22, 17, -1, -20}, // '2'
  {2897, 18, 22, 16, -1, -20}, // '3'
  {3095, 19, 22, 17, -1, -20}, // '4'
  {3304, 18, 22, 16, -1, -20}, // '5'
  {3502, 18, 22, 16, -1, -20}, // '6'
  {3700, 19, 21, 17, -1, -20}, // '7'
  {3900, 18, 22, 16, -1, -20}, // '8'
  {4098, 18, 22, 16, -1, -20}, // '9'
  {4296, 11, 10, 9, -1, -10}, // ':'
  {4351, 12, 22, 10, -1, -16}, // ';'
  {4483, 20, 17, 18, -1, -16}, // '<'
  {4653, 20, 14, 18, -1, -12}, // '='
  {4793, 20, 17, 18, -1, -16}, // '>'
  {4963, 19, 22, 17, -1, -20}, // '?'
  {5172, 30, 26, 28, -1, -20}, // '@'
  {5562, 22, 21, 20, -1, -20}, // 'A'
  {5793, 22, 21, 20, -1, -20}, // 'B'
  {6024, 22, 22, 20, -1, -20}, // 'C'
  {6266, 23, 21, 21, -1, -20}, // 'D'
  {6508, 21, 21, 19, -1, -20}, // 'E'
  {6729, 20, 21, 18, -1, -20}, // 'F'
  {6939, 24, 22, 22, -1, -20}, // 'G'
  {7203, 23, 21, 21, -1, -20}, // 'H'
  {7445, 10, 21, 8, -1, -20}, // 'I'
  {7550, 19, 22, 17, -1, -20}, // 'J'
  {7759, 22, 21, 20, -1, -20}, // 'K'
  {7990, 18, 21, 16, -1, -20}, // 'L'
  {8179, 26, 21, 24, -1, -20}, // 'M'
  {8452, 23, 21, 21, -1, -20}, // 'N'
  {8694, 25, 22, 23, -1, -20}, // 'O'
  {8969, 20, 21, 18, -1, -20}, // 'P'
  {9179, 25, 25, 23, -1, -20}, // 'Q'
  {9492, 22, 21, 20, -1, -20}, // 'R'
  {9723, 21, 22, 19, -1, -20}, // 'S'
  {9954, 20, 21, 18, -1, -20}, // 'T'
  {10164, 23, 22, 21, -1, -20}, // 'U'
  {10417, 22, 21, 20, -1, -20}, // 'V'
  {10648, 29, 21, 27, -1, -20}, // 'W'
  {10953, 22, 21, 20, -1, -20}, // 'X'
  {11184, 21, 21, 19, -1, -20}, // 'Y'
  {11405, 20, 21, 18, -1, -20}, // 'Z'
  {11615, 12, 27, 10, -1, -22}, // '['
  {11777, 10, 24, 8, -1, -22}, // '\\'
  {11897, 12, 27, 10, -1, -22}, // ']'
  {12059, 20, 22, 18, -1, -20}, // '^'
  {12279, 16, 6, 14, -1, -1}, // '_'
  {12327, 8, 22, 6, -1, -21}, // '`'
  {12415, 18, 18, 16, -1, -16}, // 'a'
  {12577, 19, 22, 17, -1, -21}, // 'b'
  {12786, 18, 18, 16, -1, -16}, // 'c'
  {12948, 19, 22, 17, -1, -21}, // 'd'
  {13157, 18, 18, 16, -1, -16}, // 'e'
  {13319, 12, 21, 10, -1, -21}, // 'f'
  {13445, 20, 22, 18, -1, -16}, // 'g'
  {13665, 19, 22, 17, -1, -21}, // 'h'
  {13874, 10, 22, 8, -1, -21}, // 'i'
  {13984, 10, 23, 8, -2, -16}, // 'j'
  {14099, 18, 22, 16, -1, -21}, // 'k'
  {14297, 10, 22, 8, -1, -21}, // 'l'
  {14407, 26, 17, 24, -1, -16}, // 'm'
  {14628, 19, 17, 17, -1, -16}, // 'n'
  {14790, 19, 18, 17, -1, -16}, // 'o'
  {14961, 19, 22, 17, -1, -16}, // 'p'
  {15170, 19, 22, 17, -1, -16}, // 'q'
  {15379, 13, 17, 11, -1, -16}, // 'r'
  {15490, 18, 18, 16, -1, -16}, // 's'
  {15652, 12, 23, 10, -1, -21}, // 't'
  {15790, 19, 17, 17, -1, -16}, // 'u'
  {15952, 18, 16, 16, -1, -16}, // 'v'
  {16096, 24, 16, 22, -1, -16}, // 'w'
  {16288, 18, 16, 16, -1, -16}, // 'x'
  {16432, 18, 22, 16, -1, -16}, // 'y'
  {16630, 16, 16, 14, -1, -16}, // 'z'
  {16758, 12, 27, 10, -1, -22}, // '{'
  {16920, 9, 28, 7, -1, -21}, // '|'
  {17046, 13, 27, 11, -1, -22}, // '}'
  {17222, 20, 14, 18, -1, -12}, // '~'
};

static const BadgeSmoothFont font_archivo_28 PROGMEM = {
  font_archivo_28_alpha,
  font_archivo_28_glyphs,
  32, 126,
  31,
  28,
  4,
};
