#pragma once
#include <stdint.h>
#include "badge_smooth_font.h"

// Auto-generated — 28px 4bpp AA (oversample×2)
static const uint8_t font_helvetica_28_alpha[] PROGMEM = {
  0x00, 0x00, 0x00, 0x00, 0x00, 0x00, 0x00, 0x00, 0x00, 0x00, 0x11, 0x11, 0x00, 0x00, 0x00, 0x03,
  0xEE, 0xED, 0x10, 0x00, 0x00, 0x03, 0xFF, 0xFE, 0x10, 0x00, 0x00, 0x03, 0xFF, 0xFE, 0x10, 0x00,
  0x00, 0x03, 0xFF, 0xFE, 0x10, 0x00, 0x00, 0x03, 0xFF, 0xFE, 0x10, 0x00, 0x00, 0x03, 0xFF, 0xFE,
  0x10, 0x00, 0x00, 0x03, 0xFF, 0xFE, 0x10, 0x00, 0x00, 0x03, 0xFF, 0xFE, 0x10, 0x00, 0x00, 0x03,
  0xFF, 0xFE, 0x10, 0x00, 0x00, 0x03, 0xFF, 0xFE, 0x10, 0x00, 0x00, 0x03, 0xFF, 0xFE, 0x10, 0x00,
  0x00, 0x03, 0xFF, 0xFE, 0x10, 0x00, 0x00, 0x03, 0xFF, 0xFE, 0x10, 0x00, 0x00, 0x03, 0xEE, 0xED,
  0x10, 0x00, 0x00, 0x00, 0x11, 0x11, 0x00, 0x00, 0x00, 0x00, 0x00, 0x00, 0x00, 0x00, 0x00, 0x00,
  0x5A, 0xA5, 0x00, 0x00, 0x00, 0x04, 0xFF, 0xFF, 0x40, 0x00, 0x00, 0x08, 0xFE, 0xEF, 0x80, 0x00,
  0x00, 0x04, 0xFF, 0xFF, 0x40, 0x00, 0x00, 0x00, 0x5A, 0xA5, 0x00, 0x00, 0x00, 0x00, 0x00, 0x00,
  0x00, 0x00, 0x00, 0x00, 0x11, 0x11, 0x00, 0x11, 0x11, 0x00, 0x00, 0x00, 0x00, 0xCE, 0xEA, 0x00,
  0xAE, 0xEC, 0x00, 0x00, 0x00, 0x00, 0xDF, 0xFB, 0x00, 0xBF, 0xFD, 0x00, 0x00, 0x00, 0x00, 0xDF,
  0xFB, 0x00, 0xBF, 0xFD, 0x00, 0x00, 0x00, 0x00, 0xDF, 0xFB, 0x00, 0xBF, 0xFD, 0x00, 0x00, 0x00,
  0x00, 0xDF, 0xFB, 0x00, 0xBF, 0xFD, 0x00, 0x00, 0x00, 0x00, 0xDF, 0xFB, 0x00, 0xBF, 0xFD, 0x00,
  0x00, 0x00, 0x00, 0xDF, 0xFB, 0x00, 0xBF, 0xFD, 0x00, 0x00, 0x00, 0x00, 0xEF, 0xFB, 0x00, 0xBF,
  0xFE, 0x00, 0x00, 0x00, 0x00, 0x44, 0x43, 0x00, 0x34, 0x44, 0x00, 0x00, 0x00, 0x00, 0x00, 0x00,
  0x00, 0x00, 0x00, 0x00, 0x00, 0x00, 0x00, 0x00, 0x00, 0x00, 0x00, 0x00, 0x00, 0x00, 0x00, 0x00,
  0x00, 0x00, 0x00, 0x00, 0x00, 0x00, 0x00, 0x00, 0x00, 0x00, 0x00, 0x00, 0x00, 0x00, 0x00, 0x00,
  0x00, 0x00, 0x00, 0x00, 0x00, 0x00, 0x00, 0x00, 0x00, 0x00, 0x00, 0x00, 0x00, 0x00, 0x00, 0x00,
  0x00, 0x00, 0x00, 0x00, 0x00, 0x00, 0x00, 0x00, 0x00, 0x00, 0x00, 0x00, 0x00, 0x00, 0x00, 0x00,
  0x00, 0x00, 0x00, 0x00, 0x00, 0x00, 0x00, 0x00, 0x00, 0x00, 0x00, 0x00, 0x00, 0x00, 0x00, 0x00,
  0x00, 0x00, 0x00, 0x00, 0x00, 0x00, 0x00, 0x00, 0x00, 0x00, 0x00, 0x00, 0x00, 0x00, 0x00, 0x00,
  0x00, 0x00, 0x00, 0x00, 0x00, 0x00, 0x00, 0x00, 0x00, 0x00, 0x00, 0x01, 0x11, 0x00, 0x00, 0x11,
  0x10, 0x00, 0x00, 0x00, 0x00, 0x7E, 0xE9, 0x00, 0x05, 0xEE, 0xB0, 0x00, 0x00, 0x00, 0x00, 0xAF,
  0xF7, 0x01, 0x07, 0xFF, 0x90, 0x00, 0x00, 0x00, 0x00, 0xCF, 0xF5, 0x00, 0x09, 0xFF, 0x70, 0x00,
  0x00, 0x00, 0x00, 0xEF, 0xF2, 0x00, 0x0C, 0xFF, 0x40, 0x00, 0x00, 0x02, 0x25, 0xFF, 0xE3, 0x22,
  0x3E, 0xFF, 0x42, 0x20, 0x00, 0x2F, 0xFF, 0xFF, 0xFF, 0xFF, 0xFF, 0xFF, 0xFF, 0xB0, 0x00, 0x5F,
  0xFF, 0xFF, 0xFF, 0xFF, 0xFF, 0xFF, 0xFF, 0x90, 0x00, 0x6E, 0xEF, 0xFF, 0xEE, 0xEE, 0xEF, 0xFF,
  0xDE, 0x60, 0x00, 0x12, 0x2C, 0xFF, 0x62, 0x22, 0xAF, 0xF8, 0x12, 0x10, 0x00, 0x00, 0x0E, 0xFF,
  0x20, 0x00, 0xCF, 0xF5, 0x00, 0x00, 0x00, 0x00, 0x2F, 0xFE, 0x00, 0x01, 0xEF, 0xF2, 0x00, 0x00,
  0x00, 0x22, 0x6F, 0xFC, 0x22, 0x24, 0xFF, 0xE2, 0x21, 0x00, 0x04, 0xEE, 0xEF, 0xFF, 0xEE, 0xEE,
  0xFF, 0xFE, 0xE8, 0x00, 0x06, 0xFF, 0xFF, 0xFF, 0xFF, 0xFF, 0xFF, 0xFF, 0xF7, 0x00, 0x09, 0xFF,
  0xFF, 0xFF, 0xFF, 0xFF, 0xFF, 0xFF, 0xF4, 0x00, 0x02, 0x23, 0xEF, 0xF5, 0x22, 0x2C, 0xFF, 0x62,
  0x20, 0x00, 0x00, 0x02, 0xFF, 0xE0, 0x00, 0x0E, 0xFF, 0x20, 0x00, 0x00, 0x00, 0x05, 0xFF, 0xC0,
  0x00, 0x3F, 0xFE, 0x10, 0x00, 0x00, 0x00, 0x07, 0xFF, 0xA0, 0x00, 0x5F, 0xFC, 0x00, 0x00, 0x00,
  0x00, 0x09, 0xEE, 0x70, 0x10, 0x7E, 0xE9, 0x00, 0x00, 0x00, 0x00, 0x01, 0x11, 0x00, 0x00, 0x11,
  0x11, 0x00, 0x00, 0x00, 0x00, 0x00, 0x00, 0x00, 0x00, 0x10, 0x00, 0x00, 0x00, 0x00, 0x00, 0x00,
  0x00, 0x01, 0x07, 0xE1, 0x00, 0x00, 0x00, 0x00, 0x00, 0x00, 0x00, 0x00, 0x08, 0xF0, 0x00, 0x00,
  0x00, 0x00, 0x00, 0x00, 0x00, 0x27, 0x9D, 0xFB, 0x96, 0x10, 0x00, 0x00, 0x00, 0x00, 0x19, 0xEF,
  0xFF, 0xFF, 0xFF, 0xD4, 0x00, 0x00, 0x00, 0x01, 0xCF, 0xFF, 0xFF, 0xFF, 0xFF, 0xFF, 0x50, 0x00,
  0x00, 0x0A, 0xFF, 0xFF, 0xEE, 0xFD, 0xFF, 0xFF, 0xE1, 0x00, 0x00, 0x3F, 0xFF, 0xF9, 0x18, 0xF1,
  0x5E, 0xFF, 0xF7, 0x00, 0x00, 0x7F, 0xFF, 0xC0, 0x08, 0xF1, 0x08, 0xFF, 0xFA, 0x00, 0x00, 0x7F,
  0xFF, 0xB0, 0x08, 0xF1, 0x02, 0x55, 0x53, 0x00, 0x00, 0x6F, 0xFF, 0xF7, 0x07, 0xF0, 0x00, 0x00,
  0x00, 0x00, 0x00, 0x2E, 0xFF, 0xFF, 0xCC, 0xF2, 0x00, 0x00, 0x00, 0x00, 0x00, 0x06, 0xFF, 0xFF,
  0xFF, 0xFE, 0xA6, 0x10, 0x00, 0x00, 0x00, 0x00, 0x5D, 0xFF, 0xFF, 0xFF, 0xFF, 0xD6, 0x00, 0x00,
  0x00, 0x00, 0x01, 0x6B, 0xEF, 0xFF, 0xFF, 0xFF, 0x80, 0x00, 0x00, 0x00, 0x00, 0x00, 0x1A, 0xFC,
  0xFF, 0xFF, 0xF5, 0x00, 0x00, 0x00, 0x00, 0x00, 0x07, 0xF1, 0x5D, 0xFF, 0xFB, 0x00, 0x00, 0x56,
  0x65, 0x00, 0x08, 0xF1, 0x05, 0xFF, 0xFE, 0x10, 0x01, 0xEF, 0xFF, 0x20, 0x08, 0xF1, 0x04, 0xFF,
  0xFE, 0x10, 0x00, 0xBF, 0xFF, 0xB1, 0x07, 0xF0, 0x0A, 0xFF, 0xFC, 0x00, 0x00, 0x6F, 0xFF, 0xFD,
  0x7A, 0xF6, 0xBF, 0xFF, 0xF8, 0x00, 0x00, 0x1C, 0xFF, 0xFF, 0xFF, 0xFF, 0xFF, 0xFF, 0xE2, 0x00,
  0x00, 0x02, 0xBF, 0xFF, 0xFF, 0xFF, 0xFF, 0xFD, 0x30, 0x00, 0x00, 0x00, 0x06, 0xCE, 0xFF, 0xFF,
  0xFD, 0x82, 0x00, 0x00, 0x00, 0x00, 0x00, 0x02, 0x3A, 0xF4, 0x31, 0x00, 0x00, 0x00, 0x00, 0x00,
  0x00, 0x00, 0x08, 0xF0, 0x00, 0x00, 0x00, 0x00, 0x00, 0x00, 0x00, 0x00, 0x07, 0xE1, 0x00, 0x00,
  0x00, 0x00, 0x00, 0x00, 0x00, 0x00, 0x00, 0x10, 0x00, 0x00, 0x00, 0x00, 0x00, 0x00, 0x00, 0x00,
  0x00, 0x00, 0x00, 0x00, 0x00, 0x00, 0x00, 0x00, 0x00, 0x00, 0x00, 0x00, 0x00, 0x03, 0x8A, 0xA7,
  0x10, 0x00, 0x00, 0x00, 0x00, 0x47, 0x61, 0x00, 0x00, 0x00, 0x00, 0x00, 0x4E, 0xFF, 0xFF, 0xD2,
  0x00, 0x00, 0x00, 0x03, 0xFF, 0x90, 0x00, 0x00, 0x00, 0x00, 0x01, 0xEF, 0xFC, 0xDF, 0xFB, 0x00,
  0x00, 0x00, 0x0B, 0xFC, 0x00, 0x00, 0x00, 0x00, 0x00, 0x06, 0xFF, 0xB1, 0x2D, 0xFF, 0x30, 0x00,
  0x00, 0x7F, 0xF3, 0x00, 0x00, 0x00, 0x00, 0x00, 0x08, 0xFF, 0x60, 0x0A, 0xFF, 0x40, 0x00, 0x02,
  0xEF, 0x80, 0x00, 0x00, 0x00, 0x00, 0x00, 0x08, 0xFF, 0x60, 0x0A, 0xFF, 0x40, 0x00, 0x0B, 0xFC,
  0x10, 0x00, 0x00, 0x00, 0x00, 0x00, 0x08, 0xFF, 0x80, 0x0B, 0xFF, 0x40, 0x00, 0x6F, 0xF4, 0x00,
  0x00, 0x00, 0x00, 0x00, 0x00, 0x04, 0xFF, 0xE6, 0x7F, 0xFE, 0x10, 0x02, 0xEF, 0x80, 0x00, 0x00,
  0x00, 0x00, 0x00, 0x00, 0x00, 0xAF, 0xFF, 0xFF, 0xF7, 0x00, 0x0B, 0xFC, 0x10, 0x00, 0x00, 0x00,
  0x00, 0x00, 0x00, 0x00, 0x19, 0xEF, 0xFD, 0x70, 0x00, 0x6F, 0xF4, 0x00, 0x00, 0x00, 0x00, 0x00,
  0x00, 0x00, 0x00, 0x00, 0x23, 0x31, 0x00, 0x02, 0xEF, 0x80, 0x00, 0x00, 0x00, 0x00, 0x00, 0x00,
  0x00, 0x00, 0x00, 0x00, 0x00, 0x00, 0x0A, 0xFD, 0x10, 0x01, 0x7A, 0xB8, 0x20, 0x00, 0x00, 0x00,
  0x00, 0x00, 0x00, 0x00, 0x00, 0x6F, 0xF4, 0x00, 0x2C, 0xFF, 0xFF, 0xE4, 0x00, 0x00, 0x00, 0x00,
  0x00, 0x00, 0x00, 0x02, 0xEF, 0x90, 0x00, 0xAF, 0xFD, 0xCF, 0xFE, 0x10, 0x00, 0x00, 0x00, 0x00,
  0x00, 0x00, 0x0A, 0xFD, 0x10, 0x02, 0xFF, 0xD2, 0x0B, 0xFF, 0x60, 0x00, 0x00, 0x00, 0x00, 0x00,
  0x00, 0x5F, 0xF4, 0x00, 0x04, 0xFF, 0xA0, 0x06, 0xFF, 0x80, 0x00, 0x00, 0x00, 0x00, 0x00, 0x02,
  0xEF, 0x90, 0x00, 0x04, 0xFF, 0xA0, 0x06, 0xFF, 0x80, 0x00, 0x00, 0x00, 0x00, 0x00, 0x0A, 0xFD,
  0x10, 0x00, 0x04, 0xFF, 0xA0, 0x06, 0xFF, 0x80, 0x00, 0x00, 0x00, 0x00, 0x00, 0x5F, 0xF4, 0x00,
  0x00, 0x02, 0xFF, 0xE2, 0x1B, 0xFF, 0x60, 0x00, 0x00, 0x00, 0x00, 0x01, 0xDF, 0x90, 0x00, 0x00,
  0x00, 0xAF, 0xFD, 0xCF, 0xFD, 0x10, 0x00, 0x00, 0x00, 0x00, 0x0B, 0xFD, 0x10, 0x00, 0x00, 0x00,
  0x2C, 0xFF, 0xFF, 0xE4, 0x00, 0x00, 0x00, 0x00, 0x00, 0x17, 0x73, 0x00, 0x00, 0x00, 0x00, 0x01,
  0x7A, 0xA8, 0x20, 0x00, 0x00, 0x00, 0x00, 0x00, 0x00, 0x00, 0x00, 0x00, 0x00, 0x00, 0x00, 0x00,
  0x00, 0x00, 0x00, 0x00, 0x00, 0x00, 0x00, 0x00, 0x00, 0x00, 0x00, 0x00, 0x00, 0x00, 0x00, 0x00,
  0x00, 0x01, 0x69, 0xA9, 0x50, 0x00, 0x00, 0x00, 0x00, 0x00, 0x00, 0x04, 0xDF, 0xFF, 0xFF, 0xB1,
  0x00, 0x00, 0x00, 0x00, 0x00, 0x02, 0xEF, 0xFF, 0xFF, 0xFF, 0xB0, 0x00, 0x00, 0x00, 0x00, 0x00,
  0x9F, 0xFF, 0xB9, 0xEF, 0xFF, 0x40, 0x00, 0x00, 0x00, 0x00, 0x0D, 0xFF, 0xB0, 0x04, 0xFF, 0xF7,
  0x00, 0x00, 0x00, 0x00, 0x01, 0xEF, 0xF7, 0x00, 0x1E, 0xFF, 0x70, 0x00, 0x00, 0x00, 0x00, 0x0D,
  0xFF, 0xA0, 0x06, 0xFF, 0xF5, 0x00, 0x00, 0x00, 0x00, 0x00, 0xAF, 0xFE, 0x24, 0xEF, 0xFD, 0x10,
  0x00, 0x00, 0x00, 0x00, 0x04, 0xFF, 0xFD, 0xEF, 0xFF, 0x40, 0x00, 0x00, 0x00, 0x00, 0x00, 0x09,
  0xFF, 0xFF, 0xFE, 0x50, 0x00, 0x00, 0x00, 0x00, 0x00, 0x00, 0x6F, 0xFF, 0xFC, 0x20, 0x00, 0x00,
  0x00, 0x00, 0x00, 0x00, 0x9F, 0xFF, 0xFF, 0xD2, 0x00, 0x1B, 0xBB, 0x50, 0x00, 0x00, 0x9F, 0xFF,
  0xFF, 0xFF, 0xC1, 0x02, 0xFF, 0xF7, 0x00, 0x00, 0x6F, 0xFF, 0xF6, 0xAF, 0xFF, 0xB0, 0x5F, 0xFF,
  0x50, 0x00, 0x0C, 0xFF, 0xF8, 0x01, 0xCF, 0xFF, 0x9B, 0xFF, 0xF2, 0x00, 0x01, 0xEF, 0xFF, 0x30,
  0x02, 0xEF, 0xFF, 0xFF, 0xFC, 0x00, 0x00, 0x1E, 0xFF, 0xF4, 0x01, 0x04, 0xEF, 0xFF, 0xFF, 0x70,
  0x00, 0x00, 0xBF, 0xFF, 0xB1, 0x00, 0x0A, 0xFF, 0xFF, 0xD0, 0x00, 0x00, 0x05, 0xFF, 0xFF, 0xD9,
  0x9D, 0xFF, 0xFF, 0xFE, 0x30, 0x00, 0x00, 0x0A, 0xFF, 0xFF, 0xFF, 0xFF, 0xFF, 0xFF, 0xFD, 0x20,
  0x00, 0x00, 0x08, 0xEF, 0xFF, 0xFF, 0xFD, 0x59, 0xFF, 0xFD, 0x20, 0x00, 0x00, 0x02, 0x79, 0xAA,
  0x84, 0x00, 0x06, 0x77, 0x73, 0x00, 0x00, 0x00, 0x00, 0x00, 0x00, 0x00, 0x00, 0x00, 0x00, 0x00,
  0x00, 0x00, 0x11, 0x11, 0x00, 0x00, 0x00, 0x00, 0xCE, 0xEC, 0x00, 0x00, 0x00, 0x00, 0xCF, 0xFC,
  0x00, 0x00, 0x00, 0x00, 0xCF, 0xFC, 0x00, 0x00, 0x00, 0x00, 0xCF, 0xFC, 0x00, 0x00, 0x00, 0x00,
  0xCF, 0xFC, 0x00, 0x00, 0x00, 0x00, 0xCF, 0xFC, 0x00, 0x00, 0x00, 0x00, 0xCF, 0xFC, 0x00, 0x00,
  0x00, 0x00, 0xDF, 0xFD, 0x00, 0x00, 0x00, 0x00, 0x44, 0x44, 0x00, 0x00, 0x00, 0x00, 0x00, 0x00,
  0x00, 0x00, 0x00, 0x00, 0x00, 0x00, 0x00, 0x00, 0x00, 0x00, 0x00, 0x00, 0x00, 0x00, 0x00, 0x00,
  0x00, 0x00, 0x00, 0x00, 0x00, 0x00, 0x00, 0x00, 0x00, 0x00, 0x00, 0x00, 0x00, 0x00, 0x00, 0x00,
  0x00, 0x00, 0x00, 0x00, 0x00, 0x00, 0x00, 0x00, 0x00, 0x00, 0x00, 0x00, 0x00, 0x00, 0x00, 0x00,
  0x00, 0x00, 0x00, 0x00, 0x00, 0x00, 0x00, 0x00, 0x00, 0x00, 0x00, 0x00, 0x00, 0x00, 0x00, 0x00,
  0x00, 0x00, 0x00, 0x00, 0x00, 0x00, 0x00, 0x01, 0x11, 0x00, 0x00, 0x00, 0x00, 0x7E, 0xEE, 0x30,
  0x00, 0x00, 0x02, 0xEF, 0xFC, 0x00, 0x00, 0x00, 0x07, 0xFF, 0xF7, 0x00, 0x00, 0x00, 0x0C, 0xFF,
  0xF2, 0x00, 0x00, 0x00, 0x3F, 0xFF, 0xC0, 0x00, 0x00, 0x00, 0x7F, 0xFF, 0x80, 0x00, 0x00, 0x00,
  0xBF, 0xFF, 0x40, 0x00, 0x00, 0x01, 0xDF, 0xFE, 0x20, 0x00, 0x00, 0x03, 0xFF, 0xFC, 0x00, 0x00,
  0x00, 0x05, 0xFF, 0xFA, 0x00, 0x00, 0x00, 0x07, 0xFF, 0xF9, 0x00, 0x00, 0x00, 0x08, 0xFF, 0xF7,
  0x00, 0x00, 0x00, 0x09, 0xFF, 0xF6, 0x00, 0x00, 0x00, 0x0A, 0xFF, 0xF6, 0x00, 0x00, 0x00, 0x09,
  0xFF, 0xF6, 0x00, 0x00, 0x00, 0x08, 0xFF, 0xF7, 0x00, 0x00, 0x00, 0x07, 0xFF, 0xF9, 0x00, 0x00,
  0x00, 0x05, 0xFF, 0xFB, 0x00, 0x00, 0x00, 0x02, 0xFF, 0xFD, 0x10, 0x00, 0x00, 0x00, 0xCF, 0xFF,
  0x30, 0x00, 0x00, 0x00, 0x9F, 0xFF, 0x70, 0x00, 0x00, 0x00, 0x4F, 0xFF, 0xB0, 0x00, 0x00, 0x00,
  0x1D, 0xFF, 0xE2, 0x00, 0x00, 0x00, 0x07, 0xFF, 0xF7, 0x00, 0x00, 0x00, 0x02, 0xEF, 0xFC, 0x00,
  0x00, 0x00, 0x00, 0x7E, 0xEE, 0x30, 0x00, 0x00, 0x00, 0x01, 0x11, 0x00, 0x00, 0x11, 0x10, 0x00,
  0x00, 0x00, 0x01, 0xDE, 0xEA, 0x00, 0x00, 0x00, 0x00, 0xAF, 0xFF, 0x30, 0x00, 0x00, 0x00, 0x4F,
  0xFF, 0x90, 0x00, 0x00, 0x00, 0x1D, 0xFF, 0xE1, 0x00, 0x00, 0x00, 0x09, 0xFF, 0xF5, 0x00, 0x00,
  0x00, 0x05, 0xFF, 0xF9, 0x00, 0x00, 0x00, 0x02, 0xFF, 0xFD, 0x10, 0x00, 0x00, 0x00, 0xCF, 0xFF,
  0x20, 0x00, 0x00, 0x00, 0xAF, 0xFF, 0x50, 0x00, 0x00, 0x00, 0x8F, 0xFF, 0x70, 0x00, 0x00, 0x00,
  0x6F, 0xFF, 0x90, 0x00, 0x00, 0x00, 0x5F, 0xFF, 0xA0, 0x00, 0x00, 0x00, 0x4F, 0xFF, 0xB0, 0x00,
  0x00, 0x00, 0x3F, 0xFF, 0xB0, 0x00, 0x00, 0x00, 0x4F, 0xFF, 0xB0, 0x00, 0x00, 0x00, 0x4F, 0xFF,
  0xB0, 0x00, 0x00, 0x00, 0x6F, 0xFF, 0x90, 0x00, 0x00, 0x00, 0x9F, 0xFF, 0x70, 0x00, 0x00, 0x00,
  0xBF, 0xFF, 0x40, 0x00, 0x00, 0x01, 0xEF, 0xFE, 0x20, 0x00, 0x00, 0x04, 0xFF, 0xFB, 0x00, 0x00,
  0x00, 0x08, 0xFF, 0xF7, 0x00, 0x00, 0x00, 0x1D, 0xFF, 0xE2, 0x00, 0x00, 0x00, 0x4F, 0xFF, 0xA0,
  0x00, 0x00, 0x00, 0xAF, 0xFF, 0x30, 0x00, 0x00, 0x01, 0xDE, 0xE9, 0x00, 0x00, 0x00, 0x00, 0x11,
  0x10, 0x00, 0x00, 0x00, 0x00, 0x00, 0x00, 0x00, 0x11, 0x00, 0x00, 0x00, 0x00, 0x00, 0x00, 0x00,
  0x04, 0xEE, 0x40, 0x00, 0x00, 0x00, 0x00, 0x00, 0x20, 0x05, 0xFF, 0x50, 0x02, 0x00, 0x00, 0x00,
  0x01, 0xDA, 0x13, 0xFF, 0x31, 0xAD, 0x10, 0x00, 0x00, 0x09, 0xFF, 0xD9, 0xFF, 0x9D, 0xFF, 0x80,
  0x00, 0x00, 0x03, 0x9E, 0xFF, 0xFF, 0xFF, 0xE9, 0x30, 0x00, 0x00, 0x00, 0x02, 0xBF, 0xFF, 0xFB,
  0x20, 0x00, 0x00, 0x00, 0x01, 0x6B, 0xFF, 0xFF, 0xFF, 0xB5, 0x10, 0x00, 0x00, 0x09, 0xFF, 0xFB,
  0xFF, 0xBF, 0xFF, 0x80, 0x00, 0x00, 0x03, 0xFD, 0x34, 0xFF, 0x43, 0xCF, 0x30, 0x00, 0x00, 0x00,
  0x41, 0x04, 0xFF, 0x40, 0x14, 0x00, 0x00, 0x00, 0x00, 0x00, 0x04, 0xFF, 0x40, 0x00, 0x00, 0x00,
  0x00, 0x00, 0x00, 0x01, 0x33, 0x10, 0x00, 0x00, 0x00, 0x00, 0x00, 0x00, 0x00, 0x00, 0x00, 0x00,
  0x00, 0x00, 0x00, 0x00, 0x00, 0x00, 0x00, 0x00, 0x00, 0x00, 0x00, 0x00, 0x00, 0x00, 0x00, 0x00,
  0x00, 0x00, 0x00, 0x00, 0x00, 0x00, 0x00, 0x00, 0x00, 0x00, 0x00, 0x00, 0x00, 0x00, 0x00, 0x00,
  0x00, 0x00, 0x00, 0x00, 0x00, 0x00, 0x00, 0x00, 0x00, 0x00, 0x00, 0x00, 0x00, 0x00, 0x00, 0x00,
  0x00, 0x00, 0x00, 0x00, 0x00, 0x00, 0x00, 0x00, 0x00, 0x00, 0x00, 0x00, 0x00, 0x00, 0x00, 0x00,
  0x00, 0x00, 0x00, 0x00, 0x00, 0x00, 0x00, 0x00, 0x00, 0x00, 0x00, 0x00, 0x00, 0x00, 0x01, 0x11,
  0x00, 0x00, 0x00, 0x00, 0x00, 0x00, 0x00, 0x00, 0x07, 0xEE, 0xD1, 0x00, 0x00, 0x00, 0x00, 0x00,
  0x00, 0x00, 0x00, 0x8F, 0xFF, 0x10, 0x00, 0x00, 0x00, 0x00, 0x00, 0x00, 0x00, 0x07, 0xFF, 0xE1,
  0x00, 0x00, 0x00, 0x00, 0x00, 0x00, 0x00, 0x00, 0x8F, 0xFE, 0x10, 0x00, 0x00, 0x00, 0x00, 0x00,
  0x00, 0x00, 0x07, 0xFF, 0xE0, 0x00, 0x00, 0x00, 0x00, 0x00, 0x04, 0x98, 0x88, 0xCF, 0xFF, 0x98,
  0x88, 0x94, 0x00, 0x00, 0x00, 0x8F, 0xFF, 0xFF, 0xFF, 0xFF, 0xFF, 0xFF, 0x80, 0x00, 0x00, 0x08,
  0xFF, 0xFF, 0xFF, 0xFF, 0xFF, 0xFF, 0xF8, 0x00, 0x00, 0x00, 0x6C, 0xBC, 0xCD, 0xFF, 0xFC, 0xCC,
  0xBC, 0x60, 0x00, 0x00, 0x00, 0x00, 0x00, 0x7F, 0xFE, 0x00, 0x00, 0x00, 0x00, 0x00, 0x00, 0x00,
  0x00, 0x08, 0xFF, 0xE1, 0x00, 0x00, 0x00, 0x00, 0x00, 0x00, 0x00, 0x00, 0x7F, 0xFE, 0x10, 0x00,
  0x00, 0x00, 0x00, 0x00, 0x00, 0x00, 0x07, 0xFF, 0xE1, 0x00, 0x00, 0x00, 0x00, 0x00, 0x00, 0x00,
  0x00, 0x8F, 0xFF, 0x10, 0x00, 0x00, 0x00, 0x00, 0x00, 0x00, 0x00, 0x03, 0x66, 0x60, 0x00, 0x00,
  0x00, 0x00, 0x00, 0x00, 0x00, 0x00, 0x00, 0x00, 0x00, 0x00, 0x00, 0x00, 0x00, 0x00, 0x00, 0x00,
  0x00, 0x00, 0x00, 0x00, 0x00, 0x00, 0x00, 0x00, 0x00, 0x11, 0x11, 0x10, 0x00, 0x00, 0x02, 0xEE,
  0xEE, 0x20, 0x00, 0x00, 0x04, 0xFF, 0xFC, 0x00, 0x00, 0x00, 0x06, 0xFE, 0xF7, 0x00, 0x00, 0x00,
  0x08, 0xFF, 0xE3, 0x00, 0x00, 0x00, 0x0B, 0xFF, 0xC0, 0x00, 0x00, 0x00, 0x0D, 0xFF, 0x70, 0x00,
  0x00, 0x00, 0x2E, 0xFF, 0x30, 0x00, 0x00, 0x00, 0x3E, 0xEB, 0x00, 0x00, 0x00, 0x00, 0x01, 0x11,
  0x00, 0x00, 0x00, 0x00, 0x00, 0x00, 0x00, 0x00, 0x00, 0x00, 0x00, 0x00, 0x0A, 0xBB, 0xBB, 0xBB,
  0xBB, 0xA0, 0x00, 0x00, 0x0E, 0xFF, 0xFF, 0xFF, 0xFF, 0xE0, 0x00, 0x00, 0x0E, 0xFF, 0xFF, 0xFF,
  0xFF, 0xE0, 0x00, 0x00, 0x04, 0x55, 0x55, 0x55, 0x55, 0x40, 0x00, 0x00, 0x00, 0x00, 0x00, 0x00,
  0x00, 0x00, 0x00, 0x00, 0x00, 0x00, 0x00, 0x00, 0x00, 0x00, 0x00, 0x00, 0x00, 0x00, 0x00, 0x00,
  0x00, 0x00, 0x00, 0x00, 0x00, 0x00, 0x00, 0x00, 0x00, 0x00, 0x00, 0x00, 0x00, 0x00, 0x00, 0x00,
  0x00, 0x00, 0x00, 0x00, 0x00, 0x00, 0x00, 0x00, 0x00, 0x00, 0x00, 0x00, 0x00, 0x00, 0x00, 0x00,
  0x00, 0x00, 0x00, 0x00, 0x00, 0x00, 0x00, 0x00, 0x00, 0x00, 0x00, 0x00, 0x00, 0x00, 0x00, 0x00,
  0x00, 0x00, 0x00, 0x00, 0x00, 0x00, 0x00, 0x00, 0x00, 0x00, 0x00, 0x00, 0x00, 0x00, 0x00, 0x00,
  0x00, 0x00, 0x00, 0x00, 0x00, 0x00, 0x00, 0x00, 0x00, 0x00, 0x00, 0x00, 0x00, 0x00, 0x00, 0x4A,
  0xA4, 0x00, 0x00, 0x00, 0x02, 0xEF, 0xFE, 0x20, 0x00, 0x00, 0x05, 0xFE, 0xEF, 0x50, 0x00, 0x00,
  0x02, 0xEF, 0xFE, 0x20, 0x00, 0x00, 0x00, 0x4A, 0xA4, 0x00, 0x00, 0x00, 0x00, 0x00, 0x00, 0x00,
  0x00, 0x00, 0x00, 0x00, 0x00, 0x11, 0x11, 0x00, 0x00, 0x00, 0x00, 0x3E, 0xEE, 0x50, 0x00, 0x00,
  0x00, 0x07, 0xFF, 0xF2, 0x00, 0x00, 0x00, 0x00, 0xBF, 0xFC, 0x00, 0x00, 0x00, 0x00, 0x1E, 0xFF,
  0x80, 0x00, 0x00, 0x00, 0x05, 0xFF, 0xF4, 0x00, 0x00, 0x00, 0x00, 0x8F, 0xFE, 0x10, 0x00, 0x00,
  0x00, 0x0C, 0xFF, 0xA0, 0x00, 0x00, 0x00, 0x02, 0xFF, 0xF7, 0x00, 0x00, 0x00, 0x00, 0x6F, 0xFF,
  0x30, 0x00, 0x00, 0x00, 0x0A, 0xFF, 0xD0, 0x00, 0x00, 0x00, 0x00, 0xDF, 0xF9, 0x00, 0x00, 0x00,
  0x00, 0x3F, 0xFF, 0x60, 0x00, 0x00, 0x00, 0x07, 0xFF, 0xF2, 0x00, 0x00, 0x00, 0x00, 0xBF, 0xFC,
  0x00, 0x00, 0x00, 0x00, 0x1E, 0xFF, 0x80, 0x00, 0x00, 0x00, 0x05, 0xFF, 0xF4, 0x00, 0x00, 0x00,
  0x00, 0x8F, 0xFE, 0x10, 0x00, 0x00, 0x00, 0x0C, 0xFF, 0xA0, 0x00, 0x00, 0x00, 0x02, 0xFF, 0xF7,
  0x00, 0x00, 0x00, 0x00, 0x6F, 0xFF, 0x30, 0x00, 0x00, 0x00, 0x0A, 0xFF, 0xD0, 0x00, 0x00, 0x00,
  0x00, 0xDF, 0xF9, 0x00, 0x00, 0x00, 0x00, 0x4F, 0xFF, 0x60, 0x00, 0x00, 0x00, 0x07, 0xEE, 0xE2,
  0x00, 0x00, 0x00, 0x00, 0x11, 0x11, 0x00, 0x00, 0x00, 0x00, 0x00, 0x00, 0x00, 0x00, 0x00, 0x00,
  0x00, 0x00, 0x00, 0x00, 0x00, 0x00, 0x00, 0x00, 0x37, 0x9A, 0xA7, 0x30, 0x00, 0x00, 0x00, 0x00,
  0x00, 0x01, 0x9F, 0xFF, 0xFF, 0xFF, 0xA2, 0x00, 0x00, 0x00, 0x00, 0x01, 0xBF, 0xFF, 0xFF, 0xFF,
  0xFF, 0xD2, 0x00, 0x00, 0x00, 0x00, 0x9F, 0xFF, 0xFC, 0x9B, 0xFF, 0xFF, 0xB0, 0x00, 0x00, 0x00,
  0x3F, 0xFF, 0xF7, 0x00, 0x05, 0xFF, 0xFF, 0x50, 0x00, 0x00, 0x09, 0xFF, 0xFA, 0x00, 0x00, 0x08,
  0xFF, 0xFC, 0x00, 0x00, 0x01, 0xDF, 0xFF, 0x40, 0x00, 0x00, 0x2F, 0xFF, 0xF2, 0x00, 0x00, 0x3F,
  0xFF, 0xE1, 0x00, 0x00, 0x00, 0xCF, 0xFF, 0x60, 0x00, 0x05, 0xFF, 0xFC, 0x00, 0x00, 0x00, 0x0A,
  0xFF, 0xF8, 0x00, 0x00, 0x7F, 0xFF, 0xB0, 0x00, 0x00, 0x00, 0x8F, 0xFF, 0x90, 0x00, 0x07, 0xFF,
  0xFA, 0x00, 0x00, 0x00, 0x08, 0xFF, 0xFA, 0x00, 0x00, 0x7F, 0xFF, 0xA0, 0x00, 0x00, 0x00, 0x8F,
  0xFF, 0xA0, 0x00, 0x07, 0xFF, 0xFA, 0x00, 0x00, 0x00, 0x08, 0xFF, 0xF9, 0x00, 0x00, 0x5F, 0xFF,
  0xC0, 0x00, 0x00, 0x00, 0xAF, 0xFF, 0x80, 0x00, 0x03, 0xFF, 0xFE, 0x10, 0x00, 0x00, 0x0C, 0xFF,
  0xF6, 0x00, 0x00, 0x1E, 0xFF, 0xF4, 0x00, 0x00, 0x02, 0xFF, 0xFF, 0x20, 0x00, 0x00, 0x9F, 0xFF,
  0xA0, 0x00, 0x00, 0x8F, 0xFF, 0xC0, 0x00, 0x00, 0x03, 0xFF, 0xFF, 0x70, 0x00, 0x5F, 0xFF, 0xF6,
  0x00, 0x00, 0x00, 0x09, 0xFF, 0xFF, 0xB9, 0xBF, 0xFF, 0xFC, 0x00, 0x00, 0x00, 0x00, 0x1B, 0xFF,
  0xFF, 0xFF, 0xFF, 0xFD, 0x20, 0x00, 0x00, 0x00, 0x00, 0x19, 0xFF, 0xFF, 0xFF, 0xFA, 0x20, 0x00,
  0x00, 0x00, 0x00, 0x00, 0x03, 0x79, 0xAA, 0x73, 0x00, 0x00, 0x00, 0x00, 0x00, 0x00, 0x00, 0x00,
  0x00, 0x00, 0x00, 0x00, 0x00, 0x00, 0x00, 0x00, 0x00, 0x01, 0x11, 0x10, 0x00, 0x00, 0x00, 0x03,
  0xCE, 0xEE, 0xE3, 0x00, 0x00, 0x00, 0x7F, 0xFF, 0xFF, 0xF3, 0x00, 0x00, 0x3B, 0xFF, 0xFF, 0xFF,
  0xF3, 0x00, 0x00, 0xBF, 0xFF, 0xCE, 0xFF, 0xF3, 0x00, 0x00, 0xBF, 0xF8, 0x1E, 0xFF, 0xF3, 0x00,
  0x00, 0xCE, 0x40, 0x1E, 0xFF, 0xF3, 0x00, 0x00, 0x62, 0x00, 0x1E, 0xFF, 0xF3, 0x00, 0x00, 0x00,
  0x00, 0x1E, 0xFF, 0xF3, 0x00, 0x00, 0x00, 0x00, 0x1E, 0xFF, 0xF3, 0x00, 0x00, 0x00, 0x00, 0x1E,
  0xFF, 0xF3, 0x00, 0x00, 0x00, 0x00, 0x1E, 0xFF, 0xF3, 0x00, 0x00, 0x00, 0x00, 0x1E, 0xFF, 0xF3,
  0x00, 0x00, 0x00, 0x00, 0x1E, 0xFF, 0xF3, 0x00, 0x00, 0x00, 0x00, 0x1E, 0xFF, 0xF3, 0x00, 0x00,
  0x00, 0x00, 0x1E, 0xFF, 0xF3, 0x00, 0x00, 0x00, 0x00, 0x1E, 0xFF, 0xF3, 0x00, 0x00, 0x00, 0x00,
  0x1E, 0xFF, 0xF3, 0x00, 0x00, 0x00, 0x00, 0x1E, 0xFF, 0xF3, 0x00, 0x00, 0x00, 0x00, 0x1E, 0xFF,
  0xF3, 0x00, 0x00, 0x00, 0x00, 0x1D, 0xEE, 0xE3, 0x00, 0x00, 0x00, 0x00, 0x01, 0x11, 0x10, 0x00,
  0x00, 0x00, 0x00, 0x00, 0x00, 0x00, 0x00, 0x00, 0x00, 0x00, 0x00, 0x00, 0x00, 0x27, 0x9A, 0xA9,
  0x72, 0x00, 0x00, 0x00, 0x00, 0x00, 0x19, 0xFF, 0xFF, 0xFF, 0xFF, 0x91, 0x00, 0x00, 0x00, 0x01,
  0xBF, 0xFF, 0xFF, 0xFF, 0xFF, 0xFC, 0x10, 0x00, 0x00, 0x09, 0xFF, 0xFF, 0xC8, 0x8C, 0xFF, 0xFF,
  0x90, 0x00, 0x00, 0x2E, 0xFF, 0xF9, 0x00, 0x00, 0x9F, 0xFF, 0xF2, 0x00, 0x00, 0x5F, 0xFF, 0xF2,
  0x00, 0x00, 0x1E, 0xFF, 0xF6, 0x00, 0x00, 0x5C, 0xBB, 0x90, 0x00, 0x00, 0x0C, 0xFF, 0xF6, 0x00,
  0x00, 0x00, 0x00, 0x00, 0x00, 0x00, 0x1E, 0xFF, 0xF5, 0x00, 0x00, 0x00, 0x00, 0x00, 0x00, 0x00,
  0x7F, 0xFF, 0xE2, 0x00, 0x00, 0x00, 0x00, 0x00, 0x00, 0x04, 0xEF, 0xFF, 0x90, 0x00, 0x00, 0x00,
  0x00, 0x00, 0x00, 0x3E, 0xFF, 0xFD, 0x10, 0x00, 0x00, 0x00, 0x00, 0x00, 0x04, 0xEF, 0xFF, 0xE3,
  0x00, 0x00, 0x00, 0x00, 0x00, 0x00, 0x4E, 0xFF, 0xFE, 0x40, 0x00, 0x00, 0x00, 0x00, 0x00, 0x05,
  0xFF, 0xFF, 0xE4, 0x00, 0x00, 0x00, 0x00, 0x00, 0x00, 0x6F, 0xFF, 0xFE, 0x40, 0x00, 0x00, 0x00,
  0x00, 0x00, 0x07, 0xFF, 0xFF, 0xE4, 0x00, 0x00, 0x00, 0x00, 0x00, 0x00, 0x8F, 0xFF, 0xFD, 0x30,
  0x00, 0x00, 0x00, 0x00, 0x00, 0x19, 0xFF, 0xFF, 0xF7, 0x34, 0x44, 0x44, 0x42, 0x00, 0x00, 0x6F,
  0xFF, 0xFF, 0xFF, 0xFF, 0xFF, 0xFF, 0xF7, 0x00, 0x00, 0x7F, 0xFF, 0xFF, 0xFF, 0xFF, 0xFF, 0xFF,
  0xF7, 0x00, 0x00, 0x6E, 0xEE, 0xEE, 0xEE, 0xEE, 0xEE, 0xEE, 0xE6, 0x00, 0x00, 0x01, 0x11, 0x11,
  0x11, 0x11, 0x11, 0x11, 0x10, 0x00, 0x00, 0x00, 0x00, 0x00, 0x00, 0x00, 0x00, 0x00, 0x00, 0x00,
  0x00, 0x00, 0x00, 0x26, 0x9A, 0xA8, 0x51, 0x00, 0x00, 0x00, 0x00, 0x00, 0x08, 0xEF, 0xFF, 0xFF,
  0xFD, 0x50, 0x00, 0x00, 0x00, 0x00, 0xAF, 0xFF, 0xFF, 0xFF, 0xFF, 0xF5, 0x00, 0x00, 0x00, 0x07,
  0xFF, 0xFF, 0xD9, 0xAE, 0xFF, 0xFE, 0x20, 0x00, 0x00, 0x1D, 0xFF, 0xF9, 0x10, 0x02, 0xDF, 0xFF,
  0x70, 0x00, 0x00, 0x3F, 0xFF, 0xE1, 0x00, 0x00, 0x7F, 0xFF, 0xA0, 0x00, 0x00, 0x14, 0x45, 0x40,
  0x00, 0x00, 0x5F, 0xFF, 0xB0, 0x00, 0x00, 0x00, 0x00, 0x00, 0x00, 0x00, 0x9F, 0xFF, 0x90, 0x00,
  0x00, 0x00, 0x00, 0x00, 0x00, 0x16, 0xFF, 0xFF, 0x30, 0x00, 0x00, 0x00, 0x00, 0x03, 0xCC, 0xDF,
  0xFF, 0xE6, 0x00, 0x00, 0x00, 0x00, 0x00, 0x04, 0xFF, 0xFF, 0xFB, 0x20, 0x00, 0x00, 0x00, 0x00,
  0x00, 0x04, 0xFF, 0xFF, 0xFE, 0xC6, 0x00, 0x00, 0x00, 0x00, 0x00, 0x02, 0x88, 0x9C, 0xFF, 0xFF,
  0x70, 0x00, 0x00, 0x00, 0x00, 0x00, 0x00, 0x00, 0x7F, 0xFF, 0xF2, 0x00, 0x00, 0x00, 0x00, 0x00,
  0x00, 0x00, 0x0B, 0xFF, 0xF7, 0x00, 0x00, 0x24, 0x34, 0x20, 0x00, 0x00, 0x08, 0xFF, 0xF8, 0x00,
  0x00, 0x8F, 0xFF, 0xA0, 0x00, 0x00, 0x0B, 0xFF, 0xF7, 0x00, 0x00, 0x4F, 0xFF, 0xF6, 0x00, 0x00,
  0x7F, 0xFF, 0xF4, 0x00, 0x00, 0x0C, 0xFF, 0xFF, 0xC9, 0x9C, 0xFF, 0xFF, 0xB0, 0x00, 0x00, 0x02,
  0xDF, 0xFF, 0xFF, 0xFF, 0xFF, 0xFC, 0x10, 0x00, 0x00, 0x00, 0x2A, 0xFF, 0xFF, 0xFF, 0xFE, 0x91,
  0x00, 0x00, 0x00, 0x00, 0x00, 0x37, 0x9A, 0xA9, 0x62, 0x00, 0x00, 0x00, 0x00, 0x00, 0x00, 0x00,
  0x00, 0x00, 0x00, 0x00, 0x00, 0x00, 0x00, 0x00, 0x00, 0x00, 0x00, 0x01, 0x11, 0x11, 0x10, 0x00,
  0x00, 0x00, 0x00, 0x00, 0x00, 0x00, 0x1D, 0xEE, 0xEE, 0xC0, 0x00, 0x00, 0x00, 0x00, 0x00, 0x00,
  0x00, 0xAF, 0xFF, 0xFF, 0xD0, 0x00, 0x00, 0x00, 0x00, 0x00, 0x00, 0x05, 0xFF, 0xFF, 0xFF, 0xD0,
  0x00, 0x00, 0x00, 0x00, 0x00, 0x00, 0x1D, 0xFF, 0xFF, 0xFF, 0xD0, 0x00, 0x00, 0x00, 0x00, 0x00,
  0x00, 0xAF, 0xFF, 0xDF, 0xFF, 0xD0, 0x00, 0x00, 0x00, 0x00, 0x00, 0x05, 0xFF, 0xFB, 0x6F, 0xFF,
  0xD0, 0x00, 0x00, 0x00, 0x00, 0x00, 0x1D, 0xFF, 0xF2, 0x5F, 0xFF, 0xD0, 0x00, 0x00, 0x00, 0x00,
  0x00, 0x9F, 0xFF, 0x80, 0x6F, 0xFF, 0xD0, 0x00, 0x00, 0x00, 0x00, 0x05, 0xFF, 0xFD, 0x10, 0x6F,
  0xFF, 0xD0, 0x00, 0x00, 0x00, 0x00, 0x1D, 0xFF, 0xF4, 0x00, 0x6F, 0xFF, 0xD0, 0x00, 0x00, 0x00,
  0x00, 0x9F, 0xFF, 0x90, 0x00, 0x6F, 0xFF, 0xD0, 0x00, 0x00, 0x00, 0x05, 0xFF, 0xFD, 0x10, 0x00,
  0x6F, 0xFF, 0xD0, 0x00, 0x00, 0x00, 0x1D, 0xFF, 0xF5, 0x00, 0x00, 0x6F, 0xFF, 0xD0, 0x00, 0x00,
  0x00, 0x6F, 0xFF, 0xFC, 0xCC, 0xCC, 0xDF, 0xFF, 0xFC, 0xC5, 0x00, 0x00, 0x7F, 0xFF, 0xFF, 0xFF,
  0xFF, 0xFF, 0xFF, 0xFF, 0xF7, 0x00, 0x00, 0x7F, 0xFF, 0xFF, 0xFF, 0xFF, 0xFF, 0xFF, 0xFF, 0xF7,
  0x00, 0x00, 0x26, 0x55, 0x55, 0x55, 0x55, 0x9F, 0xFF, 0xE5, 0x62, 0x00, 0x00, 0x00, 0x00, 0x00,
  0x00, 0x00, 0x5F, 0xFF, 0xD0, 0x00, 0x00, 0x00, 0x00, 0x00, 0x00, 0x00, 0x00, 0x6F, 0xFF, 0xD0,
  0x00, 0x00, 0x00, 0x00, 0x00, 0x00, 0x00, 0x00, 0x6E, 0xEE, 0xC0, 0x00, 0x00, 0x00, 0x00, 0x00,
  0x00, 0x00, 0x00, 0x01, 0x11, 0x10, 0x00, 0x00, 0x00, 0x00, 0x11, 0x11, 0x11, 0x11, 0x11, 0x11,
  0x00, 0x00, 0x00, 0x02, 0xEE, 0xEE, 0xEE, 0xEE, 0xEE, 0xEE, 0x50, 0x00, 0x00, 0x04, 0xFF, 0xFF,
  0xFF, 0xFF, 0xFF, 0xFF, 0x60, 0x00, 0x00, 0x05, 0xFF, 0xFF, 0xFF, 0xFF, 0xFF, 0xFF, 0x60, 0x00,
  0x00, 0x06, 0xFF, 0xF9, 0x44, 0x44, 0x44, 0x44, 0x10, 0x00, 0x00, 0x07, 0xFF, 0xF5, 0x00, 0x00,
  0x00, 0x00, 0x00, 0x00, 0x00, 0x09, 0xFF, 0xF4, 0x00, 0x00, 0x00, 0x00, 0x00, 0x00, 0x00, 0x0A,
  0xFF, 0xF3, 0x00, 0x11, 0x00, 0x00, 0x00, 0x00, 0x00, 0x0B, 0xFF, 0xE1, 0x6B, 0xEE, 0xC8, 0x20,
  0x00, 0x00, 0x00, 0x0C, 0xFF, 0xEA, 0xFF, 0xFF, 0xFF, 0xE4, 0x00, 0x00, 0x00, 0x1E, 0xFF, 0xFF,
  0xFF, 0xFF, 0xFF, 0xFE, 0x30, 0x00, 0x00, 0x1E, 0xFF, 0xFD, 0x74, 0x5A, 0xFF, 0xFF, 0xB0, 0x00,
  0x00, 0x01, 0x36, 0x71, 0x00, 0x00, 0x8F, 0xFF, 0xF3, 0x00, 0x00, 0x00, 0x00, 0x00, 0x00, 0x00,
  0x0D, 0xFF, 0xF6, 0x00, 0x00, 0x00, 0x00, 0x00, 0x00, 0x00, 0x0A, 0xFF, 0xF7, 0x00, 0x00, 0x13,
  0x33, 0x20, 0x00, 0x00, 0x0B, 0xFF, 0xF7, 0x00, 0x00, 0x7F, 0xEF, 0xB0, 0x00, 0x00, 0x1E, 0xFF,
  0xF5, 0x00, 0x00, 0x4F, 0xFF, 0xF6, 0x00, 0x01, 0xAF, 0xFF, 0xD1, 0x00, 0x00, 0x0B, 0xFF, 0xFF,
  0xB8, 0x8D, 0xFF, 0xFF, 0x60, 0x00, 0x00, 0x02, 0xDF, 0xFF, 0xFF, 0xFF, 0xFF, 0xF9, 0x00, 0x00,
  0x00, 0x00, 0x2A, 0xFF, 0xFF, 0xFF, 0xFE, 0x70, 0x00, 0x00, 0x00, 0x00, 0x00, 0x37, 0x9B, 0xA9,
  0x61, 0x00, 0x00, 0x00, 0x00, 0x00, 0x00, 0x00, 0x00, 0x00, 0x00, 0x00, 0x00, 0x00, 0x00, 0x00,
  0x00, 0x00, 0x00, 0x00, 0x00, 0x00, 0x00, 0x00, 0x00, 0x00, 0x00, 0x02, 0x79, 0xA9, 0x73, 0x00,
  0x00, 0x00, 0x00, 0x00, 0x00, 0x8F, 0xFF, 0xFF, 0xFF, 0x91, 0x00, 0x00, 0x00, 0x00, 0x0A, 0xFF,
  0xFF, 0xFF, 0xFF, 0xFB, 0x10, 0x00, 0x00, 0x00, 0x8F, 0xFF, 0xFE, 0xCE, 0xFF, 0xFF, 0x80, 0x00,
  0x00, 0x03, 0xFF, 0xFF, 0x81, 0x12, 0x9F, 0xFF, 0xE2, 0x00, 0x00, 0x09, 0xFF, 0xFA, 0x00, 0x00,
  0x0D, 0xFF, 0xF6, 0x00, 0x00, 0x1D, 0xFF, 0xF3, 0x00, 0x00, 0x02, 0x54, 0x42, 0x00, 0x00, 0x3F,
  0xFF, 0xC0, 0x01, 0x35, 0x41, 0x00, 0x00, 0x00, 0x00, 0x6F, 0xFF, 0xA0, 0x6D, 0xFF, 0xFE, 0x91,
  0x00, 0x00, 0x00, 0x7F, 0xFF, 0x76, 0xFF, 0xFF, 0xFF, 0xFC, 0x10, 0x00, 0x00, 0x8F, 0xFF, 0xBF,
  0xFE, 0xEF, 0xFF, 0xFF, 0xA0, 0x00, 0x00, 0x8F, 0xFF, 0xFF, 0x93, 0x24, 0xCF, 0xFF, 0xF3, 0x00,
  0x00, 0x8F, 0xFF, 0xF9, 0x00, 0x00, 0x1D, 0xFF, 0xF8, 0x00, 0x00, 0x7F, 0xFF, 0xE2, 0x00, 0x00,
  0x08, 0xFF, 0xFA, 0x00, 0x00, 0x5F, 0xFF, 0xD1, 0x00, 0x00, 0x05, 0xFF, 0xFA, 0x00, 0x00, 0x2F,
  0xFF, 0xE1, 0x00, 0x00, 0x06, 0xFF, 0xFA, 0x00, 0x00, 0x0C, 0xFF, 0xF5, 0x00, 0x00, 0x0C, 0xFF,
  0xF7, 0x00, 0x00, 0x06, 0xFF, 0xFE, 0x30, 0x00, 0x8F, 0xFF, 0xF2, 0x00, 0x00, 0x01, 0xCF, 0xFF,
  0xFA, 0x9C, 0xFF, 0xFF, 0x90, 0x00, 0x00, 0x00, 0x3E, 0xFF, 0xFF, 0xFF, 0xFF, 0xFB, 0x10, 0x00,
  0x00, 0x00, 0x02, 0xBF, 0xFF, 0xFF, 0xFF, 0x91, 0x00, 0x00, 0x00, 0x00, 0x00, 0x04, 0x8A, 0xA9,
  0x72, 0x00, 0x00, 0x00, 0x00, 0x00, 0x00, 0x00, 0x00, 0x00, 0x00, 0x00, 0x00, 0x00, 0x00, 0x11,
  0x11, 0x11, 0x11, 0x11, 0x11, 0x11, 0x00, 0x01, 0xDE, 0xEE, 0xEE, 0xEE, 0xEE, 0xEE, 0xED, 0x10,
  0x01, 0xFF, 0xFF, 0xFF, 0xFF, 0xFF, 0xFF, 0xFE, 0x10, 0x01, 0xEF, 0xFF, 0xFF, 0xFF, 0xFE, 0xFF,
  0xFE, 0x10, 0x00, 0x33, 0x33, 0x33, 0x33, 0x39, 0xFF, 0xFC, 0x00, 0x00, 0x00, 0x00, 0x00, 0x00,
  0x0D, 0xFF, 0xF5, 0x00, 0x00, 0x00, 0x00, 0x00, 0x00, 0x7F, 0xFF, 0xC0, 0x00, 0x00, 0x00, 0x00,
  0x00, 0x01, 0xDF, 0xFF, 0x50, 0x00, 0x00, 0x00, 0x00, 0x00, 0x07, 0xFF, 0xFC, 0x00, 0x00, 0x00,
  0x00, 0x00, 0x00, 0x1D, 0xFF, 0xF5, 0x00, 0x00, 0x00, 0x00, 0x00, 0x00, 0x6F, 0xFF, 0xC0, 0x00,
  0x00, 0x00, 0x00, 0x00, 0x01, 0xDF, 0xFF, 0x50, 0x00, 0x00, 0x00, 0x00, 0x00, 0x06, 0xFF, 0xFC,
  0x00, 0x00, 0x00, 0x00, 0x00, 0x00, 0x1D, 0xFF, 0xF5, 0x00, 0x00, 0x00, 0x00, 0x00, 0x00, 0x6F,
  0xFF, 0xC0, 0x00, 0x00, 0x00, 0x00, 0x00, 0x01, 0xDF, 0xFF, 0x60, 0x00, 0x00, 0x00, 0x00, 0x00,
  0x06, 0xFF, 0xFD, 0x00, 0x00, 0x00, 0x00, 0x00, 0x00, 0x0D, 0xFF, 0xF6, 0x00, 0x00, 0x00, 0x00,
  0x00, 0x00, 0x6F, 0xFF, 0xD0, 0x00, 0x00, 0x00, 0x00, 0x00, 0x00, 0xDF, 0xFF, 0x60, 0x00, 0x00,
  0x00, 0x00, 0x00, 0x05, 0xEE, 0xEC, 0x10, 0x00, 0x00, 0x00, 0x00, 0x00, 0x01, 0x11, 0x11, 0x00,
  0x00, 0x00, 0x00, 0x00, 0x00, 0x00, 0x00, 0x00, 0x00, 0x00, 0x00, 0x00, 0x00, 0x00, 0x00, 0x00,
  0x00, 0x15, 0x8A, 0xA9, 0x62, 0x00, 0x00, 0x00, 0x00, 0x00, 0x05, 0xDF, 0xFF, 0xFF, 0xFE, 0x80,
  0x00, 0x00, 0x00, 0x00, 0x6F, 0xFF, 0xFF, 0xFF, 0xFF, 0xFA, 0x00, 0x00, 0x00, 0x03, 0xFF, 0xFF,
  0xEA, 0x9D, 0xFF, 0xFF, 0x70, 0x00, 0x00, 0x08, 0xFF, 0xFD, 0x30, 0x01, 0xAF, 0xFF, 0xC0, 0x00,
  0x00, 0x0B, 0xFF, 0xF7, 0x00, 0x00, 0x3F, 0xFF, 0xE1, 0x00, 0x00, 0x0A, 0xFF, 0xF5, 0x00, 0x00,
  0x1E, 0xFF, 0xE1, 0x00, 0x00, 0x08, 0xFF, 0xF8, 0x00, 0x00, 0x4F, 0xFF, 0xC0, 0x00, 0x00, 0x02,
  0xFF, 0xFE, 0x50, 0x03, 0xCF, 0xFF, 0x50, 0x00, 0x00, 0x00, 0x6E, 0xFF, 0xFC, 0xCE, 0xFF, 0xF8,
  0x00, 0x00, 0x00, 0x00, 0x04, 0xDF, 0xFF, 0xFF, 0xFD, 0x40, 0x00, 0x00, 0x00, 0x00, 0x5C, 0xFF,
  0xFF, 0xFF, 0xFF, 0xC5, 0x00, 0x00, 0x00, 0x05, 0xFF, 0xFF, 0xC8, 0x8C, 0xFF, 0xFF, 0x50, 0x00,
  0x00, 0x1E, 0xFF, 0xF6, 0x00, 0x00, 0x7F, 0xFF, 0xE1, 0x00, 0x00, 0x6F, 0xFF, 0xB0, 0x00, 0x00,
  0x0B, 0xFF, 0xF6, 0x00, 0x00, 0x8F, 0xFF, 0x80, 0x00, 0x00, 0x08, 0xFF, 0xF8, 0x00, 0x00, 0x8F,
  0xFF, 0xB0, 0x00, 0x00, 0x0B, 0xFF, 0xF8, 0x00, 0x00, 0x5F, 0xFF, 0xF7, 0x00, 0x00, 0x7F, 0xFF,
  0xF4, 0x00, 0x00, 0x0C, 0xFF, 0xFF, 0xC9, 0x9C, 0xFF, 0xFF, 0xC0, 0x00, 0x00, 0x02, 0xDF, 0xFF,
  0xFF, 0xFF, 0xFF, 0xFD, 0x20, 0x00, 0x00, 0x00, 0x2A, 0xFF, 0xFF, 0xFF, 0xFF, 0xA2, 0x00, 0x00,
  0x00, 0x00, 0x00, 0x26, 0x9A, 0xA9, 0x62, 0x00, 0x00, 0x00, 0x00, 0x00, 0x00, 0x00, 0x00, 0x00,
  0x00, 0x00, 0x00, 0x00, 0x00, 0x00, 0x00, 0x00, 0x00, 0x00, 0x00, 0x00, 0x00, 0x00, 0x00, 0x00,
  0x00, 0x16, 0x9A, 0xA8, 0x40, 0x00, 0x00, 0x00, 0x00, 0x00, 0x07, 0xEF, 0xFF, 0xFF, 0xFC, 0x30,
  0x00, 0x00, 0x00, 0x00, 0x9F, 0xFF, 0xFF, 0xFF, 0xFF, 0xE4, 0x00, 0x00, 0x00, 0x06, 0xFF, 0xFF,
  0xD9, 0xAE, 0xFF, 0xFE, 0x20, 0x00, 0x00, 0x1D, 0xFF, 0xFA, 0x10, 0x02, 0xCF, 0xFF, 0x90, 0x00,
  0x00, 0x5F, 0xFF, 0xD1, 0x00, 0x00, 0x3F, 0xFF, 0xE1, 0x00, 0x00, 0x7F, 0xFF, 0x90, 0x00, 0x00,
  0x0C, 0xFF, 0xF5, 0x00, 0x00, 0x8F, 0xFF, 0x80, 0x00, 0x00, 0x0C, 0xFF, 0xF8, 0x00, 0x00, 0x8F,
  0xFF, 0xA0, 0x00, 0x00, 0x1D, 0xFF, 0xF9, 0x00, 0x00, 0x5F, 0xFF, 0xF3, 0x00, 0x00, 0x7F, 0xFF,
  0xFA, 0x00, 0x00, 0x1E, 0xFF, 0xFD, 0x52, 0x27, 0xFF, 0xFF, 0xFA, 0x00, 0x00, 0x08, 0xFF, 0xFF,
  0xFE, 0xEF, 0xFB, 0xFF, 0xFA, 0x00, 0x00, 0x00, 0xAF, 0xFF, 0xFF, 0xFF, 0x85, 0xFF, 0xF9, 0x00,
  0x00, 0x00, 0x18, 0xDF, 0xFF, 0xD7, 0x07, 0xFF, 0xF8, 0x00, 0x00, 0x00, 0x00, 0x04, 0x54, 0x10,
  0x0A, 0xFF, 0xF5, 0x00, 0x00, 0x25, 0x55, 0x40, 0x00, 0x00, 0x1E, 0xFF, 0xE2, 0x00, 0x00, 0x4F,
  0xFF, 0xE2, 0x00, 0x00, 0x8F, 0xFF, 0xB0, 0x00, 0x00, 0x0D, 0xFF, 0xFB, 0x21, 0x17, 0xFF, 0xFF,
  0x40, 0x00, 0x00, 0x06, 0xFF, 0xFF, 0xEC, 0xDF, 0xFF, 0xFA, 0x00, 0x00, 0x00, 0x00, 0x9F, 0xFF,
  0xFF, 0xFF, 0xFF, 0xC1, 0x00, 0x00, 0x00, 0x00, 0x07, 0xEF, 0xFF, 0xFF, 0xFA, 0x10, 0x00, 0x00,
  0x00, 0x00, 0x00, 0x26, 0x9A, 0xA8, 0x30, 0x00, 0x00, 0x00, 0x00, 0x00, 0x00, 0x00, 0x00, 0x00,
  0x00, 0x00, 0x00, 0x00, 0x00, 0x01, 0xCF, 0xFC, 0x10, 0x00, 0x00, 0x00, 0x17, 0x71, 0x00, 0x00,
  0x00, 0x00, 0x00, 0x00, 0x00, 0x00, 0x00, 0x00, 0x00, 0x00, 0x00, 0x00, 0x00, 0x00, 0x00, 0x00,
  0x00, 0x00, 0x00, 0x00, 0x00, 0x00, 0x00, 0x00, 0x00, 0x00, 0x00, 0x00, 0x00, 0x00, 0x00, 0x00,
  0x4A, 0xA4, 0x00, 0x00, 0x00, 0x02, 0xEF, 0xFE, 0x20, 0x00, 0x00, 0x05, 0xFE, 0xEF, 0x50, 0x00,
  0x00, 0x02, 0xEF, 0xFE, 0x20, 0x00, 0x00, 0x00, 0x4A, 0xA4, 0x00, 0x00, 0x00, 0x00, 0x00, 0x00,
  0x00, 0x00, 0x00, 0x00, 0x01, 0x10, 0x00, 0x00, 0x00, 0x00, 0x7D, 0xD7, 0x00, 0x00, 0x00, 0x03,
  0xFF, 0xFF, 0x30, 0x00, 0x00, 0x05, 0xFE, 0xEF, 0x50, 0x00, 0x00, 0x01, 0xCF, 0xFC, 0x10, 0x00,
  0x00, 0x00, 0x17, 0x71, 0x00, 0x00, 0x00, 0x00, 0x00, 0x00, 0x00, 0x00, 0x00, 0x00, 0x00, 0x00,
  0x00, 0x00, 0x00, 0x00, 0x00, 0x00, 0x00, 0x00, 0x00, 0x00, 0x00, 0x00, 0x00, 0x00, 0x00, 0x00,
  0x00, 0x00, 0x00, 0x00, 0x00, 0x00, 0x00, 0x00, 0x00, 0x00, 0x00, 0x01, 0x78, 0x77, 0x00, 0x00,
  0x00, 0x04, 0xFF, 0xFC, 0x00, 0x00, 0x00, 0x05, 0xFE, 0xF6, 0x00, 0x00, 0x00, 0x08, 0xFF, 0xE2,
  0x00, 0x00, 0x00, 0x0A, 0xFF, 0xC0, 0x00, 0x00, 0x00, 0x0C, 0xFF, 0x80, 0x00, 0x00, 0x00, 0x1D,
  0xFF, 0x40, 0x00, 0x00, 0x00, 0x3E, 0xFD, 0x10, 0x00, 0x00, 0x00, 0x4E, 0xE9, 0x00, 0x00, 0x00,
  0x00, 0x01, 0x10, 0x00, 0x00, 0x00, 0x00, 0x00, 0x00, 0x00, 0x00, 0x00, 0x00, 0x00, 0x00, 0x00,
  0x00, 0x00, 0x00, 0x00, 0x00, 0x00, 0x00, 0x00, 0x00, 0x15, 0x00, 0x00, 0x00, 0x00, 0x00, 0x00,
  0x00, 0x00, 0x00, 0x38, 0xEE, 0x00, 0x00, 0x00, 0x00, 0x00, 0x00, 0x00, 0x01, 0x5B, 0xFF, 0xFD,
  0x00, 0x00, 0x00, 0x00, 0x00, 0x00, 0x02, 0x7C, 0xFF, 0xFF, 0xFE, 0x00, 0x00, 0x00, 0x00, 0x00,
  0x03, 0x9E, 0xFF, 0xFF, 0xFF, 0xC6, 0x00, 0x00, 0x00, 0x00, 0x15, 0xBF, 0xFF, 0xFF, 0xFD, 0x93,
  0x00, 0x00, 0x00, 0x00, 0x04, 0xDF, 0xFF, 0xFF, 0xFB, 0x51, 0x00, 0x00, 0x00, 0x00, 0x00, 0x07,
  0xFF, 0xFF, 0xC7, 0x20, 0x00, 0x00, 0x00, 0x00, 0x00, 0x00, 0x06, 0xFF, 0xFF, 0xB4, 0x00, 0x00,
  0x00, 0x00, 0x00, 0x00, 0x00, 0x05, 0xFF, 0xFF, 0xFF, 0xD8, 0x30, 0x00, 0x00, 0x00, 0x00, 0x00,
  0x00, 0x38, 0xDF, 0xFF, 0xFF, 0xFB, 0x51, 0x00, 0x00, 0x00, 0x00, 0x00, 0x00, 0x16, 0xCF, 0xFF,
  0xFF, 0xFD, 0x93, 0x00, 0x00, 0x00, 0x00, 0x00, 0x00, 0x04, 0xAE, 0xFF, 0xFF, 0xFD, 0x00, 0x00,
  0x00, 0x00, 0x00, 0x00, 0x00, 0x02, 0x7D, 0xFF, 0xFD, 0x00, 0x00, 0x00, 0x00, 0x00, 0x00, 0x00,
  0x00, 0x01, 0x5B, 0xFE, 0x00, 0x00, 0x00, 0x00, 0x00, 0x00, 0x00, 0x00, 0x00, 0x00, 0x48, 0x00,
  0x00, 0x00, 0x00, 0x00, 0x00, 0x00, 0x00, 0x00, 0x00, 0x00, 0x00, 0x00, 0x00, 0x00, 0x11, 0x11,
  0x11, 0x11, 0x11, 0x11, 0x00, 0x00, 0x00, 0x08, 0xEE, 0xEE, 0xEE, 0xEE, 0xEE, 0xEE, 0x80, 0x00,
  0x00, 0x09, 0xFF, 0xFF, 0xFF, 0xFF, 0xFF, 0xFF, 0x90, 0x00, 0x00, 0x09, 0xFF, 0xFF, 0xFF, 0xFF,
  0xFF, 0xFF, 0x90, 0x00, 0x00, 0x02, 0x44, 0x44, 0x44, 0x44, 0x44, 0x44, 0x20, 0x00, 0x00, 0x00,
  0x00, 0x00, 0x00, 0x00, 0x00, 0x00, 0x00, 0x00, 0x00, 0x00, 0x00, 0x00, 0x00, 0x00, 0x00, 0x00,
  0x00, 0x00, 0x00, 0x02, 0x44, 0x44, 0x44, 0x44, 0x44, 0x44, 0x20, 0x00, 0x00, 0x09, 0xFF, 0xFF,
  0xFF, 0xFF, 0xFF, 0xFF, 0x90, 0x00, 0x00, 0x09, 0xFF, 0xFF, 0xFF, 0xFF, 0xFF, 0xFF, 0x90, 0x00,
  0x00, 0x08, 0xEE, 0xEE, 0xEE, 0xEE, 0xEE, 0xEE, 0x80, 0x00, 0x00, 0x00, 0x11, 0x11, 0x11, 0x11,
  0x11, 0x11, 0x00, 0x00, 0x00, 0x00, 0x00, 0x00, 0x00, 0x00, 0x00, 0x00, 0x00, 0x00, 0x00, 0x00,
  0x00, 0x00, 0x00, 0x00, 0x00, 0x00, 0x00, 0x00, 0x00, 0x00, 0x00, 0x00, 0x00, 0x00, 0x00, 0x00,
  0x00, 0x00, 0x00, 0x00, 0x00, 0x00, 0x00, 0x00, 0x00, 0x00, 0x00, 0x00, 0x00, 0x00, 0x00, 0x51,
  0x00, 0x00, 0x00, 0x00, 0x00, 0x00, 0x00, 0x00, 0x00, 0x00, 0xEE, 0x83, 0x00, 0x00, 0x00, 0x00,
  0x00, 0x00, 0x00, 0x00, 0x00, 0xDF, 0xFF, 0xB5, 0x10, 0x00, 0x00, 0x00, 0x00, 0x00, 0x00, 0x00,
  0xEF, 0xFF, 0xFF, 0xC7, 0x20, 0x00, 0x00, 0x00, 0x00, 0x00, 0x00, 0x6C, 0xFF, 0xFF, 0xFF, 0xE9,
  0x30, 0x00, 0x00, 0x00, 0x00, 0x00, 0x00, 0x39, 0xDF, 0xFF, 0xFF, 0xFB, 0x51, 0x00, 0x00, 0x00,
  0x00, 0x00, 0x00, 0x15, 0xBF, 0xFF, 0xFF, 0xFD, 0x40, 0x00, 0x00, 0x00, 0x00, 0x00, 0x00, 0x02,
  0x7C, 0xFF, 0xFF, 0x70, 0x00, 0x00, 0x00, 0x00, 0x00, 0x00, 0x00, 0x4B, 0xFF, 0xFF, 0x60, 0x00,
  0x00, 0x00, 0x00, 0x00, 0x03, 0x8D, 0xFF, 0xFF, 0xFF, 0x50, 0x00, 0x00, 0x00, 0x00, 0x15, 0xBF,
  0xFF, 0xFF, 0xFD, 0x83, 0x00, 0x00, 0x00, 0x00, 0x39, 0xDF, 0xFF, 0xFF, 0xFC, 0x61, 0x00, 0x00,
  0x00, 0x00, 0x00, 0xDF, 0xFF, 0xFF, 0xEA, 0x40, 0x00, 0x00, 0x00, 0x00, 0x00, 0x00, 0xDF, 0xFF,
  0xD7, 0x20, 0x00, 0x00, 0x00, 0x00, 0x00, 0x00, 0x00, 0xEF, 0xB5, 0x10, 0x00, 0x00, 0x00, 0x00,
  0x00, 0x00, 0x00, 0x00, 0x84, 0x00, 0x00, 0x00, 0x00, 0x00, 0x00, 0x00, 0x00, 0x00, 0x00, 0x00,
  0x00, 0x00, 0x00, 0x00, 0x00, 0x00, 0x00, 0x00, 0x00, 0x00, 0x00, 0x00, 0x00, 0x00, 0x00, 0x00,
  0x00, 0x00, 0x00, 0x02, 0x69, 0xAA, 0x85, 0x10, 0x00, 0x00, 0x00, 0x00, 0x8F, 0xFF, 0xFF, 0xFF,
  0xD5, 0x00, 0x00, 0x00, 0x0A, 0xFF, 0xFF, 0xFF, 0xFF, 0xFF, 0x60, 0x00, 0x00, 0x5F, 0xFF, 0xFE,
  0x9A, 0xFF, 0xFF, 0xE2, 0x00, 0x00, 0xBF, 0xFF, 0xD2, 0x00, 0x4E, 0xFF, 0xF6, 0x00, 0x00, 0xEF,
  0xFF, 0x70, 0x00, 0x0B, 0xFF, 0xF9, 0x00, 0x00, 0x34, 0x34, 0x10, 0x00, 0x0B, 0xFF, 0xF8, 0x00,
  0x00, 0x00, 0x00, 0x00, 0x00, 0x3E, 0xFF, 0xF6, 0x00, 0x00, 0x00, 0x00, 0x00, 0x03, 0xDF, 0xFF,
  0xE2, 0x00, 0x00, 0x00, 0x00, 0x00, 0x5E, 0xFF, 0xFF, 0x60, 0x00, 0x00, 0x00, 0x00, 0x05, 0xFF,
  0xFF, 0xE6, 0x00, 0x00, 0x00, 0x00, 0x00, 0x0C, 0xFF, 0xFC, 0x20, 0x00, 0x00, 0x00, 0x00, 0x00,
  0x3F, 0xFF, 0xD1, 0x00, 0x00, 0x00, 0x00, 0x00, 0x00, 0x4F, 0xFF, 0x70, 0x00, 0x00, 0x00, 0x00,
  0x00, 0x00, 0x5F, 0xEF, 0x40, 0x00, 0x00, 0x00, 0x00, 0x00, 0x00, 0x13, 0x33, 0x10, 0x00, 0x00,
  0x00, 0x00, 0x00, 0x00, 0x00, 0x00, 0x00, 0x00, 0x00, 0x00, 0x00, 0x00, 0x00, 0x5B, 0xC9, 0x10,
  0x00, 0x00, 0x00, 0x00, 0x00, 0x03, 0xFF, 0xFF, 0x90, 0x00, 0x00, 0x00, 0x00, 0x00, 0x05, 0xFE,
  0xFF, 0xC0, 0x00, 0x00, 0x00, 0x00, 0x00, 0x02, 0xEF, 0xFF, 0x70, 0x00, 0x00, 0x00, 0x00, 0x00,
  0x00, 0x39, 0xA6, 0x00, 0x00, 0x00, 0x00, 0x00, 0x00, 0x00, 0x00, 0x00, 0x00, 0x00, 0x00, 0x00,
  0x00, 0x00, 0x00, 0x00, 0x00, 0x00, 0x00, 0x11, 0x10, 0x00, 0x00, 0x00, 0x00, 0x00, 0x00, 0x00,
  0x00, 0x00, 0x00, 0x00, 0x03, 0x7A, 0xCD, 0xEE, 0xDB, 0x85, 0x10, 0x00, 0x00, 0x00, 0x00, 0x00,
  0x00, 0x00, 0x00, 0x5C, 0xFF, 0xFF, 0xFF, 0xFF, 0xFF, 0xFD, 0x71, 0x00, 0x00, 0x00, 0x00, 0x00,
  0x00, 0x01, 0xAF, 0xFF, 0xFF, 0xFF, 0xFF, 0xFF, 0xFF, 0xFF, 0xC3, 0x00, 0x00, 0x00, 0x00, 0x00,
  0x02, 0xDF, 0xFF, 0xFD, 0x97, 0x54, 0x45, 0x7B, 0xFF, 0xFF, 0xE5, 0x00, 0x00, 0x00, 0x00, 0x01,
  0xCF, 0xFF, 0xD6, 0x10, 0x00, 0x00, 0x00, 0x03, 0xAF, 0xFF, 0xE3, 0x00, 0x00, 0x00, 0x00, 0x8F,
  0xFF, 0xC2, 0x00, 0x00, 0x11, 0x00, 0x00, 0x00, 0x7F, 0xFF, 0xC1, 0x00, 0x00, 0x00, 0x2F, 0xFF,
  0xD1, 0x00, 0x17, 0xCE, 0xDB, 0x43, 0xAA, 0x50, 0x9F, 0xFF, 0x60, 0x00, 0x00, 0x08, 0xFF, 0xF4,
  0x00, 0x2C, 0xFF, 0xFF, 0xFF, 0xBF, 0xF8, 0x01, 0xDF, 0xFC, 0x00, 0x00, 0x00, 0xDF, 0xFC, 0x00,
  0x0C, 0xFF, 0xFF, 0xFF, 0xFF, 0xEF, 0x70, 0x08, 0xFF, 0xF2, 0x00, 0x00, 0x2F, 0xFF, 0x70, 0x06,
  0xFF, 0xFA, 0x54, 0x6D, 0xFF, 0xF7, 0x00, 0x4F, 0xFF, 0x50, 0x00, 0x05, 0xFF, 0xF4, 0x00, 0xAF,
  0xFA, 0x00, 0x00, 0x2E, 0xFF, 0x70, 0x02, 0xFF, 0xF7, 0x00, 0x00, 0x7F, 0xFF, 0x20, 0x1D, 0xFF,
  0x30, 0x00, 0x00, 0x9F, 0xF7, 0x00, 0x1E, 0xFF, 0x70, 0x00, 0x07, 0xFF, 0xE1, 0x01, 0xEF, 0xE1,
  0x00, 0x00, 0x08, 0xFF, 0x70, 0x01, 0xEF, 0xF7, 0x00, 0x00, 0x7F, 0xFE, 0x10, 0x1E, 0xFE, 0x20,
  0x00, 0x00, 0x8F, 0xF7, 0x00, 0x2E, 0xFF, 0x60, 0x00, 0x07, 0xFF, 0xE2, 0x00, 0xCF, 0xF5, 0x00,
  0x00, 0x0B, 0xFF, 0x80, 0x03, 0xFF, 0xF3, 0x00, 0x00, 0x6F, 0xFF, 0x40, 0x09, 0xFF, 0xC2, 0x00,
  0x06, 0xFF, 0xF7, 0x00, 0x6F, 0xFD, 0x10, 0x00, 0x03, 0xFF, 0xF6, 0x00, 0x3F, 0xFF, 0xD9, 0x8B,
  0xFF, 0xFF, 0xB1, 0x3D, 0xFF, 0x80, 0x00, 0x00, 0x1E, 0xFF, 0xB0, 0x00, 0x8F, 0xFF, 0xFF, 0xFF,
  0xDD, 0xFF, 0xEF, 0xFF, 0xD1, 0x00, 0x00, 0x00, 0xAF, 0xFF, 0x40, 0x00, 0x8E, 0xFF, 0xFF, 0xC2,
  0x5E, 0xFF, 0xFF, 0xB2, 0x00, 0x00, 0x00, 0x04, 0xFF, 0xFC, 0x10, 0x00, 0x26, 0x77, 0x50, 0x00,
  0x26, 0x77, 0x40, 0x00, 0x00, 0x00, 0x00, 0x0A, 0xFF, 0xFB, 0x20, 0x00, 0x00, 0x00, 0x00, 0x00,
  0x00, 0x00, 0x00, 0x00, 0x00, 0x00, 0x00, 0x2E, 0xFF, 0xFD, 0x61, 0x00, 0x00, 0x00, 0x00, 0x22,
  0x00, 0x00, 0x00, 0x00, 0x00, 0x00, 0x00, 0x3E, 0xFF, 0xFF, 0xD9, 0x75, 0x44, 0x57, 0xAE, 0xB0,
  0x00, 0x00, 0x00, 0x00, 0x00, 0x00, 0x00, 0x3C, 0xFF, 0xFF, 0xFF, 0xFF, 0xFF, 0xFF, 0xFF, 0x30,
  0x00, 0x00, 0x00, 0x00, 0x00, 0x00, 0x00, 0x06, 0xDF, 0xFF, 0xFF, 0xFF, 0xFF, 0xFF, 0xE5, 0x00,
  0x00, 0x00, 0x00, 0x00, 0x00, 0x00, 0x00, 0x00, 0x48, 0xAC, 0xDE, 0xED, 0xB9, 0x51, 0x00, 0x00,
  0x00, 0x00, 0x00, 0x00, 0x00, 0x00, 0x00, 0x00, 0x00, 0x01, 0x11, 0x00, 0x00, 0x00, 0x00, 0x00,
  0x00, 0x00, 0x00, 0x00, 0x00, 0x00, 0x01, 0x11, 0x11, 0x00, 0x00, 0x00, 0x00, 0x00, 0x00, 0x00,
  0x00, 0x08, 0xEE, 0xEE, 0xE4, 0x00, 0x00, 0x00, 0x00, 0x00, 0x00, 0x00, 0x00, 0xDF, 0xFF, 0xFF,
  0xA0, 0x00, 0x00, 0x00, 0x00, 0x00, 0x00, 0x00, 0x4F, 0xFF, 0xFF, 0xFE, 0x10, 0x00, 0x00, 0x00,
  0x00, 0x00, 0x00, 0x09, 0xFF, 0xED, 0xFF, 0xF5, 0x00, 0x00, 0x00, 0x00, 0x00, 0x00, 0x01, 0xDF,
  0xFD, 0x6F, 0xFF, 0xA0, 0x00, 0x00, 0x00, 0x00, 0x00, 0x00, 0x5F, 0xFF, 0xB1, 0xEF, 0xFE, 0x20,
  0x00, 0x00, 0x00, 0x00, 0x00, 0x09, 0xFF, 0xF7, 0x0C, 0xFF, 0xF6, 0x00, 0x00, 0x00, 0x00, 0x00,
  0x01, 0xEF, 0xFF, 0x40, 0x8F, 0xFF, 0xB0, 0x00, 0x00, 0x00, 0x00, 0x00, 0x5F, 0xFF, 0xE1, 0x04,
  0xFF, 0xFF, 0x30, 0x00, 0x00, 0x00, 0x00, 0x0A, 0xFF, 0xFA, 0x00, 0x1D, 0xFF, 0xF7, 0x00, 0x00,
  0x00, 0x00, 0x01, 0xEF, 0xFF, 0x60, 0x00, 0x9F, 0xFF, 0xC0, 0x00, 0x00, 0x00, 0x00, 0x6F, 0xFF,
  0xE1, 0x00, 0x04, 0xFF, 0xFF, 0x30, 0x00, 0x00, 0x00, 0x0B, 0xFF, 0xFE, 0xCC, 0xCC, 0xCF, 0xFF,
  0xF8, 0x00, 0x00, 0x00, 0x02, 0xEF, 0xFF, 0xFF, 0xFF, 0xFF, 0xFF, 0xFF, 0xD1, 0x00, 0x00, 0x00,
  0x6F, 0xFF, 0xFF, 0xFF, 0xFF, 0xFF, 0xFF, 0xFF, 0x40, 0x00, 0x00, 0x0B, 0xFF, 0xFC, 0x66, 0x66,
  0x66, 0x6D, 0xFF, 0xF9, 0x00, 0x00, 0x02, 0xFF, 0xFF, 0x60, 0x00, 0x00, 0x00, 0x9F, 0xFF, 0xE1,
  0x00, 0x00, 0x7F, 0xFF, 0xF2, 0x00, 0x00, 0x00, 0x04, 0xFF, 0xFF, 0x50, 0x00, 0x0C, 0xFF, 0xFB,
  0x00, 0x00, 0x00, 0x00, 0x0D, 0xFF, 0xFA, 0x00, 0x03, 0xEE, 0xEE, 0x60, 0x00, 0x00, 0x00, 0x00,
  0x8E, 0xEE, 0xD1, 0x00, 0x11, 0x11, 0x10, 0x00, 0x00, 0x00, 0x00, 0x00, 0x11, 0x11, 0x00, 0x00,
  0x01, 0x11, 0x11, 0x11, 0x11, 0x00, 0x00, 0x00, 0x00, 0x00, 0x2E, 0xEE, 0xEE, 0xEE, 0xEE, 0xC9,
  0x40, 0x00, 0x00, 0x00, 0x2F, 0xFF, 0xFF, 0xFF, 0xFF, 0xFF, 0xF9, 0x00, 0x00, 0x00, 0x2F, 0xFF,
  0xFF, 0xFF, 0xFF, 0xFF, 0xFF, 0x80, 0x00, 0x00, 0x2F, 0xFF, 0xE4, 0x33, 0x35, 0xDF, 0xFF, 0xE1,
  0x00, 0x00, 0x2F, 0xFF, 0xE1, 0x00, 0x00, 0x3E, 0xFF, 0xF3, 0x00, 0x00, 0x2F, 0xFF, 0xE1, 0x00,
  0x00, 0x0C, 0xFF, 0xF3, 0x00, 0x00, 0x2F, 0xFF, 0xE2, 0x00, 0x00, 0x1E, 0xFF, 0xE1, 0x00, 0x00,
  0x2F, 0xFF, 0xD0, 0x00, 0x01, 0x9F, 0xFF, 0x80, 0x00, 0x00, 0x2F, 0xFF, 0xFB, 0xBB, 0xBD, 0xFF,
  0xE8, 0x00, 0x00, 0x00, 0x2F, 0xFF, 0xFF, 0xFF, 0xFF, 0xFE, 0x81, 0x00, 0x00, 0x00, 0x2F, 0xFF,
  0xFF, 0xFF, 0xFF, 0xFF, 0xFE, 0x40, 0x00, 0x00, 0x2F, 0xFF, 0xE4, 0x33, 0x35, 0xAF, 0xFF, 0xF3,
  0x00, 0x00, 0x2F, 0xFF, 0xE1, 0x00, 0x00, 0x09, 0xFF, 0xFA, 0x00, 0x00, 0x2F, 0xFF, 0xE2, 0x00,
  0x00, 0x02, 0xEF, 0xFE, 0x10, 0x00, 0x2F, 0xFF, 0xE1, 0x00, 0x00, 0x02, 0xEF, 0xFF, 0x10, 0x00,
  0x2F, 0xFF, 0xE1, 0x00, 0x00, 0x06, 0xFF, 0xFD, 0x10, 0x00, 0x2F, 0xFF, 0xE4, 0x33, 0x34, 0x8E,
  0xFF, 0xFA, 0x00, 0x00, 0x2F, 0xFF, 0xFF, 0xFF, 0xFF, 0xFF, 0xFF, 0xE3, 0x00, 0x00, 0x2F, 0xFF,
  0xFF, 0xFF, 0xFF, 0xFF, 0xFE, 0x40, 0x00, 0x00, 0x2E, 0xEE, 0xEE, 0xEE, 0xEE, 0xDB, 0x72, 0x00,
  0x00, 0x00, 0x01, 0x11, 0x11, 0x11, 0x11, 0x10, 0x00, 0x00, 0x00, 0x00, 0x00, 0x00, 0x00, 0x00,
  0x00, 0x00, 0x00, 0x00, 0x00, 0x00, 0x00, 0x00, 0x00, 0x00, 0x02, 0x69, 0xAA, 0x86, 0x20, 0x00,
  0x00, 0x00, 0x00, 0x00, 0x00, 0x2A, 0xFF, 0xFF, 0xFF, 0xFE, 0x92, 0x00, 0x00, 0x00, 0x00, 0x00,
  0x4D, 0xFF, 0xFF, 0xFF, 0xFF, 0xFF, 0xD3, 0x00, 0x00, 0x00, 0x00, 0x3E, 0xFF, 0xFF, 0xEC, 0xCF,
  0xFF, 0xFF, 0xD2, 0x00, 0x00, 0x00, 0x0C, 0xFF, 0xFF, 0x82, 0x11, 0x28, 0xFF, 0xFF, 0xA0, 0x00,
  0x00, 0x06, 0xFF, 0xFF, 0x60, 0x00, 0x00, 0x07, 0xFF, 0xFF, 0x20, 0x00, 0x00, 0xCF, 0xFF, 0xA0,
  0x00, 0x00, 0x00, 0x0D, 0xFF, 0xF7, 0x00, 0x00, 0x2F, 0xFF, 0xF3, 0x00, 0x00, 0x00, 0x00, 0x6A,
  0x9A, 0x50, 0x00, 0x05, 0xFF, 0xFD, 0x00, 0x00, 0x00, 0x00, 0x00, 0x00, 0x00, 0x00, 0x00, 0x7F,
  0xFF, 0xB0, 0x00, 0x00, 0x00, 0x00, 0x00, 0x00, 0x00, 0x00, 0x07, 0xFF, 0xFA, 0x00, 0x00, 0x00,
  0x00, 0x00, 0x00, 0x00, 0x00, 0x00, 0x7F, 0xFF, 0xA0, 0x00, 0x00, 0x00, 0x00, 0x00, 0x00, 0x00,
  0x00, 0x07, 0xFF, 0xFB, 0x00, 0x00, 0x00, 0x00, 0x00, 0x00, 0x00, 0x00, 0x00, 0x5F, 0xFF, 0xD0,
  0x00, 0x00, 0x00, 0x00, 0x00, 0x00, 0x00, 0x00, 0x02, 0xFF, 0xFF, 0x30, 0x00, 0x00, 0x00, 0x05,
  0xA9, 0xA6, 0x00, 0x00, 0x0C, 0xFF, 0xF9, 0x00, 0x00, 0x00, 0x00, 0xDF, 0xFF, 0x80, 0x00, 0x00,
  0x6F, 0xFF, 0xF5, 0x00, 0x00, 0x00, 0x7F, 0xFF, 0xE2, 0x00, 0x00, 0x01, 0xCF, 0xFF, 0xF7, 0x21,
  0x12, 0x8F, 0xFF, 0xF9, 0x00, 0x00, 0x00, 0x03, 0xEF, 0xFF, 0xFE, 0xCC, 0xFF, 0xFF, 0xFD, 0x10,
  0x00, 0x00, 0x00, 0x04, 0xEF, 0xFF, 0xFF, 0xFF, 0xFF, 0xFC, 0x20, 0x00, 0x00, 0x00, 0x00, 0x02,
  0xAF, 0xFF, 0xFF, 0xFF, 0xE9, 0x10, 0x00, 0x00, 0x00, 0x00, 0x00, 0x00, 0x26, 0x9A, 0xA9, 0x62,
  0x00, 0x00, 0x00, 0x00, 0x00, 0x00, 0x00, 0x00, 0x00, 0x00, 0x00, 0x00, 0x00, 0x00, 0x00, 0x00,
  0x01, 0x11, 0x11, 0x11, 0x11, 0x00, 0x00, 0x00, 0x00, 0x00, 0x00, 0x1E, 0xEE, 0xEE, 0xEE, 0xED,
  0xB8, 0x30, 0x00, 0x00, 0x00, 0x00, 0x1F, 0xFF, 0xFF, 0xFF, 0xFF, 0xFF, 0xF9, 0x10, 0x00, 0x00,
  0x00, 0x1F, 0xFF, 0xFF, 0xFF, 0xFF, 0xFF, 0xFF, 0xC2, 0x00, 0x00, 0x00, 0x1F, 0xFF, 0xE7, 0x66,
  0x69, 0xDF, 0xFF, 0xFC, 0x10, 0x00, 0x00, 0x1F, 0xFF, 0xE0, 0x00, 0x00, 0x07, 0xFF, 0xFF, 0x70,
  0x00, 0x00, 0x1F, 0xFF, 0xE2, 0x00, 0x00, 0x00, 0x7F, 0xFF, 0xD1, 0x00, 0x00, 0x1F, 0xFF, 0xE1,
  0x00, 0x00, 0x00, 0x1D, 0xFF, 0xF4, 0x00, 0x00, 0x1F, 0xFF, 0xE1, 0x00, 0x00, 0x00, 0x09, 0xFF,
  0xF8, 0x00, 0x00, 0x1F, 0xFF, 0xE1, 0x00, 0x00, 0x00, 0x07, 0xFF, 0xF9, 0x00, 0x00, 0x1F, 0xFF,
  0xE1, 0x00, 0x00, 0x00, 0x06, 0xFF, 0xFA, 0x00, 0x00, 0x1F, 0xFF, 0xE1, 0x00, 0x00, 0x00, 0x06,
  0xFF, 0xFA, 0x00, 0x00, 0x1F, 0xFF, 0xE1, 0x00, 0x00, 0x00, 0x07, 0xFF, 0xF9, 0x00, 0x00, 0x1F,
  0xFF, 0xE1, 0x00, 0x00, 0x00, 0x09, 0xFF, 0xF8, 0x00, 0x00, 0x1F, 0xFF, 0xE1, 0x00, 0x00, 0x00,
  0x1D, 0xFF, 0xF4, 0x00, 0x00, 0x1F, 0xFF, 0xE2, 0x00, 0x00, 0x00, 0x7F, 0xFF, 0xD1, 0x00, 0x00,
  0x1F, 0xFF, 0xE0, 0x00, 0x00, 0x07, 0xFF, 0xFF, 0x70, 0x00, 0x00, 0x1F, 0xFF, 0xE7, 0x66, 0x69,
  0xDF, 0xFF, 0xFC, 0x10, 0x00, 0x00, 0x1F, 0xFF, 0xFF, 0xFF, 0xFF, 0xFF, 0xFF, 0xC2, 0x00, 0x00,
  0x00, 0x1F, 0xFF, 0xFF, 0xFF, 0xFF, 0xFF, 0xF9, 0x10, 0x00, 0x00, 0x00, 0x1E, 0xEE, 0xEE, 0xEE,
  0xED, 0xB8, 0x30, 0x00, 0x00, 0x00, 0x00, 0x01, 0x11, 0x11, 0x11, 0x11, 0x00, 0x00, 0x00, 0x00,
  0x00, 0x00, 0x01, 0x11, 0x11, 0x11, 0x11, 0x11, 0x11, 0x10, 0x00, 0x00, 0x0D, 0xEE, 0xEE, 0xEE,
  0xEE, 0xEE, 0xEE, 0xE3, 0x00, 0x00, 0x0E, 0xFF, 0xFF, 0xFF, 0xFF, 0xFF, 0xFF, 0xF3, 0x00, 0x00,
  0x0D, 0xFF, 0xFF, 0xFF, 0xFF, 0xFF, 0xFF, 0xE3, 0x00, 0x00, 0x0D, 0xFF, 0xF7, 0x33, 0x33, 0x33,
  0x33, 0x31, 0x00, 0x00, 0x0D, 0xFF, 0xF5, 0x00, 0x00, 0x00, 0x00, 0x00, 0x00, 0x00, 0x0D, 0xFF,
  0xF5, 0x00, 0x00, 0x00, 0x00, 0x00, 0x00, 0x00, 0x0D, 0xFF, 0xF6, 0x00, 0x00, 0x00, 0x00, 0x00,
  0x00, 0x00, 0x0D, 0xFF, 0xF5, 0x00, 0x00, 0x00, 0x00, 0x00, 0x00, 0x00, 0x0D, 0xFF, 0xFC, 0xBB,
  0xBB, 0xBB, 0xAB, 0x40, 0x00, 0x00, 0x0D, 0xFF, 0xFF, 0xFF, 0xFF, 0xFF, 0xFF, 0x60, 0x00, 0x00,
  0x0D, 0xFF, 0xFF, 0xFF, 0xFF, 0xFF, 0xFF, 0x60, 0x00, 0x00, 0x0D, 0xFF, 0xFA, 0x77, 0x77, 0x77,
  0x77, 0x30, 0x00, 0x00, 0x0D, 0xFF, 0xF5, 0x00, 0x00, 0x00, 0x00, 0x00, 0x00, 0x00, 0x0D, 0xFF,
  0xF6, 0x00, 0x00, 0x00, 0x00, 0x00, 0x00, 0x00, 0x0D, 0xFF, 0xF5, 0x00, 0x00, 0x00, 0x00, 0x00,
  0x00, 0x00, 0x0D, 0xFF, 0xF5, 0x00, 0x00, 0x00, 0x00, 0x00, 0x00, 0x00, 0x0D, 0xFF, 0xF7, 0x33,
  0x33, 0x33, 0x33, 0x31, 0x00, 0x00, 0x0D, 0xFF, 0xFF, 0xFF, 0xFF, 0xFF, 0xFF, 0xE3, 0x00, 0x00,
  0x0E, 0xFF, 0xFF, 0xFF, 0xFF, 0xFF, 0xFF, 0xF3, 0x00, 0x00, 0x0D, 0xEE, 0xEE, 0xEE, 0xEE, 0xEE,
  0xEE, 0xE3, 0x00, 0x00, 0x01, 0x11, 0x11, 0x11, 0x11, 0x11, 0x11, 0x10, 0x00, 0x00, 0x01, 0x11,
  0x11, 0x11, 0x11, 0x11, 0x11, 0x00, 0x00, 0x2E, 0xEE, 0xEE, 0xEE, 0xEE, 0xEE, 0xEE, 0x10, 0x00,
  0x2F, 0xFF, 0xFF, 0xFF, 0xFF, 0xFF, 0xFF, 0x10, 0x00, 0x2F, 0xFF, 0xFF, 0xFF, 0xFF, 0xFF, 0xFE,
  0x10, 0x00, 0x2F, 0xFF, 0xE4, 0x33, 0x33, 0x33, 0x33, 0x00, 0x00, 0x2F, 0xFF, 0xD1, 0x00, 0x00,
  0x00, 0x00, 0x00, 0x00, 0x2F, 0xFF, 0xD1, 0x00, 0x00, 0x00, 0x00, 0x00, 0x00, 0x2F, 0xFF, 0xD1,
  0x00, 0x00, 0x00, 0x00, 0x00, 0x00, 0x2F, 0xFF, 0xD1, 0x00, 0x00, 0x00, 0x00, 0x00, 0x00, 0x2F,
  0xFF, 0xE2, 0x11, 0x11, 0x11, 0x10, 0x00, 0x00, 0x2F, 0xFF, 0xFD, 0xDD, 0xDD, 0xDD, 0xD1, 0x00,
  0x00, 0x2F, 0xFF, 0xFF, 0xFF, 0xFF, 0xFF, 0xF2, 0x00, 0x00, 0x2F, 0xFF, 0xFF, 0xFF, 0xFF, 0xFF,
  0xF2, 0x00, 0x00, 0x2F, 0xFF, 0xE4, 0x33, 0x33, 0x33, 0x30, 0x00, 0x00, 0x2F, 0xFF, 0xD1, 0x00,
  0x00, 0x00, 0x00, 0x00, 0x00, 0x2F, 0xFF, 0xD1, 0x00, 0x00, 0x00, 0x00, 0x00, 0x00, 0x2F, 0xFF,
  0xD1, 0x00, 0x00, 0x00, 0x00, 0x00, 0x00, 0x2F, 0xFF, 0xD1, 0x00, 0x00, 0x00, 0x00, 0x00, 0x00,
  0x2F, 0xFF, 0xD1, 0x00, 0x00, 0x00, 0x00, 0x00, 0x00, 0x2F, 0xFF, 0xE1, 0x00, 0x00, 0x00, 0x00,
  0x00, 0x00, 0x2E, 0xEE, 0xD1, 0x00, 0x00, 0x00, 0x00, 0x00, 0x00, 0x01, 0x11, 0x10, 0x00, 0x00,
  0x00, 0x00, 0x00, 0x00, 0x00, 0x00, 0x00, 0x00, 0x00, 0x00, 0x00, 0x00, 0x00, 0x00, 0x00, 0x00,
  0x00, 0x00, 0x00, 0x15, 0x8A, 0xA9, 0x74, 0x00, 0x00, 0x00, 0x00, 0x00, 0x00, 0x00, 0x18, 0xEF,
  0xFF, 0xFF, 0xFF, 0xC5, 0x00, 0x00, 0x00, 0x00, 0x00, 0x02, 0xCF, 0xFF, 0xFF, 0xFF, 0xFF, 0xFF,
  0x90, 0x00, 0x00, 0x00, 0x00, 0x1D, 0xFF, 0xFF, 0xFD, 0xCE, 0xFF, 0xFF, 0xF9, 0x00, 0x00, 0x00,
  0x00, 0xAF, 0xFF, 0xFA, 0x31, 0x01, 0x5D, 0xFF, 0xFF, 0x50, 0x00, 0x00, 0x04, 0xFF, 0xFF, 0x80,
  0x00, 0x00, 0x02, 0xEF, 0xFF, 0xC0, 0x00, 0x00, 0x0A, 0xFF, 0xFC, 0x00, 0x00, 0x00, 0x00, 0x7F,
  0xFF, 0xF2, 0x00, 0x00, 0x1E, 0xFF, 0xF5, 0x00, 0x00, 0x00, 0x00, 0x03, 0x33, 0x31, 0x00, 0x00,
  0x4F, 0xFF, 0xE2, 0x00, 0x00, 0x00, 0x00, 0x00, 0x00, 0x00, 0x00, 0x00, 0x6F, 0xFF, 0xD1, 0x00,
  0x00, 0x00, 0x00, 0x00, 0x00, 0x00, 0x00, 0x00, 0x6F, 0xFF, 0xC0, 0x00, 0x00, 0x4B, 0xBB, 0xBB,
  0xBB, 0xB5, 0x00, 0x00, 0x6F, 0xFF, 0xC0, 0x00, 0x00, 0x6F, 0xFF, 0xFF, 0xFF, 0xF7, 0x00, 0x00,
  0x6F, 0xFF, 0xD1, 0x00, 0x00, 0x6F, 0xFF, 0xFF, 0xFF, 0xF7, 0x00, 0x00, 0x4F, 0xFF, 0xE2, 0x00,
  0x00, 0x38, 0x88, 0x8D, 0xFF, 0xF6, 0x00, 0x00, 0x1E, 0xFF, 0xF5, 0x00, 0x00, 0x00, 0x00, 0x0C,
  0xFF, 0xF5, 0x00, 0x00, 0x0B, 0xFF, 0xFC, 0x00, 0x00, 0x00, 0x10, 0x3F, 0xFF, 0xF2, 0x00, 0x00,
  0x05, 0xFF, 0xFF, 0x80, 0x00, 0x00, 0x01, 0xBF, 0xFF, 0xC0, 0x00, 0x00, 0x00, 0xBF, 0xFF, 0xFA,
  0x31, 0x01, 0x4C, 0xFF, 0xFF, 0x50, 0x00, 0x00, 0x00, 0x2D, 0xFF, 0xFF, 0xFD, 0xCD, 0xFF, 0xFF,
  0xF9, 0x00, 0x00, 0x00, 0x00, 0x02, 0xCF, 0xFF, 0xFF, 0xFF, 0xFF, 0xFF, 0xA1, 0x00, 0x00, 0x00,
  0x00, 0x00, 0x18, 0xEF, 0xFF, 0xFF, 0xFF, 0xD6, 0x00, 0x00, 0x00, 0x00, 0x00, 0x00, 0x00, 0x15,
  0x8A, 0xAA, 0x85, 0x10, 0x00, 0x00, 0x00, 0x00, 0x00, 0x00, 0x00, 0x00, 0x00, 0x00, 0x00, 0x00,
  0x00, 0x00, 0x00, 0x00, 0x01, 0x11, 0x10, 0x00, 0x00, 0x00, 0x00, 0x11, 0x11, 0x00, 0x00, 0x01,
  0xDE, 0xEE, 0x30, 0x00, 0x00, 0x00, 0x1D, 0xEE, 0xE3, 0x00, 0x00, 0x1E, 0xFF, 0xF3, 0x00, 0x00,
  0x00, 0x01, 0xEF, 0xFF, 0x30, 0x00, 0x01, 0xEF, 0xFF, 0x30, 0x00, 0x00, 0x00, 0x1E, 0xFF, 0xF3,
  0x00, 0x00, 0x1E, 0xFF, 0xF3, 0x00, 0x00, 0x00, 0x01, 0xEF, 0xFF, 0x30, 0x00, 0x01, 0xEF, 0xFF,
  0x30, 0x00, 0x00, 0x00, 0x1E, 0xFF, 0xF3, 0x00, 0x00, 0x1E, 0xFF, 0xF3, 0x00, 0x00, 0x00, 0x01,
  0xEF, 0xFF, 0x30, 0x00, 0x01, 0xEF, 0xFF, 0x30, 0x00, 0x00, 0x00, 0x1E, 0xFF, 0xF3, 0x00, 0x00,
  0x1E, 0xFF, 0xF2, 0x00, 0x00, 0x00, 0x00, 0xEF, 0xFF, 0x30, 0x00, 0x01, 0xEF, 0xFF, 0xCB, 0xBB,
  0xBB, 0xBB, 0xBF, 0xFF, 0xF3, 0x00, 0x00, 0x1E, 0xFF, 0xFF, 0xFF, 0xFF, 0xFF, 0xFF, 0xFF, 0xFF,
  0x30, 0x00, 0x01, 0xEF, 0xFF, 0xFF, 0xFF, 0xFF, 0xFF, 0xFF, 0xFF, 0xF3, 0x00, 0x00, 0x1E, 0xFF,
  0xF9, 0x77, 0x77, 0x77, 0x77, 0xFF, 0xFF, 0x30, 0x00, 0x01, 0xEF, 0xFF, 0x20, 0x00, 0x00, 0x00,
  0x0E, 0xFF, 0xF3, 0x00, 0x00, 0x1E, 0xFF, 0xF3, 0x00, 0x00, 0x00, 0x01, 0xEF, 0xFF, 0x30, 0x00,
  0x01, 0xEF, 0xFF, 0x30, 0x00, 0x00, 0x00, 0x1E, 0xFF, 0xF3, 0x00, 0x00, 0x1E, 0xFF, 0xF3, 0x00,
  0x00, 0x00, 0x01, 0xEF, 0xFF, 0x30, 0x00, 0x01, 0xEF, 0xFF, 0x30, 0x00, 0x00, 0x00, 0x1E, 0xFF,
  0xF3, 0x00, 0x00, 0x1E, 0xFF, 0xF3, 0x00, 0x00, 0x00, 0x01, 0xEF, 0xFF, 0x30, 0x00, 0x01, 0xEF,
  0xFF, 0x30, 0x00, 0x00, 0x00, 0x1E, 0xFF, 0xF3, 0x00, 0x00, 0x1D, 0xEE, 0xE3, 0x00, 0x00, 0x00,
  0x01, 0xDE, 0xEE, 0x30, 0x00, 0x00, 0x11, 0x11, 0x00, 0x00, 0x00, 0x00, 0x01, 0x11, 0x10, 0x00,
  0x00, 0x01, 0x11, 0x10, 0x00, 0x00, 0x1D, 0xEE, 0xE3, 0x00, 0x00, 0x1E, 0xFF, 0xF3, 0x00, 0x00,
  0x1E, 0xFF, 0xF3, 0x00, 0x00, 0x1E, 0xFF, 0xF3, 0x00, 0x00, 0x1E, 0xFF, 0xF3, 0x00, 0x00, 0x1E,
  0xFF, 0xF3, 0x00, 0x00, 0x1E, 0xFF, 0xF3, 0x00, 0x00, 0x1E, 0xFF, 0xF3, 0x00, 0x00, 0x1E, 0xFF,
  0xF3, 0x00, 0x00, 0x1E, 0xFF, 0xF3, 0x00, 0x00, 0x1E, 0xFF, 0xF3, 0x00, 0x00, 0x1E, 0xFF, 0xF3,
  0x00, 0x00, 0x1E, 0xFF, 0xF3, 0x00, 0x00, 0x1E, 0xFF, 0xF3, 0x00, 0x00, 0x1E, 0xFF, 0xF3, 0x00,
  0x00, 0x1E, 0xFF, 0xF3, 0x00, 0x00, 0x1E, 0xFF, 0xF3, 0x00, 0x00, 0x1E, 0xFF, 0xF3, 0x00, 0x00,
  0x1E, 0xFF, 0xF3, 0x00, 0x00, 0x1D, 0xEE, 0xE3, 0x00, 0x00, 0x01, 0x11, 0x10, 0x00, 0x00, 0x00,
  0x00, 0x00, 0x00, 0x01, 0x11, 0x10, 0x00, 0x00, 0x00, 0x00, 0x00, 0x00, 0x0B, 0xEE, 0xE4, 0x00,
  0x00, 0x00, 0x00, 0x00, 0x00, 0x0C, 0xFF, 0xF4, 0x00, 0x00, 0x00, 0x00, 0x00, 0x00, 0x0C, 0xFF,
  0xF4, 0x00, 0x00, 0x00, 0x00, 0x00, 0x00, 0x0C, 0xFF, 0xF4, 0x00, 0x00, 0x00, 0x00, 0x00, 0x00,
  0x0C, 0xFF, 0xF4, 0x00, 0x00, 0x00, 0x00, 0x00, 0x00, 0x0C, 0xFF, 0xF4, 0x00, 0x00, 0x00, 0x00,
  0x00, 0x00, 0x0C, 0xFF, 0xF4, 0x00, 0x00, 0x00, 0x00, 0x00, 0x00, 0x0C, 0xFF, 0xF4, 0x00, 0x00,
  0x00, 0x00, 0x00, 0x00, 0x0C, 0xFF, 0xF4, 0x00, 0x00, 0x00, 0x00, 0x00, 0x00, 0x0C, 0xFF, 0xF4,
  0x00, 0x00, 0x00, 0x00, 0x00, 0x00, 0x0C, 0xFF, 0xF4, 0x00, 0x00, 0x00, 0x00, 0x00, 0x00, 0x0C,
  0xFF, 0xF4, 0x00, 0x00, 0x00, 0x00, 0x00, 0x00, 0x0C, 0xFF, 0xF4, 0x00, 0x01, 0xBB, 0xBA, 0x10,
  0x00, 0x0C, 0xFF, 0xF4, 0x00, 0x01, 0xFF, 0xFE, 0x20, 0x00, 0x0C, 0xFF, 0xF4, 0x00, 0x01, 0xEF,
  0xFE, 0x20, 0x00, 0x0D, 0xFF, 0xF3, 0x00, 0x00, 0xBF, 0xFF, 0x80, 0x00, 0x6F, 0xFF, 0xD1, 0x00,
  0x00, 0x6F, 0xFF, 0xFB, 0x7A, 0xFF, 0xFF, 0x90, 0x00, 0x00, 0x0B, 0xFF, 0xFF, 0xFF, 0xFF, 0xFD,
  0x10, 0x00, 0x00, 0x01, 0xAF, 0xFF, 0xFF, 0xFF, 0xB2, 0x00, 0x00, 0x00, 0x00, 0x03, 0x7A, 0xAA,
  0x84, 0x00, 0x00, 0x00, 0x00, 0x00, 0x00, 0x00, 0x00, 0x00, 0x00, 0x00, 0x00, 0x00, 0x01, 0x11,
  0x10, 0x00, 0x00, 0x00, 0x01, 0x11, 0x11, 0x00, 0x00, 0x1E, 0xEE, 0xD1, 0x00, 0x00, 0x00, 0x7E,
  0xEE, 0xF7, 0x00, 0x00, 0x1F, 0xFF, 0xE1, 0x00, 0x00, 0x05, 0xFF, 0xFF, 0xA0, 0x00, 0x00, 0x1F,
  0xFF, 0xE1, 0x00, 0x00, 0x3E, 0xFF, 0xFB, 0x00, 0x00, 0x00, 0x1F, 0xFF, 0xE1, 0x00, 0x02, 0xDF,
  0xFF, 0xD1, 0x00, 0x00, 0x00, 0x1F, 0xFF, 0xE1, 0x00, 0x1C, 0xFF, 0xFE, 0x20, 0x00, 0x00, 0x00,
  0x1F, 0xFF, 0xE1, 0x00, 0xAF, 0xFF, 0xF4, 0x00, 0x00, 0x00, 0x00, 0x1F, 0xFF, 0xE2, 0x08, 0xFF,
  0xFF, 0x60, 0x00, 0x00, 0x00, 0x00, 0x1F, 0xFF, 0xE1, 0x4F, 0xFF, 0xF8, 0x00, 0x00, 0x00, 0x00,
  0x00, 0x1F, 0xFF, 0xD3, 0xDF, 0xFF, 0xB0, 0x00, 0x00, 0x00, 0x00, 0x00, 0x1F, 0xFF, 0xDB, 0xFF,
  0xFF, 0xD2, 0x00, 0x00, 0x00, 0x00, 0x00, 0x1F, 0xFF, 0xFF, 0xFF, 0xFF, 0xFB, 0x00, 0x00, 0x00,
  0x00, 0x00, 0x1F, 0xFF, 0xFF, 0xFB, 0xEF, 0xFF, 0x60, 0x00, 0x00, 0x00, 0x00, 0x1F, 0xFF, 0xFF,
  0x90, 0x9F, 0xFF, 0xE2, 0x00, 0x00, 0x00, 0x00, 0x1F, 0xFF, 0xFA, 0x00, 0x1D, 0xFF, 0xFB, 0x00,
  0x00, 0x00, 0x00, 0x1F, 0xFF, 0xE2, 0x00, 0x04, 0xFF, 0xFF, 0x70, 0x00, 0x00, 0x00, 0x1F, 0xFF,
  0xE1, 0x00, 0x00, 0x9F, 0xFF, 0xE3, 0x00, 0x00, 0x00, 0x1F, 0xFF, 0xE2, 0x00, 0x00, 0x1D, 0xFF,
  0xFB, 0x00, 0x00, 0x00, 0x1F, 0xFF, 0xE1, 0x00, 0x00, 0x05, 0xFF, 0xFF, 0x70, 0x00, 0x00, 0x1F,
  0xFF, 0xE1, 0x00, 0x00, 0x00, 0xAF, 0xFF, 0xF3, 0x00, 0x00, 0x1E, 0xEE, 0xD1, 0x00, 0x00, 0x00,
  0x1D, 0xEE, 0xEB, 0x00, 0x00, 0x01, 0x11, 0x10, 0x00, 0x00, 0x00, 0x01, 0x11, 0x11, 0x00, 0x00,
  0x01, 0x11, 0x10, 0x00, 0x00, 0x00, 0x00, 0x00, 0x00, 0x1D, 0xEE, 0xE3, 0x00, 0x00, 0x00, 0x00,
  0x00, 0x00, 0x1E, 0xFF, 0xF3, 0x00, 0x00, 0x00, 0x00, 0x00, 0x00, 0x1E, 0xFF, 0xF3, 0x00, 0x00,
  0x00, 0x00, 0x00, 0x00, 0x1E, 0xFF, 0xF3, 0x00, 0x00, 0x00, 0x00, 0x00, 0x00, 0x1E, 0xFF, 0xF3,
  0x00, 0x00, 0x00, 0x00, 0x00, 0x00, 0x1E, 0xFF, 0xF3, 0x00, 0x00, 0x00, 0x00, 0x00, 0x00, 0x1E,
  0xFF, 0xF3, 0x00, 0x00, 0x00, 0x00, 0x00, 0x00, 0x1E, 0xFF, 0xF3, 0x00, 0x00, 0x00, 0x00, 0x00,
  0x00, 0x1E, 0xFF, 0xF3, 0x00, 0x00, 0x00, 0x00, 0x00, 0x00, 0x1E, 0xFF, 0xF3, 0x00, 0x00, 0x00,
  0x00, 0x00, 0x00, 0x1E, 0xFF, 0xF3, 0x00, 0x00, 0x00, 0x00, 0x00, 0x00, 0x1E, 0xFF, 0xF3, 0x00,
  0x00, 0x00, 0x00, 0x00, 0x00, 0x1E, 0xFF, 0xF3, 0x00, 0x00, 0x00, 0x00, 0x00, 0x00, 0x1E, 0xFF,
  0xF3, 0x00, 0x00, 0x00, 0x00, 0x00, 0x00, 0x1E, 0xFF, 0xF3, 0x00, 0x00, 0x00, 0x00, 0x00, 0x00,
  0x1E, 0xFF, 0xF3, 0x00, 0x00, 0x00, 0x00, 0x00, 0x00, 0x1E, 0xFF, 0xF5, 0x33, 0x33, 0x33, 0x33,
  0x00, 0x00, 0x1E, 0xFF, 0xFF, 0xFF, 0xFF, 0xFF, 0xFE, 0x10, 0x00, 0x1E, 0xFF, 0xFF, 0xFF, 0xFF,
  0xFF, 0xFF, 0x10, 0x00, 0x1D, 0xEE, 0xEE, 0xEE, 0xEE, 0xEE, 0xED, 0x10, 0x00, 0x01, 0x11, 0x11,
  0x11, 0x11, 0x11, 0x11, 0x00, 0x00, 0x01, 0x11, 0x11, 0x10, 0x00, 0x00, 0x00, 0x00, 0x01, 0x11,
  0x11, 0x10, 0x00, 0x00, 0x1E, 0xEE, 0xEE, 0xE7, 0x00, 0x00, 0x00, 0x00, 0x7E, 0xEE, 0xEE, 0xE1,
  0x00, 0x00, 0x1F, 0xFF, 0xFF, 0xFD, 0x00, 0x00, 0x00, 0x00, 0xCF, 0xFF, 0xFF, 0xF1, 0x00, 0x00,
  0x1F, 0xFF, 0xFF, 0xFF, 0x40, 0x00, 0x00, 0x03, 0xFF, 0xFF, 0xFF, 0xF1, 0x00, 0x00, 0x1F, 0xFF,
  0xFF, 0xFF, 0x80, 0x00, 0x00, 0x08, 0xFF, 0xFF, 0xFF, 0xF1, 0x00, 0x00, 0x1F, 0xFF, 0xED, 0xFF,
  0xD1, 0x00, 0x00, 0x0C, 0xFF, 0xCD, 0xFF, 0xF1, 0x00, 0x00, 0x1F, 0xFF, 0xD9, 0xFF, 0xF4, 0x00,
  0x00, 0x3F, 0xFF, 0x9D, 0xFF, 0xF1, 0x00, 0x00, 0x1F, 0xFF, 0xD5, 0xFF, 0xF9, 0x00, 0x00, 0x8F,
  0xFF, 0x5D, 0xFF, 0xF1, 0x00, 0x00, 0x1F, 0xFF, 0xE2, 0xDF, 0xFE, 0x10, 0x01, 0xDF, 0xFC, 0x2E,
  0xFF, 0xF1, 0x00, 0x00, 0x1F, 0xFF, 0xE1, 0x9F, 0xFF, 0x50, 0x04, 0xFF, 0xF9, 0x1E, 0xFF, 0xF1,
  0x00, 0x00, 0x1F, 0xFF, 0xE1, 0x5F, 0xFF, 0xA0, 0x09, 0xFF, 0xF5, 0x1E, 0xFF, 0xF1, 0x00, 0x00,
  0x1F, 0xFF, 0xE1, 0x1E, 0xFF, 0xD1, 0x0C, 0xFF, 0xE1, 0x1E, 0xFF, 0xF1, 0x00, 0x00, 0x1F, 0xFF,
  0xE2, 0x0A, 0xFF, 0xF3, 0x2F, 0xFF, 0xA0, 0x2E, 0xFF, 0xF1, 0x00, 0x00, 0x1F, 0xFF, 0xE2, 0x05,
  0xFF, 0xF5, 0x4F, 0xFF, 0x50, 0x2E, 0xFF, 0xF1, 0x00, 0x00, 0x1F, 0xFF, 0xE2, 0x01, 0xEF, 0xF9,
  0x8F, 0xFE, 0x10, 0x2E, 0xFF, 0xF1, 0x00, 0x00, 0x1F, 0xFF, 0xE2, 0x00, 0x9F, 0xFC, 0xCF, 0xFA,
  0x00, 0x2E, 0xFF, 0xF1, 0x00, 0x00, 0x1F, 0xFF, 0xE2, 0x00, 0x4F, 0xFF, 0xFF, 0xF5, 0x00, 0x2E,
  0xFF, 0xF1, 0x00, 0x00, 0x1F, 0xFF, 0xE2, 0x00, 0x1D, 0xFF, 0xFF, 0xD1, 0x00, 0x2E, 0xFF, 0xF1,
  0x00, 0x00, 0x1F, 0xFF, 0xE2, 0x00, 0x09, 0xFF, 0xFF, 0x90, 0x00, 0x2E, 0xFF, 0xF1, 0x00, 0x00,
  0x1F, 0xFF, 0xE2, 0x00, 0x04, 0xFF, 0xFF, 0x40, 0x00, 0x2E, 0xFF, 0xF1, 0x00, 0x00, 0x1E, 0xEE,
  0xD2, 0x00, 0x00, 0xCE, 0xEC, 0x10, 0x00, 0x2D, 0xEE, 0xE1, 0x00, 0x00, 0x01, 0x11, 0x10, 0x00,
  0x00, 0x11, 0x11, 0x00, 0x00, 0x01, 0x11, 0x10, 0x00, 0x00, 0x01, 0x11, 0x11, 0x00, 0x00, 0x00,
  0x00, 0x01, 0x11, 0x10, 0x00, 0x00, 0x0D, 0xEE, 0xEE, 0x30, 0x00, 0x00, 0x00, 0x2E, 0xEE, 0xE2,
  0x00, 0x00, 0x0E, 0xFF, 0xFF, 0xC0, 0x00, 0x00, 0x00, 0x2F, 0xFF, 0xF3, 0x00, 0x00, 0x0E, 0xFF,
  0xFF, 0xF7, 0x00, 0x00, 0x00, 0x2F, 0xFF, 0xE2, 0x00, 0x00, 0x0E, 0xFF, 0xFF, 0xFE, 0x20, 0x00,
  0x00, 0x2F, 0xFF, 0xE2, 0x00, 0x00, 0x0E, 0xFF, 0xFF, 0xFF, 0xB0, 0x00, 0x00, 0x2F, 0xFF, 0xE2,
  0x00, 0x00, 0x0E, 0xFF, 0xFC, 0xFF, 0xF6, 0x00, 0x00, 0x2F, 0xFF, 0xE2, 0x00, 0x00, 0x0E, 0xFF,
  0xF6, 0xCF, 0xFE, 0x10, 0x00, 0x2F, 0xFF, 0xE2, 0x00, 0x00, 0x0E, 0xFF, 0xF4, 0x5F, 0xFF, 0x90,
  0x00, 0x2F, 0xFF, 0xE2, 0x00, 0x00, 0x0E, 0xFF, 0xF5, 0x0D, 0xFF, 0xF4, 0x00, 0x2F, 0xFF, 0xE2,
  0x00, 0x00, 0x0E, 0xFF, 0xF5, 0x05, 0xFF, 0xFD, 0x10, 0x2F, 0xFF, 0xE2, 0x00, 0x00, 0x0E, 0xFF,
  0xF5, 0x00, 0xBF, 0xFF, 0x80, 0x3F, 0xFF, 0xE2, 0x00, 0x00, 0x0E, 0xFF, 0xF5, 0x00, 0x2E, 0xFF,
  0xF2, 0x2F, 0xFF, 0xE2, 0x00, 0x00, 0x0E, 0xFF, 0xF5, 0x00, 0x07, 0xFF, 0xF9, 0x2F, 0xFF, 0xE2,
  0x00, 0x00, 0x0E, 0xFF, 0xF5, 0x00, 0x00, 0xCF, 0xFE, 0x5F, 0xFF, 0xE2, 0x00, 0x00, 0x0E, 0xFF,
  0xF5, 0x00, 0x00, 0x3F, 0xFF, 0xCF, 0xFF, 0xE2, 0x00, 0x00, 0x0E, 0xFF, 0xF5, 0x00, 0x00, 0x08,
  0xFF, 0xFF, 0xFF, 0xE2, 0x00, 0x00, 0x0E, 0xFF, 0xF5, 0x00, 0x00, 0x01, 0xDF, 0xFF, 0xFF, 0xE2,
  0x00, 0x00, 0x0E, 0xFF, 0xF5, 0x00, 0x00, 0x00, 0x4F, 0xFF, 0xFF, 0xE2, 0x00, 0x00, 0x0E, 0xFF,
  0xF5, 0x00, 0x00, 0x00, 0x0A, 0xFF, 0xFF, 0xF3, 0x00, 0x00, 0x0D, 0xEE, 0xE5, 0x00, 0x00, 0x00,
  0x01, 0xDE, 0xEE, 0xE2, 0x00, 0x00, 0x01, 0x11, 0x10, 0x00, 0x00, 0x00, 0x00, 0x11, 0x11, 0x10,
  0x00, 0x00, 0x00, 0x00, 0x00, 0x00, 0x00, 0x00, 0x00, 0x00, 0x00, 0x00, 0x00, 0x00, 0x00, 0x00,
  0x00, 0x26, 0x9A, 0xA9, 0x62, 0x00, 0x00, 0x00, 0x00, 0x00, 0x00, 0x00, 0x29, 0xEF, 0xFF, 0xFF,
  0xFE, 0x92, 0x00, 0x00, 0x00, 0x00, 0x00, 0x03, 0xDF, 0xFF, 0xFF, 0xFF, 0xFF, 0xFD, 0x30, 0x00,
  0x00, 0x00, 0x00, 0x3E, 0xFF, 0xFF, 0xEC, 0xCE, 0xFF, 0xFF, 0xE3, 0x00, 0x00, 0x00, 0x00, 0xCF,
  0xFF, 0xF8, 0x21, 0x12, 0x8F, 0xFF, 0xFC, 0x00, 0x00, 0x00, 0x06, 0xFF, 0xFF, 0x50, 0x00, 0x00,
  0x05, 0xFF, 0xFF, 0x60, 0x00, 0x00, 0x0C, 0xFF, 0xFA, 0x00, 0x00, 0x00, 0x00, 0x9F, 0xFF, 0xB0,
  0x00, 0x00, 0x2F, 0xFF, 0xF3, 0x00, 0x00, 0x00, 0x00, 0x3F, 0xFF, 0xF2, 0x00, 0x00, 0x5F, 0xFF,
  0xD0, 0x00, 0x00, 0x00, 0x00, 0x0D, 0xFF, 0xF5, 0x00, 0x00, 0x6F, 0xFF, 0xB0, 0x00, 0x00, 0x00,
  0x00, 0x0B, 0xFF, 0xF6, 0x00, 0x00, 0x7F, 0xFF, 0xA0, 0x00, 0x00, 0x00, 0x00, 0x0A, 0xFF, 0xF7,
  0x00, 0x00, 0x7F, 0xFF, 0xA0, 0x00, 0x00, 0x00, 0x00, 0x0A, 0xFF, 0xF7, 0x00, 0x00, 0x7F, 0xFF,
  0xB0, 0x00, 0x00, 0x00, 0x00, 0x0B, 0xFF, 0xF6, 0x00, 0x00, 0x5F, 0xFF, 0xD0, 0x00, 0x00, 0x00,
  0x00, 0x0D, 0xFF, 0xF5, 0x00, 0x00, 0x2F, 0xFF, 0xF3, 0x00, 0x00, 0x00, 0x00, 0x3F, 0xFF, 0xF2,
  0x00, 0x00, 0x0C, 0xFF, 0xFA, 0x00, 0x00, 0x00, 0x00, 0x9F, 0xFF, 0xC0, 0x00, 0x00, 0x06, 0xFF,
  0xFF, 0x50, 0x00, 0x00, 0x05, 0xFF, 0xFF, 0x60, 0x00, 0x00, 0x00, 0xCF, 0xFF, 0xF8, 0x21, 0x12,
  0x8F, 0xFF, 0xFC, 0x00, 0x00, 0x00, 0x00, 0x3E, 0xFF, 0xFF, 0xEC, 0xCE, 0xFF, 0xFF, 0xE3, 0x00,
  0x00, 0x00, 0x00, 0x04, 0xDF, 0xFF, 0xFF, 0xFF, 0xFF, 0xFD, 0x40, 0x00, 0x00, 0x00, 0x00, 0x00,
  0x2A, 0xEF, 0xFF, 0xFF, 0xFE, 0xA2, 0x00, 0x00, 0x00, 0x00, 0x00, 0x00, 0x00, 0x26, 0x9A, 0xA9,
  0x62, 0x00, 0x00, 0x00, 0x00, 0x00, 0x00, 0x00, 0x00, 0x00, 0x00, 0x00, 0x00, 0x00, 0x00, 0x00,
  0x00, 0x00, 0x01, 0x11, 0x11, 0x11, 0x11, 0x00, 0x00, 0x00, 0x00, 0x00, 0x1D, 0xEE, 0xEE, 0xEE,
  0xEE, 0xDA, 0x50, 0x00, 0x00, 0x00, 0x1E, 0xFF, 0xFF, 0xFF, 0xFF, 0xFF, 0xFB, 0x10, 0x00, 0x00,
  0x1E, 0xFF, 0xFF, 0xFF, 0xFF, 0xFF, 0xFF, 0xB1, 0x00, 0x00, 0x1E, 0xFF, 0xF5, 0x33, 0x35, 0xBF,
  0xFF, 0xF7, 0x00, 0x00, 0x1E, 0xFF, 0xF3, 0x00, 0x00, 0x0A, 0xFF, 0xFC, 0x00, 0x00, 0x1E, 0xFF,
  0xF3, 0x00, 0x00, 0x03, 0xFF, 0xFF, 0x20, 0x00, 0x1E, 0xFF, 0xF3, 0x00, 0x00, 0x01, 0xEF, 0xFF,
  0x30, 0x00, 0x1E, 0xFF, 0xF3, 0x00, 0x00, 0x02, 0xFF, 0xFF, 0x20, 0x00, 0x1E, 0xFF, 0xF3, 0x00,
  0x00, 0x07, 0xFF, 0xFE, 0x10, 0x00, 0x1E, 0xFF, 0xF2, 0x00, 0x01, 0x6E, 0xFF, 0xF9, 0x00, 0x00,
  0x1E, 0xFF, 0xFC, 0xBB, 0xBD, 0xFF, 0xFF, 0xE2, 0x00, 0x00, 0x1E, 0xFF, 0xFF, 0xFF, 0xFF, 0xFF,
  0xFE, 0x50, 0x00, 0x00, 0x1E, 0xFF, 0xFF, 0xFF, 0xFF, 0xFE, 0xA3, 0x00, 0x00, 0x00, 0x1E, 0xFF,
  0xF8, 0x66, 0x66, 0x42, 0x00, 0x00, 0x00, 0x00, 0x1E, 0xFF, 0xF2, 0x00, 0x00, 0x00, 0x00, 0x00,
  0x00, 0x00, 0x1E, 0xFF, 0xF3, 0x00, 0x00, 0x00, 0x00, 0x00, 0x00, 0x00, 0x1E, 0xFF, 0xF3, 0x00,
  0x00, 0x00, 0x00, 0x00, 0x00, 0x00, 0x1E, 0xFF, 0xF3, 0x00, 0x00, 0x00, 0x00, 0x00, 0x00, 0x00,
  0x1E, 0xFF, 0xF3, 0x00, 0x00, 0x00, 0x00, 0x00, 0x00, 0x00, 0x1D, 0xEE, 0xE3, 0x00, 0x00, 0x00,
  0x00, 0x00, 0x00, 0x00, 0x01, 0x11, 0x10, 0x00, 0x00, 0x00, 0x00, 0x00, 0x00, 0x00, 0x00, 0x00,
  0x00, 0x00, 0x00, 0x00, 0x00, 0x00, 0x00, 0x00, 0x00, 0x00, 0x00, 0x00, 0x00, 0x27, 0x9A, 0xA9,
  0x72, 0x00, 0x00, 0x00, 0x00, 0x00, 0x00, 0x00, 0x2A, 0xFF, 0xFF, 0xFF, 0xFF, 0xA2, 0x00, 0x00,
  0x00, 0x00, 0x00, 0x04, 0xEF, 0xFF, 0xFF, 0xFF, 0xFF, 0xFE, 0x40, 0x00, 0x00, 0x00, 0x00, 0x3E,
  0xFF, 0xFF, 0xEB, 0xBE, 0xFF, 0xFF, 0xE3, 0x00, 0x00, 0x00, 0x01, 0xDF, 0xFF, 0xE6, 0x10, 0x01,
  0x6E, 0xFF, 0xFC, 0x10, 0x00, 0x00, 0x07, 0xFF, 0xFF, 0x40, 0x00, 0x00, 0x04, 0xEF, 0xFF, 0x60,
  0x00, 0x00, 0x0C, 0xFF, 0xF8, 0x00, 0x00, 0x00, 0x00, 0x8F, 0xFF, 0xC0, 0x00, 0x00, 0x3F, 0xFF,
  0xF3, 0x00, 0x00, 0x00, 0x00, 0x2F, 0xFF, 0xF2, 0x00, 0x00, 0x5F, 0xFF, 0xD0, 0x00, 0x00, 0x00,
  0x00, 0x0D, 0xFF, 0xF5, 0x00, 0x00, 0x7F, 0xFF, 0xB0, 0x00, 0x00, 0x00, 0x00, 0x0B, 0xFF, 0xF7,
  0x00, 0x00, 0x7F, 0xFF, 0xA0, 0x00, 0x00, 0x00, 0x00, 0x0A, 0xFF, 0xF7, 0x00, 0x00, 0x7F, 0xFF,
  0xA0, 0x00, 0x00, 0x00, 0x00, 0x0A, 0xFF, 0xF7, 0x00, 0x00, 0x6F, 0xFF, 0xB0, 0x00, 0x00, 0x00,
  0x00, 0x0B, 0xFF, 0xF6, 0x00, 0x00, 0x4F, 0xFF, 0xE1, 0x00, 0x01, 0x11, 0x00, 0x1E, 0xFF, 0xF4,
  0x00, 0x00, 0x1E, 0xFF, 0xF5, 0x00, 0x1C, 0xDE, 0x90, 0x5F, 0xFF, 0xE1, 0x00, 0x00, 0x0A, 0xFF,
  0xFC, 0x00, 0x04, 0xFF, 0xF7, 0xBF, 0xFF, 0xB0, 0x00, 0x00, 0x03, 0xFF, 0xFF, 0xA1, 0x00, 0x6F,
  0xFF, 0xFF, 0xFF, 0x40, 0x00, 0x00, 0x00, 0x8F, 0xFF, 0xFC, 0x75, 0x5E, 0xFF, 0xFF, 0xFA, 0x00,
  0x00, 0x00, 0x00, 0x0A, 0xFF, 0xFF, 0xFF, 0xFF, 0xFF, 0xFF, 0xC1, 0x00, 0x00, 0x00, 0x00, 0x00,
  0x8F, 0xFF, 0xFF, 0xFF, 0xFF, 0xFF, 0xA0, 0x00, 0x00, 0x00, 0x00, 0x00, 0x03, 0x9D, 0xFF, 0xFF,
  0xEB, 0xFF, 0xF7, 0x00, 0x00, 0x00, 0x00, 0x00, 0x00, 0x01, 0x24, 0x43, 0x10, 0x8F, 0xFF, 0x50,
  0x00, 0x00, 0x00, 0x00, 0x00, 0x00, 0x00, 0x00, 0x00, 0x09, 0xBB, 0xA1, 0x00, 0x00, 0x00, 0x00,
  0x00, 0x00, 0x00, 0x00, 0x00, 0x00, 0x00, 0x00, 0x00, 0x00, 0x01, 0x11, 0x11, 0x11, 0x11, 0x00,
  0x00, 0x00, 0x00, 0x00, 0x2E, 0xEE, 0xEE, 0xEE, 0xEE, 0xC9, 0x30, 0x00, 0x00, 0x00, 0x2F, 0xFF,
  0xFF, 0xFF, 0xFF, 0xFF, 0xF8, 0x00, 0x00, 0x00, 0x2F, 0xFF, 0xFF, 0xFF, 0xFF, 0xFF, 0xFF, 0x70,
  0x00, 0x00, 0x2F, 0xFF, 0xE4, 0x33, 0x35, 0xCF, 0xFF, 0xF2, 0x00, 0x00, 0x2F, 0xFF, 0xE1, 0x00,
  0x00, 0x1D, 0xFF, 0xF7, 0x00, 0x00, 0x2F, 0xFF, 0xE1, 0x00, 0x00, 0x07, 0xFF, 0xFA, 0x00, 0x00,
  0x2F, 0xFF, 0xE1, 0x00, 0x00, 0x05, 0xFF, 0xFA, 0x00, 0x00, 0x2F, 0xFF, 0xE2, 0x00, 0x00, 0x07,
  0xFF, 0xFA, 0x00, 0x00, 0x2F, 0xFF, 0xE1, 0x00, 0x00, 0x1D, 0xFF, 0xF7, 0x00, 0x00, 0x2F, 0xFF,
  0xE5, 0x44, 0x47, 0xDF, 0xFF, 0xF3, 0x00, 0x00, 0x2F, 0xFF, 0xFF, 0xFF, 0xFF, 0xFF, 0xFF, 0x80,
  0x00, 0x00, 0x2F, 0xFF, 0xFF, 0xFF, 0xFF, 0xFF, 0xE8, 0x00, 0x00, 0x00, 0x2F, 0xFF, 0xFD, 0xDD,
  0xFF, 0xFF, 0x80, 0x00, 0x00, 0x00, 0x2F, 0xFF, 0xE2, 0x11, 0x7F, 0xFF, 0xD1, 0x00, 0x00, 0x00,
  0x2F, 0xFF, 0xE1, 0x00, 0x1D, 0xFF, 0xF7, 0x00, 0x00, 0x00, 0x2F, 0xFF, 0xE1, 0x00, 0x06, 0xFF,
  0xFE, 0x20, 0x00, 0x00, 0x2F, 0xFF, 0xE1, 0x00, 0x00, 0xCF, 0xFF, 0x80, 0x00, 0x00, 0x2F, 0xFF,
  0xE1, 0x00, 0x00, 0x5F, 0xFF, 0xE2, 0x00, 0x00, 0x2F, 0xFF, 0xE1, 0x00, 0x00, 0x0B, 0xFF, 0xFA,
  0x00, 0x00, 0x2E, 0xEE, 0xD1, 0x00, 0x00, 0x04, 0xEE, 0xEE, 0x30, 0x00, 0x01, 0x11, 0x10, 0x00,
  0x00, 0x00, 0x11, 0x11, 0x10, 0x00, 0x00, 0x00, 0x00, 0x00, 0x00, 0x00, 0x00, 0x00, 0x00, 0x00,
  0x00, 0x00, 0x16, 0x8A, 0xA9, 0x73, 0x00, 0x00, 0x00, 0x00, 0x00, 0x08, 0xEF, 0xFF, 0xFF, 0xFF,
  0xB3, 0x00, 0x00, 0x00, 0x01, 0xBF, 0xFF, 0xFF, 0xFF, 0xFF, 0xFE, 0x40, 0x00, 0x00, 0x09, 0xFF,
  0xFF, 0xC9, 0x9B, 0xFF, 0xFF, 0xD1, 0x00, 0x00, 0x2F, 0xFF, 0xF6, 0x00, 0x00, 0x4E, 0xFF, 0xF6,
  0x00, 0x00, 0x6F, 0xFF, 0xB0, 0x00, 0x00, 0x07, 0xFF, 0xFA, 0x00, 0x00, 0x7F, 0xFF, 0xB0, 0x00,
  0x00, 0x01, 0x55, 0x53, 0x00, 0x00, 0x7F, 0xFF, 0xF6, 0x00, 0x00, 0x00, 0x00, 0x00, 0x00, 0x00,
  0x3F, 0xFF, 0xFF, 0xC7, 0x30, 0x00, 0x00, 0x00, 0x00, 0x00, 0x0A, 0xFF, 0xFF, 0xFF, 0xFD, 0xA5,
  0x10, 0x00, 0x00, 0x00, 0x01, 0xBF, 0xFF, 0xFF, 0xFF, 0xFF, 0xC5, 0x00, 0x00, 0x00, 0x00, 0x17,
  0xDF, 0xFF, 0xFF, 0xFF, 0xFF, 0x70, 0x00, 0x00, 0x00, 0x00, 0x14, 0x8C, 0xEF, 0xFF, 0xFF, 0xF4,
  0x00, 0x00, 0x00, 0x00, 0x00, 0x00, 0x26, 0xCF, 0xFF, 0xFA, 0x00, 0x00, 0x01, 0x10, 0x00, 0x00,
  0x00, 0x0A, 0xFF, 0xFD, 0x00, 0x01, 0xBC, 0xCC, 0x10, 0x00, 0x00, 0x03, 0xFF, 0xFE, 0x10, 0x00,
  0xDF, 0xFF, 0x50, 0x00, 0x00, 0x05, 0xFF, 0xFD, 0x00, 0x00, 0x9F, 0xFF, 0xE4, 0x00, 0x00, 0x3D,
  0xFF, 0xFA, 0x00, 0x00, 0x3F, 0xFF, 0xFF, 0xB9, 0x9B, 0xFF, 0xFF, 0xF3, 0x00, 0x00, 0x06, 0xFF,
  0xFF, 0xFF, 0xFF, 0xFF, 0xFF, 0x60, 0x00, 0x00, 0x00, 0x4C, 0xFF, 0xFF, 0xFF, 0xFF, 0xC5, 0x00,
  0x00, 0x00, 0x00, 0x00, 0x37, 0x9A, 0xA9, 0x74, 0x00, 0x00, 0x00, 0x00, 0x00, 0x00, 0x00, 0x00,
  0x00, 0x00, 0x00, 0x00, 0x00, 0x00, 0x11, 0x11, 0x11, 0x11, 0x11, 0x11, 0x11, 0x11, 0x00, 0x01,
  0xEE, 0xEE, 0xEE, 0xEE, 0xEE, 0xEE, 0xEE, 0xEE, 0x10, 0x01, 0xFF, 0xFF, 0xFF, 0xFF, 0xFF, 0xFF,
  0xFF, 0xFF, 0x10, 0x01, 0xEF, 0xFF, 0xFF, 0xFF, 0xFF, 0xFF, 0xFF, 0xFE, 0x10, 0x00, 0x33, 0x33,
  0x33, 0xDF, 0xFF, 0x53, 0x33, 0x33, 0x00, 0x00, 0x00, 0x00, 0x00, 0xCF, 0xFF, 0x30, 0x00, 0x00,
  0x00, 0x00, 0x00, 0x00, 0x01, 0xCF, 0xFF, 0x30, 0x00, 0x00, 0x00, 0x00, 0x00, 0x00, 0x00, 0xCF,
  0xFF, 0x30, 0x00, 0x00, 0x00, 0x00, 0x00, 0x00, 0x00, 0xCF, 0xFF, 0x30, 0x00, 0x00, 0x00, 0x00,
  0x00, 0x00, 0x00, 0xCF, 0xFF, 0x30, 0x00, 0x00, 0x00, 0x00, 0x00, 0x00, 0x00, 0xCF, 0xFF, 0x30,
  0x00, 0x00, 0x00, 0x00, 0x00, 0x00, 0x00, 0xCF, 0xFF, 0x30, 0x00, 0x00, 0x00, 0x00, 0x00, 0x00,
  0x00, 0xCF, 0xFF, 0x30, 0x00, 0x00, 0x00, 0x00, 0x00, 0x00, 0x00, 0xCF, 0xFF, 0x30, 0x00, 0x00,
  0x00, 0x00, 0x00, 0x00, 0x00, 0xCF, 0xFF, 0x30, 0x00, 0x00, 0x00, 0x00, 0x00, 0x00, 0x00, 0xCF,
  0xFF, 0x30, 0x00, 0x00, 0x00, 0x00, 0x00, 0x00, 0x00, 0xCF, 0xFF, 0x30, 0x00, 0x00, 0x00, 0x00,
  0x00, 0x00, 0x00, 0xCF, 0xFF, 0x30, 0x00, 0x00, 0x00, 0x00, 0x00, 0x00, 0x00, 0xCF, 0xFF, 0x30,
  0x00, 0x00, 0x00, 0x00, 0x00, 0x00, 0x00, 0xDF, 0xFF, 0x30, 0x00, 0x00, 0x00, 0x00, 0x00, 0x00,
  0x00, 0xCE, 0xEE, 0x30, 0x00, 0x00, 0x00, 0x00, 0x00, 0x00, 0x00, 0x11, 0x11, 0x00, 0x00, 0x00,
  0x00, 0x00, 0x01, 0x11, 0x10, 0x00, 0x00, 0x00, 0x01, 0x11, 0x10, 0x00, 0x00, 0x1E, 0xEE, 0xD1,
  0x00, 0x00, 0x00, 0x0C, 0xEE, 0xE4, 0x00, 0x00, 0x1F, 0xFF, 0xE1, 0x00, 0x00, 0x00, 0x0D, 0xFF,
  0xF4, 0x00, 0x00, 0x1F, 0xFF, 0xE1, 0x00, 0x00, 0x00, 0x0C, 0xFF, 0xF4, 0x00, 0x00, 0x1F, 0xFF,
  0xE1, 0x00, 0x00, 0x00, 0x0C, 0xFF, 0xF4, 0x00, 0x00, 0x1F, 0xFF, 0xE1, 0x00, 0x00, 0x00, 0x0C,
  0xFF, 0xF4, 0x00, 0x00, 0x1F, 0xFF, 0xE1, 0x00, 0x00, 0x00, 0x0C, 0xFF, 0xF4, 0x00, 0x00, 0x1F,
  0xFF, 0xE1, 0x00, 0x00, 0x00, 0x0C, 0xFF, 0xF4, 0x00, 0x00, 0x1F, 0xFF, 0xE1, 0x00, 0x00, 0x00,
  0x0C, 0xFF, 0xF4, 0x00, 0x00, 0x1F, 0xFF, 0xE1, 0x00, 0x00, 0x00, 0x0C, 0xFF, 0xF4, 0x00, 0x00,
  0x1F, 0xFF, 0xE1, 0x00, 0x00, 0x00, 0x0C, 0xFF, 0xF4, 0x00, 0x00, 0x1F, 0xFF, 0xE1, 0x00, 0x00,
  0x00, 0x0C, 0xFF, 0xF4, 0x00, 0x00, 0x1F, 0xFF, 0xE1, 0x00, 0x00, 0x00, 0x0C, 0xFF, 0xF4, 0x00,
  0x00, 0x1F, 0xFF, 0xE1, 0x00, 0x00, 0x00, 0x0C, 0xFF, 0xF4, 0x00, 0x00, 0x1F, 0xFF, 0xE2, 0x00,
  0x00, 0x00, 0x0D, 0xFF, 0xF4, 0x00, 0x00, 0x1E, 0xFF, 0xF4, 0x00, 0x00, 0x00, 0x2E, 0xFF, 0xF2,
  0x00, 0x00, 0x0B, 0xFF, 0xFA, 0x00, 0x00, 0x00, 0x8F, 0xFF, 0xD1, 0x00, 0x00, 0x06, 0xFF, 0xFF,
  0x92, 0x00, 0x18, 0xFF, 0xFF, 0x80, 0x00, 0x00, 0x01, 0xCF, 0xFF, 0xFE, 0xBB, 0xEF, 0xFF, 0xFD,
  0x10, 0x00, 0x00, 0x00, 0x2D, 0xFF, 0xFF, 0xFF, 0xFF, 0xFF, 0xE3, 0x00, 0x00, 0x00, 0x00, 0x01,
  0x9F, 0xFF, 0xFF, 0xFF, 0xFB, 0x20, 0x00, 0x00, 0x00, 0x00, 0x00, 0x02, 0x79, 0xAA, 0x97, 0x30,
  0x00, 0x00, 0x00, 0x00, 0x00, 0x00, 0x00, 0x00, 0x00, 0x00, 0x00, 0x00, 0x00, 0x00, 0x01, 0x11,
  0x11, 0x00, 0x00, 0x00, 0x00, 0x00, 0x01, 0x11, 0x10, 0x00, 0x2E, 0xEE, 0xE7, 0x00, 0x00, 0x00,
  0x00, 0x08, 0xEE, 0xEE, 0x10, 0x00, 0xCF, 0xFF, 0xC0, 0x00, 0x00, 0x00, 0x00, 0xDF, 0xFF, 0xB0,
  0x00, 0x07, 0xFF, 0xFF, 0x30, 0x00, 0x00, 0x00, 0x3F, 0xFF, 0xF5, 0x00, 0x00, 0x2E, 0xFF, 0xF7,
  0x00, 0x00, 0x00, 0x08, 0xFF, 0xFE, 0x10, 0x00, 0x00, 0xBF, 0xFF, 0xC0, 0x00, 0x00, 0x00, 0xCF,
  0xFF, 0xA0, 0x00, 0x00, 0x06, 0xFF, 0xFF, 0x30, 0x00, 0x00, 0x3F, 0xFF, 0xF5, 0x00, 0x00, 0x00,
  0x1E, 0xFF, 0xF8, 0x00, 0x00, 0x07, 0xFF, 0xFE, 0x10, 0x00, 0x00, 0x00, 0xAF, 0xFF, 0xC0, 0x00,
  0x00, 0xCF, 0xFF, 0x90, 0x00, 0x00, 0x00, 0x05, 0xFF, 0xFF, 0x30, 0x00, 0x3F, 0xFF, 0xF4, 0x00,
  0x00, 0x00, 0x00, 0x1D, 0xFF, 0xF8, 0x00, 0x07, 0xFF, 0xFD, 0x10, 0x00, 0x00, 0x00, 0x00, 0x9F,
  0xFF, 0xC0, 0x00, 0xBF, 0xFF, 0x90, 0x00, 0x00, 0x00, 0x00, 0x04, 0xFF, 0xFF, 0x30, 0x2E, 0xFF,
  0xF4, 0x00, 0x00, 0x00, 0x00, 0x00, 0x0D, 0xFF, 0xF7, 0x05, 0xFF, 0xFD, 0x00, 0x00, 0x00, 0x00,
  0x00, 0x00, 0x8F, 0xFF, 0xA0, 0x9F, 0xFF, 0x80, 0x00, 0x00, 0x00, 0x00, 0x00, 0x03, 0xFF, 0xFE,
  0x1C, 0xFF, 0xF3, 0x00, 0x00, 0x00, 0x00, 0x00, 0x00, 0x0C, 0xFF, 0xF6, 0xEF, 0xFC, 0x00, 0x00,
  0x00, 0x00, 0x00, 0x00, 0x00, 0x7F, 0xFF, 0xDF, 0xFF, 0x70, 0x00, 0x00, 0x00, 0x00, 0x00, 0x00,
  0x02, 0xFF, 0xFF, 0xFF, 0xF3, 0x00, 0x00, 0x00, 0x00, 0x00, 0x00, 0x00, 0x0B, 0xFF, 0xFF, 0xFC,
  0x00, 0x00, 0x00, 0x00, 0x00, 0x00, 0x00, 0x00, 0x6E, 0xEE, 0xEE, 0x60, 0x00, 0x00, 0x00, 0x00,
  0x00, 0x00, 0x00, 0x00, 0x11, 0x11, 0x10, 0x00, 0x00, 0x00, 0x00, 0x00, 0x11, 0x11, 0x00, 0x00,
  0x00, 0x01, 0x11, 0x11, 0x00, 0x00, 0x00, 0x01, 0x11, 0x11, 0x00, 0x3E, 0xEE, 0xE5, 0x00, 0x00,
  0x00, 0xBE, 0xEE, 0xB0, 0x00, 0x00, 0x05, 0xEE, 0xEE, 0x40, 0x00, 0xDF, 0xFF, 0x90, 0x00, 0x00,
  0x1E, 0xFF, 0xFF, 0x20, 0x00, 0x00, 0x8F, 0xFF, 0xE1, 0x00, 0x09, 0xFF, 0xFC, 0x00, 0x00, 0x04,
  0xFF, 0xFF, 0xF5, 0x00, 0x00, 0x0B, 0xFF, 0xFA, 0x00, 0x00, 0x6F, 0xFF, 0xF2, 0x00, 0x00, 0x8F,
  0xFF, 0xFF, 0x90, 0x00, 0x01, 0xEF, 0xFF, 0x60, 0x00, 0x02, 0xFF, 0xFF, 0x50, 0x00, 0x0B, 0xFF,
  0xFF, 0xFC, 0x00, 0x00, 0x4F, 0xFF, 0xF3, 0x00, 0x00, 0x0C, 0xFF, 0xF8, 0x00, 0x01, 0xEF, 0xFD,
  0xFF, 0xF2, 0x00, 0x08, 0xFF, 0xFD, 0x00, 0x00, 0x00, 0x8F, 0xFF, 0xB0, 0x00, 0x5F, 0xFF, 0x8E,
  0xFF, 0x50, 0x00, 0xBF, 0xFF, 0x90, 0x00, 0x00, 0x04, 0xFF, 0xFE, 0x10, 0x08, 0xFF, 0xE4, 0xEF,
  0xF9, 0x00, 0x1E, 0xFF, 0xF5, 0x00, 0x00, 0x00, 0x1E, 0xFF, 0xF4, 0x00, 0xBF, 0xFD, 0x1C, 0xFF,
  0xC0, 0x04, 0xFF, 0xFE, 0x20, 0x00, 0x00, 0x00, 0xBF, 0xFF, 0x80, 0x2E, 0xFF, 0xA0, 0x9F, 0xFF,
  0x20, 0x7F, 0xFF, 0xB0, 0x00, 0x00, 0x00, 0x07, 0xFF, 0xFB, 0x05, 0xFF, 0xF7, 0x06, 0xFF, 0xF5,
  0x0A, 0xFF, 0xF8, 0x00, 0x00, 0x00, 0x00, 0x3F, 0xFF, 0xE0, 0x7F, 0xFF, 0x30, 0x2F, 0xFF, 0x80,
  0xDF, 0xFF, 0x40, 0x00, 0x00, 0x00, 0x00, 0xDF, 0xFF, 0x2A, 0xFF, 0xD0, 0x00, 0xCF, 0xFA, 0x1F,
  0xFF, 0xE1, 0x00, 0x00, 0x00, 0x00, 0x09, 0xFF, 0xF5, 0xCF, 0xF9, 0x00, 0x09, 0xFF, 0xD5, 0xFF,
  0xFA, 0x00, 0x00, 0x00, 0x00, 0x00, 0x6F, 0xFF, 0x8D, 0xFF, 0x60, 0x00, 0x5F, 0xFE, 0x9F, 0xFF,
  0x60, 0x00, 0x00, 0x00, 0x00, 0x02, 0xFF, 0xFD, 0xEF, 0xF2, 0x00, 0x02, 0xEF, 0xED, 0xFF, 0xF3,
  0x00, 0x00, 0x00, 0x00, 0x00, 0x0C, 0xFF, 0xFF, 0xFC, 0x00, 0x00, 0x0B, 0xFF, 0xFF, 0xFC, 0x00,
  0x00, 0x00, 0x00, 0x00, 0x00, 0x8F, 0xFF, 0xFF, 0x80, 0x00, 0x00, 0x8F, 0xFF, 0xFF, 0x90, 0x00,
  0x00, 0x00, 0x00, 0x00, 0x04, 0xFF, 0xFF, 0xF5, 0x00, 0x00, 0x04, 0xFF, 0xFF, 0xF5, 0x00, 0x00,
  0x00, 0x00, 0x00, 0x00, 0x1D, 0xEE, 0xEE, 0x20, 0x00, 0x00, 0x1D, 0xEE, 0xED, 0x10, 0x00, 0x00,
  0x00, 0x00, 0x00, 0x00, 0x11, 0x11, 0x10, 0x00, 0x00, 0x00, 0x11, 0x11, 0x10, 0x00, 0x00, 0x00,
  0x00, 0x11, 0x11, 0x10, 0x00, 0x00, 0x00, 0x01, 0x11, 0x11, 0x00, 0x00, 0x5E, 0xEE, 0xE6, 0x00,
  0x00, 0x00, 0x2D, 0xEE, 0xE8, 0x00, 0x00, 0x0A, 0xFF, 0xFE, 0x20, 0x00, 0x00, 0xBF, 0xFF, 0xD1,
  0x00, 0x00, 0x02, 0xEF, 0xFF, 0xA0, 0x00, 0x06, 0xFF, 0xFF, 0x40, 0x00, 0x00, 0x00, 0x5F, 0xFF,
  0xF5, 0x00, 0x2E, 0xFF, 0xF9, 0x00, 0x00, 0x00, 0x00, 0x0A, 0xFF, 0xFD, 0x10, 0x9F, 0xFF, 0xD1,
  0x00, 0x00, 0x00, 0x00, 0x02, 0xEF, 0xFF, 0x62, 0xFF, 0xFF, 0x40, 0x00, 0x00, 0x00, 0x00, 0x00,
  0x6F, 0xFF, 0xDB, 0xFF, 0xF9, 0x00, 0x00, 0x00, 0x00, 0x00, 0x00, 0x0A, 0xFF, 0xFF, 0xFF, 0xD1,
  0x00, 0x00, 0x00, 0x00, 0x00, 0x00, 0x02, 0xEF, 0xFF, 0xFF, 0x40, 0x00, 0x00, 0x00, 0x00, 0x00,
  0x00, 0x00, 0x6F, 0xFF, 0xFA, 0x00, 0x00, 0x00, 0x00, 0x00, 0x00, 0x00, 0x00, 0xAF, 0xFF, 0xFD,
  0x20, 0x00, 0x00, 0x00, 0x00, 0x00, 0x00, 0x06, 0xFF, 0xFF, 0xFF, 0xB0, 0x00, 0x00, 0x00, 0x00,
  0x00, 0x00, 0x2E, 0xFF, 0xFF, 0xFF, 0xF6, 0x00, 0x00, 0x00, 0x00, 0x00, 0x00, 0xBF, 0xFF, 0x97,
  0xFF, 0xFE, 0x20, 0x00, 0x00, 0x00, 0x00, 0x07, 0xFF, 0xFE, 0x20, 0xDF, 0xFF, 0xB0, 0x00, 0x00,
  0x00, 0x00, 0x3F, 0xFF, 0xF7, 0x00, 0x5F, 0xFF, 0xF7, 0x00, 0x00, 0x00, 0x01, 0xDF, 0xFF, 0xB0,
  0x00, 0x0A, 0xFF, 0xFE, 0x30, 0x00, 0x00, 0x09, 0xFF, 0xFE, 0x20, 0x00, 0x01, 0xEF, 0xFF, 0xC0,
  0x00, 0x00, 0x5F, 0xFF, 0xF6, 0x00, 0x00, 0x00, 0x5F, 0xFF, 0xF7, 0x00, 0x01, 0xDE, 0xEE, 0xA0,
  0x00, 0x00, 0x00, 0x0A, 0xEE, 0xEE, 0x30, 0x00, 0x11, 0x11, 0x00, 0x00, 0x00, 0x00, 0x00, 0x11,
  0x11, 0x10, 0x01, 0x11, 0x11, 0x00, 0x00, 0x00, 0x00, 0x01, 0x11, 0x11, 0x00, 0x04, 0xEE, 0xEE,
  0x70, 0x00, 0x00, 0x00, 0x1C, 0xEE, 0xEB, 0x00, 0x00, 0xAF, 0xFF, 0xE1, 0x00, 0x00, 0x00, 0x6F,
  0xFF, 0xF4, 0x00, 0x00, 0x2E, 0xFF, 0xF8, 0x00, 0x00, 0x01, 0xDF, 0xFF, 0xA0, 0x00, 0x00, 0x08,
  0xFF, 0xFE, 0x20, 0x00, 0x07, 0xFF, 0xFE, 0x20, 0x00, 0x00, 0x01, 0xDF, 0xFF, 0xA0, 0x00, 0x1E,
  0xFF, 0xF8, 0x00, 0x00, 0x00, 0x00, 0x5F, 0xFF, 0xF3, 0x00, 0x8F, 0xFF, 0xD1, 0x00, 0x00, 0x00,
  0x00, 0x0B, 0xFF, 0xFB, 0x01, 0xEF, 0xFF, 0x50, 0x00, 0x00, 0x00, 0x00, 0x03, 0xFF, 0xFF, 0x37,
  0xFF, 0xFB, 0x00, 0x00, 0x00, 0x00, 0x00, 0x00, 0x8F, 0xFF, 0xBC, 0xFF, 0xF3, 0x00, 0x00, 0x00,
  0x00, 0x00, 0x00, 0x1D, 0xFF, 0xFF, 0xFF, 0x90, 0x00, 0x00, 0x00, 0x00, 0x00, 0x00, 0x06, 0xFF,
  0xFF, 0xFE, 0x20, 0x00, 0x00, 0x00, 0x00, 0x00, 0x00, 0x00, 0xBF, 0xFF, 0xF7, 0x00, 0x00, 0x00,
  0x00, 0x00, 0x00, 0x00, 0x00, 0x4F, 0xFF, 0xD1, 0x00, 0x00, 0x00, 0x00, 0x00, 0x00, 0x00, 0x00,
  0x3F, 0xFF, 0xC0, 0x00, 0x00, 0x00, 0x00, 0x00, 0x00, 0x00, 0x00, 0x3F, 0xFF, 0xC0, 0x00, 0x00,
  0x00, 0x00, 0x00, 0x00, 0x00, 0x00, 0x3F, 0xFF, 0xC0, 0x00, 0x00, 0x00, 0x00, 0x00, 0x00, 0x00,
  0x00, 0x3F, 0xFF, 0xC0, 0x00, 0x00, 0x00, 0x00, 0x00, 0x00, 0x00, 0x00, 0x3F, 0xFF, 0xC0, 0x00,
  0x00, 0x00, 0x00, 0x00, 0x00, 0x00, 0x00, 0x3F, 0xFF, 0xD0, 0x00, 0x00, 0x00, 0x00, 0x00, 0x00,
  0x00, 0x00, 0x3E, 0xEE, 0xC0, 0x00, 0x00, 0x00, 0x00, 0x00, 0x00, 0x00, 0x00, 0x01, 0x11, 0x10,
  0x00, 0x00, 0x00, 0x00, 0x00, 0x11, 0x11, 0x11, 0x11, 0x11, 0x11, 0x11, 0x11, 0x00, 0x00, 0x8E,
  0xEE, 0xEE, 0xEE, 0xEE, 0xEE, 0xEE, 0xE8, 0x00, 0x00, 0x9F, 0xFF, 0xFF, 0xFF, 0xFF, 0xFF, 0xFF,
  0xF9, 0x00, 0x00, 0x8F, 0xEF, 0xFF, 0xFF, 0xFF, 0xEF, 0xFF, 0xF6, 0x00, 0x00, 0x23, 0x33, 0x33,
  0x33, 0x32, 0xBF, 0xFF, 0xB0, 0x00, 0x00, 0x00, 0x00, 0x00, 0x00, 0x05, 0xFF, 0xFE, 0x20, 0x00,
  0x00, 0x00, 0x00, 0x00, 0x00, 0x3F, 0xFF, 0xF6, 0x00, 0x00, 0x00, 0x00, 0x00, 0x00, 0x01, 0xCF,
  0xFF, 0xA0, 0x00, 0x00, 0x00, 0x00, 0x00, 0x00, 0x08, 0xFF, 0xFD, 0x10, 0x00, 0x00, 0x00, 0x00,
  0x00, 0x00, 0x4F, 0xFF, 0xF5, 0x00, 0x00, 0x00, 0x00, 0x00, 0x00, 0x01, 0xDF, 0xFF, 0x90, 0x00,
  0x00, 0x00, 0x00, 0x00, 0x00, 0x09, 0xFF, 0xFD, 0x10, 0x00, 0x00, 0x00, 0x00, 0x00, 0x00, 0x5F,
  0xFF, 0xF4, 0x00, 0x00, 0x00, 0x00, 0x00, 0x00, 0x01, 0xDF, 0xFF, 0x80, 0x00, 0x00, 0x00, 0x00,
  0x00, 0x00, 0x0A, 0xFF, 0xFC, 0x10, 0x00, 0x00, 0x00, 0x00, 0x00, 0x00, 0x5F, 0xFF, 0xF3, 0x00,
  0x00, 0x00, 0x00, 0x00, 0x00, 0x02, 0xEF, 0xFF, 0x50, 0x00, 0x00, 0x00, 0x00, 0x00, 0x00, 0x0B,
  0xFF, 0xFB, 0x23, 0x33, 0x33, 0x33, 0x32, 0x00, 0x00, 0x6F, 0xFF, 0xFE, 0xFF, 0xFF, 0xFF, 0xFE,
  0xF8, 0x00, 0x00, 0x9F, 0xFF, 0xFF, 0xFF, 0xFF, 0xFF, 0xFF, 0xF9, 0x00, 0x00, 0x8E, 0xEE, 0xEE,
  0xEE, 0xEE, 0xEE, 0xEE, 0xE8, 0x00, 0x00, 0x11, 0x11, 0x11, 0x11, 0x11, 0x11, 0x11, 0x11, 0x00,
  0x00, 0x00, 0x11, 0x11, 0x11, 0x00, 0x00, 0x09, 0xEE, 0xEE, 0xEB, 0x00, 0x00, 0x0A, 0xFF, 0xFF,
  0xFC, 0x00, 0x00, 0x0A, 0xFF, 0xFF, 0xFC, 0x00, 0x00, 0x0A, 0xFF, 0xF9, 0x54, 0x00, 0x00, 0x0A,
  0xFF, 0xF5, 0x00, 0x00, 0x00, 0x0A, 0xFF, 0xF6, 0x00, 0x00, 0x00, 0x0A, 0xFF, 0xF6, 0x00, 0x00,
  0x00, 0x0A, 0xFF, 0xF6, 0x00, 0x00, 0x00, 0x0A, 0xFF, 0xF6, 0x00, 0x00, 0x00, 0x0A, 0xFF, 0xF6,
  0x00, 0x00, 0x00, 0x0A, 0xFF, 0xF6, 0x00, 0x00, 0x00, 0x0A, 0xFF, 0xF6, 0x00, 0x00, 0x00, 0x0A,
  0xFF, 0xF6, 0x00, 0x00, 0x00, 0x0A, 0xFF, 0xF6, 0x00, 0x00, 0x00, 0x0A, 0xFF, 0xF6, 0x00, 0x00,
  0x00, 0x0A, 0xFF, 0xF6, 0x00, 0x00, 0x00, 0x0A, 0xFF, 0xF6, 0x00, 0x00, 0x00, 0x0A, 0xFF, 0xF6,
  0x00, 0x00, 0x00, 0x0A, 0xFF, 0xF6, 0x00, 0x00, 0x00, 0x0A, 0xFF, 0xF6, 0x00, 0x00, 0x00, 0x0A,
  0xFF, 0xF6, 0x00, 0x00, 0x00, 0x0A, 0xFF, 0xF5, 0x00, 0x00, 0x00, 0x0A, 0xFF, 0xF9, 0x54, 0x00,
  0x00, 0x0A, 0xFF, 0xFF, 0xFC, 0x00, 0x00, 0x0A, 0xFF, 0xFF, 0xFC, 0x00, 0x00, 0x09, 0xEE, 0xEE,
  0xEB, 0x00, 0x00, 0x00, 0x11, 0x11, 0x11, 0x00, 0x01, 0x11, 0x10, 0x00, 0x00, 0x00, 0x00, 0x7E,
  0xEE, 0x20, 0x00, 0x00, 0x00, 0x04, 0xFF, 0xF6, 0x00, 0x00, 0x00, 0x00, 0x0D, 0xFF, 0x90, 0x00,
  0x00, 0x00, 0x00, 0xAF, 0xFD, 0x00, 0x00, 0x00, 0x00, 0x06, 0xFF, 0xF3, 0x00, 0x00, 0x00, 0x00,
  0x2F, 0xFF, 0x70, 0x00, 0x00, 0x00, 0x00, 0xCF, 0xFA, 0x00, 0x00, 0x00, 0x00, 0x08, 0xFF, 0xE1,
  0x00, 0x00, 0x00, 0x00, 0x5F, 0xFF, 0x40, 0x00, 0x00, 0x00, 0x01, 0xEF, 0xF8, 0x00, 0x00, 0x00,
  0x00, 0x0B, 0xFF, 0xC0, 0x00, 0x00, 0x00, 0x00, 0x7F, 0xFF, 0x20, 0x00, 0x00, 0x00, 0x03, 0xFF,
  0xF6, 0x00, 0x00, 0x00, 0x00, 0x0D, 0xFF, 0x90, 0x00, 0x00, 0x00, 0x00, 0xAF, 0xFD, 0x00, 0x00,
  0x00, 0x00, 0x06, 0xFF, 0xF3, 0x00, 0x00, 0x00, 0x00, 0x2F, 0xFF, 0x70, 0x00, 0x00, 0x00, 0x00,
  0xCF, 0xFA, 0x00, 0x00, 0x00, 0x00, 0x08, 0xFF, 0xE1, 0x00, 0x00, 0x00, 0x00, 0x5F, 0xFF, 0x40,
  0x00, 0x00, 0x00, 0x01, 0xEF, 0xF8, 0x00, 0x00, 0x00, 0x00, 0x0B, 0xFF, 0xC0, 0x00, 0x00, 0x00,
  0x00, 0x7F, 0xFF, 0x20, 0x00, 0x00, 0x00, 0x03, 0xEE, 0xE5, 0x00, 0x00, 0x00, 0x00, 0x01, 0x11,
  0x10, 0x00, 0x11, 0x11, 0x11, 0x10, 0x00, 0x00, 0xBE, 0xEE, 0xEE, 0xB0, 0x00, 0x00, 0xCF, 0xFF,
  0xFF, 0xC0, 0x00, 0x00, 0xCF, 0xFF, 0xFF, 0xB0, 0x00, 0x00, 0x45, 0x7F, 0xFF, 0xC0, 0x00, 0x00,
  0x00, 0x2F, 0xFF, 0xC0, 0x00, 0x00, 0x00, 0x3F, 0xFF, 0xC0, 0x00, 0x00, 0x00, 0x3F, 0xFF, 0xC0,
  0x00, 0x00, 0x00, 0x3F, 0xFF, 0xC0, 0x00, 0x00, 0x00, 0x3F, 0xFF, 0xC0, 0x00, 0x00, 0x00, 0x3F,
  0xFF, 0xC0, 0x00, 0x00, 0x00, 0x3F, 0xFF, 0xC0, 0x00, 0x00, 0x00, 0x3F, 0xFF, 0xC0, 0x00, 0x00,
  0x00, 0x3F, 0xFF, 0xC0, 0x00, 0x00, 0x00, 0x3F, 0xFF, 0xC0, 0x00, 0x00, 0x00, 0x3F, 0xFF, 0xC0,
  0x00, 0x00, 0x00, 0x3F, 0xFF, 0xC0, 0x00, 0x00, 0x00, 0x3F, 0xFF, 0xC0, 0x00, 0x00, 0x00, 0x3F,
  0xFF, 0xC0, 0x00, 0x00, 0x00, 0x3F, 0xFF, 0xC0, 0x00, 0x00, 0x00, 0x3F, 0xFF, 0xC0, 0x00, 0x00,
  0x00, 0x3F, 0xFF, 0xC0, 0x00, 0x00, 0x00, 0x2F, 0xFF, 0xC0, 0x00, 0x00, 0x45, 0x7F, 0xFF, 0xC0,
  0x00, 0x00, 0xCF, 0xFF, 0xFF, 0xB0, 0x00, 0x00, 0xCF, 0xFF, 0xFF, 0xC0, 0x00, 0x00, 0xBE, 0xEE,
  0xEE, 0xB0, 0x00, 0x00, 0x11, 0x11, 0x11, 0x10, 0x00, 0x00, 0x00, 0x00, 0x00, 0x00, 0x00, 0x00,
  0x00, 0x00, 0x00, 0x00, 0x9B, 0xBA, 0x10, 0x00, 0x00, 0x00, 0x00, 0x04, 0xFF, 0xFF, 0x60, 0x00,
  0x00, 0x00, 0x00, 0x0B, 0xFF, 0xFF, 0xD1, 0x00, 0x00, 0x00, 0x00, 0x4F, 0xFB, 0x9F, 0xF6, 0x00,
  0x00, 0x00, 0x00, 0xBF, 0xF4, 0x2F, 0xFD, 0x10, 0x00, 0x00, 0x04, 0xFF, 0xC0, 0x0B, 0xFF, 0x60,
  0x00, 0x00, 0x0B, 0xFF, 0x60, 0x04, 0xFF, 0xD1, 0x00, 0x00, 0x4F, 0xFD, 0x10, 0x00, 0xCF, 0xF6,
  0x00, 0x00, 0xAE, 0xE7, 0x00, 0x00, 0x5E, 0xEC, 0x10, 0x00, 0x11, 0x10, 0x00, 0x00, 0x01, 0x11,
  0x00, 0x00, 0x00, 0x00, 0x00, 0x00, 0x00, 0x00, 0x00, 0x00, 0x00, 0x00, 0x00, 0x00, 0x00, 0x00,
  0x00, 0x00, 0x00, 0x00, 0x00, 0x00, 0x00, 0x00, 0x00, 0x00, 0x00, 0x00, 0x00, 0x00, 0x00, 0x00,
  0x00, 0x00, 0x00, 0x00, 0x00, 0x00, 0x00, 0x00, 0x00, 0x00, 0x00, 0x00, 0x00, 0x00, 0x00, 0x00,
  0x00, 0x00, 0x00, 0x00, 0x00, 0x00, 0x00, 0x00, 0x00, 0x00, 0x00, 0x00, 0x00, 0x00, 0x00, 0x00,
  0x00, 0x00, 0x00, 0x00, 0x00, 0x00, 0x00, 0x00, 0x00, 0x00, 0x00, 0x00, 0x00, 0x00, 0x00, 0x00,
  0x00, 0x00, 0x00, 0x00, 0x00, 0x00, 0x00, 0x00, 0x00, 0x00, 0x00, 0x00, 0x00, 0x00, 0x00, 0x00,
  0x00, 0x08, 0x99, 0x99, 0x99, 0x99, 0x99, 0x99, 0x80, 0x1E, 0xFF, 0xFF, 0xFF, 0xFF, 0xFF, 0xFF,
  0xE1, 0x1E, 0xFF, 0xFF, 0xFF, 0xFF, 0xFF, 0xFF, 0xE1, 0x0C, 0xDD, 0xDD, 0xDD, 0xDD, 0xDD, 0xDD,
  0xC0, 0x00, 0x00, 0x00, 0x00, 0x00, 0x00, 0x00, 0x00, 0x00, 0x01, 0x11, 0x10, 0x00, 0x00, 0x00,
  0x07, 0xEE, 0xE3, 0x00, 0x00, 0x00, 0x01, 0xDF, 0xF9, 0x00, 0x00, 0x00, 0x00, 0x4F, 0xFE, 0x10,
  0x00, 0x00, 0x00, 0x09, 0xFF, 0x80, 0x00, 0x00, 0x00, 0x01, 0x77, 0x60, 0x00, 0x00, 0x00, 0x00,
  0x00, 0x00, 0x00, 0x00, 0x00, 0x00, 0x00, 0x00, 0x00, 0x00, 0x00, 0x00, 0x00, 0x00, 0x00, 0x00,
  0x00, 0x00, 0x00, 0x00, 0x00, 0x00, 0x00, 0x00, 0x00, 0x00, 0x00, 0x00, 0x00, 0x00, 0x00, 0x00,
  0x00, 0x00, 0x00, 0x00, 0x00, 0x00, 0x00, 0x00, 0x00, 0x00, 0x00, 0x00, 0x00, 0x00, 0x00, 0x00,
  0x00, 0x00, 0x00, 0x00, 0x00, 0x00, 0x00, 0x00, 0x00, 0x00, 0x00, 0x00, 0x00, 0x00, 0x00, 0x00,
  0x00, 0x00, 0x00, 0x00, 0x00, 0x00, 0x00, 0x00, 0x00, 0x00, 0x00, 0x00, 0x00, 0x00, 0x00, 0x00,
  0x00, 0x00, 0x00, 0x00, 0x00, 0x00, 0x00, 0x00, 0x00, 0x00, 0x00, 0x00, 0x00, 0x00, 0x00, 0x00,
  0x00, 0x00, 0x00, 0x00, 0x00, 0x00, 0x00, 0x00, 0x00, 0x00, 0x00, 0x00, 0x00, 0x11, 0x00, 0x00,
  0x00, 0x00, 0x00, 0x00, 0x04, 0xAD, 0xEE, 0xC9, 0x40, 0x00, 0x00, 0x00, 0x01, 0xAF, 0xFF, 0xFF,
  0xFF, 0xF9, 0x00, 0x00, 0x00, 0x0A, 0xFF, 0xFF, 0xFF, 0xFF, 0xFF, 0x70, 0x00, 0x00, 0x5F, 0xFF,
  0xF9, 0x55, 0xBF, 0xFF, 0xE1, 0x00, 0x00, 0x48, 0xAC, 0x70, 0x00, 0x0D, 0xFF, 0xF3, 0x00, 0x00,
  0x00, 0x00, 0x00, 0x00, 0x0D, 0xFF, 0xF4, 0x00, 0x00, 0x00, 0x01, 0x35, 0x78, 0xCF, 0xFF, 0xF4,
  0x00, 0x00, 0x02, 0x9E, 0xFF, 0xFF, 0xFF, 0xFF, 0xF4, 0x00, 0x00, 0x3E, 0xFF, 0xFF, 0xEC, 0x9D,
  0xFF, 0xF4, 0x00, 0x00, 0xBF, 0xFF, 0xC4, 0x10, 0x0C, 0xFF, 0xF4, 0x00, 0x01, 0xEF, 0xFE, 0x20,
  0x00, 0x0D, 0xFF, 0xF4, 0x00, 0x01, 0xEF, 0xFE, 0x20, 0x00, 0x5F, 0xFF, 0xF4, 0x00, 0x01, 0xDF,
  0xFF, 0xC5, 0x58, 0xFF, 0xFF, 0xF4, 0x00, 0x00, 0x8F, 0xFF, 0xFF, 0xFF, 0xEB, 0xFF, 0xF4, 0x00,
  0x00, 0x0A, 0xFF, 0xFF, 0xFE, 0x49, 0xFF, 0xF4, 0x00, 0x00, 0x00, 0x48, 0xAA, 0x82, 0x05, 0x77,
  0x72, 0x00, 0x00, 0x00, 0x00, 0x00, 0x00, 0x00, 0x00, 0x00, 0x00, 0x00, 0x01, 0x11, 0x10, 0x00,
  0x00, 0x00, 0x00, 0x00, 0x00, 0x00, 0x6E, 0xEE, 0xB0, 0x00, 0x00, 0x00, 0x00, 0x00, 0x00, 0x00,
  0x7F, 0xFF, 0xC0, 0x00, 0x00, 0x00, 0x00, 0x00, 0x00, 0x00, 0x7F, 0xFF, 0xC0, 0x00, 0x00, 0x00,
  0x00, 0x00, 0x00, 0x00, 0x7F, 0xFF, 0xC0, 0x00, 0x00, 0x00, 0x00, 0x00, 0x00, 0x00, 0x7F, 0xFF,
  0xC0, 0x00, 0x11, 0x00, 0x00, 0x00, 0x00, 0x00, 0x7F, 0xFF, 0xC0, 0x3A, 0xDE, 0xD9, 0x30, 0x00,
  0x00, 0x00, 0x7F, 0xFF, 0xB4, 0xEF, 0xFF, 0xFF, 0xE5, 0x00, 0x00, 0x00, 0x7F, 0xFF, 0xDD, 0xFF,
  0xFF, 0xFF, 0xFF, 0x30, 0x00, 0x00, 0x7F, 0xFF, 0xFF, 0xA5, 0x49, 0xFF, 0xFF, 0xB0, 0x00, 0x00,
  0x7F, 0xFF, 0xFB, 0x00, 0x00, 0x9F, 0xFF, 0xF3, 0x00, 0x00, 0x7F, 0xFF, 0xF3, 0x00, 0x00, 0x2E,
  0xFF, 0xF6, 0x00, 0x00, 0x7F, 0xFF, 0xD1, 0x00, 0x00, 0x0B, 0xFF, 0xF8, 0x00, 0x00, 0x7F, 0xFF,
  0xC0, 0x00, 0x00, 0x0A, 0xFF, 0xF9, 0x00, 0x00, 0x7F, 0xFF, 0xC1, 0x00, 0x00, 0x0A, 0xFF, 0xF9,
  0x00, 0x00, 0x7F, 0xFF, 0xE1, 0x00, 0x00, 0x0C, 0xFF, 0xF8, 0x00, 0x00, 0x7F, 0xFF, 0xF5, 0x00,
  0x00, 0x3F, 0xFF, 0xF5, 0x00, 0x00, 0x7F, 0xFF, 0xFD, 0x20, 0x01, 0xBF, 0xFF, 0xE2, 0x00, 0x00,
  0x7F, 0xFF, 0xFF, 0xD8, 0x8C, 0xFF, 0xFF, 0x90, 0x00, 0x00, 0x6F, 0xEF, 0xBB, 0xFF, 0xFF, 0xFF,
  0xFD, 0x10, 0x00, 0x00, 0x7F, 0xFF, 0xC2, 0xCF, 0xFF, 0xFF, 0xC2, 0x00, 0x00, 0x00, 0x37, 0x77,
  0x60, 0x16, 0xAA, 0x95, 0x00, 0x00, 0x00, 0x00, 0x00, 0x00, 0x00, 0x00, 0x00, 0x00, 0x00, 0x00,
  0x00, 0x00, 0x00, 0x00, 0x00, 0x11, 0x00, 0x00, 0x00, 0x00, 0x00, 0x00, 0x02, 0x8C, 0xDE, 0xD9,
  0x40, 0x00, 0x00, 0x00, 0x00, 0x6E, 0xFF, 0xFF, 0xFF, 0xFA, 0x10, 0x00, 0x00, 0x05, 0xFF, 0xFF,
  0xFF, 0xFF, 0xFF, 0xA0, 0x00, 0x00, 0x2E, 0xFF, 0xFC, 0x54, 0x8F, 0xFE, 0xF5, 0x00, 0x00, 0x7F,
  0xFF, 0xC1, 0x00, 0x07, 0xFF, 0xFA, 0x00, 0x00, 0xBF, 0xFF, 0x60, 0x00, 0x01, 0x98, 0x52, 0x00,
  0x01, 0xEF, 0xFF, 0x30, 0x00, 0x00, 0x00, 0x00, 0x00, 0x01, 0xFF, 0xFE, 0x20, 0x00, 0x00, 0x00,
  0x00, 0x00, 0x01, 0xEF, 0xFE, 0x20, 0x00, 0x00, 0x00, 0x00, 0x00, 0x01, 0xDF, 0xFF, 0x30, 0x00,
  0x00, 0x10, 0x00, 0x00, 0x00, 0xBF, 0xFF, 0x70, 0x00, 0x01, 0xDD, 0xA6, 0x00, 0x00, 0x6F, 0xFF,
  0xE3, 0x00, 0x09, 0xFF, 0xFA, 0x00, 0x00, 0x1D, 0xFF, 0xFE, 0x97, 0xBF, 0xFF, 0xF3, 0x00, 0x00,
  0x03, 0xEF, 0xFF, 0xFF, 0xFF, 0xFF, 0x70, 0x00, 0x00, 0x00, 0x3C, 0xFF, 0xFF, 0xFF, 0xE7, 0x00,
  0x00, 0x00, 0x00, 0x00, 0x58, 0xAA, 0x96, 0x20, 0x00, 0x00, 0x00, 0x00, 0x00, 0x00, 0x00, 0x00,
  0x00, 0x00, 0x00, 0x00, 0x00, 0x00, 0x00, 0x00, 0x00, 0x01, 0x11, 0x10, 0x00, 0x00, 0x00, 0x00,
  0x00, 0x00, 0x00, 0x3E, 0xEE, 0xD2, 0x00, 0x00, 0x00, 0x00, 0x00, 0x00, 0x00, 0x3F, 0xFF, 0xF2,
  0x00, 0x00, 0x00, 0x00, 0x00, 0x00, 0x00, 0x3F, 0xFF, 0xE2, 0x00, 0x00, 0x00, 0x00, 0x00, 0x00,
  0x00, 0x3F, 0xFF, 0xE2, 0x00, 0x00, 0x00, 0x00, 0x01, 0x10, 0x00, 0x3F, 0xFF, 0xE2, 0x00, 0x00,
  0x00, 0x04, 0xAD, 0xED, 0x91, 0x2F, 0xFF, 0xE2, 0x00, 0x00, 0x00, 0x8F, 0xFF, 0xFF, 0xFC, 0x4F,
  0xFF, 0xE2, 0x00, 0x00, 0x07, 0xFF, 0xFF, 0xFF, 0xFF, 0xDF, 0xFF, 0xE2, 0x00, 0x00, 0x2E, 0xFF,
  0xFE, 0x74, 0x6C, 0xFF, 0xFF, 0xE2, 0x00, 0x00, 0x7F, 0xFF, 0xF4, 0x00, 0x01, 0xDF, 0xFF, 0xE2,
  0x00, 0x00, 0xBF, 0xFF, 0xB0, 0x00, 0x00, 0x6F, 0xFF, 0xE2, 0x00, 0x00, 0xDF, 0xFF, 0x70, 0x00,
  0x00, 0x3F, 0xFF, 0xE2, 0x00, 0x00, 0xEF, 0xFF, 0x50, 0x00, 0x00, 0x2E, 0xFF, 0xE2, 0x00, 0x00,
  0xDF, 0xFF, 0x60, 0x00, 0x00, 0x2F, 0xFF, 0xE2, 0x00, 0x00, 0xCF, 0xFF, 0x80, 0x00, 0x00, 0x3F,
  0xFF, 0xE2, 0x00, 0x00, 0xAF, 0xFF, 0xC0, 0x00, 0x00, 0x8F, 0xFF, 0xE2, 0x00, 0x00, 0x6F, 0xFF,
  0xF7, 0x00, 0x04, 0xEF, 0xFF, 0xE2, 0x00, 0x00, 0x1D, 0xFF, 0xFF, 0xB7, 0x9E, 0xFF, 0xFF, 0xE2,
  0x00, 0x00, 0x05, 0xFF, 0xFF, 0xFF, 0xFF, 0xAD, 0xFF, 0xE2, 0x00, 0x00, 0x00, 0x5E, 0xFF, 0xFF,
  0xF9, 0x2F, 0xFF, 0xF3, 0x00, 0x00, 0x00, 0x02, 0x7A, 0xA9, 0x50, 0x17, 0x77, 0x71, 0x00, 0x00,
  0x00, 0x00, 0x00, 0x00, 0x00, 0x00, 0x00, 0x00, 0x00, 0x00, 0x00, 0x00, 0x00, 0x11, 0x00, 0x00,
  0x00, 0x00, 0x00, 0x00, 0x02, 0x8C, 0xEE, 0xC9, 0x30, 0x00, 0x00, 0x00, 0x00, 0x6E, 0xFF, 0xFF,
  0xFF, 0xF7, 0x00, 0x00, 0x00, 0x05, 0xFF, 0xFF, 0xFF, 0xFF, 0xFF, 0x70, 0x00, 0x00, 0x2E, 0xFF,
  0xFB, 0x54, 0x8F, 0xFF, 0xF2, 0x00, 0x00, 0x7F, 0xFF, 0xB0, 0x00, 0x07, 0xFF, 0xF8, 0x00, 0x00,
  0xBF, 0xFF, 0x20, 0x00, 0x00, 0xDF, 0xFC, 0x00, 0x01, 0xEF, 0xFF, 0x87, 0x77, 0x77, 0xDF, 0xFE,
  0x10, 0x01, 0xFF, 0xFF, 0xFF, 0xFF, 0xFF, 0xFF, 0xFF, 0x10, 0x01, 0xEF, 0xFF, 0xEE, 0xEE, 0xEE,
  0xEE, 0xEE, 0x10, 0x01, 0xDF, 0xFE, 0x31, 0x11, 0x11, 0x01, 0x11, 0x00, 0x00, 0xBF, 0xFF, 0x40,
  0x00, 0x00, 0x10, 0x00, 0x00, 0x00, 0x6F, 0xFF, 0xC2, 0x00, 0x04, 0xED, 0xB7, 0x00, 0x00, 0x1D,
  0xFF, 0xFE, 0x98, 0x9F, 0xFF, 0xF7, 0x00, 0x00, 0x04, 0xEF, 0xFF, 0xFF, 0xFF, 0xFF, 0xA0, 0x00,
  0x00, 0x00, 0x3C, 0xFF, 0xFF, 0xFF, 0xF9, 0x10, 0x00, 0x00, 0x00, 0x00, 0x58, 0xAB, 0xA7, 0x30,
  0x00, 0x00, 0x00, 0x00, 0x00, 0x00, 0x00, 0x00, 0x00, 0x00, 0x00, 0x00, 0x00, 0x00, 0x00, 0x00,
  0x00, 0x00, 0x00, 0x00, 0x00, 0x27, 0x9A, 0x98, 0x30, 0x00, 0x00, 0x06, 0xEF, 0xFF, 0xFF, 0x60,
  0x00, 0x00, 0x4F, 0xFF, 0xFF, 0xFF, 0x20, 0x00, 0x00, 0xAF, 0xFF, 0xFB, 0x99, 0x00, 0x00, 0x00,
  0xCF, 0xFF, 0xA0, 0x00, 0x00, 0x00, 0x00, 0xDF, 0xFF, 0x70, 0x00, 0x00, 0x05, 0xDC, 0xFF, 0xFF,
  0xED, 0xDB, 0x00, 0x07, 0xFF, 0xFF, 0xFF, 0xFF, 0xFE, 0x00, 0x07, 0xFF, 0xFF, 0xFF, 0xFF, 0xFE,
  0x00, 0x03, 0x77, 0xEF, 0xFF, 0xB7, 0x76, 0x00, 0x00, 0x00, 0xCF, 0xFF, 0x70, 0x00, 0x00, 0x00,
  0x00, 0xDF, 0xFF, 0x70, 0x00, 0x00, 0x00, 0x00, 0xDF, 0xFF, 0x70, 0x00, 0x00, 0x00, 0x00, 0xDF,
  0xFF, 0x70, 0x00, 0x00, 0x00, 0x00, 0xDF, 0xFF, 0x70, 0x00, 0x00, 0x00, 0x00, 0xDF, 0xFF, 0x70,
  0x00, 0x00, 0x00, 0x00, 0xDF, 0xFF, 0x70, 0x00, 0x00, 0x00, 0x00, 0xDF, 0xFF, 0x70, 0x00, 0x00,
  0x00, 0x00, 0xDF, 0xFF, 0x70, 0x00, 0x00, 0x00, 0x00, 0xDF, 0xFF, 0x70, 0x00, 0x00, 0x00, 0x00,
  0xDF, 0xFF, 0x70, 0x00, 0x00, 0x00, 0x00, 0xCE, 0xDE, 0x60, 0x00, 0x00, 0x00, 0x00, 0x11, 0x11,
  0x00, 0x00, 0x00, 0x00, 0x00, 0x00, 0x01, 0x10, 0x00, 0x01, 0x11, 0x10, 0x00, 0x00, 0x00, 0x04,
  0xAD, 0xEC, 0x81, 0x2E, 0xEE, 0xD1, 0x00, 0x00, 0x00, 0x9F, 0xFF, 0xFF, 0xFC, 0x5F, 0xFF, 0xE1,
  0x00, 0x00, 0x07, 0xFF, 0xFF, 0xFF, 0xFF, 0xDE, 0xFF, 0xE1, 0x00, 0x00, 0x2F, 0xFF, 0xFD, 0x64,
  0x6D, 0xFF, 0xFF, 0xE1, 0x00, 0x00, 0x8F, 0xFF, 0xE3, 0x00, 0x02, 0xEF, 0xFF, 0xE1, 0x00, 0x00,
  0xBF, 0xFF, 0x80, 0x00, 0x00, 0x8F, 0xFF, 0xE1, 0x00, 0x00, 0xDF, 0xFF, 0x50, 0x00, 0x00, 0x5F,
  0xFF, 0xE1, 0x00, 0x01, 0xEF, 0xFF, 0x30, 0x00, 0x00, 0x3F, 0xFF, 0xE1, 0x00, 0x01, 0xEF, 0xFF,
  0x40, 0x00, 0x00, 0x4F, 0xFF, 0xE1, 0x00, 0x00, 0xDF, 0xFF, 0x60, 0x00, 0x00, 0x6F, 0xFF, 0xE1,
  0x00, 0x00, 0xBF, 0xFF, 0xB0, 0x00, 0x00, 0xBF, 0xFF, 0xE1, 0x00, 0x00, 0x7F, 0xFF, 0xF7, 0x00,
  0x07, 0xFF, 0xFF, 0xE1, 0x00, 0x00, 0x1E, 0xFF, 0xFF, 0xDB, 0xDF, 0xFF, 0xFF, 0xE1, 0x00, 0x00,
  0x04, 0xFF, 0xFF, 0xFF, 0xFE, 0x7E, 0xFF, 0xE1, 0x00, 0x00, 0x00, 0x4C, 0xFF, 0xFF, 0xE5, 0x2F,
  0xFF, 0xE1, 0x00, 0x00, 0x00, 0x00, 0x47, 0x76, 0x20, 0x3F, 0xFF, 0xE1, 0x00, 0x00, 0x01, 0x35,
  0x10, 0x00, 0x00, 0x8F, 0xFF, 0xC0, 0x00, 0x00, 0x4E, 0xFF, 0xE8, 0x54, 0x59, 0xFF, 0xFF, 0x70,
  0x00, 0x00, 0x1B, 0xFF, 0xFF, 0xFF, 0xFF, 0xFF, 0xFC, 0x10, 0x00, 0x00, 0x01, 0xAF, 0xFF, 0xFF,
  0xFF, 0xFF, 0xB1, 0x00, 0x00, 0x00, 0x00, 0x04, 0x9C, 0xDE, 0xDC, 0x94, 0x00, 0x00, 0x00, 0x00,
  0x00, 0x00, 0x00, 0x11, 0x10, 0x00, 0x00, 0x00, 0x00, 0x00, 0x11, 0x11, 0x10, 0x00, 0x00, 0x00,
  0x00, 0x00, 0x00, 0x07, 0xEE, 0xE9, 0x00, 0x00, 0x00, 0x00, 0x00, 0x00, 0x00, 0x8F, 0xFF, 0xA0,
  0x00, 0x00, 0x00, 0x00, 0x00, 0x00, 0x08, 0xFE, 0xFA, 0x00, 0x00, 0x00, 0x00, 0x00, 0x00, 0x00,
  0x8F, 0xFF, 0xA0, 0x00, 0x00, 0x00, 0x00, 0x00, 0x00, 0x08, 0xFF, 0xFA, 0x00, 0x02, 0x21, 0x00,
  0x00, 0x00, 0x00, 0x8F, 0xFF, 0xA0, 0x6C, 0xFF, 0xEA, 0x30, 0x00, 0x00, 0x08, 0xFF, 0xF9, 0x7F,
  0xFF, 0xFF, 0xFE, 0x30, 0x00, 0x00, 0x8F, 0xFF, 0xDF, 0xFE, 0xFF, 0xFF, 0xFC, 0x00, 0x00, 0x08,
  0xFF, 0xFF, 0xC4, 0x23, 0xBF, 0xFF, 0xF4, 0x00, 0x00, 0x8F, 0xFF, 0xE2, 0x00, 0x01, 0xEF, 0xFF,
  0x70, 0x00, 0x08, 0xFF, 0xFB, 0x00, 0x00, 0x0A, 0xFF, 0xF8, 0x00, 0x00, 0x8F, 0xFF, 0xA0, 0x00,
  0x00, 0xAF, 0xFF, 0x80, 0x00, 0x08, 0xFF, 0xFA, 0x00, 0x00, 0x0A, 0xFF, 0xF8, 0x00, 0x00, 0x8F,
  0xFF, 0xA0, 0x00, 0x00, 0xAF, 0xFF, 0x80, 0x00, 0x08, 0xFF, 0xFA, 0x00, 0x00, 0x0A, 0xFF, 0xF8,
  0x00, 0x00, 0x8F, 0xFF, 0xA0, 0x00, 0x00, 0xAF, 0xFF, 0x80, 0x00, 0x08, 0xFF, 0xFA, 0x00, 0x00,
  0x0A, 0xFF, 0xF8, 0x00, 0x00, 0x8F, 0xEF, 0xA0, 0x00, 0x00, 0xAF, 0xEF, 0x80, 0x00, 0x08, 0xFF,
  0xFA, 0x00, 0x00, 0x0A, 0xFF, 0xF8, 0x00, 0x00, 0x7E, 0xEE, 0x90, 0x00, 0x00, 0x9E, 0xEE, 0x70,
  0x00, 0x01, 0x11, 0x11, 0x00, 0x00, 0x01, 0x11, 0x11, 0x00, 0x00, 0x00, 0x00, 0x00, 0x00, 0x00,
  0x07, 0xDD, 0x70, 0x00, 0x00, 0x4F, 0xFF, 0xF4, 0x00, 0x00, 0x5F, 0xFF, 0xF5, 0x00, 0x00, 0x09,
  0xFE, 0x90, 0x00, 0x00, 0x00, 0x22, 0x00, 0x00, 0x00, 0x00, 0x00, 0x00, 0x00, 0x00, 0x5D, 0xCD,
  0xC1, 0x00, 0x00, 0x6F, 0xFF, 0xE2, 0x00, 0x00, 0x5F, 0xFF, 0xE2, 0x00, 0x00, 0x5F, 0xFF, 0xE2,
  0x00, 0x00, 0x5F, 0xFF, 0xE2, 0x00, 0x00, 0x5F, 0xFF, 0xE2, 0x00, 0x00, 0x5F, 0xFF, 0xE2, 0x00,
  0x00, 0x5F, 0xFF, 0xE2, 0x00, 0x00, 0x5F, 0xFF, 0xE2, 0x00, 0x00, 0x5F, 0xFF, 0xE2, 0x00, 0x00,
  0x5F, 0xFF, 0xE2, 0x00, 0x00, 0x5F, 0xFF, 0xE2, 0x00, 0x00, 0x5F, 0xFF, 0xE2, 0x00, 0x00, 0x5F,
  0xFF, 0xE2, 0x00, 0x00, 0x6F, 0xFF, 0xE2, 0x00, 0x00, 0x5E, 0xDE, 0xD2, 0x00, 0x00, 0x01, 0x11,
  0x10, 0x00, 0x00, 0x01, 0x11, 0x10, 0x00, 0x00, 0x0A, 0xEE, 0xE5, 0x00, 0x00, 0x0A, 0xFF, 0xF5,
  0x00, 0x00, 0x0A, 0xFF, 0xF5, 0x00, 0x00, 0x0A, 0xFF, 0xF5, 0x00, 0x00, 0x0A, 0xFF, 0xF5, 0x00,
  0x00, 0x0A, 0xFF, 0xF5, 0x00, 0x00, 0x0A, 0xFF, 0xF5, 0x00, 0x00, 0x0A, 0xFF, 0xF5, 0x00, 0x00,
  0x0A, 0xFF, 0xF5, 0x00, 0x00, 0x0A, 0xFF, 0xF5, 0x00, 0x00, 0x0A, 0xFF, 0xF5, 0x00, 0x00, 0x0A,
  0xFF, 0xF5, 0x00, 0x00, 0x0A, 0xFF, 0xF5, 0x00, 0x00, 0x0A, 0xFF, 0xF5, 0x00, 0x00, 0x0A, 0xFF,
  0xF5, 0x00, 0x00, 0x0A, 0xFF, 0xF5, 0x00, 0x00, 0x0B, 0xFF, 0xF4, 0x00, 0x03, 0x7E, 0xFF, 0xF3,
  0x00, 0x0B, 0xFF, 0xFF, 0xC0, 0x00, 0x0C, 0xFF, 0xFE, 0x40, 0x00, 0x0B, 0xEC, 0x93, 0x00, 0x00,
  0x01, 0x10, 0x00, 0x00, 0x00, 0x00, 0x11, 0x11, 0x10, 0x00, 0x00, 0x00, 0x00, 0x00, 0x00, 0x7E,
  0xEE, 0x90, 0x00, 0x00, 0x00, 0x00, 0x00, 0x00, 0x8F, 0xFF, 0xA0, 0x00, 0x00, 0x00, 0x00, 0x00,
  0x00, 0x8F, 0xEF, 0xA0, 0x00, 0x00, 0x00, 0x00, 0x00, 0x00, 0x8F, 0xFF, 0xA0, 0x00, 0x00, 0x00,
  0x00, 0x00, 0x00, 0x8F, 0xFF, 0xA0, 0x00, 0x00, 0x22, 0x22, 0x10, 0x00, 0x8F, 0xFF, 0xA0, 0x00,
  0x09, 0xFF, 0xFE, 0x30, 0x00, 0x8F, 0xFF, 0xA0, 0x00, 0x7F, 0xFF, 0xF4, 0x00, 0x00, 0x8F, 0xFF,
  0xA0, 0x06, 0xFF, 0xFF, 0x60, 0x00, 0x00, 0x8F, 0xFF, 0xA0, 0x4F, 0xFF, 0xF7, 0x00, 0x00, 0x00,
  0x8F, 0xFF, 0x92, 0xEF, 0xFF, 0x90, 0x00, 0x00, 0x00, 0x8F, 0xFF, 0xBC, 0xFF, 0xFB, 0x00, 0x00,
  0x00, 0x00, 0x8F, 0xFF, 0xFF, 0xFF, 0xF2, 0x00, 0x00, 0x00, 0x00, 0x8F, 0xFF, 0xFF, 0xFF, 0xFA,
  0x00, 0x00, 0x00, 0x00, 0x8F, 0xFF, 0xFF, 0xFF, 0xFF, 0x60, 0x00, 0x00, 0x00, 0x8F, 0xFF, 0xE5,
  0xAF, 0xFF, 0xE2, 0x00, 0x00, 0x00, 0x8F, 0xFF, 0xA0, 0x2E, 0xFF, 0xFB, 0x00, 0x00, 0x00, 0x8F,
  0xFF, 0xA0, 0x05, 0xFF, 0xFF, 0x70, 0x00, 0x00, 0x8F, 0xEF, 0xA0, 0x00, 0x9F, 0xFF, 0xF3, 0x00,
  0x00, 0x8F, 0xFF, 0xA0, 0x00, 0x1D, 0xFF, 0xFD, 0x10, 0x00, 0x7E, 0xEE, 0x90, 0x00, 0x04, 0xEE,
  0xEE, 0x80, 0x00, 0x11, 0x11, 0x10, 0x00, 0x00, 0x11, 0x11, 0x10, 0x00, 0x01, 0x11, 0x10, 0x00,
  0x00, 0x5E, 0xEE, 0xD2, 0x00, 0x00, 0x6F, 0xFF, 0xE2, 0x00, 0x00, 0x5F, 0xFF, 0xE2, 0x00, 0x00,
  0x5F, 0xFF, 0xE2, 0x00, 0x00, 0x5F, 0xFF, 0xE2, 0x00, 0x00, 0x5F, 0xFF, 0xE2, 0x00, 0x00, 0x5F,
  0xFF, 0xE2, 0x00, 0x00, 0x5F, 0xFF, 0xE2, 0x00, 0x00, 0x5F, 0xFF, 0xE2, 0x00, 0x00, 0x5F, 0xFF,
  0xE2, 0x00, 0x00, 0x5F, 0xFF, 0xE2, 0x00, 0x00, 0x5F, 0xFF, 0xE2, 0x00, 0x00, 0x5F, 0xFF, 0xE2,
  0x00, 0x00, 0x5F, 0xFF, 0xE2, 0x00, 0x00, 0x5F, 0xFF, 0xE2, 0x00, 0x00, 0x5F, 0xFF, 0xE2, 0x00,
  0x00, 0x5F, 0xFF, 0xE2, 0x00, 0x00, 0x5F, 0xFF, 0xE2, 0x00, 0x00, 0x6F, 0xFF, 0xE2, 0x00, 0x00,
  0x5E, 0xEE, 0xD2, 0x00, 0x00, 0x01, 0x11, 0x10, 0x00, 0x00, 0x01, 0x11, 0x00, 0x00, 0x00, 0x00,
  0x00, 0x00, 0x00, 0x10, 0x00, 0x00, 0x00, 0x00, 0x6E, 0xDE, 0x80, 0x4A, 0xDD, 0xA4, 0x00, 0x05,
  0xAD, 0xDB, 0x50, 0x00, 0x00, 0x00, 0x7F, 0xFF, 0x85, 0xFF, 0xFF, 0xFF, 0x40, 0x9F, 0xFF, 0xFF,
  0xF8, 0x00, 0x00, 0x00, 0x7F, 0xFF, 0xBE, 0xFF, 0xFF, 0xFF, 0xB6, 0xFF, 0xFF, 0xFF, 0xFF, 0x50,
  0x00, 0x00, 0x7F, 0xFF, 0xFE, 0x86, 0xAF, 0xFF, 0xFF, 0xE8, 0x6A, 0xFF, 0xFF, 0xA0, 0x00, 0x00,
  0x7F, 0xFF, 0xF5, 0x00, 0x0A, 0xFF, 0xFF, 0x60, 0x00, 0xAF, 0xFF, 0xD0, 0x00, 0x00, 0x7F, 0xFF,
  0xD0, 0x00, 0x05, 0xFF, 0xFE, 0x10, 0x00, 0x5F, 0xFF, 0xE0, 0x00, 0x00, 0x7F, 0xFF, 0xB0, 0x00,
  0x04, 0xFF, 0xFD, 0x10, 0x00, 0x5F, 0xFF, 0xE0, 0x00, 0x00, 0x7F, 0xFF, 0xB0, 0x00, 0x04, 0xFF,
  0xFD, 0x10, 0x00, 0x5F, 0xFF, 0xE0, 0x00, 0x00, 0x7F, 0xFF, 0xB0, 0x00, 0x04, 0xFF, 0xFD, 0x10,
  0x00, 0x5F, 0xFF, 0xE0, 0x00, 0x00, 0x7F, 0xFF, 0xB0, 0x00, 0x04, 0xFF, 0xFD, 0x10, 0x00, 0x5F,
  0xFF, 0xE0, 0x00, 0x00, 0x7F, 0xFF, 0xB0, 0x00, 0x04, 0xFF, 0xFD, 0x10, 0x00, 0x5F, 0xFF, 0xE0,
  0x00, 0x00, 0x7F, 0xFF, 0xB0, 0x00, 0x04, 0xFF, 0xFD, 0x10, 0x00, 0x5F, 0xFF, 0xE0, 0x00, 0x00,
  0x7F, 0xFF, 0xB0, 0x00, 0x04, 0xFF, 0xFD, 0x10, 0x00, 0x5F, 0xFF, 0xE0, 0x00, 0x00, 0x7F, 0xEF,
  0xB0, 0x00, 0x04, 0xFF, 0xFD, 0x10, 0x00, 0x5F, 0xFF, 0xE0, 0x00, 0x00, 0x7F, 0xFF, 0xC0, 0x00,
  0x04, 0xFF, 0xFD, 0x10, 0x00, 0x5F, 0xFF, 0xE0, 0x00, 0x00, 0x6E, 0xDE, 0xA0, 0x00, 0x04, 0xED,
  0xEC, 0x10, 0x00, 0x4E, 0xEE, 0xC0, 0x00, 0x00, 0x01, 0x11, 0x00, 0x00, 0x00, 0x11, 0x10, 0x00,
  0x00, 0x01, 0x11, 0x10, 0x00, 0x00, 0x01, 0x11, 0x00, 0x00, 0x01, 0x00, 0x00, 0x00, 0x00, 0x00,
  0x6E, 0xDE, 0x90, 0x39, 0xDE, 0xD9, 0x30, 0x00, 0x00, 0x00, 0x7F, 0xFF, 0x93, 0xEF, 0xFF, 0xFF,
  0xF5, 0x00, 0x00, 0x00, 0x7F, 0xFF, 0xBC, 0xFF, 0xFF, 0xFF, 0xFE, 0x20, 0x00, 0x00, 0x7F, 0xFF,
  0xFF, 0xA6, 0x7C, 0xFF, 0xFF, 0x80, 0x00, 0x00, 0x7F, 0xFF, 0xF8, 0x00, 0x01, 0xDF, 0xFF, 0xC0,
  0x00, 0x00, 0x7F, 0xFF, 0xE1, 0x00, 0x00, 0x7F, 0xFF, 0xD0, 0x00, 0x00, 0x7F, 0xFF, 0xC0, 0x00,
  0x00, 0x5F, 0xFF, 0xD0, 0x00, 0x00, 0x7F, 0xFF, 0xC0, 0x00, 0x00, 0x5F, 0xFF, 0xD0, 0x00, 0x00,
  0x7F, 0xFF, 0xC0, 0x00, 0x00, 0x5F, 0xFF, 0xD0, 0x00, 0x00, 0x7F, 0xFF, 0xC0, 0x00, 0x00, 0x5F,
  0xFF, 0xD0, 0x00, 0x00, 0x7F, 0xFF, 0xC0, 0x00, 0x00, 0x5F, 0xFF, 0xD0, 0x00, 0x00, 0x7F, 0xFF,
  0xC0, 0x00, 0x00, 0x5F, 0xFF, 0xD0, 0x00, 0x00, 0x7F, 0xFF, 0xC0, 0x00, 0x00, 0x5F, 0xFF, 0xD0,
  0x00, 0x00, 0x7F, 0xFF, 0xC0, 0x00, 0x00, 0x5F, 0xFF, 0xD0, 0x00, 0x00, 0x7F, 0xFF, 0xC0, 0x00,
  0x00, 0x6F, 0xFF, 0xE0, 0x00, 0x00, 0x6E, 0xDE, 0xB0, 0x00, 0x00, 0x5E, 0xEE, 0xC0, 0x00, 0x00,
  0x01, 0x11, 0x00, 0x00, 0x00, 0x01, 0x11, 0x10, 0x00, 0x00, 0x00, 0x00, 0x00, 0x11, 0x10, 0x00,
  0x00, 0x00, 0x00, 0x00, 0x00, 0x17, 0xBD, 0xED, 0xB7, 0x10, 0x00, 0x00, 0x00, 0x00, 0x4D, 0xFF,
  0xFF, 0xFF, 0xFD, 0x40, 0x00, 0x00, 0x00, 0x4F, 0xFF, 0xFF, 0xFF, 0xFF, 0xFF, 0x40, 0x00, 0x00,
  0x1D, 0xFF, 0xFD, 0x64, 0x6D, 0xFF, 0xFD, 0x10, 0x00, 0x06, 0xFF, 0xFE, 0x30, 0x00, 0x3E, 0xFF,
  0xF6, 0x00, 0x00, 0xBF, 0xFF, 0x80, 0x00, 0x00, 0x9F, 0xFF, 0xB0, 0x00, 0x0D, 0xFF, 0xF5, 0x00,
  0x00, 0x05, 0xFF, 0xFD, 0x00, 0x01, 0xEF, 0xFF, 0x30, 0x00, 0x00, 0x3F, 0xFF, 0xE1, 0x00, 0x1E,
  0xFF, 0xF4, 0x00, 0x00, 0x04, 0xFF, 0xFE, 0x10, 0x00, 0xDF, 0xFF, 0x50, 0x00, 0x00, 0x5F, 0xFF,
  0xC0, 0x00, 0x0A, 0xFF, 0xFA, 0x00, 0x00, 0x0A, 0xFF, 0xFA, 0x00, 0x00, 0x5F, 0xFF, 0xF5, 0x00,
  0x05, 0xFF, 0xFF, 0x50, 0x00, 0x00, 0xBF, 0xFF, 0xFA, 0x8A, 0xFF, 0xFF, 0xB0, 0x00, 0x00, 0x02,
  0xDF, 0xFF, 0xFF, 0xFF, 0xFF, 0xD2, 0x00, 0x00, 0x00, 0x02, 0xBF, 0xFF, 0xFF, 0xFF, 0xB2, 0x00,
  0x00, 0x00, 0x00, 0x00, 0x48, 0xAB, 0xA8, 0x40, 0x00, 0x00, 0x00, 0x00, 0x00, 0x00, 0x00, 0x00,
  0x00, 0x00, 0x00, 0x00, 0x00, 0x01, 0x11, 0x10, 0x00, 0x11, 0x00, 0x00, 0x00, 0x00, 0x00, 0x6E,
  0xEE, 0xA0, 0x3A, 0xDE, 0xC9, 0x20, 0x00, 0x00, 0x00, 0x7F, 0xFF, 0xA4, 0xEF, 0xFF, 0xFF, 0xE5,
  0x00, 0x00, 0x00, 0x7F, 0xFF, 0xCD, 0xFF, 0xFF, 0xFF, 0xFF, 0x30, 0x00, 0x00, 0x7F, 0xFF, 0xFF,
  0xA5, 0x59, 0xFF, 0xFF, 0xB0, 0x00, 0x00, 0x7F, 0xFF, 0xF9, 0x00, 0x00, 0x9F, 0xFF, 0xF3, 0x00,
  0x00, 0x7F, 0xFF, 0xE2, 0x00, 0x00, 0x2E, 0xFF, 0xF6, 0x00, 0x00, 0x7F, 0xFF, 0xC0, 0x00, 0x00,
  0x0B, 0xFF, 0xF8, 0x00, 0x00, 0x7F, 0xFF, 0xB0, 0x00, 0x00, 0x0A, 0xFF, 0xF9, 0x00, 0x00, 0x7F,
  0xFF, 0xB0, 0x00, 0x00, 0x0A, 0xFF, 0xF9, 0x00, 0x00, 0x7F, 0xFF, 0xD0, 0x00, 0x00, 0x0C, 0xFF,
  0xF7, 0x00, 0x00, 0x7F, 0xFF, 0xF3, 0x00, 0x00, 0x3F, 0xFF, 0xF5, 0x00, 0x00, 0x7F, 0xFF, 0xFC,
  0x10, 0x01, 0xBF, 0xFF, 0xE2, 0x00, 0x00, 0x7F, 0xFF, 0xFF, 0xD8, 0x8C, 0xFF, 0xFF, 0x90, 0x00,
  0x00, 0x7F, 0xFF, 0xDD, 0xFF, 0xFF, 0xFF, 0xFD, 0x10, 0x00, 0x00, 0x7F, 0xFF, 0xB3, 0xDF, 0xFF,
  0xFF, 0xC2, 0x00, 0x00, 0x00, 0x7F, 0xFF, 0xC0, 0x17, 0xAB, 0x95, 0x00, 0x00, 0x00, 0x00, 0x7F,
  0xFF, 0xC0, 0x00, 0x00, 0x00, 0x00, 0x00, 0x00, 0x00, 0x7F, 0xFF, 0xC0, 0x00, 0x00, 0x00, 0x00,
  0x00, 0x00, 0x00, 0x7F, 0xFF, 0xC0, 0x00, 0x00, 0x00, 0x00, 0x00, 0x00, 0x00, 0x7F, 0xFF, 0xC0,
  0x00, 0x00, 0x00, 0x00, 0x00, 0x00, 0x00, 0x6E, 0xEE, 0xB0, 0x00, 0x00, 0x00, 0x00, 0x00, 0x00,
  0x00, 0x01, 0x11, 0x10, 0x00, 0x00, 0x00, 0x00, 0x00, 0x00, 0x00, 0x00, 0x00, 0x01, 0x10, 0x00,
  0x01, 0x11, 0x10, 0x00, 0x00, 0x00, 0x05, 0xAD, 0xEC, 0x81, 0x2E, 0xEE, 0xD2, 0x00, 0x00, 0x00,
  0x9F, 0xFF, 0xFF, 0xFB, 0x3F, 0xFF, 0xF2, 0x00, 0x00, 0x07, 0xFF, 0xFF, 0xFF, 0xFF, 0xBE, 0xFF,
  0xE2, 0x00, 0x00, 0x2E, 0xFF, 0xFE, 0x74, 0x6D, 0xFF, 0xFF, 0xE2, 0x00, 0x00, 0x7F, 0xFF, 0xF4,
  0x00, 0x02, 0xEF, 0xFF, 0xE2, 0x00, 0x00, 0xBF, 0xFF, 0xA0, 0x00, 0x00, 0x8F, 0xFF, 0xE2, 0x00,
  0x00, 0xDF, 0xFF, 0x70, 0x00, 0x00, 0x5F, 0xFF, 0xE2, 0x00, 0x00, 0xEF, 0xFF, 0x50, 0x00, 0x00,
  0x3F, 0xFF, 0xE2, 0x00, 0x00, 0xDF, 0xFF, 0x60, 0x00, 0x00, 0x3F, 0xFF, 0xE2, 0x00, 0x00, 0xCF,
  0xFF, 0x80, 0x00, 0x00, 0x5F, 0xFF, 0xE2, 0x00, 0x00, 0xAF, 0xFF, 0xC0, 0x00, 0x00, 0xAF, 0xFF,
  0xE2, 0x00, 0x00, 0x6F, 0xFF, 0xF7, 0x00, 0x05, 0xFF, 0xFF, 0xE2, 0x00, 0x00, 0x1D, 0xFF, 0xFF,
  0xA7, 0xAF, 0xFF, 0xFF, 0xE2, 0x00, 0x00, 0x05, 0xFF, 0xFF, 0xFF, 0xFF, 0xAF, 0xFF, 0xE2, 0x00,
  0x00, 0x00, 0x5E, 0xFF, 0xFF, 0xF8, 0x3F, 0xFF, 0xE2, 0x00, 0x00, 0x00, 0x02, 0x7A, 0xB9, 0x50,
  0x3F, 0xFF, 0xE2, 0x00, 0x00, 0x00, 0x00, 0x00, 0x00, 0x00, 0x3F, 0xFF, 0xE2, 0x00, 0x00, 0x00,
  0x00, 0x00, 0x00, 0x00, 0x3F, 0xFF, 0xE2, 0x00, 0x00, 0x00, 0x00, 0x00, 0x00, 0x00, 0x3F, 0xFF,
  0xE2, 0x00, 0x00, 0x00, 0x00, 0x00, 0x00, 0x00, 0x3F, 0xFF, 0xF2, 0x00, 0x00, 0x00, 0x00, 0x00,
  0x00, 0x00, 0x3E, 0xEE, 0xD2, 0x00, 0x00, 0x00, 0x00, 0x00, 0x00, 0x00, 0x01, 0x11, 0x10, 0x00,
  0x00, 0x01, 0x11, 0x00, 0x00, 0x11, 0x00, 0x00, 0x6E, 0xDE, 0xB0, 0x4B, 0xEE, 0x30, 0x00, 0x6F,
  0xFF, 0xB5, 0xFF, 0xFF, 0x30, 0x00, 0x6F, 0xFF, 0xCD, 0xFF, 0xFF, 0x30, 0x00, 0x6F, 0xFF, 0xFF,
  0xFB, 0xAA, 0x30, 0x00, 0x6F, 0xFF, 0xFD, 0x30, 0x00, 0x00, 0x00, 0x6F, 0xFF, 0xF4, 0x00, 0x00,
  0x00, 0x00, 0x6F, 0xFF, 0xD1, 0x00, 0x00, 0x00, 0x00, 0x6F, 0xFF, 0xD1, 0x00, 0x00, 0x00, 0x00,
  0x6F, 0xFF, 0xD1, 0x00, 0x00, 0x00, 0x00, 0x6F, 0xFF, 0xD1, 0x00, 0x00, 0x00, 0x00, 0x6F, 0xFF,
  0xD1, 0x00, 0x00, 0x00, 0x00, 0x6F, 0xFF, 0xD1, 0x00, 0x00, 0x00, 0x00, 0x6F, 0xFF, 0xD1, 0x00,
  0x00, 0x00, 0x00, 0x6F, 0xFF, 0xD1, 0x00, 0x00, 0x00, 0x00, 0x6F, 0xFF, 0xD1, 0x00, 0x00, 0x00,
  0x00, 0x6E, 0xDE, 0xC1, 0x00, 0x00, 0x00, 0x00, 0x01, 0x11, 0x00, 0x00, 0x00, 0x00, 0x00, 0x00,
  0x00, 0x00, 0x11, 0x10, 0x00, 0x00, 0x00, 0x00, 0x00, 0x05, 0xAC, 0xEE, 0xDA, 0x60, 0x00, 0x00,
  0x00, 0x02, 0xBF, 0xFF, 0xFF, 0xFF, 0xFC, 0x20, 0x00, 0x00, 0x0C, 0xFF, 0xFF, 0xFF, 0xFF, 0xFF,
  0xC1, 0x00, 0x00, 0x4F, 0xFF, 0xFB, 0x54, 0x7E, 0xFF, 0xF7, 0x00, 0x00, 0x6F, 0xFF, 0xD0, 0x00,
  0x04, 0xCA, 0x84, 0x00, 0x00, 0x5F, 0xFF, 0xE4, 0x00, 0x00, 0x00, 0x00, 0x00, 0x00, 0x1D, 0xFF,
  0xFF, 0xB8, 0x63, 0x10, 0x00, 0x00, 0x00, 0x03, 0xDF, 0xFF, 0xFF, 0xFF, 0xE9, 0x30, 0x00, 0x00,
  0x00, 0x17, 0xBE, 0xFF, 0xFF, 0xFF, 0xE4, 0x00, 0x00, 0x00, 0x00, 0x01, 0x36, 0x9F, 0xFF, 0xFD,
  0x00, 0x00, 0x12, 0x47, 0x20, 0x00, 0x05, 0xFF, 0xFF, 0x20, 0x00, 0xAE, 0xFF, 0xB1, 0x00, 0x05,
  0xFF, 0xFE, 0x20, 0x00, 0x6F, 0xFF, 0xFC, 0x88, 0xAF, 0xFF, 0xFB, 0x00, 0x00, 0x0A, 0xFF, 0xFF,
  0xFF, 0xFF, 0xFF, 0xE3, 0x00, 0x00, 0x00, 0x8F, 0xFF, 0xFF, 0xFF, 0xFB, 0x30, 0x00, 0x00, 0x00,
  0x02, 0x79, 0xAB, 0xA7, 0x30, 0x00, 0x00, 0x00, 0x00, 0x00, 0x00, 0x00, 0x00, 0x00, 0x00, 0x00,
  0x00, 0x00, 0x00, 0x00, 0x00, 0x00, 0x00, 0x00, 0x00, 0x00, 0x00, 0x00, 0x00, 0x00, 0x11, 0x10,
  0x00, 0x00, 0x00, 0x09, 0xED, 0xE5, 0x00, 0x00, 0x00, 0x0A, 0xFF, 0xF6, 0x00, 0x00, 0x00, 0x09,
  0xFE, 0xF5, 0x00, 0x00, 0x03, 0x6C, 0xFF, 0xF9, 0x66, 0x10, 0x09, 0xFF, 0xFF, 0xFF, 0xFF, 0x20,
  0x08, 0xFF, 0xFF, 0xFF, 0xFF, 0x20, 0x07, 0xDE, 0xFF, 0xFE, 0xDD, 0x10, 0x01, 0x1A, 0xFF, 0xF6,
  0x11, 0x00, 0x00, 0x0A, 0xFF, 0xF5, 0x00, 0x00, 0x00, 0x0A, 0xFF, 0xF6, 0x00, 0x00, 0x00, 0x0A,
  0xFF, 0xF6, 0x00, 0x00, 0x00, 0x0A, 0xFF, 0xF6, 0x00, 0x00, 0x00, 0x0A, 0xFF, 0xF6, 0x00, 0x00,
  0x00, 0x0A, 0xFF, 0xF6, 0x00, 0x00, 0x00, 0x0A, 0xFF, 0xF5, 0x00, 0x00, 0x00, 0x09, 0xFF, 0xF7,
  0x00, 0x00, 0x00, 0x08, 0xFF, 0xFE, 0x99, 0x10, 0x00, 0x03, 0xFF, 0xFF, 0xFF, 0x30, 0x00, 0x00,
  0x7F, 0xFF, 0xFF, 0x60, 0x00, 0x00, 0x04, 0x8A, 0xA8, 0x30, 0x00, 0x00, 0x00, 0x00, 0x00, 0x00,
  0x00, 0x01, 0x11, 0x10, 0x00, 0x00, 0x11, 0x11, 0x00, 0x00, 0x07, 0xEE, 0xE9, 0x00, 0x00, 0x09,
  0xEE, 0xE7, 0x00, 0x00, 0x8F, 0xFF, 0xA0, 0x00, 0x00, 0xAF, 0xFF, 0x80, 0x00, 0x08, 0xFE, 0xFA,
  0x00, 0x00, 0x0A, 0xFE, 0xF8, 0x00, 0x00, 0x8F, 0xFF, 0xA0, 0x00, 0x00, 0xAF, 0xFF, 0x80, 0x00,
  0x08, 0xFF, 0xFA, 0x00, 0x00, 0x0A, 0xFF, 0xF8, 0x00, 0x00, 0x8F, 0xFF, 0xA0, 0x00, 0x00, 0xAF,
  0xFF, 0x80, 0x00, 0x08, 0xFF, 0xFA, 0x00, 0x00, 0x0A, 0xFF, 0xF8, 0x00, 0x00, 0x8F, 0xFF, 0xA0,
  0x00, 0x00, 0xAF, 0xFF, 0x80, 0x00, 0x08, 0xFF, 0xFA, 0x00, 0x00, 0x0A, 0xFF, 0xF8, 0x00, 0x00,
  0x8F, 0xFF, 0xA0, 0x00, 0x00, 0xAF, 0xFF, 0x80, 0x00, 0x07, 0xFF, 0xFC, 0x00, 0x00, 0x0D, 0xFF,
  0xF8, 0x00, 0x00, 0x6F, 0xFF, 0xF5, 0x00, 0x07, 0xFF, 0xFF, 0x80, 0x00, 0x02, 0xEF, 0xFF, 0xF9,
  0x7A, 0xFE, 0xFF, 0xF8, 0x00, 0x00, 0x08, 0xFF, 0xFF, 0xFF, 0xFD, 0x9F, 0xEF, 0x70, 0x00, 0x00,
  0x1A, 0xFF, 0xFF, 0xFE, 0x37, 0xFF, 0xF8, 0x00, 0x00, 0x00, 0x05, 0x9A, 0xA7, 0x20, 0x47, 0x77,
  0x40, 0x00, 0x00, 0x00, 0x00, 0x00, 0x00, 0x00, 0x00, 0x00, 0x00, 0x00, 0x11, 0x10, 0x00, 0x00,
  0x00, 0x00, 0x11, 0x10, 0x00, 0x6E, 0xEE, 0xC1, 0x00, 0x00, 0x02, 0xDE, 0xEE, 0x30, 0x02, 0xFF,
  0xFF, 0x40, 0x00, 0x00, 0x6F, 0xFF, 0xD0, 0x00, 0x0A, 0xFE, 0xF8, 0x00, 0x00, 0x0A, 0xFF, 0xF7,
  0x00, 0x00, 0x5F, 0xFF, 0xC0, 0x00, 0x01, 0xEF, 0xFF, 0x30, 0x00, 0x01, 0xEF, 0xFF, 0x30, 0x00,
  0x5F, 0xFF, 0xB0, 0x00, 0x00, 0x0A, 0xFF, 0xF7, 0x00, 0x09, 0xFF, 0xF6, 0x00, 0x00, 0x00, 0x5F,
  0xFF, 0xC0, 0x01, 0xDF, 0xFE, 0x20, 0x00, 0x00, 0x01, 0xDF, 0xFF, 0x20, 0x4F, 0xFF, 0xB0, 0x00,
  0x00, 0x00, 0x09, 0xFF, 0xF7, 0x08, 0xFF, 0xF6, 0x00, 0x00, 0x00, 0x00, 0x4F, 0xFF, 0xA0, 0xCF,
  0xFE, 0x10, 0x00, 0x00, 0x00, 0x00, 0xDF, 0xFD, 0x2E, 0xFF, 0xA0, 0x00, 0x00, 0x00, 0x00, 0x08,
  0xFF, 0xE8, 0xFF, 0xF5, 0x00, 0x00, 0x00, 0x00, 0x00, 0x3F, 0xFF, 0xEF, 0xFD, 0x10, 0x00, 0x00,
  0x00, 0x00, 0x00, 0xCF, 0xFF, 0xFF, 0x90, 0x00, 0x00, 0x00, 0x00, 0x00, 0x07, 0xFF, 0xFF, 0xF4,
  0x00, 0x00, 0x00, 0x00, 0x00, 0x00, 0x2D, 0xEE, 0xEC, 0x00, 0x00, 0x00, 0x00, 0x00, 0x00, 0x00,
  0x01, 0x11, 0x00, 0x00, 0x00, 0x00, 0x00, 0x11, 0x10, 0x00, 0x00, 0x00, 0x11, 0x00, 0x00, 0x00,
  0x01, 0x11, 0x00, 0x06, 0xED, 0xEB, 0x00, 0x00, 0x2D, 0xEE, 0xC0, 0x00, 0x02, 0xDE, 0xEE, 0x40,
  0x03, 0xFF, 0xFF, 0x20, 0x00, 0x5F, 0xFF, 0xF3, 0x00, 0x05, 0xFF, 0xFE, 0x10, 0x00, 0xDF, 0xFF,
  0x50, 0x00, 0x8F, 0xFF, 0xF6, 0x00, 0x08, 0xFE, 0xFA, 0x00, 0x00, 0x9F, 0xFF, 0x80, 0x00, 0xCF,
  0xFF, 0xF9, 0x00, 0x0B, 0xFF, 0xF6, 0x00, 0x00, 0x5F, 0xFF, 0xB0, 0x01, 0xEF, 0xFF, 0xFC, 0x00,
  0x1E, 0xFF, 0xF2, 0x00, 0x00, 0x1E, 0xFF, 0xE1, 0x05, 0xFF, 0xCE, 0xFE, 0x20, 0x4F, 0xFF, 0xC0,
  0x00, 0x00, 0x0B, 0xFF, 0xF3, 0x08, 0xFF, 0x8A, 0xFF, 0x50, 0x7F, 0xFF, 0x80, 0x00, 0x00, 0x07,
  0xFF, 0xF6, 0x0B, 0xFF, 0x58, 0xFF, 0x80, 0xAF, 0xFF, 0x40, 0x00, 0x00, 0x03, 0xFF, 0xF9, 0x0E,
  0xFF, 0x15, 0xFF, 0xA0, 0xCF, 0xFE, 0x10, 0x00, 0x00, 0x00, 0xDF, 0xFB, 0x3F, 0xFD, 0x02, 0xFF,
  0xD2, 0xEF, 0xFA, 0x00, 0x00, 0x00, 0x00, 0x9F, 0xFD, 0x7F, 0xF9, 0x00, 0xCF, 0xE7, 0xFF, 0xF6,
  0x00, 0x00, 0x00, 0x00, 0x5F, 0xFE, 0xCF, 0xF5, 0x00, 0x8F, 0xEC, 0xFF, 0xF2, 0x00, 0x00, 0x00,
  0x00, 0x2E, 0xFF, 0xFF, 0xE2, 0x00, 0x5F, 0xFF, 0xFF, 0xC0, 0x00, 0x00, 0x00, 0x00, 0x0B, 0xFF,
  0xFF, 0xB0, 0x00, 0x1E, 0xFF, 0xFF, 0x80, 0x00, 0x00, 0x00, 0x00, 0x07, 0xFF, 0xFF, 0x80, 0x00,
  0x0B, 0xFF, 0xFF, 0x40, 0x00, 0x00, 0x00, 0x00, 0x03, 0xEE, 0xEE, 0x40, 0x00, 0x06, 0xED, 0xED,
  0x10, 0x00, 0x00, 0x00, 0x00, 0x00, 0x11, 0x11, 0x00, 0x00, 0x00, 0x11, 0x10, 0x00, 0x00, 0x00,
  0x00, 0x11, 0x11, 0x00, 0x00, 0x00, 0x01, 0x11, 0x00, 0x00, 0xBE, 0xDE, 0x80, 0x00, 0x03, 0xDE,
  0xED, 0x30, 0x00, 0x4F, 0xFF, 0xF2, 0x00, 0x0B, 0xFF, 0xF9, 0x00, 0x00, 0x0A, 0xFF, 0xFA, 0x00,
  0x5F, 0xFF, 0xD1, 0x00, 0x00, 0x02, 0xEF, 0xFF, 0x30, 0xCF, 0xFF, 0x50, 0x00, 0x00, 0x00, 0x7F,
  0xFF, 0x94, 0xFF, 0xFB, 0x00, 0x00, 0x00, 0x00, 0x0C, 0xFF, 0xED, 0xFF, 0xF3, 0x00, 0x00, 0x00,
  0x00, 0x04, 0xFF, 0xFF, 0xFF, 0x80, 0x00, 0x00, 0x00, 0x00, 0x00, 0xAF, 0xFF, 0xFD, 0x10, 0x00,
  0x00, 0x00, 0x00, 0x01, 0xCF, 0xFF, 0xFE, 0x30, 0x00, 0x00, 0x00, 0x00, 0x08, 0xFF, 0xFF, 0xFF,
  0xB0, 0x00, 0x00, 0x00, 0x00, 0x3F, 0xFF, 0xBA, 0xFF, 0xF5, 0x00, 0x00, 0x00, 0x00, 0xBF, 0xFF,
  0x52, 0xFF, 0xFD, 0x10, 0x00, 0x00, 0x05, 0xFF, 0xFC, 0x00, 0xAF, 0xFF, 0x80, 0x00, 0x00, 0x1D,
  0xFF, 0xF5, 0x00, 0x3F, 0xFF, 0xF3, 0x00, 0x00, 0x8F, 0xFF, 0xB0, 0x00, 0x09, 0xFF, 0xFC, 0x00,
  0x02, 0xDE, 0xED, 0x30, 0x00, 0x01, 0xDE, 0xEE, 0x50, 0x00, 0x11, 0x10, 0x00, 0x00, 0x00, 0x01,
  0x10, 0x10, 0x01, 0x11, 0x11, 0x00, 0x00, 0x00, 0x01, 0x11, 0x11, 0x00, 0x5E, 0xEE, 0xD1, 0x00,
  0x00, 0x02, 0xDE, 0xEE, 0x30, 0x01, 0xEF, 0xFF, 0x40, 0x00, 0x00, 0x6F, 0xFF, 0xD0, 0x00, 0x09,
  0xFE, 0xF9, 0x00, 0x00, 0x0B, 0xFF, 0xF7, 0x00, 0x00, 0x4F, 0xFF, 0xD1, 0x00, 0x02, 0xEF, 0xFE,
  0x20, 0x00, 0x00, 0xDF, 0xFF, 0x40, 0x00, 0x6F, 0xFF, 0xA0, 0x00, 0x00, 0x08, 0xFF, 0xF9, 0x00,
  0x0B, 0xFF, 0xF5, 0x00, 0x00, 0x00, 0x2F, 0xFF, 0xD1, 0x02, 0xFF, 0xFD, 0x10, 0x00, 0x00, 0x00,
  0xBF, 0xFF, 0x40, 0x7F, 0xFF, 0x80, 0x00, 0x00, 0x00, 0x06, 0xFF, 0xF8, 0x0B, 0xFF, 0xF3, 0x00,
  0x00, 0x00, 0x00, 0x1E, 0xFF, 0xB1, 0xEF, 0xFC, 0x00, 0x00, 0x00, 0x00, 0x00, 0x9F, 0xFD, 0x7F,
  0xFF, 0x60, 0x00, 0x00, 0x00, 0x00, 0x04, 0xFF, 0xED, 0xFF, 0xE1, 0x00, 0x00, 0x00, 0x00, 0x00,
  0x0D, 0xFF, 0xFF, 0xFA, 0x00, 0x00, 0x00, 0x00, 0x00, 0x00, 0x7F, 0xFF, 0xFF, 0x40, 0x00, 0x00,
  0x00, 0x00, 0x00, 0x02, 0xEF, 0xFF, 0xD0, 0x00, 0x00, 0x00, 0x00, 0x00, 0x00, 0x0D, 0xFF, 0xF8,
  0x00, 0x00, 0x00, 0x00, 0x00, 0x00, 0x01, 0xEF, 0xFF, 0x20, 0x00, 0x00, 0x00, 0x00, 0x03, 0x54,
  0xBF, 0xFF, 0xA0, 0x00, 0x00, 0x00, 0x00, 0x00, 0xBF, 0xFF, 0xFF, 0xF3, 0x00, 0x00, 0x00, 0x00,
  0x00, 0x2F, 0xFF, 0xFF, 0xF6, 0x00, 0x00, 0x00, 0x00, 0x00, 0x03, 0xCD, 0xED, 0x93, 0x00, 0x00,
  0x00, 0x00, 0x00, 0x00, 0x00, 0x11, 0x00, 0x00, 0x00, 0x00, 0x00, 0x00, 0x00, 0x00, 0x01, 0x11,
  0x11, 0x11, 0x11, 0x11, 0x10, 0x00, 0x00, 0x7E, 0xDE, 0xEE, 0xEE, 0xEE, 0xEE, 0xD1, 0x00, 0x00,
  0x8F, 0xFF, 0xFF, 0xFF, 0xFF, 0xFF, 0xF1, 0x00, 0x00, 0x8F, 0xFF, 0xFF, 0xFF, 0xFF, 0xFF, 0xE1,
  0x00, 0x00, 0x36, 0x56, 0x66, 0x58, 0xFF, 0xFF, 0x70, 0x00, 0x00, 0x00, 0x00, 0x00, 0x0C, 0xFF,
  0xFA, 0x00, 0x00, 0x00, 0x00, 0x00, 0x00, 0x9F, 0xFF, 0xD1, 0x00, 0x00, 0x00, 0x00, 0x00, 0x06,
  0xFF, 0xFF, 0x40, 0x00, 0x00, 0x00, 0x00, 0x00, 0x2E, 0xFF, 0xF8, 0x00, 0x00, 0x00, 0x00, 0x00,
  0x00, 0xCF, 0xFF, 0xB0, 0x00, 0x00, 0x00, 0x00, 0x00, 0x08, 0xFF, 0xFE, 0x20, 0x00, 0x00, 0x00,
  0x00, 0x00, 0x5F, 0xFF, 0xF5, 0x00, 0x00, 0x00, 0x00, 0x00, 0x02, 0xEF, 0xFF, 0x80, 0x00, 0x00,
  0x00, 0x00, 0x00, 0x0B, 0xFF, 0xFE, 0x66, 0x66, 0x65, 0x63, 0x00, 0x00, 0x6F, 0xFF, 0xFF, 0xFF,
  0xFF, 0xFF, 0xF8, 0x00, 0x00, 0x8F, 0xFF, 0xFF, 0xFF, 0xFF, 0xFF, 0xF8, 0x00, 0x00, 0x7E, 0xDE,
  0xEE, 0xEE, 0xEE, 0xED, 0xE7, 0x00, 0x00, 0x01, 0x11, 0x11, 0x11, 0x11, 0x11, 0x10, 0x00, 0x00,
  0x00, 0x00, 0x00, 0x00, 0x01, 0x00, 0x00, 0x00, 0x00, 0x00, 0x04, 0x9C, 0xDA, 0x00, 0x00, 0x00,
  0x00, 0x09, 0xFF, 0xFF, 0xB0, 0x00, 0x00, 0x00, 0x06, 0xFF, 0xFF, 0xFB, 0x00, 0x00, 0x00, 0x00,
  0xBF, 0xFF, 0xE7, 0x40, 0x00, 0x00, 0x00, 0x0D, 0xFF, 0xF5, 0x00, 0x00, 0x00, 0x00, 0x01, 0xEF,
  0xFE, 0x10, 0x00, 0x00, 0x00, 0x00, 0x1E, 0xFF, 0xE1, 0x00, 0x00, 0x00, 0x00, 0x01, 0xEF, 0xFE,
  0x10, 0x00, 0x00, 0x00, 0x00, 0x1E, 0xFF, 0xE1, 0x00, 0x00, 0x00, 0x00, 0x02, 0xFF, 0xFE, 0x10,
  0x00, 0x00, 0x00, 0x01, 0xAF, 0xFF, 0xC0, 0x00, 0x00, 0x00, 0x1B, 0xDF, 0xFF, 0xF5, 0x00, 0x00,
  0x00, 0x01, 0xFF, 0xFE, 0xB4, 0x00, 0x00, 0x00, 0x00, 0x1E, 0xFF, 0xC4, 0x00, 0x00, 0x00, 0x00,
  0x01, 0xFF, 0xFF, 0xFB, 0x20, 0x00, 0x00, 0x00, 0x04, 0x7E, 0xFF, 0xFA, 0x00, 0x00, 0x00, 0x00,
  0x00, 0x5F, 0xFF, 0xE1, 0x00, 0x00, 0x00, 0x00, 0x01, 0xEF, 0xFE, 0x10, 0x00, 0x00, 0x00, 0x00,
  0x1E, 0xFF, 0xE1, 0x00, 0x00, 0x00, 0x00, 0x01, 0xEF, 0xFE, 0x10, 0x00, 0x00, 0x00, 0x00, 0x1E,
  0xFF, 0xE1, 0x00, 0x00, 0x00, 0x00, 0x01, 0xEF, 0xFF, 0x50, 0x00, 0x00, 0x00, 0x00, 0x0B, 0xFF,
  0xFD, 0x74, 0x00, 0x00, 0x00, 0x00, 0x6F, 0xFF, 0xFF, 0xB0, 0x00, 0x00, 0x00, 0x00, 0xAF, 0xFF,
  0xFB, 0x00, 0x00, 0x00, 0x00, 0x00, 0x59, 0xCE, 0xA0, 0x00, 0x00, 0x00, 0x00, 0x00, 0x00, 0x10,
  0x00, 0x00, 0x00, 0x01, 0x11, 0x00, 0x00, 0x00, 0x00, 0x07, 0xED, 0xE9, 0x00, 0x00, 0x00, 0x00,
  0x8F, 0xFF, 0xA0, 0x00, 0x00, 0x00, 0x07, 0xFE, 0xFA, 0x00, 0x00, 0x00, 0x00, 0x7F, 0xFF, 0xA0,
  0x00, 0x00, 0x00, 0x07, 0xFF, 0xFA, 0x00, 0x00, 0x00, 0x00, 0x7F, 0xFF, 0xA0, 0x00, 0x00, 0x00,
  0x07, 0xFF, 0xFA, 0x00, 0x00, 0x00, 0x00, 0x7F, 0xFF, 0xA0, 0x00, 0x00, 0x00, 0x07, 0xFF, 0xFA,
  0x00, 0x00, 0x00, 0x00, 0x7F, 0xFF, 0xA0, 0x00, 0x00, 0x00, 0x07, 0xFF, 0xFA, 0x00, 0x00, 0x00,
  0x00, 0x7F, 0xFF, 0xA0, 0x00, 0x00, 0x00, 0x07, 0xFF, 0xFA, 0x00, 0x00, 0x00, 0x00, 0x7F, 0xFF,
  0xA0, 0x00, 0x00, 0x00, 0x07, 0xFF, 0xFA, 0x00, 0x00, 0x00, 0x00, 0x7F, 0xFF, 0xA0, 0x00, 0x00,
  0x00, 0x07, 0xFF, 0xFA, 0x00, 0x00, 0x00, 0x00, 0x7F, 0xFF, 0xA0, 0x00, 0x00, 0x00, 0x07, 0xFF,
  0xFA, 0x00, 0x00, 0x00, 0x00, 0x7F, 0xFF, 0xA0, 0x00, 0x00, 0x00, 0x07, 0xFF, 0xFA, 0x00, 0x00,
  0x00, 0x00, 0x7F, 0xFF, 0xA0, 0x00, 0x00, 0x00, 0x07, 0xFF, 0xFA, 0x00, 0x00, 0x00, 0x00, 0x7F,
  0xFF, 0xA0, 0x00, 0x00, 0x00, 0x07, 0xFF, 0xFA, 0x00, 0x00, 0x00, 0x00, 0x7F, 0xFF, 0xA0, 0x00,
  0x00, 0x00, 0x07, 0xFF, 0xFA, 0x00, 0x00, 0x00, 0x00, 0x7F, 0xFF, 0xA0, 0x00, 0x00, 0x00, 0x07,
  0xFF, 0xFA, 0x00, 0x00, 0x00, 0x00, 0x7F, 0xFF, 0xA0, 0x00, 0x00, 0x00, 0x07, 0xFF, 0xFA, 0x00,
  0x00, 0x00, 0x00, 0x7F, 0xEF, 0xA0, 0x00, 0x00, 0x00, 0x08, 0xFF, 0xFA, 0x00, 0x00, 0x00, 0x00,
  0x7E, 0xDE, 0x90, 0x00, 0x00, 0x00, 0x00, 0x11, 0x10, 0x00, 0x00, 0x00, 0x01, 0x00, 0x00, 0x00,
  0x00, 0x00, 0x00, 0x00, 0x6E, 0xCB, 0x83, 0x00, 0x00, 0x00, 0x00, 0x00, 0x6F, 0xFF, 0xFF, 0x60,
  0x00, 0x00, 0x00, 0x00, 0x6F, 0xFF, 0xFF, 0xF3, 0x00, 0x00, 0x00, 0x00, 0x26, 0xAF, 0xFF, 0xF8,
  0x00, 0x00, 0x00, 0x00, 0x00, 0x0A, 0xFF, 0xFB, 0x00, 0x00, 0x00, 0x00, 0x00, 0x05, 0xFF, 0xFC,
  0x00, 0x00, 0x00, 0x00, 0x00, 0x05, 0xFF, 0xFC, 0x00, 0x00, 0x00, 0x00, 0x00, 0x05, 0xFF, 0xFC,
  0x00, 0x00, 0x00, 0x00, 0x00, 0x05, 0xFF, 0xFC, 0x00, 0x00, 0x00, 0x00, 0x00, 0x05, 0xFF, 0xFD,
  0x10, 0x00, 0x00, 0x00, 0x00, 0x02, 0xFF, 0xFF, 0x91, 0x00, 0x00, 0x00, 0x00, 0x00, 0x7F, 0xFF,
  0xFD, 0xA0, 0x00, 0x00, 0x00, 0x00, 0x03, 0x9E, 0xFF, 0xE0, 0x00, 0x00, 0x00, 0x00, 0x03, 0x9E,
  0xFF, 0xE0, 0x00, 0x00, 0x00, 0x00, 0x7F, 0xFF, 0xFD, 0xA0, 0x00, 0x00, 0x00, 0x02, 0xFF, 0xFF,
  0x81, 0x00, 0x00, 0x00, 0x00, 0x05, 0xFF, 0xFD, 0x10, 0x00, 0x00, 0x00, 0x00, 0x05, 0xFF, 0xFC,
  0x00, 0x00, 0x00, 0x00, 0x00, 0x05, 0xFF, 0xFC, 0x00, 0x00, 0x00, 0x00, 0x00, 0x05, 0xFF, 0xFC,
  0x00, 0x00, 0x00, 0x00, 0x00, 0x05, 0xFF, 0xFC, 0x00, 0x00, 0x00, 0x00, 0x00, 0x0A, 0xFF, 0xFB,
  0x00, 0x00, 0x00, 0x00, 0x26, 0xAF, 0xFF, 0xF8, 0x00, 0x00, 0x00, 0x00, 0x6F, 0xFF, 0xFF, 0xF3,
  0x00, 0x00, 0x00, 0x00, 0x6F, 0xFF, 0xFF, 0x60, 0x00, 0x00, 0x00, 0x00, 0x6E, 0xCB, 0x83, 0x00,
  0x00, 0x00, 0x00, 0x00, 0x01, 0x00, 0x00, 0x00, 0x00, 0x00, 0x00, 0x00, 0x00, 0x00, 0x11, 0x00,
  0x00, 0x00, 0x00, 0x00, 0x00, 0x00, 0x00, 0x2A, 0xDE, 0xA4, 0x00, 0x00, 0x78, 0x81, 0x00, 0x00,
  0x01, 0xDF, 0xFF, 0xFF, 0x70, 0x01, 0xFF, 0xF1, 0x00, 0x00, 0x08, 0xFF, 0xFF, 0xFF, 0xFA, 0x49,
  0xFF, 0xC0, 0x00, 0x00, 0x0C, 0xFF, 0x94, 0xAF, 0xFF, 0xFF, 0xFF, 0x80, 0x00, 0x00, 0x1F, 0xFE,
  0x10, 0x07, 0xFF, 0xFF, 0xFD, 0x10, 0x00, 0x00, 0x18, 0x87, 0x00, 0x00, 0x4B, 0xEE, 0xA2, 0x00,
  0x00, 0x00, 0x00, 0x00, 0x00, 0x00, 0x00, 0x11, 0x00, 0x00, 0x00, 0x00, 0x00, 0x00, 0x00, 0x00,
  0x00, 0x00, 0x00, 0x00, 0x00, 0x00, 0x00, 0x00, 0x00, 0x00, 0x00, 0x00, 0x00, 0x00, 0x00, 0x00,
  0x00, 0x00, 0x00, 0x00, 0x00, 0x00, 0x00, 0x00, 0x00, 0x00, 0x00, 0x00, 0x00, 0x00, 0x00, 0x00,
  0x00, 0x00, 0x00, 0x00, 0x00, 0x00, 0x00, 0x00, 0x00, 0x00, 0x00, 0x00, 0x00,
};

static const BadgeSmoothGlyph font_helvetica_28_glyphs[] PROGMEM = {
  {0, 8, 2, 6, -1, -1}, // ' '
  {8, 12, 23, 10, -1, -22}, // '!'
  {146, 18, 22, 16, -1, -22}, // '"'
  {344, 20, 22, 18, -1, -22}, // '#'
  {564, 20, 28, 18, -1, -24}, // '$'
  {844, 30, 24, 28, -1, -22}, // '%'
  {1204, 21, 24, 19, -1, -22}, // '&'
  {1456, 12, 22, 10, -1, -22}, // "'"
  {1588, 12, 28, 10, -1, -22}, // '('
  {1756, 12, 28, 10, -1, -22}, // ')'
  {1924, 18, 22, 16, -1, -22}, // '*'
  {2122, 21, 18, 19, -1, -16}, // '+'
  {2311, 12, 10, 10, -1, -4}, // ','
  {2371, 16, 12, 14, -1, -12}, // '-'
  {2467, 12, 13, 10, -1, -12}, // '.'
  {2545, 13, 26, 11, -1, -22}, // '/'
  {2714, 21, 24, 19, -1, -22}, // '0'
  {2966, 14, 22, 12, -1, -22}, // '1'
  {3120, 20, 23, 18, -1, -22}, // '2'
  {3350, 20, 24, 18, -1, -22}, // '3'
  {3590, 22, 22, 20, -1, -22}, // '4'
  {3832, 20, 23, 18, -1, -22}, // '5'
  {4062, 20, 24, 18, -1, -22}, // '6'
  {4302, 18, 22, 16, -1, -22}, // '7'
  {4500, 20, 24, 18, -1, -22}, // '8'
  {4740, 20, 24, 18, -1, -22}, // '9'
  {4980, 12, 13, 10, -1, -12}, // ':'
  {5058, 12, 22, 10, -1, -16}, // ';'
  {5190, 22, 18, 20, -1, -18}, // '<'
  {5388, 20, 15, 18, -1, -14}, // '='
  {5538, 22, 18, 20, -1, -18}, // '>'
  {5736, 18, 24, 16, -1, -22}, // '?'
  {5952, 31, 28, 29, -1, -22}, // '@'
  {6386, 23, 22, 21, -1, -22}, // 'A'
  {6639, 20, 22, 18, -1, -22}, // 'B'
  {6859, 23, 24, 21, -1, -22}, // 'C'
  {7135, 22, 22, 20, -1, -22}, // 'D'
  {7377, 20, 22, 18, -1, -22}, // 'E'
  {7597, 18, 22, 16, -1, -22}, // 'F'
  {7795, 24, 24, 22, -1, -22}, // 'G'
  {8083, 23, 22, 21, -1, -22}, // 'H'
  {8336, 10, 22, 8, -1, -22}, // 'I'
  {8446, 18, 23, 16, -1, -22}, // 'J'
  {8653, 22, 22, 20, -1, -22}, // 'K'
  {8895, 18, 22, 16, -1, -22}, // 'L'
  {9093, 28, 22, 26, -1, -22}, // 'M'
  {9401, 24, 22, 22, -1, -22}, // 'N'
  {9665, 24, 24, 22, -1, -22}, // 'O'
  {9953, 20, 22, 18, -1, -22}, // 'P'
  {10173, 24, 25, 22, -1, -22}, // 'Q'
  {10473, 20, 22, 18, -1, -22}, // 'R'
  {10693, 20, 24, 18, -1, -22}, // 'S'
  {10933, 20, 22, 18, -1, -22}, // 'T'
  {11153, 22, 23, 20, -1, -22}, // 'U'
  {11406, 23, 22, 21, -1, -22}, // 'V'
  {11659, 31, 22, 29, -1, -22}, // 'W'
  {12000, 22, 22, 20, -1, -22}, // 'X'
  {12242, 22, 22, 20, -1, -22}, // 'Y'
  {12484, 20, 22, 18, -1, -22}, // 'Z'
  {12704, 12, 28, 10, -1, -22}, // '['
  {12872, 13, 26, 11, -1, -22}, // '\\'
  {13041, 12, 28, 10, -1, -22}, // ']'
  {13209, 16, 22, 14, -1, -21}, // '^'
  {13385, 16, 6, 14, -1, -2}, // '_'
  {13433, 12, 24, 10, -1, -23}, // '`'
  {13577, 18, 18, 16, -1, -16}, // 'a'
  {13739, 20, 23, 18, -1, -22}, // 'b'
  {13969, 18, 18, 16, -1, -16}, // 'c'
  {14131, 20, 23, 18, -1, -22}, // 'd'
  {14361, 18, 18, 16, -1, -16}, // 'e'
  {14523, 14, 24, 12, -1, -22}, // 'f'
  {14691, 20, 23, 18, -1, -16}, // 'g'
  {14921, 19, 22, 17, -1, -22}, // 'h'
  {15130, 10, 24, 8, -1, -22}, // 'i'
  {15250, 10, 23, 8, -2, -16}, // 'j'
  {15365, 18, 22, 16, -1, -22}, // 'k'
  {15563, 10, 22, 8, -1, -22}, // 'l'
  {15673, 28, 18, 26, -1, -16}, // 'm'
  {15925, 20, 18, 18, -1, -16}, // 'n'
  {16105, 19, 18, 17, -1, -16}, // 'o'
  {16276, 20, 23, 18, -1, -16}, // 'p'
  {16506, 20, 23, 18, -1, -16}, // 'q'
  {16736, 14, 18, 12, -1, -16}, // 'r'
  {16862, 18, 18, 16, -1, -16}, // 's'
  {17024, 12, 24, 10, -1, -22}, // 't'
  {17168, 19, 18, 17, -1, -16}, // 'u'
  {17339, 19, 18, 17, -1, -16}, // 'v'
  {17510, 26, 18, 24, -1, -16}, // 'w'
  {17744, 18, 18, 16, -1, -16}, // 'x'
  {17906, 19, 23, 17, -1, -16}, // 'y'
  {18125, 18, 18, 16, -1, -16}, // 'z'
  {18287, 15, 28, 13, -1, -22}, // '{'
  {18497, 13, 36, 11, -1, -28}, // '|'
  {18731, 16, 28, 14, -1, -22}, // '}'
  {18955, 20, 13, 18, -1, -12}, // '~'
};

static const BadgeSmoothFont font_helvetica_28 PROGMEM = {
  font_helvetica_28_alpha,
  font_helvetica_28_glyphs,
  32, 126,
  34,
  28,
  4,
};
